# Blender 4.0.2
# www.blender.org
mtllib frame1.mtl
o FRAME_02
v 1.795877 0.739548 0.964481
v 1.795738 0.739066 0.964893
v 1.795761 0.739226 0.964744
v 1.795807 0.739386 0.964606
v 1.796430 0.739457 0.964360
v 1.796204 0.739479 0.964374
v 1.796020 0.739510 0.964414
v 1.795821 0.740192 0.964425
v 1.795815 0.739973 0.964433
v 1.795834 0.739758 0.964452
v 1.794731 0.725342 0.980263
v 1.841065 1.356304 0.980263
v 1.840125 1.342083 0.964481
v 1.840058 1.342580 0.964893
v 1.840056 1.342419 0.964744
v 1.840078 1.342253 0.964606
v 1.839975 1.341454 0.964425
v 1.840001 1.341672 0.964433
v 1.840051 1.341882 0.964452
v 1.840685 1.342092 0.964360
v 1.840458 1.342103 0.964374
v 1.840271 1.342100 0.964414
v 1.806210 0.724499 0.980263
v 1.851399 1.341255 0.964481
v 1.850845 1.341346 0.964360
v 1.851072 1.341324 0.964374
v 1.851256 1.341293 0.964414
v 1.851455 1.340611 0.964425
v 1.851460 1.340830 0.964433
v 1.851442 1.341045 0.964452
v 1.851537 1.341737 0.964893
v 1.851515 1.341577 0.964744
v 1.851469 1.341417 0.964606
v 1.807151 0.738720 0.964481
v 1.806591 0.738711 0.964360
v 1.806818 0.738700 0.964374
v 1.807005 0.738703 0.964414
v 1.807218 0.738223 0.964893
v 1.807220 0.738384 0.964744
v 1.807197 0.738550 0.964606
v 1.807301 0.739349 0.964425
v 1.807274 0.739131 0.964433
v 1.807225 0.738921 0.964452
v 1.852545 1.355461 0.980263
v 1.839783 1.341856 0.965086
v 1.839796 1.341697 0.964817
v 1.839860 1.341563 0.964596
v 1.839830 1.342156 0.965007
v 1.839845 1.341979 0.964780
v 1.839902 1.341818 0.964588
v 1.839921 1.342397 0.964943
v 1.839932 1.342220 0.964755
v 1.839975 1.342048 0.964592
v 1.795573 0.739822 0.965086
v 1.795575 0.739519 0.965007
v 1.795630 0.739266 0.964943
v 1.795609 0.739977 0.964817
v 1.795616 0.739691 0.964780
v 1.795667 0.739441 0.964755
v 1.795691 0.740101 0.964596
v 1.795696 0.739843 0.964588
v 1.795735 0.739604 0.964592
v 1.794596 0.726516 0.980060
v 1.794585 0.726042 0.980143
v 1.794630 0.725651 0.980210
v 1.840760 1.355162 0.980060
v 1.840819 1.355632 0.980143
v 1.840921 1.356013 0.980210
v 1.850785 1.340530 0.964204
v 1.851055 1.340525 0.964229
v 1.851278 1.340552 0.964302
v 1.850806 1.340816 0.964222
v 1.851070 1.340802 0.964251
v 1.851288 1.340807 0.964321
v 1.850826 1.341088 0.964274
v 1.851075 1.341069 0.964299
v 1.851280 1.341054 0.964358
v 1.806651 0.739526 0.964204
v 1.806630 0.739240 0.964222
v 1.806610 0.738968 0.964274
v 1.806918 0.739492 0.964229
v 1.806892 0.739216 0.964251
v 1.806858 0.738952 0.964299
v 1.807135 0.739433 0.964302
v 1.807107 0.739180 0.964321
v 1.807063 0.738936 0.964358
v 1.796490 0.740272 0.964204
v 1.796220 0.740278 0.964229
v 1.795997 0.740251 0.964302
v 1.796469 0.739986 0.964222
v 1.796206 0.740001 0.964251
v 1.795988 0.739996 0.964321
v 1.796449 0.739715 0.964274
v 1.796201 0.739734 0.964299
v 1.795996 0.739749 0.964358
v 1.840625 1.341277 0.964204
v 1.840646 1.341563 0.964222
v 1.840666 1.341834 0.964274
v 1.840358 1.341311 0.964229
v 1.840384 1.341587 0.964251
v 1.840417 1.341851 0.964299
v 1.840141 1.341370 0.964302
v 1.840169 1.341623 0.964321
v 1.840212 1.341867 0.964358
v 1.806515 0.725641 0.980060
v 1.806456 0.725171 0.980143
v 1.806355 0.724790 0.980210
v 1.807492 0.738946 0.965086
v 1.807480 0.739106 0.964817
v 1.807416 0.739240 0.964596
v 1.807446 0.738647 0.965007
v 1.807431 0.738824 0.964780
v 1.807374 0.738985 0.964588
v 1.807354 0.738405 0.964943
v 1.807344 0.738583 0.964755
v 1.807301 0.738755 0.964592
v 1.851703 1.340981 0.965086
v 1.851701 1.341284 0.965007
v 1.851646 1.341536 0.964943
v 1.851667 1.340826 0.964817
v 1.851660 1.341112 0.964780
v 1.851609 1.341362 0.964755
v 1.851584 1.340702 0.964596
v 1.851580 1.340960 0.964588
v 1.851541 1.341199 0.964592
v 1.852680 1.354287 0.980060
v 1.852690 1.354761 0.980143
v 1.852645 1.355152 0.980210
v 1.796380 0.738771 0.964828
v 1.796396 0.738985 0.964637
v 1.796413 0.739214 0.964481
v 1.796113 0.738818 0.964835
v 1.796135 0.739029 0.964654
v 1.796165 0.739249 0.964500
v 1.795899 0.738916 0.964857
v 1.795923 0.739109 0.964690
v 1.795963 0.739306 0.964542
v 1.806540 0.738024 0.964828
v 1.806811 0.738032 0.964835
v 1.807037 0.738098 0.964857
v 1.806556 0.738239 0.964637
v 1.806821 0.738244 0.964654
v 1.807042 0.738292 0.964690
v 1.806573 0.738468 0.964481
v 1.806823 0.738466 0.964500
v 1.807031 0.738494 0.964542
v 1.805522 0.724161 0.980330
v 1.805794 0.724185 0.980323
v 1.806024 0.724297 0.980300
v 1.795362 0.724907 0.980330
v 1.795096 0.724970 0.980323
v 1.794886 0.725115 0.980300
v 1.841754 1.356642 0.980330
v 1.841482 1.356618 0.980323
v 1.841252 1.356506 0.980300
v 1.851914 1.355895 0.980330
v 1.852179 1.355833 0.980323
v 1.852390 1.355688 0.980300
v 1.850896 1.342032 0.964828
v 1.850880 1.341818 0.964637
v 1.850863 1.341589 0.964481
v 1.851163 1.341985 0.964835
v 1.851141 1.341774 0.964654
v 1.851111 1.341554 0.964500
v 1.851376 1.341887 0.964857
v 1.851353 1.341694 0.964690
v 1.851313 1.341496 0.964542
v 1.840736 1.342778 0.964828
v 1.840465 1.342771 0.964835
v 1.840239 1.342705 0.964857
v 1.840720 1.342564 0.964637
v 1.840455 1.342559 0.964654
v 1.840234 1.342511 0.964690
v 1.840703 1.342335 0.964481
v 1.840453 1.342337 0.964500
v 1.840245 1.342309 0.964542
v 1.794596 0.726516 0.980060
v 1.840760 1.355162 0.980060
v 1.805542 0.724426 0.980983
v 1.851894 1.355631 0.980983
v 1.841734 1.356377 0.980983
v 1.795381 0.725172 0.980983
v 1.852680 1.354287 0.980060
v 1.806515 0.725641 0.980060
v 1.805522 0.724161 0.980330
v 1.795362 0.724907 0.980330
v 1.841754 1.356642 0.980330
v 1.851914 1.355895 0.980330
v 1.794585 0.726042 0.980143
v 1.794592 0.725751 0.980382
v 1.794591 0.726123 0.980342
v 1.794644 0.725513 0.980582
v 1.794641 0.725798 0.980573
v 1.794740 0.725328 0.980744
v 1.794745 0.725541 0.980752
v 1.794630 0.725651 0.980210
v 1.794639 0.725442 0.980408
v 1.794682 0.725272 0.980580
v 1.794759 0.725142 0.980726
v 1.794731 0.725342 0.980263
v 1.794730 0.725197 0.980422
v 1.794754 0.725077 0.980567
v 1.794803 0.724983 0.980698
v 1.840814 1.355551 0.980342
v 1.840869 1.355920 0.980382
v 1.840819 1.355632 0.980143
v 1.840960 1.356218 0.980408
v 1.840921 1.356013 0.980210
v 1.841086 1.356447 0.980422
v 1.841065 1.356304 0.980263
v 1.840910 1.355866 0.980573
v 1.840955 1.356148 0.980582
v 1.841027 1.356380 0.980580
v 1.841127 1.356562 0.980567
v 1.841051 1.356105 0.980752
v 1.841076 1.356317 0.980744
v 1.841123 1.356498 0.980726
v 1.841190 1.356648 0.980698
v 1.805523 0.724168 0.980965
v 1.805791 0.724202 0.980935
v 1.805813 0.724442 0.980958
v 1.806016 0.724308 0.980861
v 1.806041 0.724532 0.980881
v 1.806199 0.724486 0.980744
v 1.806225 0.724697 0.980752
v 1.805510 0.723995 0.980911
v 1.805766 0.724029 0.980884
v 1.805980 0.724132 0.980823
v 1.806153 0.724305 0.980726
v 1.805504 0.723908 0.980820
v 1.805738 0.723923 0.980806
v 1.805932 0.724005 0.980766
v 1.806086 0.724155 0.980698
v 1.852161 1.355575 0.980958
v 1.852174 1.355816 0.980935
v 1.851913 1.355889 0.980965
v 1.852174 1.355991 0.980884
v 1.851926 1.356062 0.980911
v 1.852162 1.356100 0.980806
v 1.851932 1.356149 0.980820
v 1.852373 1.355453 0.980881
v 1.852381 1.355678 0.980861
v 1.852371 1.355857 0.980823
v 1.852342 1.355990 0.980766
v 1.852531 1.355262 0.980752
v 1.852536 1.355475 0.980744
v 1.852517 1.355661 0.980726
v 1.852473 1.355819 0.980698
v 1.841753 1.356635 0.980965
v 1.841485 1.356601 0.980935
v 1.841463 1.356361 0.980958
v 1.841259 1.356495 0.980861
v 1.841235 1.356270 0.980881
v 1.841766 1.356808 0.980911
v 1.841510 1.356774 0.980884
v 1.841296 1.356671 0.980823
v 1.841772 1.356895 0.980820
v 1.841538 1.356880 0.980806
v 1.841344 1.356798 0.980766
v 1.795115 0.725228 0.980958
v 1.795102 0.724987 0.980935
v 1.795362 0.724914 0.980965
v 1.795102 0.724812 0.980884
v 1.795350 0.724741 0.980911
v 1.795114 0.724703 0.980806
v 1.795343 0.724654 0.980820
v 1.794903 0.725350 0.980881
v 1.794895 0.725125 0.980861
v 1.794905 0.724945 0.980823
v 1.794934 0.724813 0.980766
v 1.806462 0.725252 0.980342
v 1.806407 0.724883 0.980382
v 1.806456 0.725171 0.980143
v 1.806316 0.724584 0.980408
v 1.806355 0.724790 0.980210
v 1.806190 0.724355 0.980422
v 1.806210 0.724499 0.980263
v 1.806365 0.724937 0.980573
v 1.806321 0.724655 0.980582
v 1.806249 0.724423 0.980580
v 1.806148 0.724241 0.980567
v 1.852690 1.354761 0.980143
v 1.852683 1.355052 0.980382
v 1.852684 1.354680 0.980342
v 1.852632 1.355290 0.980582
v 1.852635 1.355005 0.980573
v 1.852645 1.355152 0.980210
v 1.852637 1.355361 0.980408
v 1.852594 1.355531 0.980580
v 1.852545 1.355461 0.980263
v 1.852546 1.355606 0.980422
v 1.852522 1.355725 0.980567
v 1.805794 0.724185 0.980323
v 1.805778 0.724031 0.980513
v 1.805510 0.723991 0.980530
v 1.805759 0.723943 0.980674
v 1.805503 0.723907 0.980693
v 1.806024 0.724297 0.980300
v 1.806005 0.724152 0.980477
v 1.805974 0.724055 0.980632
v 1.795349 0.724737 0.980530
v 1.795090 0.724815 0.980513
v 1.795096 0.724970 0.980323
v 1.794883 0.724969 0.980477
v 1.794886 0.725115 0.980300
v 1.795343 0.724653 0.980693
v 1.795095 0.724726 0.980674
v 1.794899 0.724868 0.980632
v 1.841482 1.356618 0.980323
v 1.841498 1.356772 0.980513
v 1.841766 1.356812 0.980530
v 1.841516 1.356860 0.980674
v 1.841772 1.356896 0.980693
v 1.841252 1.356506 0.980300
v 1.841271 1.356651 0.980477
v 1.841301 1.356748 0.980632
v 1.851926 1.356066 0.980530
v 1.852186 1.355987 0.980513
v 1.852179 1.355833 0.980323
v 1.852393 1.355834 0.980477
v 1.852390 1.355688 0.980300
v 1.851932 1.356150 0.980693
v 1.852180 1.356076 0.980674
v 1.852377 1.355935 0.980632
v 1.852569 1.355781 0.979936
v 1.852569 1.355781 0.520518
v 1.851427 1.341645 0.536364
v 1.851526 1.341582 0.537003
v 1.851516 1.341591 0.536784
v 1.851483 1.341612 0.536571
v 1.851560 1.342048 0.535873
v 1.851539 1.341901 0.536034
v 1.851495 1.341766 0.536198
v 1.850861 1.341566 0.536314
v 1.851089 1.341563 0.536320
v 1.851278 1.341589 0.536337
v 1.851427 1.341645 0.964090
v 1.851526 1.341582 0.963451
v 1.851516 1.341591 0.963670
v 1.851483 1.341612 0.963883
v 1.850861 1.341566 0.964140
v 1.851089 1.341563 0.964134
v 1.851278 1.341589 0.964118
v 1.851560 1.342048 0.964581
v 1.851539 1.341901 0.964420
v 1.851495 1.341766 0.964256
v 1.841089 1.356624 0.979936
v 1.841089 1.356624 0.520518
v 1.840153 1.342473 0.536364
v 1.840046 1.342425 0.537003
v 1.840057 1.342433 0.536784
v 1.840093 1.342449 0.536571
v 1.840701 1.342312 0.536314
v 1.840475 1.342342 0.536320
v 1.840293 1.342396 0.536337
v 1.840080 1.342891 0.535873
v 1.840080 1.342742 0.536034
v 1.840104 1.342603 0.536198
v 1.840153 1.342473 0.964090
v 1.840046 1.342425 0.963451
v 1.840057 1.342433 0.963670
v 1.840093 1.342449 0.963883
v 1.840080 1.342891 0.964581
v 1.840080 1.342742 0.964420
v 1.840104 1.342603 0.964256
v 1.840701 1.342312 0.964140
v 1.840475 1.342342 0.964134
v 1.840293 1.342396 0.964118
v 1.839875 1.343101 0.536615
v 1.839879 1.342830 0.536773
v 1.839937 1.342605 0.536902
v 1.839893 1.343020 0.536313
v 1.839905 1.342791 0.536488
v 1.839959 1.342595 0.536645
v 1.839962 1.342950 0.536066
v 1.839972 1.342762 0.536242
v 1.840015 1.342594 0.536410
v 1.839875 1.343101 0.963839
v 1.839893 1.343020 0.964141
v 1.839962 1.342950 0.964388
v 1.839879 1.342830 0.963681
v 1.839905 1.342791 0.963966
v 1.839972 1.342762 0.964212
v 1.839937 1.342605 0.963552
v 1.839959 1.342595 0.963809
v 1.840015 1.342594 0.964044
v 1.840854 1.356441 0.978755
v 1.840885 1.356520 0.979236
v 1.840963 1.356581 0.979630
v 1.840854 1.356441 0.521699
v 1.840885 1.356520 0.521218
v 1.840963 1.356581 0.520824
v 1.850850 1.341410 0.537132
v 1.851121 1.341415 0.537118
v 1.851346 1.341472 0.537075
v 1.850851 1.341428 0.536845
v 1.851116 1.341437 0.536840
v 1.851338 1.341492 0.536820
v 1.850855 1.341479 0.536573
v 1.851106 1.341486 0.536574
v 1.851315 1.341531 0.536574
v 1.850850 1.341410 0.963322
v 1.850851 1.341428 0.963609
v 1.850855 1.341479 0.963881
v 1.851121 1.341415 0.963336
v 1.851116 1.341437 0.963614
v 1.851106 1.341486 0.963880
v 1.851346 1.341472 0.963380
v 1.851338 1.341492 0.963635
v 1.851315 1.341531 0.963880
v 1.840690 1.342156 0.963322
v 1.840423 1.342201 0.963336
v 1.840208 1.342290 0.963380
v 1.840691 1.342174 0.963609
v 1.840430 1.342222 0.963614
v 1.840219 1.342308 0.963635
v 1.840695 1.342226 0.963881
v 1.840448 1.342269 0.963880
v 1.840247 1.342343 0.963880
v 1.840690 1.342156 0.537132
v 1.840691 1.342174 0.536845
v 1.840695 1.342226 0.536573
v 1.840423 1.342201 0.537118
v 1.840430 1.342222 0.536840
v 1.840448 1.342269 0.536574
v 1.840208 1.342290 0.537075
v 1.840219 1.342308 0.536820
v 1.840247 1.342343 0.536574
v 1.851794 1.342226 0.963839
v 1.851750 1.341959 0.963681
v 1.851661 1.341744 0.963552
v 1.851764 1.342149 0.964141
v 1.851719 1.341923 0.963966
v 1.851637 1.341738 0.963809
v 1.851686 1.342090 0.964388
v 1.851649 1.341904 0.964212
v 1.851581 1.341745 0.964044
v 1.851794 1.342226 0.536615
v 1.851764 1.342149 0.536313
v 1.851686 1.342090 0.536066
v 1.851750 1.341959 0.536773
v 1.851719 1.341923 0.536488
v 1.851649 1.341904 0.536242
v 1.851661 1.341744 0.536902
v 1.851637 1.341738 0.536645
v 1.851581 1.341745 0.536410
v 1.852774 1.355566 0.521699
v 1.852756 1.355649 0.521218
v 1.852687 1.355720 0.520824
v 1.852774 1.355566 0.978755
v 1.852756 1.355649 0.979236
v 1.852687 1.355720 0.979630
v 1.841754 1.356642 0.520124
v 1.841484 1.356654 0.520167
v 1.841263 1.356648 0.520299
v 1.851914 1.355896 0.520124
v 1.852182 1.355868 0.520167
v 1.852400 1.355830 0.520299
v 1.850896 1.342032 0.535626
v 1.850882 1.341842 0.535841
v 1.850870 1.341687 0.536071
v 1.851165 1.342020 0.535654
v 1.851146 1.341840 0.535865
v 1.851121 1.341687 0.536087
v 1.851387 1.342025 0.535736
v 1.851365 1.341859 0.535930
v 1.851329 1.341714 0.536130
v 1.840736 1.342779 0.535626
v 1.840467 1.342805 0.535654
v 1.840249 1.342843 0.535736
v 1.840722 1.342588 0.535841
v 1.840460 1.342625 0.535865
v 1.840246 1.342676 0.535930
v 1.840710 1.342433 0.536071
v 1.840463 1.342470 0.536087
v 1.840261 1.342527 0.536130
v 1.840736 1.342779 0.964828
v 1.840722 1.342588 0.964613
v 1.840710 1.342433 0.964383
v 1.840467 1.342805 0.964800
v 1.840460 1.342625 0.964589
v 1.840463 1.342470 0.964367
v 1.840249 1.342843 0.964718
v 1.840246 1.342676 0.964524
v 1.840261 1.342527 0.964324
v 1.850896 1.342032 0.964828
v 1.851165 1.342020 0.964800
v 1.851387 1.342025 0.964718
v 1.850882 1.341842 0.964613
v 1.851146 1.341840 0.964589
v 1.851365 1.341859 0.964524
v 1.850870 1.341687 0.964383
v 1.851121 1.341687 0.964367
v 1.851329 1.341714 0.964324
v 1.851914 1.355896 0.980330
v 1.852182 1.355868 0.980287
v 1.852400 1.355830 0.980155
v 1.841754 1.356642 0.980330
v 1.841484 1.356654 0.980287
v 1.841263 1.356648 0.980155
v 1.840854 1.356441 0.978755
v 1.840854 1.356441 0.521699
v 1.851961 1.356535 0.980060
v 1.851961 1.356535 0.520394
v 1.841801 1.357281 0.520394
v 1.841801 1.357281 0.980060
v 1.852774 1.355566 0.521699
v 1.852774 1.355566 0.978755
v 1.841754 1.356642 0.520124
v 1.851914 1.355896 0.520124
v 1.851914 1.355896 0.980330
v 1.841754 1.356642 0.980330
v 1.840885 1.356520 0.979236
v 1.840930 1.356753 0.979532
v 1.840899 1.356716 0.979154
v 1.841013 1.356944 0.979770
v 1.840989 1.356937 0.979480
v 1.841134 1.357095 0.979950
v 1.841124 1.357103 0.979734
v 1.840963 1.356581 0.979630
v 1.841001 1.356774 0.979842
v 1.841068 1.356938 0.980011
v 1.841165 1.357074 0.980137
v 1.841089 1.356624 0.979936
v 1.841110 1.356779 0.980084
v 1.841154 1.356918 0.980203
v 1.841219 1.357043 0.980295
v 1.840899 1.356716 0.521300
v 1.840930 1.356753 0.520922
v 1.840885 1.356520 0.521218
v 1.841001 1.356774 0.520612
v 1.840963 1.356581 0.520824
v 1.841110 1.356779 0.520370
v 1.841089 1.356624 0.520518
v 1.840989 1.356937 0.520974
v 1.841013 1.356944 0.520684
v 1.841068 1.356938 0.520443
v 1.841154 1.356918 0.520251
v 1.841124 1.357103 0.520720
v 1.841134 1.357095 0.520504
v 1.841165 1.357074 0.520317
v 1.841219 1.357043 0.520159
v 1.851959 1.356517 0.980324
v 1.852221 1.356468 0.980269
v 1.852228 1.356490 0.980024
v 1.852433 1.356380 0.980145
v 1.852442 1.356399 0.979915
v 1.852593 1.356253 0.979950
v 1.852604 1.356260 0.979734
v 1.851956 1.356464 0.980500
v 1.852206 1.356420 0.980447
v 1.852407 1.356344 0.980326
v 1.852559 1.356238 0.980137
v 1.851949 1.356375 0.980589
v 1.852180 1.356345 0.980556
v 1.852364 1.356291 0.980458
v 1.852502 1.356215 0.980295
v 1.852228 1.356490 0.520430
v 1.852221 1.356468 0.520185
v 1.851959 1.356517 0.520130
v 1.852206 1.356420 0.520007
v 1.851956 1.356464 0.519954
v 1.852180 1.356345 0.519898
v 1.851949 1.356375 0.519865
v 1.852442 1.356399 0.520539
v 1.852433 1.356380 0.520309
v 1.852407 1.356344 0.520128
v 1.852364 1.356291 0.519996
v 1.852604 1.356260 0.520720
v 1.852593 1.356253 0.520504
v 1.852559 1.356238 0.520317
v 1.852502 1.356215 0.520159
v 1.841799 1.357263 0.520130
v 1.841533 1.357253 0.520185
v 1.841530 1.357276 0.520430
v 1.841311 1.357197 0.520309
v 1.841304 1.357216 0.520539
v 1.841795 1.357210 0.519954
v 1.841542 1.357203 0.520007
v 1.841331 1.357157 0.520128
v 1.841789 1.357121 0.519865
v 1.841556 1.357125 0.519898
v 1.841366 1.357099 0.519996
v 1.841530 1.357276 0.980024
v 1.841533 1.357253 0.980269
v 1.841799 1.357263 0.980324
v 1.841542 1.357203 0.980447
v 1.841795 1.357210 0.980500
v 1.841556 1.357125 0.980556
v 1.841789 1.357121 0.980589
v 1.841304 1.357216 0.979915
v 1.841311 1.357197 0.980145
v 1.841331 1.357157 0.980326
v 1.841366 1.357099 0.980458
v 1.852756 1.355649 0.521218
v 1.852744 1.355885 0.520922
v 1.852770 1.355844 0.521300
v 1.852690 1.356087 0.520684
v 1.852713 1.356076 0.520974
v 1.852687 1.355720 0.520824
v 1.852678 1.355916 0.520612
v 1.852635 1.356089 0.520443
v 1.852569 1.355781 0.520518
v 1.852570 1.355937 0.520370
v 1.852548 1.356082 0.520251
v 1.852770 1.355844 0.979154
v 1.852744 1.355885 0.979532
v 1.852756 1.355649 0.979236
v 1.852678 1.355916 0.979842
v 1.852687 1.355720 0.979630
v 1.852570 1.355937 0.980084
v 1.852569 1.355781 0.979936
v 1.852713 1.356076 0.979480
v 1.852690 1.356087 0.979770
v 1.852635 1.356089 0.980011
v 1.852548 1.356082 0.980203
v 1.841484 1.356654 0.520167
v 1.841503 1.356840 0.520010
v 1.841768 1.356837 0.519950
v 1.841526 1.356997 0.519920
v 1.841780 1.356997 0.519864
v 1.841263 1.356648 0.520299
v 1.841283 1.356820 0.520150
v 1.841318 1.356971 0.520049
v 1.851928 1.356091 0.519950
v 1.852191 1.356055 0.520010
v 1.852182 1.355868 0.520167
v 1.852405 1.356004 0.520150
v 1.852400 1.355830 0.520299
v 1.851940 1.356251 0.519864
v 1.852190 1.356214 0.519920
v 1.852393 1.356157 0.520049
v 1.852182 1.355868 0.980287
v 1.852191 1.356055 0.980444
v 1.851928 1.356091 0.980504
v 1.852190 1.356214 0.980534
v 1.851940 1.356251 0.980591
v 1.852400 1.355830 0.980155
v 1.852405 1.356004 0.980304
v 1.852393 1.356157 0.980405
v 1.841768 1.356837 0.980504
v 1.841503 1.356840 0.980444
v 1.841484 1.356654 0.980287
v 1.841283 1.356820 0.980304
v 1.841263 1.356648 0.980155
v 1.841780 1.356997 0.980591
v 1.841526 1.356997 0.980534
v 1.841318 1.356971 0.980405
v 1.794731 0.725342 0.520191
v 1.795877 0.739548 0.535974
v 1.795738 0.739066 0.535561
v 1.795761 0.739226 0.535710
v 1.795807 0.739386 0.535848
v 1.795821 0.740192 0.536029
v 1.795815 0.739973 0.536021
v 1.795834 0.739758 0.536002
v 1.796430 0.739457 0.536094
v 1.796204 0.739479 0.536081
v 1.796020 0.739510 0.536040
v 1.840125 1.342083 0.535974
v 1.840058 1.342580 0.535561
v 1.840056 1.342419 0.535710
v 1.840079 1.342253 0.535848
v 1.840685 1.342092 0.536094
v 1.840458 1.342103 0.536081
v 1.840271 1.342100 0.536040
v 1.839975 1.341454 0.536029
v 1.840001 1.341672 0.536021
v 1.840051 1.341882 0.536002
v 1.841065 1.356304 0.520191
v 1.806210 0.724499 0.520191
v 1.807151 0.738720 0.535974
v 1.806591 0.738711 0.536094
v 1.806818 0.738700 0.536081
v 1.807005 0.738703 0.536040
v 1.807301 0.739349 0.536029
v 1.807274 0.739131 0.536021
v 1.807225 0.738921 0.536002
v 1.807218 0.738223 0.535561
v 1.807220 0.738384 0.535710
v 1.807197 0.738550 0.535848
v 1.852545 1.355461 0.520191
v 1.851399 1.341255 0.535974
v 1.851455 1.340611 0.536029
v 1.851460 1.340830 0.536021
v 1.851442 1.341045 0.536002
v 1.850845 1.341346 0.536094
v 1.851072 1.341324 0.536081
v 1.851256 1.341293 0.536040
v 1.851537 1.341737 0.535561
v 1.851515 1.341577 0.535710
v 1.851469 1.341417 0.535848
v 1.795573 0.739822 0.535368
v 1.795609 0.739977 0.535637
v 1.795691 0.740101 0.535858
v 1.795575 0.739519 0.535447
v 1.795616 0.739691 0.535675
v 1.795696 0.739843 0.535866
v 1.795630 0.739266 0.535511
v 1.795667 0.739441 0.535699
v 1.795735 0.739604 0.535862
v 1.839783 1.341856 0.535368
v 1.839830 1.342156 0.535447
v 1.839921 1.342397 0.535511
v 1.839796 1.341697 0.535637
v 1.839845 1.341979 0.535675
v 1.839932 1.342220 0.535699
v 1.839860 1.341563 0.535858
v 1.839902 1.341818 0.535866
v 1.839975 1.342048 0.535862
v 1.840760 1.355162 0.520394
v 1.840820 1.355632 0.520311
v 1.840921 1.356013 0.520244
v 1.794596 0.726516 0.520394
v 1.794585 0.726042 0.520311
v 1.794630 0.725651 0.520244
v 1.806651 0.739526 0.536250
v 1.806918 0.739492 0.536225
v 1.807135 0.739433 0.536152
v 1.806630 0.739240 0.536233
v 1.806892 0.739216 0.536204
v 1.807107 0.739180 0.536133
v 1.806610 0.738968 0.536180
v 1.806859 0.738952 0.536155
v 1.807063 0.738936 0.536096
v 1.850785 1.340530 0.536250
v 1.850806 1.340816 0.536233
v 1.850826 1.341088 0.536180
v 1.851055 1.340525 0.536225
v 1.851070 1.340802 0.536204
v 1.851075 1.341069 0.536155
v 1.851278 1.340552 0.536152
v 1.851288 1.340807 0.536133
v 1.851280 1.341054 0.536096
v 1.840625 1.341277 0.536250
v 1.840358 1.341311 0.536225
v 1.840141 1.341370 0.536152
v 1.840646 1.341563 0.536233
v 1.840384 1.341587 0.536204
v 1.840169 1.341623 0.536133
v 1.840666 1.341834 0.536180
v 1.840417 1.341851 0.536155
v 1.840212 1.341867 0.536096
v 1.796490 0.740272 0.536250
v 1.796469 0.739986 0.536233
v 1.796449 0.739715 0.536180
v 1.796221 0.740278 0.536225
v 1.796206 0.740001 0.536204
v 1.796201 0.739734 0.536155
v 1.795997 0.740251 0.536152
v 1.795988 0.739996 0.536133
v 1.795996 0.739749 0.536096
v 1.851703 1.340981 0.535368
v 1.851667 1.340826 0.535637
v 1.851584 1.340702 0.535858
v 1.851701 1.341284 0.535447
v 1.851660 1.341112 0.535675
v 1.851580 1.340960 0.535866
v 1.851646 1.341536 0.535511
v 1.851609 1.341362 0.535699
v 1.851541 1.341199 0.535862
v 1.807492 0.738946 0.535368
v 1.807446 0.738647 0.535447
v 1.807354 0.738405 0.535511
v 1.807480 0.739106 0.535637
v 1.807431 0.738824 0.535675
v 1.807344 0.738583 0.535699
v 1.807416 0.739240 0.535858
v 1.807374 0.738985 0.535866
v 1.807301 0.738755 0.535862
v 1.806515 0.725641 0.520394
v 1.806456 0.725171 0.520311
v 1.806355 0.724790 0.520244
v 1.852680 1.354287 0.520394
v 1.852690 1.354761 0.520311
v 1.852645 1.355152 0.520244
v 1.795362 0.724907 0.520124
v 1.795096 0.724970 0.520131
v 1.794886 0.725115 0.520154
v 1.805522 0.724161 0.520124
v 1.805794 0.724185 0.520131
v 1.806024 0.724297 0.520154
v 1.806540 0.738024 0.535626
v 1.806556 0.738239 0.535817
v 1.806573 0.738468 0.535973
v 1.806811 0.738032 0.535619
v 1.806821 0.738244 0.535800
v 1.806823 0.738466 0.535954
v 1.807037 0.738098 0.535597
v 1.807042 0.738292 0.535764
v 1.807031 0.738494 0.535912
v 1.796380 0.738771 0.535626
v 1.796113 0.738818 0.535619
v 1.795899 0.738916 0.535597
v 1.796396 0.738985 0.535817
v 1.796135 0.739028 0.535800
v 1.795923 0.739109 0.535764
v 1.796413 0.739214 0.535973
v 1.796165 0.739249 0.535954
v 1.795963 0.739306 0.535912
v 1.840736 1.342778 0.535626
v 1.840720 1.342564 0.535817
v 1.840703 1.342335 0.535973
v 1.840465 1.342771 0.535619
v 1.840455 1.342559 0.535800
v 1.840453 1.342337 0.535954
v 1.840239 1.342705 0.535597
v 1.840234 1.342511 0.535764
v 1.840245 1.342309 0.535912
v 1.850896 1.342032 0.535626
v 1.851163 1.341985 0.535619
v 1.851376 1.341887 0.535597
v 1.850880 1.341818 0.535817
v 1.851141 1.341774 0.535800
v 1.851353 1.341694 0.535764
v 1.850863 1.341589 0.535973
v 1.851111 1.341554 0.535954
v 1.851313 1.341496 0.535912
v 1.851914 1.355895 0.520124
v 1.852179 1.355833 0.520131
v 1.852390 1.355688 0.520154
v 1.841754 1.356642 0.520124
v 1.841482 1.356618 0.520131
v 1.841252 1.356506 0.520154
v 1.840760 1.355162 0.520394
v 1.794596 0.726516 0.520394
v 1.851894 1.355631 0.519471
v 1.805542 0.724426 0.519471
v 1.795382 0.725172 0.519471
v 1.841734 1.356377 0.519471
v 1.806515 0.725641 0.520394
v 1.852680 1.354287 0.520394
v 1.795362 0.724907 0.520124
v 1.805522 0.724161 0.520124
v 1.851914 1.355895 0.520124
v 1.841754 1.356642 0.520124
v 1.840820 1.355632 0.520311
v 1.840869 1.355920 0.520072
v 1.840814 1.355551 0.520112
v 1.840955 1.356148 0.519872
v 1.840910 1.355866 0.519881
v 1.841076 1.356317 0.519710
v 1.841051 1.356105 0.519702
v 1.840921 1.356013 0.520244
v 1.840960 1.356218 0.520046
v 1.841027 1.356380 0.519874
v 1.841123 1.356498 0.519728
v 1.841065 1.356304 0.520191
v 1.841086 1.356447 0.520032
v 1.841127 1.356562 0.519887
v 1.841190 1.356648 0.519756
v 1.794591 0.726123 0.520112
v 1.794592 0.725751 0.520072
v 1.794585 0.726042 0.520311
v 1.794639 0.725442 0.520046
v 1.794630 0.725651 0.520244
v 1.794730 0.725197 0.520032
v 1.794731 0.725342 0.520191
v 1.794641 0.725798 0.519881
v 1.794644 0.725513 0.519872
v 1.794682 0.725272 0.519874
v 1.794754 0.725077 0.519887
v 1.794745 0.725541 0.519702
v 1.794740 0.725328 0.519710
v 1.794759 0.725142 0.519728
v 1.794803 0.724983 0.519756
v 1.851913 1.355889 0.519489
v 1.852174 1.355816 0.519520
v 1.852161 1.355575 0.519497
v 1.852381 1.355678 0.519593
v 1.852373 1.355453 0.519574
v 1.852536 1.355475 0.519710
v 1.852531 1.355262 0.519702
v 1.851926 1.356062 0.519543
v 1.852174 1.355991 0.519570
v 1.852371 1.355857 0.519631
v 1.852517 1.355661 0.519728
v 1.851932 1.356149 0.519634
v 1.852162 1.356100 0.519648
v 1.852342 1.355990 0.519688
v 1.852473 1.355819 0.519756
v 1.805813 0.724442 0.519497
v 1.805791 0.724202 0.519520
v 1.805523 0.724168 0.519489
v 1.805766 0.724029 0.519570
v 1.805510 0.723995 0.519543
v 1.805738 0.723923 0.519648
v 1.805504 0.723908 0.519634
v 1.806041 0.724532 0.519574
v 1.806016 0.724308 0.519593
v 1.805980 0.724132 0.519631
v 1.805932 0.724005 0.519688
v 1.806225 0.724697 0.519702
v 1.806199 0.724486 0.519710
v 1.806153 0.724305 0.519728
v 1.806086 0.724155 0.519756
v 1.795362 0.724914 0.519489
v 1.795102 0.724987 0.519520
v 1.795115 0.725228 0.519497
v 1.794895 0.725125 0.519593
v 1.794903 0.725350 0.519574
v 1.795350 0.724741 0.519543
v 1.795102 0.724812 0.519570
v 1.794905 0.724945 0.519631
v 1.795343 0.724654 0.519634
v 1.795114 0.724703 0.519648
v 1.794934 0.724813 0.519688
v 1.841463 1.356361 0.519497
v 1.841485 1.356601 0.519520
v 1.841753 1.356635 0.519489
v 1.841510 1.356774 0.519570
v 1.841766 1.356808 0.519543
v 1.841538 1.356880 0.519648
v 1.841772 1.356895 0.519634
v 1.841235 1.356270 0.519574
v 1.841259 1.356495 0.519593
v 1.841296 1.356671 0.519631
v 1.841344 1.356798 0.519688
v 1.806456 0.725171 0.520311
v 1.806407 0.724883 0.520072
v 1.806462 0.725252 0.520112
v 1.806321 0.724655 0.519872
v 1.806365 0.724937 0.519881
v 1.806355 0.724790 0.520244
v 1.806316 0.724584 0.520046
v 1.806249 0.724423 0.519874
v 1.806210 0.724499 0.520191
v 1.806190 0.724355 0.520032
v 1.806148 0.724241 0.519887
v 1.852684 1.354680 0.520112
v 1.852683 1.355052 0.520072
v 1.852690 1.354761 0.520311
v 1.852637 1.355361 0.520046
v 1.852645 1.355152 0.520244
v 1.852546 1.355606 0.520032
v 1.852545 1.355461 0.520191
v 1.852635 1.355005 0.519881
v 1.852632 1.355290 0.519872
v 1.852594 1.355531 0.519874
v 1.852522 1.355725 0.519887
v 1.795096 0.724970 0.520131
v 1.795090 0.724815 0.519941
v 1.795349 0.724737 0.519924
v 1.795095 0.724726 0.519780
v 1.795343 0.724653 0.519761
v 1.794886 0.725115 0.520154
v 1.794883 0.724969 0.519977
v 1.794899 0.724868 0.519822
v 1.805510 0.723991 0.519924
v 1.805778 0.724031 0.519941
v 1.805794 0.724185 0.520131
v 1.806005 0.724152 0.519977
v 1.806024 0.724297 0.520154
v 1.805503 0.723907 0.519761
v 1.805759 0.723943 0.519780
v 1.805974 0.724055 0.519822
v 1.852179 1.355833 0.520131
v 1.852186 1.355987 0.519941
v 1.851926 1.356066 0.519924
v 1.852180 1.356076 0.519780
v 1.851933 1.356150 0.519761
v 1.852390 1.355688 0.520154
v 1.852393 1.355834 0.519977
v 1.852377 1.355935 0.519822
v 1.841766 1.356812 0.519924
v 1.841498 1.356772 0.519941
v 1.841482 1.356618 0.520131
v 1.841271 1.356651 0.519977
v 1.841252 1.356506 0.520154
v 1.841772 1.356896 0.519761
v 1.841516 1.356860 0.519780
v 1.841301 1.356748 0.519822
v 1.806187 0.724179 0.520518
v 1.806187 0.724179 0.979936
v 1.807123 0.738330 0.964090
v 1.807230 0.738378 0.963451
v 1.807219 0.738370 0.963670
v 1.807183 0.738354 0.963883
v 1.807195 0.737912 0.964581
v 1.807196 0.738061 0.964420
v 1.807172 0.738200 0.964256
v 1.806574 0.738491 0.964140
v 1.806800 0.738461 0.964134
v 1.806983 0.738407 0.964118
v 1.807123 0.738330 0.536364
v 1.807230 0.738378 0.537003
v 1.807219 0.738370 0.536784
v 1.807183 0.738354 0.536571
v 1.806574 0.738491 0.536314
v 1.806800 0.738461 0.536320
v 1.806983 0.738407 0.536337
v 1.807195 0.737912 0.535873
v 1.807196 0.738061 0.536034
v 1.807172 0.738200 0.536198
v 1.794707 0.725022 0.520518
v 1.794707 0.725022 0.979936
v 1.795849 0.739158 0.964090
v 1.795750 0.739221 0.963451
v 1.795760 0.739212 0.963670
v 1.795792 0.739191 0.963883
v 1.796414 0.739237 0.964140
v 1.796186 0.739241 0.964134
v 1.795998 0.739214 0.964118
v 1.795715 0.738755 0.964581
v 1.795737 0.738902 0.964420
v 1.795781 0.739037 0.964256
v 1.795849 0.739158 0.536364
v 1.795750 0.739221 0.537003
v 1.795760 0.739212 0.536784
v 1.795792 0.739191 0.536571
v 1.795715 0.738755 0.535873
v 1.795737 0.738902 0.536034
v 1.795781 0.739037 0.536198
v 1.796414 0.739237 0.536314
v 1.796186 0.739241 0.536320
v 1.795998 0.739214 0.536337
v 1.795481 0.738578 0.963839
v 1.795526 0.738845 0.963681
v 1.795615 0.739059 0.963552
v 1.795512 0.738655 0.964141
v 1.795556 0.738880 0.963966
v 1.795639 0.739066 0.963809
v 1.795590 0.738714 0.964388
v 1.795627 0.738899 0.964212
v 1.795694 0.739058 0.964044
v 1.795481 0.738578 0.536615
v 1.795512 0.738655 0.536313
v 1.795590 0.738714 0.536066
v 1.795526 0.738845 0.536773
v 1.795556 0.738880 0.536488
v 1.795627 0.738899 0.536242
v 1.795615 0.739059 0.536902
v 1.795639 0.739066 0.536645
v 1.795694 0.739058 0.536410
v 1.794502 0.725237 0.521699
v 1.794520 0.725154 0.521218
v 1.794589 0.725083 0.520824
v 1.794502 0.725237 0.978755
v 1.794520 0.725154 0.979236
v 1.794589 0.725083 0.979630
v 1.806586 0.738647 0.963322
v 1.806853 0.738603 0.963336
v 1.807068 0.738513 0.963380
v 1.806585 0.738629 0.963609
v 1.806845 0.738581 0.963614
v 1.807057 0.738495 0.963635
v 1.806581 0.738578 0.963881
v 1.806828 0.738534 0.963880
v 1.807029 0.738460 0.963880
v 1.806586 0.738647 0.537132
v 1.806585 0.738629 0.536845
v 1.806581 0.738578 0.536573
v 1.806853 0.738603 0.537118
v 1.806845 0.738581 0.536840
v 1.806828 0.738534 0.536574
v 1.807068 0.738513 0.537075
v 1.807057 0.738495 0.536820
v 1.807029 0.738460 0.536574
v 1.796426 0.739393 0.537132
v 1.796155 0.739388 0.537118
v 1.795930 0.739331 0.537075
v 1.796425 0.739376 0.536845
v 1.796160 0.739366 0.536840
v 1.795938 0.739311 0.536820
v 1.796421 0.739324 0.536573
v 1.796170 0.739317 0.536574
v 1.795961 0.739272 0.536574
v 1.796426 0.739393 0.963322
v 1.796425 0.739376 0.963609
v 1.796421 0.739324 0.963881
v 1.796155 0.739388 0.963336
v 1.796160 0.739366 0.963614
v 1.796170 0.739317 0.963880
v 1.795930 0.739331 0.963380
v 1.795938 0.739311 0.963635
v 1.795961 0.739272 0.963880
v 1.807401 0.737702 0.536615
v 1.807396 0.737973 0.536773
v 1.807339 0.738198 0.536902
v 1.807382 0.737783 0.536313
v 1.807371 0.738012 0.536488
v 1.807316 0.738208 0.536645
v 1.807314 0.737853 0.536066
v 1.807304 0.738042 0.536242
v 1.807261 0.738209 0.536410
v 1.807401 0.737702 0.963839
v 1.807382 0.737783 0.964141
v 1.807314 0.737853 0.964388
v 1.807396 0.737973 0.963681
v 1.807371 0.738012 0.963966
v 1.807304 0.738041 0.964212
v 1.807339 0.738198 0.963552
v 1.807316 0.738208 0.963809
v 1.807261 0.738209 0.964044
v 1.806421 0.724362 0.978755
v 1.806391 0.724283 0.979236
v 1.806313 0.724222 0.979630
v 1.806421 0.724362 0.521699
v 1.806391 0.724283 0.521218
v 1.806313 0.724222 0.520824
v 1.795362 0.724908 0.980330
v 1.795094 0.724935 0.980287
v 1.794875 0.724973 0.980155
v 1.805522 0.724161 0.980330
v 1.805791 0.724149 0.980287
v 1.806013 0.724155 0.980155
v 1.806540 0.738025 0.964828
v 1.806554 0.738215 0.964613
v 1.806566 0.738370 0.964383
v 1.806808 0.737998 0.964800
v 1.806816 0.738178 0.964589
v 1.806813 0.738333 0.964367
v 1.807027 0.737960 0.964718
v 1.807030 0.738127 0.964524
v 1.807015 0.738276 0.964324
v 1.796380 0.738771 0.964828
v 1.796111 0.738783 0.964800
v 1.795889 0.738778 0.964718
v 1.796394 0.738961 0.964613
v 1.796130 0.738963 0.964589
v 1.795911 0.738944 0.964524
v 1.796405 0.739116 0.964383
v 1.796155 0.739116 0.964367
v 1.795947 0.739089 0.964324
v 1.796380 0.738771 0.535626
v 1.796394 0.738961 0.535841
v 1.796405 0.739116 0.536071
v 1.796111 0.738783 0.535654
v 1.796130 0.738963 0.535865
v 1.796155 0.739116 0.536087
v 1.795889 0.738778 0.535736
v 1.795911 0.738944 0.535930
v 1.795947 0.739089 0.536130
v 1.806540 0.738025 0.535626
v 1.806809 0.737998 0.535654
v 1.807027 0.737960 0.535736
v 1.806554 0.738215 0.535841
v 1.806816 0.738178 0.535865
v 1.807030 0.738127 0.535930
v 1.806566 0.738370 0.536071
v 1.806813 0.738333 0.536087
v 1.807015 0.738276 0.536130
v 1.805522 0.724161 0.520124
v 1.805792 0.724149 0.520167
v 1.806013 0.724155 0.520299
v 1.795362 0.724908 0.520124
v 1.795094 0.724935 0.520167
v 1.794875 0.724973 0.520299
v 1.794502 0.725237 0.521699
v 1.794502 0.725237 0.978755
v 1.805475 0.723522 0.520394
v 1.805475 0.723522 0.980060
v 1.795315 0.724268 0.980060
v 1.795315 0.724268 0.520394
v 1.806421 0.724362 0.978755
v 1.806421 0.724362 0.521699
v 1.795362 0.724908 0.980330
v 1.805522 0.724161 0.980330
v 1.805522 0.724161 0.520124
v 1.795362 0.724908 0.520124
v 1.794520 0.725154 0.521218
v 1.794531 0.724918 0.520922
v 1.794506 0.724959 0.521300
v 1.794585 0.724716 0.520684
v 1.794563 0.724728 0.520974
v 1.794683 0.724550 0.520504
v 1.794672 0.724543 0.520720
v 1.794589 0.725083 0.520824
v 1.794598 0.724887 0.520612
v 1.794641 0.724714 0.520443
v 1.794717 0.724565 0.520317
v 1.794707 0.725022 0.520518
v 1.794706 0.724866 0.520370
v 1.794728 0.724721 0.520251
v 1.794774 0.724589 0.520159
v 1.794506 0.724959 0.979154
v 1.794531 0.724918 0.979532
v 1.794520 0.725154 0.979236
v 1.794598 0.724887 0.979842
v 1.794589 0.725083 0.979630
v 1.794706 0.724866 0.980084
v 1.794707 0.725022 0.979936
v 1.794563 0.724728 0.979480
v 1.794585 0.724716 0.979770
v 1.794641 0.724714 0.980011
v 1.794728 0.724721 0.980203
v 1.794672 0.724543 0.979734
v 1.794683 0.724550 0.979950
v 1.794716 0.724565 0.980137
v 1.794774 0.724589 0.980295
v 1.805477 0.723540 0.520130
v 1.805743 0.723550 0.520185
v 1.805746 0.723527 0.520430
v 1.805965 0.723606 0.520309
v 1.805971 0.723587 0.520539
v 1.806142 0.723708 0.520504
v 1.806152 0.723700 0.520720
v 1.805480 0.723593 0.519954
v 1.805734 0.723600 0.520007
v 1.805944 0.723646 0.520128
v 1.806111 0.723729 0.520317
v 1.805487 0.723682 0.519865
v 1.805720 0.723678 0.519898
v 1.805910 0.723704 0.519996
v 1.806057 0.723760 0.520159
v 1.805746 0.723527 0.980024
v 1.805743 0.723550 0.980269
v 1.805477 0.723540 0.980324
v 1.805734 0.723601 0.980447
v 1.805480 0.723593 0.980500
v 1.805720 0.723678 0.980556
v 1.805487 0.723682 0.980589
v 1.805971 0.723587 0.979915
v 1.805965 0.723606 0.980145
v 1.805944 0.723646 0.980326
v 1.805910 0.723704 0.980458
v 1.806152 0.723700 0.979734
v 1.806142 0.723708 0.979950
v 1.806111 0.723729 0.980137
v 1.806057 0.723760 0.980295
v 1.795316 0.724286 0.980324
v 1.795054 0.724335 0.980270
v 1.795048 0.724313 0.980024
v 1.794843 0.724423 0.980145
v 1.794834 0.724405 0.979915
v 1.795320 0.724339 0.980500
v 1.795070 0.724384 0.980447
v 1.794869 0.724459 0.980326
v 1.795327 0.724428 0.980589
v 1.795096 0.724458 0.980556
v 1.794911 0.724512 0.980458
v 1.795048 0.724313 0.520430
v 1.795054 0.724335 0.520185
v 1.795316 0.724286 0.520130
v 1.795070 0.724384 0.520007
v 1.795320 0.724339 0.519954
v 1.795096 0.724458 0.519898
v 1.795327 0.724428 0.519865
v 1.794834 0.724405 0.520539
v 1.794843 0.724423 0.520309
v 1.794869 0.724459 0.520128
v 1.794912 0.724512 0.519996
v 1.806391 0.724283 0.979236
v 1.806345 0.724050 0.979532
v 1.806377 0.724087 0.979154
v 1.806262 0.723859 0.979770
v 1.806287 0.723867 0.979480
v 1.806313 0.724222 0.979630
v 1.806275 0.724029 0.979842
v 1.806208 0.723865 0.980011
v 1.806187 0.724179 0.979936
v 1.806165 0.724024 0.980084
v 1.806122 0.723885 0.980203
v 1.806377 0.724087 0.521300
v 1.806345 0.724050 0.520922
v 1.806391 0.724283 0.521218
v 1.806275 0.724029 0.520612
v 1.806313 0.724222 0.520824
v 1.806165 0.724024 0.520370
v 1.806187 0.724179 0.520518
v 1.806287 0.723867 0.520974
v 1.806263 0.723859 0.520684
v 1.806208 0.723865 0.520443
v 1.806122 0.723885 0.520251
v 1.795094 0.724935 0.980287
v 1.795085 0.724748 0.980444
v 1.795348 0.724712 0.980504
v 1.795085 0.724590 0.980534
v 1.795336 0.724552 0.980591
v 1.794875 0.724973 0.980155
v 1.794871 0.724800 0.980304
v 1.794883 0.724646 0.980405
v 1.805508 0.723966 0.980504
v 1.805773 0.723963 0.980444
v 1.805791 0.724149 0.980287
v 1.805992 0.723983 0.980304
v 1.806013 0.724155 0.980155
v 1.805496 0.723806 0.980591
v 1.805749 0.723806 0.980534
v 1.805958 0.723833 0.980405
v 1.805792 0.724149 0.520167
v 1.805773 0.723963 0.520010
v 1.805508 0.723966 0.519950
v 1.805749 0.723806 0.519920
v 1.805496 0.723806 0.519864
v 1.806013 0.724155 0.520299
v 1.805992 0.723983 0.520150
v 1.805958 0.723833 0.520049
v 1.795348 0.724712 0.519950
v 1.795085 0.724748 0.520010
v 1.795094 0.724935 0.520167
v 1.794871 0.724800 0.520150
v 1.794875 0.724973 0.520299
v 1.795336 0.724552 0.519864
v 1.795085 0.724590 0.519920
v 1.794883 0.724646 0.520049
v 1.805783 0.777325 0.574766
v 1.805783 0.777325 0.925689
v 1.844406 1.303264 0.574766
v 1.844406 1.303264 0.925689
v 1.843878 1.303284 0.574784
v 1.843863 1.303150 0.574730
v 1.843871 1.303224 0.574743
v 1.843769 1.303381 0.574695
v 1.843815 1.303326 0.574747
v 1.843877 1.303339 0.574919
v 1.843878 1.303325 0.574845
v 1.844029 1.303248 0.574809
v 1.843945 1.303260 0.574803
v 1.805258 0.777382 0.574784
v 1.805263 0.777517 0.574730
v 1.805260 0.777443 0.574743
v 1.805413 0.777396 0.574809
v 1.805328 0.777396 0.574803
v 1.805249 0.777328 0.574919
v 1.805253 0.777342 0.574845
v 1.805136 0.777302 0.574695
v 1.805190 0.777349 0.574747
v 1.843878 1.303284 0.925670
v 1.843877 1.303339 0.925535
v 1.843878 1.303325 0.925609
v 1.843769 1.303381 0.925759
v 1.843815 1.303326 0.925707
v 1.843863 1.303150 0.925724
v 1.843871 1.303224 0.925711
v 1.844029 1.303248 0.925645
v 1.843945 1.303260 0.925651
v 1.805258 0.777382 0.925670
v 1.805263 0.777517 0.925724
v 1.805260 0.777443 0.925711
v 1.805136 0.777302 0.925759
v 1.805190 0.777349 0.925707
v 1.805249 0.777328 0.925535
v 1.805253 0.777342 0.925609
v 1.805413 0.777396 0.925645
v 1.805328 0.777396 0.925651
v 1.842407 1.305603 0.572579
v 1.842455 1.305482 0.572696
v 1.842425 1.305541 0.572640
v 1.842391 1.305521 0.572517
v 1.842398 1.305585 0.572533
v 1.842385 1.305796 0.572388
v 1.842402 1.305665 0.572662
v 1.842403 1.305650 0.572598
v 1.842407 1.305603 0.927875
v 1.842455 1.305482 0.927758
v 1.842425 1.305541 0.927815
v 1.842402 1.305665 0.927792
v 1.842403 1.305650 0.927856
v 1.842385 1.305796 0.928066
v 1.842391 1.305521 0.927937
v 1.842398 1.305585 0.927921
v 1.803464 0.775303 0.927875
v 1.803529 0.775415 0.927758
v 1.803491 0.775361 0.927815
v 1.803460 0.775386 0.927937
v 1.803458 0.775322 0.927921
v 1.803414 0.775115 0.928066
v 1.803450 0.775242 0.927792
v 1.803453 0.775257 0.927856
v 1.803464 0.775303 0.572579
v 1.803529 0.775415 0.572696
v 1.803491 0.775361 0.572640
v 1.803450 0.775242 0.572662
v 1.803454 0.775257 0.572598
v 1.803414 0.775115 0.572388
v 1.803460 0.775386 0.572517
v 1.803458 0.775322 0.572533
v 1.844905 1.341035 0.963395
v 1.844921 1.340928 0.963422
v 1.844919 1.340989 0.963415
v 1.844968 1.340964 0.963328
v 1.844931 1.341060 0.963289
v 1.844924 1.341054 0.963350
v 1.844798 1.341057 0.963409
v 1.844845 1.341050 0.963405
v 1.800759 0.739886 0.963395
v 1.800791 0.739990 0.963422
v 1.800780 0.739930 0.963415
v 1.800650 0.739880 0.963409
v 1.800698 0.739880 0.963405
v 1.800781 0.739858 0.963289
v 1.800775 0.739864 0.963350
v 1.800832 0.739948 0.963328
v 1.800759 0.739886 0.537059
v 1.800791 0.739990 0.537032
v 1.800780 0.739930 0.537039
v 1.800832 0.739948 0.537126
v 1.800781 0.739858 0.537165
v 1.800775 0.739864 0.537104
v 1.800650 0.739880 0.537045
v 1.800698 0.739880 0.537049
v 1.844905 1.341035 0.537059
v 1.844921 1.340928 0.537032
v 1.844919 1.340989 0.537039
v 1.844798 1.341057 0.537045
v 1.844846 1.341050 0.537049
v 1.844931 1.341060 0.537165
v 1.844924 1.341054 0.537104
v 1.844968 1.340964 0.537126
v 1.844549 1.341815 0.536308
v 1.844518 1.341711 0.536281
v 1.844529 1.341771 0.536287
v 1.844659 1.341821 0.536294
v 1.844610 1.341821 0.536297
v 1.844527 1.341843 0.536413
v 1.844533 1.341836 0.536353
v 1.844477 1.341753 0.536375
v 1.800294 0.739167 0.536308
v 1.800278 0.739274 0.536281
v 1.800280 0.739213 0.536287
v 1.800231 0.739238 0.536375
v 1.800268 0.739142 0.536413
v 1.800275 0.739148 0.536353
v 1.800401 0.739145 0.536294
v 1.800353 0.739152 0.536297
v 1.800294 0.739167 0.964146
v 1.800268 0.739142 0.964041
v 1.800275 0.739148 0.964101
v 1.800231 0.739238 0.964079
v 1.800278 0.739274 0.964173
v 1.800280 0.739213 0.964167
v 1.800401 0.739145 0.964160
v 1.800353 0.739152 0.964157
v 1.844549 1.341815 0.964146
v 1.844518 1.341711 0.964173
v 1.844529 1.341771 0.964167
v 1.844477 1.341753 0.964079
v 1.844527 1.341843 0.964041
v 1.844533 1.341836 0.964101
v 1.844658 1.341821 0.964160
v 1.844610 1.341821 0.964157
v 1.844485 1.341116 0.963445
v 1.844467 1.341024 0.963484
v 1.844474 1.341091 0.963474
v 1.844604 1.341071 0.963409
v 1.844528 1.341086 0.963418
v 1.844477 1.341156 0.963352
v 1.844478 1.341146 0.963419
v 1.844440 1.341253 0.963578
v 1.800332 0.739867 0.963445
v 1.800328 0.739961 0.963484
v 1.800325 0.739893 0.963474
v 1.800268 0.739739 0.963578
v 1.800318 0.739829 0.963352
v 1.800321 0.739839 0.963419
v 1.800456 0.739894 0.963409
v 1.800379 0.739891 0.963418
v 1.800332 0.739867 0.537009
v 1.800318 0.739829 0.537102
v 1.800321 0.739839 0.537035
v 1.800268 0.739739 0.536877
v 1.800328 0.739961 0.536970
v 1.800325 0.739893 0.536980
v 1.800456 0.739894 0.537045
v 1.800379 0.739891 0.537036
v 1.844485 1.341116 0.537009
v 1.844467 1.341024 0.536970
v 1.844474 1.341092 0.536980
v 1.844440 1.341253 0.536877
v 1.844477 1.341156 0.537102
v 1.844478 1.341146 0.537035
v 1.844604 1.341071 0.537045
v 1.844528 1.341086 0.537036
v 1.848355 1.341535 0.536308
v 1.848248 1.341557 0.536294
v 1.848296 1.341550 0.536297
v 1.848371 1.341428 0.536281
v 1.848369 1.341489 0.536287
v 1.848418 1.341464 0.536375
v 1.848381 1.341560 0.536413
v 1.848374 1.341555 0.536353
v 1.804099 0.738887 0.536308
v 1.803990 0.738881 0.536294
v 1.804038 0.738881 0.536297
v 1.804121 0.738859 0.536413
v 1.804115 0.738866 0.536353
v 1.804172 0.738949 0.536375
v 1.804131 0.738991 0.536281
v 1.804120 0.738931 0.536287
v 1.804099 0.738887 0.964146
v 1.803990 0.738881 0.964160
v 1.804039 0.738881 0.964157
v 1.804131 0.738991 0.964173
v 1.804120 0.738931 0.964167
v 1.804172 0.738949 0.964079
v 1.804121 0.738859 0.964041
v 1.804115 0.738865 0.964101
v 1.848355 1.341535 0.964146
v 1.848248 1.341557 0.964160
v 1.848296 1.341550 0.964157
v 1.848381 1.341560 0.964041
v 1.848374 1.341555 0.964101
v 1.848418 1.341464 0.964079
v 1.848371 1.341428 0.964173
v 1.848369 1.341489 0.964167
v 1.845551 1.303172 0.574773
v 1.845555 1.303078 0.574734
v 1.845558 1.303146 0.574744
v 1.845427 1.303145 0.574809
v 1.845504 1.303148 0.574800
v 1.845565 1.303210 0.574866
v 1.845562 1.303200 0.574799
v 1.845615 1.303300 0.574641
v 1.806929 0.777249 0.574773
v 1.806947 0.777341 0.574734
v 1.806940 0.777273 0.574744
v 1.806975 0.777112 0.574641
v 1.806937 0.777209 0.574866
v 1.806936 0.777219 0.574799
v 1.806811 0.777293 0.574809
v 1.806886 0.777279 0.574800
v 1.806929 0.777249 0.925681
v 1.806937 0.777209 0.925588
v 1.806936 0.777219 0.925655
v 1.806975 0.777112 0.925814
v 1.806947 0.777341 0.925720
v 1.806940 0.777273 0.925710
v 1.806811 0.777293 0.925645
v 1.806886 0.777279 0.925654
v 1.845551 1.303172 0.925681
v 1.845555 1.303078 0.925720
v 1.845558 1.303146 0.925710
v 1.845615 1.303300 0.925814
v 1.845564 1.303210 0.925588
v 1.845562 1.303200 0.925655
v 1.845427 1.303145 0.925645
v 1.845504 1.303148 0.925654
v 1.843746 1.303228 0.925831
v 1.843800 1.303184 0.925769
v 1.843761 1.303315 0.925805
v 1.843809 1.303263 0.925750
v 1.805136 0.777457 0.925831
v 1.805138 0.777369 0.925805
v 1.805195 0.777493 0.925769
v 1.805194 0.777413 0.925750
v 1.803555 0.775600 0.927799
v 1.803501 0.775500 0.927869
v 1.803538 0.775490 0.927797
v 1.803492 0.775411 0.927859
v 1.842453 1.305296 0.927799
v 1.842452 1.305408 0.927797
v 1.842415 1.305402 0.927869
v 1.842419 1.305492 0.927859
v 1.805136 0.777457 0.574623
v 1.805195 0.777493 0.574685
v 1.805138 0.777369 0.574649
v 1.805194 0.777413 0.574704
v 1.843746 1.303228 0.574623
v 1.843761 1.303315 0.574649
v 1.843800 1.303184 0.574685
v 1.843809 1.303263 0.574704
v 1.842453 1.305296 0.572655
v 1.842415 1.305402 0.572585
v 1.842452 1.305408 0.572658
v 1.842419 1.305492 0.572596
v 1.803555 0.775600 0.572655
v 1.803538 0.775490 0.572658
v 1.803501 0.775500 0.572585
v 1.803492 0.775411 0.572596
v 1.843763 1.303454 0.574850
v 1.843815 1.303388 0.574890
v 1.843769 1.303428 0.574762
v 1.843817 1.303369 0.574810
v 1.843763 1.303454 0.925604
v 1.843769 1.303428 0.925692
v 1.843815 1.303388 0.925564
v 1.843817 1.303369 0.925644
v 1.842470 1.305522 0.927572
v 1.842429 1.305595 0.927675
v 1.842461 1.305521 0.927683
v 1.842426 1.305585 0.927765
v 1.842470 1.305522 0.572882
v 1.842461 1.305521 0.572771
v 1.842429 1.305595 0.572779
v 1.842426 1.305585 0.572689
v 1.805119 0.777231 0.925604
v 1.805180 0.777289 0.925564
v 1.805130 0.777256 0.925692
v 1.805186 0.777307 0.925644
v 1.805119 0.777231 0.574850
v 1.805130 0.777256 0.574762
v 1.805180 0.777289 0.574890
v 1.805186 0.777307 0.574810
v 1.803538 0.775374 0.572882
v 1.803487 0.775307 0.572779
v 1.803530 0.775377 0.572771
v 1.803486 0.775318 0.572689
v 1.803538 0.775374 0.927572
v 1.803530 0.775377 0.927683
v 1.803487 0.775307 0.927675
v 1.803485 0.775318 0.927765
v 1.803437 0.775251 0.928001
v 1.800822 0.739971 0.963383
v 1.844955 1.340942 0.963383
v 1.842388 1.305659 0.928001
v 1.842388 1.305659 0.572453
v 1.844955 1.340942 0.537071
v 1.800823 0.739971 0.537071
v 1.803437 0.775251 0.572453
v 1.842393 1.305731 0.927929
v 1.844961 1.341019 0.963305
v 1.844961 1.341019 0.537149
v 1.842393 1.305731 0.572525
v 1.803432 0.775178 0.572525
v 1.800817 0.739894 0.537149
v 1.800817 0.739894 0.963305
v 1.803432 0.775178 0.927929
v 1.800288 0.739869 0.963523
v 1.800243 0.739260 0.964134
v 1.844486 1.341730 0.964134
v 1.844441 1.341120 0.963523
v 1.844441 1.341120 0.536931
v 1.844486 1.341730 0.536320
v 1.800243 0.739260 0.536320
v 1.800288 0.739869 0.536931
v 1.844447 1.341197 0.963446
v 1.844492 1.341807 0.964057
v 1.844492 1.341807 0.536397
v 1.844447 1.341197 0.537008
v 1.800283 0.739793 0.537008
v 1.800238 0.739183 0.536397
v 1.800238 0.739183 0.964057
v 1.800283 0.739793 0.963446
v 1.844788 1.340925 0.963453
v 1.844865 1.340923 0.963445
v 1.844794 1.341002 0.963442
v 1.844859 1.340996 0.963434
v 1.800660 0.740012 0.963453
v 1.800654 0.739935 0.963442
v 1.800736 0.740003 0.963445
v 1.800719 0.739932 0.963434
v 1.800466 0.740026 0.963453
v 1.800387 0.740013 0.963461
v 1.800460 0.739949 0.963442
v 1.800380 0.739936 0.963449
v 1.844594 1.340939 0.963453
v 1.844599 1.341016 0.963442
v 1.844518 1.340964 0.963461
v 1.844523 1.341041 0.963449
v 1.800647 0.739836 0.963276
v 1.800724 0.739838 0.963280
v 1.800648 0.739847 0.963354
v 1.800713 0.739850 0.963352
v 1.800647 0.739836 0.537178
v 1.800648 0.739847 0.537101
v 1.800724 0.739838 0.537175
v 1.800713 0.739850 0.537102
v 1.800453 0.739850 0.537178
v 1.800375 0.739848 0.537159
v 1.800454 0.739861 0.537101
v 1.800375 0.739859 0.537082
v 1.800453 0.739850 0.963276
v 1.800453 0.739861 0.963354
v 1.800375 0.739848 0.963295
v 1.800375 0.739859 0.963373
v 1.800660 0.740012 0.537001
v 1.800736 0.740003 0.537009
v 1.800654 0.739935 0.537012
v 1.800719 0.739932 0.537020
v 1.844788 1.340925 0.537001
v 1.844794 1.341002 0.537012
v 1.844865 1.340923 0.537009
v 1.844859 1.340996 0.537020
v 1.844594 1.340939 0.537001
v 1.844518 1.340964 0.536994
v 1.844599 1.341016 0.537012
v 1.844523 1.341041 0.537005
v 1.800466 0.740026 0.537001
v 1.800460 0.739949 0.537012
v 1.800387 0.740013 0.536994
v 1.800380 0.739936 0.537005
v 1.844801 1.341101 0.537178
v 1.844877 1.341088 0.537175
v 1.844800 1.341090 0.537101
v 1.844865 1.341078 0.537102
v 1.844801 1.341101 0.963276
v 1.844800 1.341090 0.963354
v 1.844877 1.341088 0.963280
v 1.844865 1.341078 0.963352
v 1.844607 1.341115 0.963276
v 1.844530 1.341129 0.963295
v 1.844606 1.341104 0.963354
v 1.844528 1.341118 0.963373
v 1.844607 1.341115 0.537178
v 1.844606 1.341104 0.537101
v 1.844530 1.341129 0.537159
v 1.844528 1.341118 0.537082
v 1.845600 1.303247 0.925682
v 1.845600 1.303247 0.574772
v 1.848411 1.341519 0.536397
v 1.848411 1.341519 0.964057
v 1.845595 1.303170 0.574695
v 1.806973 0.777244 0.574695
v 1.804163 0.738972 0.536320
v 1.848405 1.341442 0.536320
v 1.806973 0.777244 0.925759
v 1.845595 1.303170 0.925759
v 1.848405 1.341442 0.964134
v 1.804163 0.738972 0.964134
v 1.806968 0.777167 0.574772
v 1.806968 0.777167 0.925682
v 1.804157 0.738895 0.964057
v 1.804157 0.738895 0.536397
v 1.800411 0.739277 0.536250
v 1.800333 0.739279 0.536258
v 1.800405 0.739200 0.536261
v 1.800340 0.739206 0.536268
v 1.844649 1.341689 0.536250
v 1.844655 1.341766 0.536261
v 1.844572 1.341698 0.536258
v 1.844589 1.341769 0.536268
v 1.848238 1.341425 0.536250
v 1.848315 1.341423 0.536258
v 1.848244 1.341502 0.536261
v 1.848309 1.341496 0.536268
v 1.804000 0.739013 0.536250
v 1.803994 0.738936 0.536261
v 1.804077 0.739004 0.536258
v 1.804060 0.738933 0.536268
v 1.844662 1.341865 0.536426
v 1.844584 1.341863 0.536423
v 1.844661 1.341854 0.536349
v 1.844595 1.341851 0.536351
v 1.844662 1.341865 0.964028
v 1.844661 1.341854 0.964105
v 1.844584 1.341863 0.964031
v 1.844595 1.341851 0.964103
v 1.848251 1.341601 0.964028
v 1.848327 1.341588 0.964031
v 1.848250 1.341590 0.964105
v 1.848315 1.341578 0.964103
v 1.848251 1.341601 0.536426
v 1.848250 1.341590 0.536349
v 1.848328 1.341588 0.536423
v 1.848315 1.341578 0.536351
v 1.844649 1.341689 0.964204
v 1.844572 1.341698 0.964196
v 1.844655 1.341766 0.964193
v 1.844589 1.341769 0.964186
v 1.800411 0.739277 0.964204
v 1.800405 0.739200 0.964193
v 1.800333 0.739279 0.964196
v 1.800340 0.739206 0.964186
v 1.804000 0.739013 0.964204
v 1.804077 0.739004 0.964196
v 1.803994 0.738936 0.964193
v 1.804060 0.738933 0.964186
v 1.848238 1.341425 0.964204
v 1.848244 1.341502 0.964193
v 1.848315 1.341423 0.964196
v 1.848309 1.341496 0.964186
v 1.800398 0.739101 0.964028
v 1.800321 0.739114 0.964031
v 1.800398 0.739112 0.964105
v 1.800334 0.739124 0.964103
v 1.800398 0.739101 0.536426
v 1.800398 0.739112 0.536349
v 1.800321 0.739114 0.536423
v 1.800334 0.739124 0.536351
v 1.803987 0.738837 0.536426
v 1.804065 0.738840 0.536423
v 1.803988 0.738848 0.536349
v 1.804054 0.738851 0.536351
v 1.803987 0.738837 0.964028
v 1.803988 0.738848 0.964105
v 1.804064 0.738840 0.964031
v 1.804054 0.738851 0.964103
v 1.844019 1.303116 0.574765
v 1.843936 1.303128 0.574756
v 1.844025 1.303193 0.574776
v 1.843941 1.303203 0.574767
v 1.805423 0.777528 0.574765
v 1.805417 0.777451 0.574776
v 1.805339 0.777528 0.574756
v 1.805333 0.777453 0.574767
v 1.806821 0.777425 0.574765
v 1.806896 0.777401 0.574758
v 1.806815 0.777348 0.574776
v 1.806892 0.777324 0.574769
v 1.845417 1.303013 0.574765
v 1.845423 1.303090 0.574776
v 1.845496 1.303026 0.574758
v 1.845503 1.303103 0.574769
v 1.805410 0.777352 0.574942
v 1.805326 0.777349 0.574936
v 1.805411 0.777363 0.574865
v 1.805326 0.777360 0.574861
v 1.805410 0.777352 0.925512
v 1.805411 0.777363 0.925590
v 1.805326 0.777349 0.925518
v 1.805326 0.777360 0.925593
v 1.806808 0.777249 0.925512
v 1.806884 0.777236 0.925531
v 1.806809 0.777260 0.925590
v 1.806886 0.777247 0.925609
v 1.806808 0.777249 0.574942
v 1.806809 0.777260 0.574865
v 1.806884 0.777236 0.574923
v 1.806886 0.777247 0.574846
v 1.805423 0.777528 0.925689
v 1.805339 0.777528 0.925698
v 1.805417 0.777451 0.925678
v 1.805333 0.777453 0.925687
v 1.844019 1.303116 0.925689
v 1.844025 1.303193 0.925678
v 1.843936 1.303128 0.925698
v 1.843941 1.303203 0.925687
v 1.845417 1.303013 0.925689
v 1.845496 1.303026 0.925697
v 1.845423 1.303090 0.925678
v 1.845503 1.303103 0.925685
v 1.806821 0.777425 0.925689
v 1.806815 0.777348 0.925678
v 1.806896 0.777401 0.925697
v 1.806892 0.777324 0.925685
v 1.844032 1.303292 0.925512
v 1.843949 1.303307 0.925518
v 1.844031 1.303281 0.925590
v 1.843948 1.303296 0.925593
v 1.844032 1.303292 0.574942
v 1.844031 1.303281 0.574865
v 1.843949 1.303307 0.574936
v 1.843948 1.303296 0.574861
v 1.845430 1.303189 0.574942
v 1.845508 1.303191 0.574923
v 1.845430 1.303178 0.574865
v 1.845508 1.303180 0.574846
v 1.845430 1.303189 0.925512
v 1.845429 1.303178 0.925590
v 1.845508 1.303191 0.925531
v 1.845508 1.303180 0.925609
v 1.803444 0.775243 0.927936
v 1.844948 1.341005 0.963368
v 1.842395 1.305666 0.572518
v 1.800807 0.739909 0.537086
v 1.842395 1.305666 0.927936
v 1.844948 1.341005 0.537086
v 1.803444 0.775243 0.572518
v 1.800807 0.739909 0.963368
v 1.800297 0.739848 0.963467
v 1.844502 1.341792 0.964120
v 1.844453 1.341140 0.536988
v 1.800250 0.739197 0.536334
v 1.844453 1.341140 0.963467
v 1.844502 1.341792 0.536335
v 1.800297 0.739848 0.536988
v 1.800250 0.739197 0.964120
v 1.845586 1.303191 0.574752
v 1.848398 1.341505 0.964120
v 1.806962 0.777224 0.574752
v 1.848398 1.341505 0.536335
v 1.845586 1.303191 0.925703
v 1.804147 0.738910 0.964120
v 1.806962 0.777224 0.925703
v 1.804147 0.738911 0.536335
v 1.840715 1.354543 0.521091
v 1.839829 1.342476 0.534670
v 1.795527 0.739202 0.534670
v 1.794641 0.727136 0.521091
v 1.806561 0.726260 0.521091
v 1.807447 0.738327 0.534670
v 1.851749 1.341601 0.534670
v 1.852635 1.353667 0.521091
v 1.806438 0.736630 0.534067
v 1.805625 0.725556 0.521683
v 1.795464 0.726302 0.521683
v 1.796278 0.737376 0.534067
v 1.851811 1.354501 0.521683
v 1.850998 1.343427 0.534067
v 1.840838 1.344173 0.534067
v 1.841651 1.355247 0.521683
v 1.840765 1.354887 0.521148
v 1.839885 1.342901 0.534610
v 1.840855 1.355106 0.521261
v 1.839988 1.343304 0.534494
v 1.840986 1.355220 0.521405
v 1.840137 1.343664 0.534347
v 1.795520 0.738773 0.534610
v 1.794640 0.726787 0.521148
v 1.795564 0.738360 0.534494
v 1.794697 0.726558 0.521261
v 1.795659 0.737982 0.534347
v 1.794810 0.726426 0.521405
v 1.806511 0.725916 0.521148
v 1.807391 0.737902 0.534610
v 1.806421 0.725697 0.521261
v 1.807288 0.737499 0.534494
v 1.806290 0.725583 0.521405
v 1.807139 0.737139 0.534347
v 1.851755 1.342029 0.534610
v 1.852636 1.354015 0.521148
v 1.851712 1.342443 0.534494
v 1.852579 1.354245 0.521261
v 1.851617 1.342821 0.534347
v 1.852466 1.354377 0.521405
v 1.806712 0.736687 0.534115
v 1.805893 0.725529 0.521635
v 1.806946 0.736859 0.534211
v 1.806115 0.725536 0.521540
v 1.795195 0.726315 0.521635
v 1.796015 0.737473 0.534115
v 1.794977 0.726354 0.521540
v 1.795808 0.737677 0.534211
v 1.852081 1.354488 0.521635
v 1.851261 1.343330 0.534115
v 1.852299 1.354449 0.521540
v 1.851467 1.343126 0.534211
v 1.840564 1.344116 0.534115
v 1.841383 1.355273 0.521635
v 1.840330 1.343944 0.534211
v 1.841161 1.355267 0.521540
v 1.840808 1.355803 0.978041
v 1.839922 1.343739 0.964552
v 1.839922 1.343739 0.535902
v 1.840808 1.355803 0.522413
v 1.852727 1.354928 0.522413
v 1.851841 1.342864 0.535902
v 1.851841 1.342864 0.964552
v 1.852727 1.354928 0.978041
v 1.851014 1.343645 0.533823
v 1.851795 1.354283 0.521927
v 1.841635 1.355029 0.521927
v 1.840854 1.344391 0.533823
v 1.851795 1.354283 0.978527
v 1.851014 1.343645 0.966631
v 1.840854 1.344391 0.966631
v 1.841635 1.355029 0.978527
v 1.840826 1.355725 0.978347
v 1.839952 1.343816 0.965030
v 1.840889 1.355574 0.978504
v 1.840036 1.343958 0.965515
v 1.840998 1.355387 0.978554
v 1.840171 1.344128 0.965963
v 1.839952 1.343816 0.535424
v 1.840826 1.355725 0.522107
v 1.840036 1.343958 0.534940
v 1.840889 1.355574 0.521950
v 1.840171 1.344128 0.534491
v 1.840998 1.355387 0.521900
v 1.852697 1.354854 0.522107
v 1.851823 1.342944 0.535424
v 1.852613 1.354713 0.521950
v 1.851760 1.343097 0.534940
v 1.852478 1.354544 0.521900
v 1.851651 1.343285 0.534491
v 1.851823 1.342944 0.965030
v 1.852697 1.354854 0.978347
v 1.851760 1.343097 0.965515
v 1.852613 1.354713 0.978504
v 1.851651 1.343285 0.965963
v 1.852478 1.354544 0.978554
v 1.851279 1.343574 0.533916
v 1.852068 1.354314 0.521905
v 1.851491 1.343453 0.534139
v 1.852296 1.354402 0.521896
v 1.841370 1.355100 0.521905
v 1.840581 1.344360 0.533916
v 1.841158 1.355220 0.521896
v 1.840354 1.344271 0.534139
v 1.852068 1.354314 0.978549
v 1.851279 1.343574 0.966538
v 1.852296 1.354402 0.978558
v 1.851491 1.343453 0.966315
v 1.840581 1.344360 0.966538
v 1.841370 1.355100 0.978549
v 1.840354 1.344271 0.966315
v 1.841158 1.355220 0.978558
v 1.794652 0.727289 0.979190
v 1.795516 0.739049 0.965956
v 1.839840 1.342630 0.965956
v 1.840704 1.354389 0.979190
v 1.807436 0.738173 0.965956
v 1.806572 0.726414 0.979190
v 1.852623 1.353514 0.979190
v 1.851760 1.341754 0.965956
v 1.805635 0.725697 0.978614
v 1.806427 0.736489 0.966545
v 1.796267 0.737235 0.966545
v 1.795475 0.726443 0.978614
v 1.851008 1.343568 0.966545
v 1.851801 1.354360 0.978614
v 1.841641 1.355106 0.978614
v 1.840848 1.344314 0.966545
v 1.794651 0.726940 0.979135
v 1.795509 0.738621 0.966015
v 1.794708 0.726708 0.979025
v 1.795553 0.738210 0.966128
v 1.794821 0.726573 0.978884
v 1.795648 0.737835 0.966271
v 1.839896 1.343054 0.966015
v 1.840754 1.354735 0.979135
v 1.839999 1.343454 0.966128
v 1.840844 1.354956 0.979025
v 1.840148 1.343811 0.966271
v 1.840975 1.355073 0.978884
v 1.807380 0.737749 0.966015
v 1.806522 0.726068 0.979135
v 1.807277 0.737349 0.966128
v 1.806432 0.725847 0.979025
v 1.807128 0.736992 0.966271
v 1.806301 0.725730 0.978884
v 1.852625 1.353863 0.979135
v 1.851767 1.342182 0.966015
v 1.852568 1.354095 0.979025
v 1.851723 1.342593 0.966128
v 1.852455 1.354230 0.978884
v 1.851628 1.342968 0.966271
v 1.805903 0.725671 0.978660
v 1.806702 0.736545 0.966498
v 1.806125 0.725680 0.978753
v 1.806935 0.736715 0.966404
v 1.796004 0.737331 0.966498
v 1.795205 0.726457 0.978660
v 1.795798 0.737533 0.966404
v 1.794987 0.726498 0.978753
v 1.851272 1.343472 0.966498
v 1.852070 1.354346 0.978660
v 1.851478 1.343270 0.966404
v 1.852288 1.354305 0.978753
v 1.841372 1.355132 0.978660
v 1.840574 1.344257 0.966498
v 1.841151 1.355123 0.978753
v 1.840340 1.344088 0.966404
v 1.794528 0.725593 0.522098
v 1.795455 0.738221 0.536217
v 1.795455 0.738221 0.964237
v 1.794528 0.725593 0.978356
v 1.806448 0.724718 0.978356
v 1.807375 0.737346 0.964237
v 1.807375 0.737346 0.536217
v 1.806448 0.724718 0.522098
v 1.806440 0.736660 0.966354
v 1.805622 0.725526 0.978805
v 1.795462 0.726272 0.978805
v 1.796280 0.737406 0.966354
v 1.805622 0.725526 0.521649
v 1.806440 0.736660 0.534101
v 1.796280 0.737406 0.534101
v 1.795462 0.726272 0.521649
v 1.794558 0.725671 0.521796
v 1.795474 0.738138 0.535735
v 1.794643 0.725819 0.521647
v 1.795536 0.737978 0.535243
v 1.794779 0.725996 0.521606
v 1.795644 0.737781 0.534785
v 1.795474 0.738138 0.964719
v 1.794558 0.725671 0.978658
v 1.795536 0.737978 0.965211
v 1.794643 0.725819 0.978807
v 1.795644 0.737781 0.965669
v 1.794779 0.725996 0.978848
v 1.806429 0.724800 0.978658
v 1.807344 0.737266 0.964719
v 1.806367 0.724958 0.978807
v 1.807260 0.737117 0.965211
v 1.806258 0.725153 0.978848
v 1.807124 0.736938 0.965669
v 1.807344 0.737266 0.535735
v 1.806429 0.724800 0.521796
v 1.807260 0.737117 0.535243
v 1.806367 0.724958 0.521647
v 1.807124 0.736938 0.534785
v 1.806258 0.725153 0.521606
v 1.806713 0.736694 0.966258
v 1.805887 0.725452 0.978829
v 1.806941 0.736787 0.966029
v 1.806099 0.725327 0.978844
v 1.795189 0.726238 0.978829
v 1.796015 0.737480 0.966258
v 1.794961 0.726145 0.978844
v 1.795803 0.737605 0.966029
v 1.805887 0.725452 0.521625
v 1.806713 0.736694 0.534196
v 1.806099 0.725327 0.521610
v 1.806941 0.736787 0.534425
v 1.796015 0.737480 0.534196
v 1.795189 0.726238 0.521625
v 1.795803 0.737605 0.534425
v 1.794962 0.726145 0.521610
vn -0.9973 0.0732 -0.0000
vn -0.9971 0.0732 -0.0215
vn -0.9821 -0.0688 -0.1755
vn -0.9903 -0.0652 -0.1229
vn 0.0023 -0.0002 -1.0000
vn -0.0023 0.0001 -1.0000
vn -0.0023 0.0002 -1.0000
vn 0.0023 -0.0001 -1.0000
vn 0.7722 0.6353 0.0039
vn 0.9973 -0.0732 -0.0000
vn 0.9904 0.0646 -0.1223
vn -0.0492 0.9965 0.0670
vn -0.0520 -0.7427 -0.6676
vn -0.0515 -0.7342 -0.6770
vn 0.1453 -0.7329 -0.6646
vn 0.1542 -0.7416 -0.6529
vn 0.0571 0.7423 -0.6676
vn 0.0055 0.9362 -0.3514
vn 0.1419 0.9317 -0.3345
vn 0.2622 0.7108 -0.6527
vn -0.9971 0.0733 -0.0215
vn -0.9615 0.2115 -0.1755
vn -0.9249 0.2018 -0.3222
vn -0.9779 0.0719 -0.1961
vn -0.8282 0.1834 -0.5295
vn -0.8920 0.0655 -0.4472
vn -0.6511 0.1587 -0.7422
vn -0.7052 0.0518 -0.7071
vn -0.8602 0.3801 -0.3399
vn -0.8161 0.3487 -0.4609
vn -0.7275 0.3080 -0.6130
vn -0.5840 0.2576 -0.7698
vn -0.6617 0.5456 -0.5142
vn -0.6265 0.4938 -0.6030
vn -0.5709 0.4359 -0.6957
vn -0.5079 0.3620 -0.7816
vn -0.9780 0.0718 -0.1961
vn -0.9445 -0.0645 -0.3222
vn -0.8583 -0.2258 -0.4609
vn -0.9065 -0.2503 -0.3399
vn -0.6920 -0.3969 -0.6030
vn -0.7344 -0.4431 -0.5142
vn -0.8461 -0.0604 -0.5296
vn -0.7647 -0.1985 -0.6130
vn -0.6285 -0.3479 -0.6957
vn -0.6673 -0.0619 -0.7422
vn -0.6153 -0.1695 -0.7698
vn -0.5554 -0.2839 -0.7816
vn 0.0115 0.1225 -0.9924
vn 0.2061 0.1133 -0.9720
vn 0.1955 -0.0143 -0.9806
vn 0.4233 0.0938 -0.9011
vn 0.4460 -0.0327 -0.8944
vn 0.6673 0.0619 -0.7422
vn 0.7052 -0.0518 -0.7071
vn 0.0206 0.2517 -0.9676
vn 0.1964 0.2225 -0.9549
vn 0.3944 0.1949 -0.8980
vn 0.6153 0.1695 -0.7699
vn 0.0299 0.3815 -0.9239
vn 0.1878 0.3649 -0.9119
vn 0.3702 0.3330 -0.8672
vn 0.5553 0.2839 -0.7817
vn 0.1955 -0.0144 -0.9806
vn 0.1874 -0.1422 -0.9720
vn -0.0066 -0.1229 -0.9924
vn 0.1618 -0.2488 -0.9549
vn -0.0163 -0.2520 -0.9676
vn 0.1325 -0.3885 -0.9119
vn -0.0262 -0.3817 -0.9239
vn 0.4460 -0.0328 -0.8944
vn 0.4051 -0.1546 -0.9011
vn 0.3618 -0.2504 -0.8980
vn 0.3176 -0.3835 -0.8672
vn 0.6511 -0.1588 -0.7422
vn 0.5840 -0.2576 -0.7698
vn 0.5079 -0.3620 -0.7816
vn -0.0115 -0.1225 -0.9924
vn -0.2061 -0.1133 -0.9720
vn -0.1955 0.0143 -0.9806
vn -0.4233 -0.0938 -0.9011
vn -0.4460 0.0327 -0.8944
vn -0.0207 -0.2517 -0.9676
vn -0.1964 -0.2225 -0.9549
vn -0.3945 -0.1949 -0.8980
vn -0.0298 -0.3815 -0.9239
vn -0.1878 -0.3649 -0.9119
vn -0.3702 -0.3330 -0.8672
vn -0.1955 0.0144 -0.9806
vn -0.1874 0.1422 -0.9719
vn 0.0066 0.1228 -0.9924
vn -0.1618 0.2488 -0.9549
vn 0.0163 0.2520 -0.9676
vn -0.1325 0.3884 -0.9119
vn 0.0262 0.3817 -0.9239
vn -0.4460 0.0328 -0.8944
vn -0.4051 0.1547 -0.9011
vn -0.3617 0.2504 -0.8980
vn -0.3176 0.3835 -0.8672
vn 0.9971 -0.0733 -0.0215
vn 0.9615 -0.2115 -0.1755
vn 0.9249 -0.2017 -0.3222
vn 0.9780 -0.0719 -0.1961
vn 0.8282 -0.1834 -0.5295
vn 0.8920 -0.0655 -0.4472
vn 0.8603 -0.3800 -0.3399
vn 0.8161 -0.3487 -0.4609
vn 0.7275 -0.3081 -0.6130
vn 0.6617 -0.5456 -0.5142
vn 0.6266 -0.4937 -0.6030
vn 0.5709 -0.4359 -0.6957
vn 0.9971 -0.0732 -0.0215
vn 0.9780 -0.0718 -0.1961
vn 0.9445 0.0645 -0.3222
vn 0.9821 0.0688 -0.1755
vn 0.8582 0.2258 -0.4609
vn 0.9066 0.2502 -0.3399
vn 0.6920 0.3969 -0.6030
vn 0.7343 0.4431 -0.5142
vn 0.8461 0.0605 -0.5296
vn 0.7648 0.1985 -0.6130
vn 0.6284 0.3478 -0.6958
vn -0.0563 -0.7338 -0.6770
vn -0.2508 -0.7038 -0.6647
vn -0.2404 -0.5806 -0.7778
vn -0.0475 -0.6129 -0.7887
vn -0.2163 -0.4936 -0.8424
vn -0.0392 -0.5041 -0.8628
vn -0.4961 -0.6214 -0.6063
vn -0.4544 -0.5172 -0.7253
vn -0.4131 -0.4481 -0.7929
vn -0.0425 -0.6133 -0.7887
vn 0.1531 -0.6095 -0.7778
vn 0.3740 -0.5780 -0.7253
vn 0.4000 -0.6873 -0.6063
vn -0.0349 -0.5044 -0.8628
vn 0.1419 -0.5199 -0.8423
vn 0.3432 -0.5036 -0.7929
vn 0.0563 0.7338 -0.6770
vn 0.2508 0.7038 -0.6647
vn 0.2404 0.5807 -0.7778
vn 0.0475 0.6129 -0.7887
vn 0.2164 0.4936 -0.8423
vn 0.0392 0.5041 -0.8627
vn 0.4961 0.6215 -0.6064
vn 0.4544 0.5172 -0.7253
vn 0.4131 0.4480 -0.7929
vn 0.0515 0.7342 -0.6770
vn 0.0426 0.6133 -0.7887
vn -0.1530 0.6095 -0.7779
vn -0.1453 0.7329 -0.6647
vn -0.3739 0.5780 -0.7253
vn -0.4000 0.6873 -0.6063
vn 0.0349 0.5044 -0.8628
vn -0.1419 0.5199 -0.8423
vn -0.3431 0.5036 -0.7929
vn -0.9973 0.0733 -0.0000
vn -0.9701 0.2092 -0.1229
vn 0.0052 0.9781 -0.2079
vn -0.9268 -0.2481 -0.2820
vn -0.7663 -0.4535 -0.4551
vn -0.0373 0.9993 -0.0001
vn -0.5189 -0.6202 -0.5883
vn -0.2133 0.9713 0.1053
vn 0.9973 -0.0733 -0.0000
vn -0.8797 0.3821 -0.2832
vn -0.6896 0.5620 -0.4566
vn -0.4203 0.6901 -0.5891
vn 0.9701 -0.2092 -0.1229
vn 0.8797 -0.3821 -0.2831
vn 0.6897 -0.5620 -0.4566
vn 0.4203 -0.6901 -0.5891
vn -0.0438 0.4135 -0.9094
vn 0.1556 -0.7415 -0.6527
vn 0.1995 0.4786 -0.8551
vn -0.0322 0.9958 0.0857
vn 0.9268 0.2481 -0.2819
vn 0.7663 0.4535 -0.4552
vn -0.0612 0.9976 0.0336
vn 0.5188 0.6202 -0.5883
vn -0.0744 0.9966 0.0364
vn -0.0570 -0.7423 -0.6676
vn -0.2608 -0.7111 -0.6529
vn -0.5166 -0.6213 -0.5891
vn -0.3133 0.8808 -0.3550
vn 0.4227 -0.6894 -0.5883
vn 0.6918 -0.5606 -0.4552
vn 0.2965 0.9265 0.2317
vn 0.0570 0.7423 -0.6676
vn 0.2608 0.7111 -0.6529
vn 0.5165 0.6214 -0.5892
vn -0.7644 -0.4552 -0.4566
vn 0.0515 0.9349 -0.3512
vn 0.0520 0.7427 -0.6676
vn -0.1556 0.7415 -0.6527
vn -0.0866 0.9396 -0.3310
vn -0.4228 0.6893 -0.5883
vn 0.0429 0.9977 0.0533
vn 0.7644 0.4553 -0.4566
vn -0.0433 0.9884 -0.1454
vn -0.9904 -0.0646 -0.1223
vn -0.6918 0.5606 -0.4551
vn 0.0556 0.9981 0.0266
vn 0.0459 0.9985 0.0302
vn -0.5989 0.7942 -0.1030
vn -0.0574 0.9981 0.0209
vn -0.5737 0.8122 -0.1057
vn 0.0829 0.9641 0.2524
vn 0.6489 0.3267 -0.6872
vn -0.6805 0.7322 -0.0280
vn -0.6616 0.7475 0.0594
vn 0.0525 0.9984 -0.0201
vn 0.6310 0.7677 -0.1117
vn 0.3113 0.2449 -0.9182
vn 0.0464 0.9989 0.0068
vn -0.7621 0.6333 -0.1348
vn 0.7023 0.7119 -0.0013
vn 0.0277 0.9985 -0.0474
vn 0.0067 0.2949 -0.9555
vn 0.0027 0.9988 -0.0499
vn -0.7111 0.7031 -0.0013
vn -0.7148 0.6988 -0.0292
vn -0.6539 0.7541 0.0611
vn 0.0085 0.9340 -0.3571
vn 0.7058 0.7062 0.0547
vn 0.7766 0.5530 -0.3017
vn -0.0937 0.9938 -0.0606
vn -0.0415 0.9989 -0.0226
vn -0.2788 0.9139 -0.2952
vn 0.7764 0.6159 -0.1335
vn -0.0817 0.9917 -0.0994
vn 0.0522 0.9332 -0.3556
vn 0.7665 0.6414 -0.0315
vn 0.7033 0.7080 0.0639
vn -0.1143 0.9345 -0.3372
vn -0.1029 0.4115 -0.9056
vn -0.1692 0.3024 -0.9380
vn -0.1331 0.9866 0.0940
vn -0.3140 0.4916 -0.8122
vn -0.2612 0.9649 0.0287
vn 0.0024 -0.0001 1.0000
vn -0.0024 0.0002 1.0000
vn 0.0024 -0.0002 1.0000
vn -0.9960 -0.0679 0.0574
vn -0.9796 0.0719 0.1878
vn -0.9489 -0.0717 0.3072
vn -0.8998 0.0661 0.4312
vn -0.8004 -0.0836 0.5936
vn -0.7210 0.0529 0.6909
vn -0.9608 -0.2505 -0.1188
vn -0.9596 -0.2494 0.1301
vn -0.8559 -0.2454 0.4552
vn -0.8252 -0.4658 -0.3194
vn -0.8705 -0.4803 -0.1073
vn -0.8526 -0.4746 0.2187
vn -0.9796 0.0720 0.1878
vn -0.9754 0.2126 0.0573
vn -0.9139 0.3882 -0.1188
vn -0.7483 0.5814 -0.3194
vn -0.9283 0.2096 0.3072
vn -0.9128 0.3870 0.1301
vn -0.7911 0.6022 -0.1072
vn -0.7210 0.0530 0.6909
vn -0.7797 0.1996 0.5935
vn -0.8108 0.3679 0.4552
vn -0.7742 0.5940 0.2188
vn -0.0087 -0.1652 0.9862
vn 0.2601 -0.2092 0.9426
vn 0.2042 -0.0150 0.9788
vn 0.5286 -0.2059 0.8236
vn 0.4622 -0.0340 0.8861
vn 0.7796 -0.1996 0.5936
vn 0.7210 -0.0530 0.6909
vn -0.0313 -0.4846 0.8742
vn 0.2839 -0.4696 0.8360
vn 0.5739 -0.4012 0.7139
vn 0.8109 -0.3678 0.4552
vn -0.0633 -0.9241 0.3770
vn 0.2641 -0.8954 0.3585
vn 0.5560 -0.7750 0.3003
vn 0.7741 -0.5941 0.2186
vn 0.2042 -0.0149 0.9788
vn 0.2880 0.1691 0.9426
vn 0.0155 0.1647 0.9862
vn 0.3495 0.4230 0.8360
vn 0.0398 0.4840 0.8742
vn 0.3920 0.8472 0.3586
vn 0.0724 0.9234 0.3769
vn 0.4622 -0.0339 0.8861
vn 0.5530 0.1265 0.8235
vn 0.6264 0.3129 0.7139
vn 0.6633 0.6854 0.3004
vn 0.7210 -0.0529 0.6909
vn 0.8004 0.0837 0.5936
vn 0.8559 0.2454 0.4552
vn 0.8527 0.4745 0.2187
vn 0.0087 0.1652 0.9862
vn -0.2602 0.2093 0.9426
vn -0.2042 0.0150 0.9788
vn -0.5286 0.2060 0.8235
vn -0.4622 0.0340 0.8861
vn 0.0313 0.4846 0.8742
vn -0.2840 0.4696 0.8360
vn -0.5740 0.4011 0.7139
vn 0.0633 0.9241 0.3769
vn -0.2640 0.8954 0.3585
vn -0.5561 0.7749 0.3004
vn -0.2879 -0.1690 0.9426
vn -0.0155 -0.1647 0.9862
vn -0.3495 -0.4231 0.8360
vn -0.0398 -0.4839 0.8742
vn -0.3921 -0.8472 0.3586
vn -0.0723 -0.9234 0.3770
vn -0.4622 0.0339 0.8861
vn -0.5530 -0.1265 0.8235
vn -0.6263 -0.3130 0.7140
vn -0.6633 -0.6854 0.3004
vn 0.9796 -0.0720 0.1878
vn 0.9754 -0.2126 0.0573
vn 0.9139 -0.3882 -0.1189
vn 0.7483 -0.5814 -0.3194
vn 0.8998 -0.0661 0.4312
vn 0.9283 -0.2096 0.3072
vn 0.9129 -0.3869 0.1302
vn 0.7910 -0.6023 -0.1074
vn 0.9960 0.0679 0.0573
vn 0.9796 -0.0719 0.1878
vn 0.9489 0.0717 0.3072
vn 0.9608 0.2505 -0.1188
vn 0.9596 0.2494 0.1302
vn 0.8252 0.4659 -0.3194
vn 0.8705 0.4803 -0.1073
vn 0.2124 -0.8216 -0.5290
vn -0.0565 -0.8156 -0.5758
vn 0.2471 -0.9286 -0.2767
vn -0.0662 -0.9585 -0.2774
vn 0.4850 -0.7422 -0.4626
vn 0.5403 -0.8024 -0.2535
vn -0.0633 -0.8151 -0.5758
vn -0.3301 -0.7818 -0.5290
vn -0.5882 -0.6634 -0.4626
vn -0.0746 -0.9579 -0.2774
vn -0.3800 -0.8826 -0.2768
vn -0.6516 -0.7149 -0.2535
vn -0.2123 0.8216 -0.5290
vn 0.0565 0.8156 -0.5758
vn -0.2470 0.9287 -0.2768
vn 0.0661 0.9585 -0.2774
vn -0.4852 0.7421 -0.4625
vn -0.5404 0.8023 -0.2535
vn 0.0632 0.8151 -0.5758
vn 0.3300 0.7818 -0.5291
vn 0.5882 0.6634 -0.4626
vn 0.0746 0.9578 -0.2775
vn 0.3799 0.8826 -0.2769
vn 0.6517 0.7148 -0.2536
vn -0.9973 0.0732 0.0001
vn -0.9989 0.0463 -0.0000
vn -0.9846 -0.1112 0.1348
vn -0.9877 -0.0784 0.1350
vn -0.0709 -0.9975 0.0001
vn -0.0756 -0.9971 -0.0000
vn -0.0709 -0.9975 -0.0000
vn 0.9973 -0.0733 -0.0001
vn 0.9950 -0.1001 -0.0001
vn 0.9578 -0.2539 -0.1348
vn 0.9657 -0.2219 -0.1350
vn -0.0523 -0.7427 -0.6676
vn -0.0651 0.4066 -0.9113
vn 0.1708 0.4928 -0.8532
vn 0.1363 -0.7429 -0.6554
vn -0.0523 -0.7427 0.6676
vn -0.0524 -0.7431 0.6671
vn 0.1326 -0.7447 0.6541
vn 0.1362 -0.7429 0.6554
vn -0.9989 0.0463 -0.0001
vn -0.9846 -0.1112 -0.1348
vn -0.9583 -0.2527 -0.1335
vn -0.9923 -0.1237 -0.0000
vn -0.8759 -0.4667 -0.1223
vn -0.9247 -0.3806 -0.0000
vn -0.7135 -0.6918 -0.1106
vn -0.7569 -0.6535 -0.0001
vn -0.9057 -0.2954 -0.3042
vn -0.8709 -0.3982 -0.2880
vn -0.7911 -0.5565 -0.2539
vn -0.6560 -0.7237 -0.2142
vn -0.7283 -0.4950 -0.4739
vn -0.7034 -0.5530 -0.4466
vn -0.6506 -0.6499 -0.3930
vn -0.5889 -0.7405 -0.3238
vn -0.9583 -0.2527 0.1335
vn -0.8709 -0.3982 0.2880
vn -0.9057 -0.2954 0.3041
vn -0.7033 -0.5530 0.4466
vn -0.7283 -0.4950 0.4739
vn -0.8759 -0.4667 0.1222
vn -0.7910 -0.5566 0.2540
vn -0.6505 -0.6499 0.3930
vn -0.7569 -0.6535 -0.0000
vn -0.7136 -0.6918 0.1106
vn -0.6561 -0.7237 0.2141
vn -0.5889 -0.7405 0.3238
vn -0.0701 -0.9899 -0.1231
vn 0.1256 -0.9838 -0.1281
vn 0.1238 -0.9923 -0.0000
vn 0.3481 -0.9292 -0.1245
vn 0.3806 -0.9247 -0.0000
vn 0.6048 -0.7887 -0.1106
vn 0.6534 -0.7570 -0.0001
vn -0.0687 -0.9651 -0.2525
vn 0.1092 -0.9655 -0.2363
vn 0.3123 -0.9234 -0.2233
vn 0.5432 -0.8118 -0.2142
vn -0.0658 -0.9215 -0.3827
vn 0.0933 -0.9212 -0.3778
vn 0.2804 -0.8901 -0.3593
vn 0.4744 -0.8186 -0.3238
vn 0.1239 -0.9923 -0.0000
vn 0.1256 -0.9838 0.1281
vn -0.0702 -0.9899 0.1231
vn 0.1090 -0.9655 0.2363
vn -0.0688 -0.9651 0.2526
vn 0.0932 -0.9212 0.3777
vn -0.0659 -0.9215 0.3827
vn 0.3480 -0.9292 0.1246
vn 0.3123 -0.9234 0.2233
vn 0.2804 -0.8901 0.3593
vn 0.6534 -0.7570 -0.0000
vn 0.6048 -0.7886 0.1106
vn 0.5434 -0.8117 0.2141
vn 0.4748 -0.8184 0.3237
vn -0.0751 -0.9895 0.1231
vn -0.2680 -0.9549 0.1280
vn -0.2675 -0.9636 -0.0000
vn -0.4802 -0.8683 0.1245
vn -0.5116 -0.8592 0.0001
vn -0.0731 -0.9648 0.2525
vn -0.2491 -0.9392 0.2363
vn -0.4439 -0.8678 0.2232
vn -0.0696 -0.9212 0.3827
vn -0.2270 -0.8976 0.3778
vn -0.4073 -0.8396 0.3593
vn -0.2676 -0.9635 -0.0000
vn -0.2680 -0.9549 -0.1280
vn -0.0752 -0.9895 -0.1231
vn -0.2491 -0.9392 -0.2363
vn -0.0731 -0.9648 -0.2525
vn -0.2269 -0.8977 -0.3777
vn -0.0695 -0.9212 -0.3827
vn -0.5117 -0.8592 -0.0001
vn -0.4802 -0.8683 -0.1245
vn -0.4438 -0.8679 -0.2232
vn -0.4072 -0.8397 -0.3593
vn 0.9950 -0.1001 0.0001
vn 0.9578 -0.2538 0.1348
vn 0.9111 -0.3900 0.1335
vn 0.9636 -0.2675 -0.0000
vn 0.7984 -0.5896 0.1223
vn 0.8592 -0.5116 -0.0000
vn 0.8528 -0.4246 0.3042
vn 0.8034 -0.5211 0.2880
vn 0.7011 -0.6663 0.2540
vn 0.6482 -0.5960 0.4739
vn 0.6151 -0.6498 0.4466
vn 0.5486 -0.7379 0.3930
vn 0.9636 -0.2675 -0.0001
vn 0.9111 -0.3900 -0.1335
vn 0.8034 -0.5212 -0.2880
vn 0.8528 -0.4245 -0.3041
vn 0.6150 -0.6498 -0.4466
vn 0.6482 -0.5961 -0.4739
vn 0.8593 -0.5115 -0.0001
vn 0.7984 -0.5896 -0.1223
vn 0.7012 -0.6662 -0.2540
vn 0.5486 -0.7380 -0.3930
vn -0.6763 0.7365 0.0163
vn -0.7170 0.6962 0.0349
vn -0.6263 0.7796 -0.0024
vn -0.6330 0.7742 -0.0055
vn -0.0649 0.4066 0.9113
vn 0.1587 0.4883 0.8581
vn 0.1932 0.9445 0.2657
vn 0.0153 0.3738 0.9274
vn -0.4462 0.8900 0.0939
vn 0.7675 0.5388 0.3472
vn 0.1062 0.9943 -0.0138
vn 0.7423 0.5098 0.4349
vn 0.1383 0.9898 -0.0347
vn -0.6670 0.5349 0.5186
vn -0.0823 0.9867 0.1399
vn -0.7220 0.6656 0.1889
vn 0.4885 0.8612 0.1400
vn -0.6670 0.5349 -0.5187
vn -0.1728 0.9847 0.0226
vn -0.6008 0.4550 -0.6572
vn 0.7800 0.6056 0.1575
vn 0.0661 0.9978 -0.0072
vn 0.7684 0.6389 0.0377
vn 0.6788 0.7343 -0.0017
vn 0.0861 0.9962 0.0105
vn -0.6785 0.7324 0.0570
vn -0.2952 0.5041 -0.8116
vn -0.3583 0.3755 -0.8548
vn -0.0826 0.4150 0.9060
vn -0.1325 0.3798 0.9155
vn -0.1753 0.9844 0.0162
vn 0.6492 0.4941 -0.5784
vn 0.0845 0.9785 -0.1882
vn 0.7649 0.6104 -0.2056
vn -0.1299 0.4158 -0.9001
vn -0.0846 0.3738 -0.9237
vn 0.0153 0.3738 -0.9274
vn -0.0523 -0.7431 -0.6671
vn 0.1326 -0.7447 -0.6541
vn 0.1398 -0.7903 -0.5966
vn -0.0552 -0.7868 -0.6147
vn 0.1174 -0.8532 -0.5082
vn -0.0610 -0.8606 -0.5056
vn 0.3759 -0.7049 -0.6016
vn 0.3609 -0.7538 -0.5491
vn 0.3199 -0.8185 -0.4772
vn -0.0568 -0.7428 -0.6671
vn -0.0602 -0.7864 -0.6147
vn -0.2536 -0.7613 -0.5967
vn -0.2399 -0.7173 -0.6541
vn -0.4672 -0.6929 -0.5491
vn -0.4747 -0.6424 -0.6016
vn -0.0654 -0.8603 -0.5056
vn -0.2407 -0.8269 -0.5082
vn -0.4360 -0.7630 -0.4772
vn -0.0568 -0.7428 0.6671
vn -0.2400 -0.7173 0.6541
vn -0.2537 -0.7613 0.5967
vn -0.0602 -0.7864 0.6147
vn -0.2409 -0.8269 0.5082
vn -0.0654 -0.8603 0.5057
vn -0.4748 -0.6424 0.6016
vn -0.4672 -0.6929 0.5491
vn -0.4360 -0.7630 0.4772
vn -0.0552 -0.7868 0.6147
vn 0.1397 -0.7902 0.5967
vn 0.3610 -0.7538 0.5491
vn 0.3759 -0.7048 0.6016
vn -0.0610 -0.8606 0.5057
vn 0.1174 -0.8532 0.5082
vn 0.3200 -0.8185 0.4772
vn -0.1044 0.9942 -0.0243
vn 0.7299 0.6808 -0.0613
vn -0.4965 0.5136 0.6998
vn -0.0646 0.9685 0.2406
vn -0.2852 0.4980 0.8189
vn -0.0146 0.9530 0.3026
vn -0.9973 0.0732 -0.0001
vn -0.9877 -0.0784 -0.1350
vn -0.9113 -0.2754 0.3061
vn -0.7334 -0.4821 0.4793
vn -0.4840 -0.6363 0.6008
vn 0.7263 0.6874 0.0049
vn -0.9112 -0.2755 -0.3062
vn -0.7331 -0.4823 -0.4795
vn -0.4838 -0.6364 -0.6008
vn 0.6789 0.7342 0.0019
vn -0.6030 0.7817 -0.1592
vn 0.5671 0.4062 0.7166
vn -0.7433 0.5912 -0.3131
vn -0.0917 0.9954 0.0259
vn -0.7369 0.6604 -0.1441
vn -0.0549 0.9984 0.0116
vn 0.9973 -0.0733 0.0001
vn 0.9657 -0.2219 0.1351
vn 0.8613 -0.4055 -0.3061
vn 0.6551 -0.5841 -0.4793
vn 0.3859 -0.7001 -0.6008
vn -0.6029 0.7818 0.1592
vn 0.1361 -0.7429 -0.6554
vn 0.8613 -0.4056 0.3062
vn 0.6548 -0.5842 0.4795
vn 0.3858 -0.7002 0.6008
vn 0.0267 0.9507 -0.3089
vn -0.0780 0.9335 -0.3500
vn -0.0568 -0.7424 -0.6676
vn -0.2433 -0.7150 -0.6554
vn -0.4839 -0.6363 -0.6008
vn 0.3857 -0.7002 -0.6008
vn 0.6549 -0.5842 -0.4794
vn 0.1363 -0.7429 0.6554
vn 0.3859 -0.7001 0.6008
vn -0.7333 -0.4822 -0.4793
vn -0.0568 -0.7424 0.6676
vn -0.2433 -0.7150 0.6554
vn -0.4839 -0.6363 0.6008
vn 0.6552 -0.5840 0.4793
vn -0.7331 -0.4823 0.4795
vn 0.0757 0.9971 -0.0000
vn 0.0708 0.9975 -0.0000
vn -0.9818 0.1304 0.1383
vn -0.9649 0.2624 -0.0000
vn -0.9147 0.3797 0.1386
vn -0.8648 0.5022 -0.0000
vn -0.7421 0.6557 0.1390
vn -0.6637 0.7480 0.0001
vn -0.9476 -0.0519 0.3151
vn -0.9279 0.2006 0.3142
vn -0.7984 0.5210 0.3020
vn -0.8130 -0.2671 0.5173
vn -0.8429 -0.0479 0.5360
vn -0.8000 0.2822 0.5294
vn -0.9818 0.1305 -0.1383
vn -0.9476 -0.0519 -0.3151
vn -0.8130 -0.2671 -0.5174
vn -0.8647 0.5022 -0.0001
vn -0.9147 0.3796 -0.1386
vn -0.9279 0.2005 -0.3142
vn -0.8428 -0.0479 -0.5361
vn -0.6637 0.7480 -0.0000
vn -0.7420 0.6558 -0.1390
vn -0.7984 0.5209 -0.3020
vn -0.8001 0.2820 -0.5294
vn 0.0755 0.9842 0.1599
vn 0.3395 0.9225 0.1839
vn 0.2727 0.9621 -0.0000
vn 0.5960 0.7865 0.1620
vn 0.5211 0.8535 0.0001
vn 0.8299 0.5403 0.1390
vn 0.7659 0.6429 -0.0000
vn 0.0688 0.8787 0.4724
vn 0.3761 0.8173 0.4366
vn 0.6498 0.6749 0.3497
vn 0.8660 0.3985 0.3020
vn 0.0331 0.3874 0.9213
vn 0.3580 0.3387 0.8701
vn 0.6359 0.2583 0.7272
vn 0.8326 0.1621 0.5295
vn 0.3395 0.9225 -0.1839
vn 0.0757 0.9842 -0.1599
vn 0.3761 0.8172 -0.4367
vn 0.0687 0.8787 -0.4724
vn 0.3575 0.3385 -0.8704
vn 0.0330 0.3872 -0.9214
vn 0.5210 0.8535 -0.0001
vn 0.5960 0.7864 -0.1620
vn 0.6497 0.6749 -0.3498
vn 0.6358 0.2582 -0.7274
vn 0.7659 0.6430 -0.0000
vn 0.8299 0.5403 -0.1390
vn 0.8660 0.3984 -0.3020
vn 0.8326 0.1623 -0.5296
vn 0.0690 0.9847 -0.1599
vn -0.2013 0.9621 -0.1839
vn -0.1293 0.9916 -0.0000
vn -0.4746 0.8651 -0.1621
vn -0.3906 0.9206 -0.0000
vn 0.0603 0.8793 -0.4724
vn -0.2528 0.8634 -0.4367
vn -0.5444 0.7625 -0.3497
vn 0.0239 0.3878 -0.9214
vn -0.3043 0.3870 -0.8704
vn -0.5912 0.3483 -0.7274
vn -0.1292 0.9916 0.0001
vn -0.2012 0.9621 0.1839
vn 0.0690 0.9847 0.1599
vn -0.2527 0.8634 0.4367
vn 0.0604 0.8793 0.4724
vn -0.3042 0.3872 0.8704
vn 0.0240 0.3881 0.9213
vn -0.3907 0.9205 -0.0000
vn -0.4745 0.8652 0.1621
vn -0.5442 0.7626 0.3497
vn -0.5911 0.3485 0.7274
vn 0.9903 -0.0144 -0.1383
vn 0.9929 0.1187 -0.0000
vn 0.9603 0.2420 -0.1387
vn 0.9289 0.3704 -0.0000
vn 0.9299 -0.1898 -0.3152
vn 0.9473 0.0629 -0.3142
vn 0.7653 -0.3830 -0.5173
vn 0.8267 -0.1706 -0.5361
vn 0.9903 -0.0144 0.1383
vn 0.9299 -0.1897 0.3151
vn 0.7653 -0.3830 0.5174
vn 0.9603 0.2420 0.1387
vn 0.9473 0.0630 0.3142
vn 0.8267 -0.1706 0.5362
vn -0.3127 -0.5201 -0.7948
vn -0.0465 -0.5878 -0.8077
vn -0.3384 -0.2610 -0.9041
vn -0.0253 -0.2857 -0.9580
vn -0.5742 -0.4319 -0.6955
vn -0.6203 -0.2156 -0.7542
vn -0.0398 -0.5883 -0.8077
vn 0.2335 -0.5602 -0.7948
vn 0.5046 -0.5113 -0.6956
vn -0.0167 -0.2863 -0.9580
vn 0.2967 -0.3077 -0.9041
vn 0.5822 -0.3039 -0.7541
vn 0.2334 -0.5602 0.7948
vn -0.0398 -0.5882 0.8077
vn 0.2966 -0.3076 0.9041
vn -0.0168 -0.2863 0.9580
vn 0.5045 -0.5114 0.6957
vn 0.5820 -0.3039 0.7542
vn -0.0465 -0.5877 0.8077
vn -0.3127 -0.5201 0.7948
vn -0.5744 -0.4320 0.6953
vn -0.0252 -0.2857 0.9580
vn -0.3383 -0.2609 0.9041
vn -0.6202 -0.2156 0.7542
vn -0.9970 0.0733 0.0253
vn -0.9615 0.2115 0.1755
vn -0.9702 0.2091 0.1228
vn -0.0023 0.0002 1.0000
vn -0.0024 0.0001 1.0000
vn 0.0023 -0.0002 1.0000
vn 0.9970 -0.0733 0.0253
vn 0.9615 -0.2115 0.1755
vn 0.9702 -0.2091 0.1228
vn -0.0520 -0.7427 0.6676
vn -0.0443 0.4094 0.9113
vn 0.1981 0.4831 0.8529
vn 0.1555 -0.7415 0.6527
vn 0.0570 0.7424 0.6676
vn 0.0563 0.7330 0.6779
vn 0.2503 0.7030 0.6657
vn 0.2609 0.7111 0.6529
vn -0.9970 0.0732 0.0253
vn -0.9821 -0.0688 0.1755
vn -0.9445 -0.0645 0.3222
vn -0.9780 0.0718 0.1961
vn -0.8461 -0.0604 0.5295
vn -0.8920 0.0655 0.4472
vn -0.6673 -0.0619 0.7422
vn -0.7052 0.0518 0.7071
vn -0.9065 -0.2503 0.3400
vn -0.8583 -0.2257 0.4609
vn -0.7648 -0.1985 0.6130
vn -0.6154 -0.1695 0.7698
vn -0.7342 -0.4432 0.5143
vn -0.6919 -0.3969 0.6031
vn -0.6284 -0.3479 0.6957
vn -0.5554 -0.2839 0.7816
vn -0.9779 0.0718 0.1961
vn -0.9249 0.2018 0.3222
vn -0.8161 0.3487 0.4609
vn -0.8602 0.3800 0.3400
vn -0.6265 0.4938 0.6030
vn -0.6616 0.5457 0.5143
vn -0.8282 0.1834 0.5295
vn -0.7276 0.3080 0.6130
vn -0.5709 0.4359 0.6957
vn -0.6511 0.1587 0.7422
vn -0.5840 0.2576 0.7698
vn -0.5079 0.3619 0.7817
vn -0.0066 -0.1229 0.9924
vn 0.1874 -0.1422 0.9719
vn 0.1956 -0.0144 0.9806
vn 0.4051 -0.1546 0.9011
vn 0.4460 -0.0328 0.8944
vn 0.6511 -0.1587 0.7422
vn 0.7052 -0.0518 0.7071
vn -0.0163 -0.2520 0.9676
vn 0.1618 -0.2488 0.9549
vn 0.3617 -0.2504 0.8980
vn 0.5840 -0.2576 0.7698
vn -0.0262 -0.3818 0.9239
vn 0.1324 -0.3885 0.9119
vn 0.3175 -0.3835 0.8672
vn 0.5080 -0.3620 0.7816
vn 0.2061 0.1133 0.9719
vn 0.0115 0.1225 0.9924
vn 0.1964 0.2225 0.9550
vn 0.0207 0.2517 0.9676
vn 0.1878 0.3649 0.9119
vn 0.0299 0.3815 0.9239
vn 0.4460 -0.0327 0.8944
vn 0.4233 0.0938 0.9011
vn 0.3944 0.1948 0.8981
vn 0.3701 0.3330 0.8673
vn 0.7052 -0.0517 0.7071
vn 0.6674 0.0619 0.7422
vn 0.6153 0.1695 0.7698
vn 0.5553 0.2839 0.7816
vn 0.0066 0.1229 0.9924
vn -0.1874 0.1422 0.9719
vn -0.1956 0.0144 0.9806
vn -0.4051 0.1546 0.9011
vn -0.4460 0.0328 0.8944
vn 0.0163 0.2520 0.9676
vn -0.1618 0.2488 0.9549
vn -0.3617 0.2503 0.8981
vn 0.0262 0.3818 0.9239
vn -0.1324 0.3884 0.9119
vn -0.3174 0.3835 0.8673
vn -0.1956 0.0143 0.9806
vn -0.2061 -0.1133 0.9719
vn -0.0115 -0.1225 0.9924
vn -0.1964 -0.2225 0.9549
vn -0.0207 -0.2517 0.9676
vn -0.1878 -0.3649 0.9119
vn -0.0299 -0.3815 0.9239
vn -0.4460 0.0327 0.8944
vn -0.4233 -0.0938 0.9011
vn -0.3944 -0.1948 0.8980
vn -0.3701 -0.3330 0.8672
vn 0.9970 -0.0732 0.0253
vn 0.9821 0.0688 0.1755
vn 0.9445 0.0645 0.3222
vn 0.9779 -0.0718 0.1961
vn 0.8461 0.0604 0.5296
vn 0.8920 -0.0655 0.4472
vn 0.9065 0.2503 0.3399
vn 0.8583 0.2258 0.4609
vn 0.7648 0.1984 0.6130
vn 0.7343 0.4431 0.5143
vn 0.6919 0.3969 0.6030
vn 0.6284 0.3479 0.6958
vn 0.9779 -0.0719 0.1961
vn 0.9249 -0.2017 0.3222
vn 0.8161 -0.3487 0.4609
vn 0.8602 -0.3800 0.3400
vn 0.6265 -0.4938 0.6031
vn 0.6616 -0.5457 0.5143
vn 0.8282 -0.1834 0.5295
vn 0.7276 -0.3080 0.6130
vn 0.5709 -0.4359 0.6957
vn -0.0514 -0.7334 0.6779
vn 0.1449 -0.7320 0.6657
vn 0.1530 -0.6095 0.7779
vn -0.0425 -0.6132 0.7888
vn 0.1419 -0.5200 0.8423
vn -0.0349 -0.5044 0.8627
vn 0.4021 -0.6544 0.6404
vn 0.3739 -0.5781 0.7253
vn 0.3431 -0.5037 0.7928
vn -0.0562 -0.7330 0.6778
vn -0.0475 -0.6128 0.7888
vn -0.2404 -0.5806 0.7779
vn -0.2503 -0.7030 0.6657
vn -0.4544 -0.5172 0.7253
vn -0.4934 -0.5886 0.6404
vn -0.0392 -0.5041 0.8627
vn -0.2163 -0.4936 0.8423
vn -0.4130 -0.4481 0.7928
vn 0.0515 0.7334 0.6778
vn -0.1450 0.7320 0.6657
vn -0.1531 0.6095 0.7779
vn 0.0425 0.6133 0.7887
vn -0.1419 0.5200 0.8423
vn 0.0349 0.5044 0.8627
vn -0.4021 0.6543 0.6404
vn -0.3739 0.5780 0.7253
vn -0.3430 0.5037 0.7928
vn 0.0475 0.6129 0.7887
vn 0.2404 0.5806 0.7779
vn 0.4543 0.5172 0.7253
vn 0.4933 0.5886 0.6404
vn 0.0392 0.5041 0.8627
vn 0.2164 0.4937 0.8423
vn 0.4130 0.4482 0.7928
vn -0.9903 -0.0651 0.1228
vn 0.0305 0.9974 -0.0650
vn -0.8805 0.3809 0.2821
vn -0.6916 0.5607 0.4553
vn 0.0579 0.9980 -0.0236
vn -0.4227 0.6894 0.5883
vn 0.0658 0.9971 -0.0372
vn 0.7359 0.6771 0.0008
vn 0.9703 -0.2086 0.1223
vn 0.0612 0.9963 0.0602
vn -0.9261 -0.2494 0.2831
vn -0.7645 -0.4551 0.4565
vn -0.5168 -0.6213 0.5891
vn 0.9903 0.0651 0.1228
vn -0.0095 0.9651 0.2617
vn 0.8806 -0.3809 0.2820
vn 0.6916 -0.5607 0.4553
vn 0.0997 0.9942 -0.0396
vn 0.4226 -0.6894 0.5883
vn 0.2998 0.9504 -0.0826
vn 0.1542 -0.7416 0.6529
vn 0.9261 0.2494 0.2831
vn 0.7645 0.4552 0.4565
vn 0.5166 0.6213 0.5891
vn -0.1079 0.3967 0.9116
vn -0.0570 -0.7423 0.6676
vn -0.2622 -0.7108 0.6527
vn -0.3222 0.4908 0.8095
vn -0.5188 -0.6203 0.5883
vn -0.4640 0.8582 -0.2195
vn 0.4204 -0.6901 0.5891
vn 0.6898 -0.5620 0.4565
vn 0.0055 0.9370 0.3492
vn 0.0570 0.7423 0.6676
vn 0.2621 0.7108 0.6527
vn 0.1414 0.9318 0.3342
vn 0.5188 0.6202 0.5883
vn -0.0576 0.9970 -0.0511
vn -0.7662 -0.4536 0.4552
vn -0.1642 0.9738 -0.1571
vn 0.0521 0.7427 0.6676
vn -0.1543 0.7416 0.6529
vn -0.4205 0.6901 0.5890
vn 0.7661 0.4536 0.4553
vn -0.0650 0.9975 -0.0279
vn 0.0353 0.9960 -0.0823
vn -0.9703 0.2086 0.1223
vn -0.6897 0.5620 0.4566
vn -0.0480 0.9976 -0.0495
vn 0.6540 0.7486 0.1093
vn 0.0695 0.9971 -0.0298
vn 0.6310 0.7677 0.1117
vn 0.7347 0.6778 0.0300
vn 0.7113 0.7001 -0.0630
vn -0.0184 0.9988 0.0444
vn -0.4481 0.8677 0.2153
vn -0.0743 0.9403 0.3322
vn 0.0030 0.9990 0.0448
vn -0.7469 0.6064 0.2728
vn 0.0800 0.9948 0.0625
vn -0.7786 0.5250 0.3437
vn 0.0036 0.9370 0.3494
vn 0.0519 0.9324 0.3577
vn 0.2047 0.9704 -0.1280
vn 0.7986 0.4637 0.3837
vn -0.7317 0.6706 0.1223
vn 0.0701 0.9949 0.0732
vn 0.2218 0.9749 0.0204
vn -0.7148 0.6988 0.0292
vn -0.6534 0.7546 -0.0603
vn 0.8045 0.5752 0.1481
vn -0.0594 0.3045 0.9507
vn 0.0502 0.9984 0.0254
vn 0.3403 0.8903 0.3025
vn 0.7606 0.6492 0.0015
vn -0.6805 0.7322 0.0280
vn -0.6612 0.7479 -0.0598
vn -0.6900 0.3847 0.6131
vn 0.1767 0.9233 0.3409
vn -0.5737 0.8122 0.1057
vn -0.4417 0.2808 0.8521
vn 0.7117 0.7003 -0.0552
vn -0.6484 0.7613 0.0013
vn 0.0631 0.9346 0.3500
vn -0.1693 0.3024 0.9380
vn 0.0025 -0.0002 -1.0000
vn -0.0025 0.0001 -1.0000
vn -0.0024 0.0002 -1.0000
vn -0.9754 0.2126 -0.0573
vn -0.9796 0.0719 -0.1878
vn -0.9283 0.2096 -0.3072
vn -0.8998 0.0661 -0.4312
vn -0.7797 0.1996 -0.5935
vn -0.7210 0.0530 -0.6909
vn -0.9139 0.3882 0.1188
vn -0.9129 0.3870 -0.1302
vn -0.8109 0.3678 -0.4551
vn -0.7483 0.5814 0.3194
vn -0.7911 0.6022 0.1072
vn -0.7742 0.5939 -0.2187
vn -0.9960 -0.0679 -0.0573
vn -0.9608 -0.2505 0.1188
vn -0.8252 -0.4658 0.3194
vn -0.9490 -0.0718 -0.3072
vn -0.9596 -0.2494 -0.1302
vn -0.8705 -0.4803 0.1073
vn -0.7210 0.0529 -0.6910
vn -0.8004 -0.0835 -0.5936
vn -0.8559 -0.2454 -0.4552
vn -0.8526 -0.4746 -0.2186
vn 0.0156 0.1648 -0.9862
vn 0.2879 0.1690 -0.9426
vn 0.2043 -0.0150 -0.9788
vn 0.5530 0.1264 -0.8235
vn 0.4622 -0.0339 -0.8861
vn 0.8005 0.0836 -0.5935
vn 0.7210 -0.0529 -0.6909
vn 0.0398 0.4840 -0.8741
vn 0.3495 0.4231 -0.8360
vn 0.6265 0.3130 -0.7138
vn 0.8559 0.2454 -0.4552
vn 0.0723 0.9234 -0.3770
vn 0.3919 0.8473 -0.3585
vn 0.6633 0.6855 -0.3002
vn 0.8527 0.4745 -0.2186
vn 0.2043 -0.0151 -0.9788
vn 0.2602 -0.2092 -0.9426
vn -0.0087 -0.1654 -0.9862
vn 0.2839 -0.4697 -0.8359
vn -0.0314 -0.4846 -0.8742
vn 0.2641 -0.8954 -0.3585
vn -0.0633 -0.9240 -0.3770
vn 0.4622 -0.0340 -0.8861
vn 0.5286 -0.2059 -0.8236
vn 0.5740 -0.4012 -0.7138
vn 0.5560 -0.7751 -0.3001
vn 0.7210 -0.0530 -0.6909
vn 0.7797 -0.1996 -0.5936
vn 0.8109 -0.3678 -0.4552
vn 0.7741 -0.5941 -0.2186
vn -0.0155 -0.1649 -0.9862
vn -0.2879 -0.1690 -0.9426
vn -0.2043 0.0150 -0.9788
vn -0.5530 -0.1264 -0.8235
vn -0.4622 0.0339 -0.8861
vn -0.0398 -0.4840 -0.8742
vn -0.3495 -0.4231 -0.8360
vn -0.6264 -0.3131 -0.7138
vn -0.0723 -0.9234 -0.3770
vn -0.3921 -0.8472 -0.3586
vn -0.6633 -0.6855 -0.3002
vn -0.2601 0.2093 -0.9426
vn 0.0087 0.1653 -0.9862
vn -0.2839 0.4695 -0.8360
vn 0.0313 0.4846 -0.8742
vn -0.2640 0.8953 -0.3587
vn 0.0633 0.9240 -0.3770
vn -0.4622 0.0340 -0.8861
vn -0.5286 0.2059 -0.8235
vn -0.5740 0.4012 -0.7139
vn -0.5562 0.7749 -0.3003
vn 0.9754 -0.2126 -0.0574
vn 0.9796 -0.0720 -0.1878
vn 0.9283 -0.2096 -0.3071
vn 0.8998 -0.0661 -0.4312
vn 0.9139 -0.3882 0.1188
vn 0.9129 -0.3869 -0.1302
vn 0.7483 -0.5814 0.3194
vn 0.7910 -0.6023 0.1073
vn 0.9796 -0.0719 -0.1878
vn 0.9960 0.0679 -0.0574
vn 0.9608 0.2505 0.1188
vn 0.8252 0.4659 0.3195
vn 0.9490 0.0717 -0.3072
vn 0.9596 0.2494 -0.1302
vn 0.8706 0.4802 0.1072
vn -0.3301 -0.7818 0.5290
vn -0.0632 -0.8151 0.5758
vn -0.3800 -0.8826 0.2768
vn -0.0745 -0.9578 0.2775
vn -0.5882 -0.6633 0.4626
vn -0.6517 -0.7149 0.2535
vn -0.0565 -0.8156 0.5758
vn 0.2124 -0.8216 0.5290
vn 0.4849 -0.7422 0.4626
vn -0.0662 -0.9584 0.2775
vn 0.2470 -0.9286 0.2768
vn 0.5402 -0.8024 0.2535
vn 0.3301 0.7818 0.5290
vn 0.0632 0.8152 0.5757
vn 0.3798 0.8827 0.2769
vn 0.0745 0.9578 0.2775
vn 0.5883 0.6633 0.4625
vn 0.6518 0.7147 0.2535
vn 0.0565 0.8157 0.5758
vn -0.2124 0.8216 0.5290
vn -0.4852 0.7421 0.4625
vn 0.0662 0.9584 0.2775
vn -0.2470 0.9286 0.2768
vn -0.5405 0.8023 0.2534
vn -0.9973 0.0733 -0.0001
vn -0.9937 0.1122 -0.0000
vn -0.9578 0.2539 -0.1348
vn -0.9657 0.2219 -0.1350
vn 0.0756 0.9971 -0.0000
vn 0.0709 0.9975 -0.0000
vn 0.0756 0.9971 0.0001
vn 0.9973 -0.0732 0.0001
vn 0.9994 -0.0342 -0.0000
vn 0.9846 0.1112 0.1349
vn 0.9877 0.0784 0.1350
vn 0.0568 0.7424 0.6676
vn 0.0135 0.9367 0.3498
vn 0.0047 0.9999 -0.0139
vn 0.2433 0.7150 0.6554
vn 0.0568 0.7424 -0.6676
vn 0.0568 0.7429 -0.6670
vn 0.2395 0.7177 -0.6539
vn 0.2433 0.7150 -0.6554
vn -0.9937 0.1122 0.0001
vn -0.9578 0.2539 0.1348
vn -0.9111 0.3900 0.1335
vn -0.9636 0.2674 -0.0000
vn -0.7984 0.5896 0.1222
vn -0.8593 0.5115 -0.0000
vn -0.6049 0.7886 0.1106
vn -0.6534 0.7570 -0.0000
vn -0.8528 0.4246 0.3042
vn -0.8034 0.5212 0.2880
vn -0.7012 0.6662 0.2539
vn -0.5433 0.8118 0.2141
vn -0.6481 0.5961 0.4739
vn -0.6150 0.6499 0.4466
vn -0.5487 0.7379 0.3929
vn -0.4745 0.8186 0.3238
vn -0.9111 0.3900 -0.1335
vn -0.8034 0.5211 -0.2880
vn -0.8528 0.4245 -0.3041
vn -0.6151 0.6498 -0.4466
vn -0.6482 0.5960 -0.4739
vn -0.7984 0.5896 -0.1222
vn -0.7013 0.6661 -0.2539
vn -0.5487 0.7379 -0.3929
vn -0.6049 0.7886 -0.1106
vn -0.5433 0.8118 -0.2141
vn -0.4745 0.8186 -0.3238
vn 0.0751 0.9896 0.1230
vn 0.2679 0.9549 0.1281
vn 0.2674 0.9636 -0.0000
vn 0.4802 0.8683 0.1245
vn 0.5116 0.8592 0.0001
vn 0.7136 0.6918 0.1106
vn 0.7570 0.6534 -0.0000
vn 0.0730 0.9648 0.2525
vn 0.2490 0.9392 0.2363
vn 0.4439 0.8678 0.2232
vn 0.6561 0.7237 0.2141
vn 0.0695 0.9212 0.3827
vn 0.2269 0.8977 0.3778
vn 0.4074 0.8396 0.3593
vn 0.5890 0.7405 0.3238
vn 0.2680 0.9549 -0.1281
vn 0.0751 0.9896 -0.1230
vn 0.2491 0.9392 -0.2363
vn 0.0731 0.9648 -0.2525
vn 0.2269 0.8977 -0.3777
vn 0.0695 0.9213 -0.3827
vn 0.5116 0.8592 -0.0000
vn 0.4803 0.8682 -0.1246
vn 0.4439 0.8678 -0.2232
vn 0.4074 0.8396 -0.3592
vn 0.7136 0.6918 -0.1106
vn 0.6561 0.7237 -0.2141
vn 0.5890 0.7405 -0.3238
vn 0.0702 0.9899 -0.1230
vn -0.1256 0.9838 -0.1280
vn -0.1238 0.9923 -0.0000
vn -0.3482 0.9291 -0.1245
vn -0.3806 0.9248 -0.0001
vn 0.0687 0.9652 -0.2525
vn -0.1092 0.9655 -0.2363
vn -0.3124 0.9234 -0.2232
vn 0.0658 0.9215 -0.3827
vn -0.0934 0.9212 -0.3777
vn -0.2804 0.8901 -0.3593
vn -0.1239 0.9923 0.0001
vn -0.1256 0.9838 0.1281
vn 0.0702 0.9899 0.1230
vn -0.1092 0.9655 0.2363
vn 0.0687 0.9652 0.2525
vn -0.0934 0.9212 0.3777
vn 0.0658 0.9215 0.3827
vn -0.3806 0.9247 0.0001
vn -0.3482 0.9291 0.1246
vn -0.3124 0.9234 0.2232
vn -0.2804 0.8901 0.3593
vn 0.9846 0.1112 -0.1348
vn 0.9583 0.2527 -0.1335
vn 0.9923 0.1238 -0.0001
vn 0.8760 0.4666 -0.1222
vn 0.9248 0.3805 -0.0000
vn 0.9057 0.2954 -0.3042
vn 0.8709 0.3982 -0.2880
vn 0.7910 0.5566 -0.2539
vn 0.7283 0.4950 -0.4739
vn 0.7034 0.5530 -0.4466
vn 0.6506 0.6499 -0.3929
vn 0.9923 0.1238 -0.0000
vn 0.9583 0.2527 0.1335
vn 0.8709 0.3982 0.2880
vn 0.9057 0.2954 0.3042
vn 0.7034 0.5530 0.4466
vn 0.7283 0.4950 0.4739
vn 0.8760 0.4666 0.1222
vn 0.7911 0.5566 0.2539
vn 0.6506 0.6498 0.3929
vn 0.7673 0.6412 -0.0054
vn 0.6394 0.7586 0.1250
vn -0.0532 0.9983 -0.0255
vn 0.7372 0.6757 0.0064
vn 0.0084 0.9999 -0.0104
vn -0.1722 0.9332 0.3155
vn -0.0417 0.9990 -0.0153
vn -0.1245 0.8980 0.4220
vn 0.0568 0.7429 0.6670
vn 0.2395 0.7177 0.6538
vn 0.2537 0.7613 0.5967
vn 0.0603 0.7865 0.6147
vn 0.2407 0.8269 0.5082
vn 0.0653 0.8602 0.5057
vn 0.4862 0.6445 0.5901
vn 0.4672 0.6929 0.5491
vn 0.4361 0.7630 0.4772
vn 0.0523 0.7432 0.6670
vn 0.0553 0.7868 0.6147
vn -0.1398 0.7902 0.5967
vn -0.1321 0.7450 0.6538
vn -0.3610 0.7538 0.5491
vn -0.3868 0.7086 0.5901
vn 0.0610 0.8605 0.5057
vn -0.1174 0.8532 0.5083
vn -0.3200 0.8185 0.4772
vn 0.0523 0.7432 -0.6670
vn -0.1321 0.7450 -0.6539
vn -0.1398 0.7902 -0.5967
vn 0.0553 0.7868 -0.6147
vn -0.1175 0.8532 -0.5082
vn 0.0610 0.8606 -0.5057
vn -0.3868 0.7086 -0.5901
vn -0.3610 0.7537 -0.5491
vn -0.3200 0.8185 -0.4771
vn 0.0602 0.7864 -0.6147
vn 0.2538 0.7613 -0.5967
vn 0.4673 0.6929 -0.5491
vn 0.4862 0.6445 -0.5901
vn 0.0653 0.8603 -0.5056
vn 0.2408 0.8269 -0.5082
vn 0.4362 0.7629 -0.4772
vn -0.0446 0.9988 0.0196
vn -0.4629 0.8613 -0.2094
vn 0.0274 0.9995 0.0164
vn -0.6775 0.7333 -0.0569
vn 0.0135 0.9367 -0.3498
vn 0.1165 0.9351 -0.3347
vn 0.0286 0.9995 -0.0100
vn 0.0609 0.9050 -0.4211
vn -0.7134 0.7006 -0.0126
vn -0.6763 0.7359 -0.0332
vn -0.6963 0.7177 0.0034
vn -0.6890 0.7248 0.0059
vn 0.0436 0.9357 0.3502
vn -0.0069 0.9075 0.4200
vn 0.0436 0.9359 -0.3494
vn -0.0069 0.9075 -0.4200
vn -0.0076 0.9998 -0.0197
vn 0.5193 0.8261 -0.2188
vn -0.0072 0.9956 0.0933
vn 0.5214 0.8042 -0.2853
vn 0.6394 0.7587 -0.1250
vn -0.0431 0.9941 0.0991
vn 0.0609 0.9049 0.4212
vn 0.7307 0.6818 -0.0356
vn 0.7446 0.6675 0.0020
vn -0.9973 0.0733 0.0001
vn -0.9657 0.2219 0.1350
vn -0.8613 0.4056 -0.3061
vn -0.6550 0.5841 -0.4793
vn 0.0056 0.9999 -0.0119
vn -0.3858 0.7001 -0.6008
vn 0.0125 0.9999 0.0038
vn -0.8613 0.4056 0.3061
vn -0.6548 0.5843 0.4795
vn -0.3858 0.7002 0.6008
vn -0.0032 0.9999 -0.0130
vn -0.4664 0.8413 -0.2733
vn 0.0056 0.9999 0.0119
vn -0.4629 0.8613 0.2094
vn 0.0058 0.9966 -0.0824
vn -0.4664 0.8413 0.2733
vn -0.0614 0.9412 -0.3323
vn 0.0009 0.9998 -0.0193
vn -0.5841 0.8031 0.1180
vn 0.0376 0.9957 -0.0844
vn 0.0151 0.9998 -0.0096
vn 0.2275 0.9194 0.3208
vn 0.0002 0.9998 0.0199
vn 0.5214 0.8042 0.2852
vn 0.0341 0.9994 -0.0113
vn 0.6508 0.7399 0.1703
vn -0.0051 0.9997 0.0239
vn -0.0184 0.9998 -0.0023
vn 0.3495 0.8554 -0.3823
vn 0.9877 0.0784 -0.1350
vn 0.9113 0.2754 0.3062
vn 0.7329 0.4825 0.4796
vn 0.4840 0.6363 0.6008
vn 0.9113 0.2754 -0.3062
vn 0.7331 0.4823 -0.4795
vn 0.4839 0.6363 -0.6008
vn 0.0523 0.7427 0.6676
vn -0.1363 0.7429 0.6554
vn -0.3858 0.7001 0.6008
vn 0.4839 0.6363 0.6008
vn 0.7331 0.4823 0.4795
vn 0.4840 0.6363 -0.6008
vn -0.6548 0.5842 0.4795
vn 0.0523 0.7427 -0.6676
vn -0.1363 0.7429 -0.6554
vn -0.3858 0.7002 -0.6008
vn 0.7334 0.4821 -0.4793
vn -0.6548 0.5843 -0.4795
vn -0.0708 -0.9975 -0.0000
vn -0.9903 0.0144 -0.1383
vn -0.9929 -0.1186 -0.0001
vn -0.9603 -0.2420 -0.1386
vn -0.9289 -0.3704 -0.0000
vn -0.8298 -0.5404 -0.1389
vn -0.7659 -0.6430 -0.0000
vn -0.9299 0.1898 -0.3152
vn -0.9473 -0.0630 -0.3142
vn -0.8659 -0.3989 -0.3019
vn -0.7653 0.3830 -0.5174
vn -0.8267 0.1706 -0.5361
vn -0.8327 -0.1621 -0.5295
vn -0.9929 -0.1186 0.0001
vn -0.9903 0.0144 0.1383
vn -0.9299 0.1898 0.3152
vn -0.7653 0.3830 0.5173
vn -0.9289 -0.3704 0.0001
vn -0.9603 -0.2419 0.1386
vn -0.9473 -0.0629 0.3142
vn -0.8268 0.1706 0.5360
vn -0.7659 -0.6429 0.0001
vn -0.8299 -0.5403 0.1390
vn -0.8659 -0.3988 0.3019
vn -0.8327 -0.1621 0.5294
vn -0.0689 -0.9847 -0.1598
vn 0.2011 -0.9622 -0.1838
vn 0.1291 -0.9916 -0.0000
vn 0.4744 -0.8653 -0.1620
vn 0.3906 -0.9206 -0.0001
vn 0.7420 -0.6558 -0.1389
vn 0.6637 -0.7480 -0.0000
vn -0.0604 -0.8794 -0.4723
vn 0.2526 -0.8634 -0.4367
vn 0.5441 -0.7626 -0.3498
vn 0.7984 -0.5210 -0.3019
vn -0.0239 -0.3878 -0.9214
vn 0.3042 -0.3870 -0.8705
vn 0.5911 -0.3485 -0.7274
vn 0.8001 -0.2819 -0.5295
vn 0.2011 -0.9622 0.1838
vn -0.0690 -0.9847 0.1598
vn 0.2526 -0.8634 0.4366
vn -0.0604 -0.8793 0.4724
vn 0.3042 -0.3871 0.8704
vn -0.0239 -0.3878 0.9214
vn 0.3906 -0.9206 -0.0000
vn 0.4744 -0.8653 0.1620
vn 0.5440 -0.7628 0.3496
vn 0.5910 -0.3487 0.7274
vn 0.6638 -0.7480 -0.0000
vn 0.7420 -0.6558 0.1390
vn 0.7983 -0.5211 0.3019
vn 0.8001 -0.2820 0.5295
vn -0.0756 -0.9843 0.1598
vn -0.3395 -0.9225 0.1839
vn -0.2725 -0.9621 0.0001
vn -0.5957 -0.7867 0.1620
vn -0.5210 -0.8536 -0.0000
vn -0.0688 -0.8787 0.4723
vn -0.3760 -0.8173 0.4366
vn -0.6496 -0.6751 0.3496
vn -0.0330 -0.3872 0.9214
vn -0.3575 -0.3385 0.8704
vn -0.6357 -0.2585 0.7274
vn -0.2725 -0.9622 -0.0000
vn -0.3395 -0.9225 -0.1838
vn -0.0757 -0.9842 -0.1598
vn -0.3760 -0.8173 -0.4366
vn -0.0688 -0.8787 -0.4723
vn -0.3574 -0.3385 -0.8704
vn -0.0330 -0.3871 -0.9214
vn -0.5209 -0.8536 -0.0001
vn -0.5957 -0.7867 -0.1620
vn -0.6496 -0.6751 -0.3497
vn -0.6357 -0.2584 -0.7274
vn 0.9818 -0.1304 0.1383
vn 0.9650 -0.2624 -0.0000
vn 0.9147 -0.3796 0.1386
vn 0.8648 -0.5021 -0.0000
vn 0.9476 0.0519 0.3151
vn 0.9279 -0.2006 0.3142
vn 0.8130 0.2671 0.5173
vn 0.8429 0.0479 0.5360
vn 0.9818 -0.1304 -0.1383
vn 0.9476 0.0519 -0.3151
vn 0.8130 0.2670 -0.5174
vn 0.9147 -0.3796 -0.1386
vn 0.9279 -0.2006 -0.3142
vn 0.8428 0.0480 -0.5361
vn -0.2334 0.5602 0.7948
vn 0.0398 0.5883 0.8077
vn -0.2967 0.3075 0.9041
vn 0.0168 0.2864 0.9580
vn -0.5047 0.5114 0.6956
vn -0.5822 0.3038 0.7541
vn 0.0466 0.5878 0.8077
vn 0.3126 0.5202 0.7948
vn 0.5739 0.4322 0.6956
vn 0.0253 0.2857 0.9580
vn 0.3383 0.2609 0.9041
vn 0.6203 0.2156 0.7542
vn 0.3127 0.5201 -0.7948
vn 0.0465 0.5878 -0.8077
vn 0.3384 0.2610 -0.9041
vn 0.0252 0.2857 -0.9580
vn 0.5739 0.4322 -0.6956
vn 0.6203 0.2156 -0.7542
vn 0.0398 0.5883 -0.8077
vn -0.2334 0.5602 -0.7948
vn -0.5047 0.5113 -0.6956
vn 0.0168 0.2864 -0.9580
vn -0.2966 0.3076 -0.9041
vn -0.5822 0.3039 -0.7541
vn -0.8025 0.0589 -0.5937
vn -0.8057 0.0592 -0.5894
vn -0.8057 0.0591 -0.5894
vn -0.8025 0.0589 0.5937
vn -0.8057 0.0592 0.5894
vn -0.8025 0.0590 0.5937
vn -0.8461 -0.5331 -0.0000
vn -0.8489 -0.5286 -0.0000
vn -0.8460 -0.5331 -0.0000
vn -0.7591 0.6510 -0.0000
vn -0.7625 0.6469 -0.0000
vn -0.7625 0.6470 -0.0000
vn -0.9973 0.0734 -0.0002
vn -0.9973 0.0731 -0.0002
vn -0.9973 0.0730 0.0003
vn -0.9973 0.0734 0.0002
vn -0.9973 0.0731 0.0002
vn -0.9978 0.0650 0.0116
vn -0.9965 0.0832 0.0098
vn -0.9978 0.0651 -0.0116
vn -0.9966 0.0814 -0.0116
vn -0.9966 0.0814 -0.0115
vn -0.9979 0.0633 -0.0099
vn -0.9966 0.0814 0.0116
vn -0.9978 0.0651 0.0116
vn -0.0286 0.0022 -0.9996
vn -0.0286 0.0021 -0.9996
vn 0.0445 0.9990 -0.0000
vn 0.0447 0.9990 -0.0000
vn -0.0286 0.0021 0.9996
vn -0.1017 -0.9948 -0.0000
vn -0.1016 -0.9948 -0.0000
vn 0.9973 -0.0730 -0.0003
vn 0.9973 -0.0731 0.0001
vn 0.9973 -0.0733 -0.0002
vn 0.9973 -0.0734 0.0002
vn 0.9973 -0.0731 -0.0002
vn -0.0021 0.0002 -1.0000
vn 0.0021 -0.0001 -1.0000
vn -0.0021 0.0001 -1.0000
vn 0.0712 0.9975 -0.0000
vn 0.0754 0.9972 -0.0000
vn 0.0755 0.9971 -0.0000
vn -0.0021 0.0002 1.0000
vn 0.0021 -0.0002 1.0000
vn 0.0021 -0.0001 1.0000
vn -0.0754 -0.9972 -0.0001
vn -0.0711 -0.9975 -0.0000
vn -0.0754 -0.9972 0.0001
vn -0.0060 0.0004 1.0000
vn 0.0053 -0.0003 1.0000
vn 0.0053 -0.0004 1.0000
vn -0.0059 0.0005 1.0000
vn 0.0673 0.9977 -0.0000
vn 0.0785 0.9969 -0.0000
vn -0.0059 0.0004 -1.0000
vn 0.0053 -0.0004 -1.0000
vn -0.0060 0.0004 -1.0000
vn -0.0793 -0.9968 -0.0000
vn -0.0681 -0.9977 -0.0000
vn -0.0680 -0.9977 -0.0000
vn -0.8462 -0.1219 -0.5187
vn -0.7338 -0.1963 -0.6505
vn -0.6560 0.0482 -0.7532
vn -0.5226 -0.2667 -0.8098
vn -0.4512 0.0331 -0.8918
vn -0.8828 -0.2987 -0.3624
vn -0.7742 -0.4189 -0.4745
vn -0.5583 -0.5666 -0.6060
vn -0.6559 0.0481 -0.7533
vn -0.6972 0.3012 -0.6505
vn -0.8194 0.2442 -0.5187
vn -0.7048 0.5275 -0.4744
vn -0.8298 0.4244 -0.3624
vn -0.4511 0.0331 -0.8918
vn -0.4780 0.3399 -0.8099
vn -0.4695 0.6421 -0.6060
vn -0.8757 0.2174 -0.4312
vn -0.9262 0.1923 -0.3244
vn -0.8677 0.0637 -0.4931
vn -0.9697 0.1577 -0.1864
vn -0.9430 0.0692 -0.3256
vn -0.8867 0.3583 -0.2924
vn -0.9295 0.2929 -0.2240
vn -0.9594 0.2316 -0.1608
vn -0.8676 0.0637 -0.4931
vn -0.9443 -0.0550 -0.3244
vn -0.8980 -0.0872 -0.4313
vn -0.9623 -0.1540 -0.2241
vn -0.9295 -0.2249 -0.2923
vn -0.9430 0.0693 -0.3255
vn -0.9824 -0.0143 -0.1863
vn -0.9830 -0.0890 -0.1609
vn -0.8193 0.2442 0.5187
vn -0.6972 0.3013 0.6505
vn -0.6559 0.0482 0.7533
vn -0.4780 0.3399 0.8099
vn -0.4511 0.0331 0.8918
vn -0.8298 0.4244 0.3624
vn -0.7047 0.5276 0.4744
vn -0.4695 0.6422 0.6059
vn -0.6560 0.0481 0.7532
vn -0.7337 -0.1963 0.6504
vn -0.8462 -0.1220 0.5186
vn -0.7742 -0.4190 0.4745
vn -0.8829 -0.2986 0.3623
vn -0.4512 0.0332 0.8918
vn -0.5228 -0.2665 0.8097
vn -0.5581 -0.5668 0.6061
vn -0.8980 -0.0872 0.4312
vn -0.9443 -0.0550 0.3244
vn -0.8677 0.0637 0.4931
vn -0.9824 -0.0143 0.1864
vn -0.9430 0.0693 0.3255
vn -0.9296 -0.2246 0.2921
vn -0.9624 -0.1539 0.2240
vn -0.9830 -0.0890 0.1609
vn -0.8676 0.0637 0.4931
vn -0.9262 0.1923 0.3244
vn -0.8756 0.2174 0.4313
vn -0.9295 0.2929 0.2241
vn -0.8867 0.3583 0.2924
vn -0.9697 0.1577 0.1864
vn -0.9594 0.2316 0.1608
vn -0.8708 -0.4562 0.1835
vn -0.7630 -0.5963 0.2495
vn -0.7109 -0.7033 -0.0000
vn -0.5590 -0.7714 0.3041
vn -0.5161 -0.8565 0.0001
vn -0.7109 -0.7033 -0.0001
vn -0.7630 -0.5963 -0.2494
vn -0.8708 -0.4561 -0.1836
vn -0.5161 -0.8565 -0.0001
vn -0.5593 -0.7711 -0.3042
vn -0.9184 -0.3651 -0.1527
vn -0.9590 -0.2547 -0.1239
vn -0.9037 -0.4281 -0.0000
vn -0.9897 -0.1142 -0.0863
vn -0.9669 -0.2553 -0.0000
vn -0.9591 -0.2544 0.1238
vn -0.9183 -0.3651 0.1527
vn -0.9668 -0.2554 -0.0000
vn -0.9897 -0.1142 0.0863
vn -0.7948 0.5785 -0.1835
vn -0.6679 0.7012 -0.2493
vn -0.6009 0.7994 -0.0000
vn -0.4408 0.8445 -0.3042
vn -0.3859 0.9226 -0.0000
vn -0.6008 0.7994 -0.0000
vn -0.6678 0.7013 0.2494
vn -0.7948 0.5785 0.1835
vn -0.3858 0.9226 -0.0000
vn -0.4408 0.8446 0.3040
vn -0.8553 0.4952 0.1526
vn -0.9115 0.3922 0.1239
vn -0.8316 0.5554 -0.0000
vn -0.9624 0.2575 0.0863
vn -0.9192 0.3939 -0.0000
vn -0.8315 0.5555 -0.0000
vn -0.9115 0.3922 -0.1239
vn -0.8553 0.4952 -0.1527
vn -0.9624 0.2575 -0.0862
vn -0.0784 -0.3295 -0.9409
vn -0.2251 -0.3189 -0.9206
vn -0.2287 0.0168 -0.9733
vn -0.5539 -0.3022 -0.7758
vn -0.5757 0.0423 -0.8166
vn -0.1058 -0.7003 -0.7060
vn -0.2197 -0.6826 -0.6970
vn -0.4508 -0.6149 -0.6471
vn -0.2287 0.0168 -0.9734
vn -0.1762 0.3484 -0.9207
vn -0.0288 0.3373 -0.9410
vn -0.1175 0.7074 -0.6969
vn -0.0026 0.7082 -0.7060
vn -0.5756 0.0423 -0.8166
vn -0.5042 0.3801 -0.7754
vn -0.3558 0.6745 -0.6469
vn -0.0564 0.3336 -0.9410
vn -0.3683 0.3338 -0.8677
vn -0.2288 0.0168 -0.9733
vn -0.7090 0.3766 -0.5963
vn -0.5757 0.0423 -0.8165
vn -0.0452 0.7090 -0.7038
vn -0.4003 0.6634 -0.6322
vn -0.6265 0.5744 -0.5269
vn -0.2289 0.0168 -0.9733
vn -0.4133 -0.2765 -0.8676
vn -0.1045 -0.3219 -0.9410
vn -0.4930 -0.5977 -0.6322
vn -0.1482 -0.6948 -0.7038
vn -0.5759 0.0423 -0.8164
vn -0.7570 -0.2687 -0.5956
vn -0.7038 -0.4765 -0.5269
vn 0.0156 0.9423 -0.3343
vn -0.1333 0.9329 -0.3346
vn -0.1576 0.9875 -0.0000
vn -0.4725 0.8122 -0.3422
vn -0.5158 0.8567 -0.0000
vn -0.1333 0.9329 0.3347
vn 0.0156 0.9423 0.3344
vn -0.1175 0.7075 0.6969
vn -0.0026 0.7083 0.7059
vn -0.4725 0.8122 0.3423
vn -0.3558 0.6746 0.6468
vn -0.0116 0.9444 0.3286
vn -0.3272 0.8941 0.3058
vn -0.1574 0.9875 -0.0000
vn -0.6890 0.6485 0.3235
vn -0.5161 0.8565 -0.0000
vn -0.0451 0.7090 0.7038
vn -0.4004 0.6633 0.6323
vn -0.6265 0.5743 0.5269
vn -0.3272 0.8941 -0.3058
vn -0.0116 0.9444 -0.3286
vn -0.5162 0.8565 -0.0000
vn -0.6890 0.6485 -0.3236
vn -0.0288 0.3375 0.9409
vn -0.1762 0.3485 0.9206
vn -0.2288 0.0167 0.9733
vn -0.5042 0.3802 0.7754
vn -0.5758 0.0423 0.8165
vn -0.2251 -0.3191 0.9206
vn -0.0777 -0.3296 0.9409
vn -0.2195 -0.6828 0.6969
vn -0.1060 -0.7002 0.7060
vn -0.5758 0.0422 0.8165
vn -0.5542 -0.3024 0.7755
vn -0.4503 -0.6155 0.6469
vn -0.1045 -0.3217 0.9411
vn -0.4133 -0.2764 0.8676
vn -0.2288 0.0168 0.9733
vn -0.7566 -0.2688 0.5961
vn -0.1483 -0.6947 0.7039
vn -0.4932 -0.5976 0.6321
vn -0.7040 -0.4765 0.5266
vn -0.3684 0.3338 0.8677
vn -0.0562 0.3336 0.9410
vn -0.7091 0.3765 0.5962
vn -0.1223 -0.9344 0.3345
vn -0.2678 -0.9034 0.3348
vn -0.3004 -0.9538 -0.0000
vn -0.5861 -0.7344 0.3422
vn -0.6361 -0.7716 -0.0000
vn -0.3003 -0.9539 -0.0000
vn -0.2682 -0.9033 -0.3347
vn -0.1223 -0.9345 -0.3344
vn -0.6359 -0.7718 -0.0001
vn -0.5866 -0.7341 -0.3422
vn -0.1492 -0.9326 -0.3285
vn -0.4543 -0.8367 -0.3059
vn -0.2998 -0.9540 -0.0000
vn -0.7763 -0.5410 -0.3235
vn -0.6357 -0.7719 -0.0000
vn -0.4542 -0.8368 0.3058
vn -0.1491 -0.9326 0.3286
vn -0.6358 -0.7719 -0.0000
vn -0.7767 -0.5407 0.3233
vn -0.0777 -0.3296 -0.9409
vn -0.2252 -0.3190 -0.9206
vn -0.5543 -0.3025 -0.7754
vn -0.5758 0.0423 -0.8165
vn -0.1058 -0.7002 -0.7061
vn -0.2193 -0.6828 -0.6969
vn -0.4504 -0.6154 -0.6468
vn -0.1762 0.3489 -0.9204
vn -0.0283 0.3375 -0.9409
vn -0.1173 0.7075 -0.6969
vn -0.0024 0.7083 -0.7059
vn -0.5043 0.3803 -0.7753
vn -0.3560 0.6746 -0.6467
vn 0.0779 0.3296 -0.9409
vn 0.2253 0.3192 -0.9205
vn 0.2287 -0.0167 -0.9733
vn 0.5543 0.3026 -0.7754
vn 0.5757 -0.0422 -0.8166
vn 0.1052 0.7002 -0.7061
vn 0.2194 0.6827 -0.6970
vn 0.4506 0.6155 -0.6466
vn 0.2288 -0.0167 -0.9733
vn 0.1762 -0.3487 -0.9205
vn 0.0288 -0.3375 -0.9409
vn 0.1175 -0.7076 -0.6968
vn 0.0026 -0.7082 -0.7060
vn 0.5758 -0.0422 -0.8165
vn 0.5042 -0.3803 -0.7753
vn 0.3558 -0.6746 -0.6468
vn 0.0152 0.9422 -0.3347
vn -0.1334 0.9327 -0.3349
vn -0.1576 0.9875 -0.0001
vn -0.4726 0.8121 -0.3423
vn -0.1335 0.9328 0.3348
vn -0.1175 0.7073 0.6970
vn -0.0026 0.7081 0.7061
vn -0.5164 0.8563 -0.0000
vn -0.4731 0.8119 0.3421
vn -0.3559 0.6746 0.6467
vn 0.1224 0.9344 0.3345
vn 0.2682 0.9033 0.3348
vn 0.3004 0.9538 -0.0000
vn 0.5863 0.7343 0.3421
vn 0.6356 0.7720 0.0001
vn 0.1056 0.7002 0.7061
vn 0.2196 0.6826 0.6970
vn 0.4509 0.6154 0.6465
vn 0.3005 0.9538 -0.0000
vn 0.2681 0.9033 -0.3348
vn 0.1222 0.9344 -0.3345
vn 0.6357 0.7719 -0.0000
vn 0.5865 0.7341 -0.3421
vn -0.0288 0.3373 0.9409
vn -0.1761 0.3486 0.9206
vn -0.2287 0.0169 0.9733
vn -0.5035 0.3805 0.7757
vn -0.5756 0.0424 0.8167
vn -0.2287 0.0167 0.9734
vn -0.2251 -0.3190 0.9206
vn -0.0776 -0.3295 0.9410
vn -0.2194 -0.6829 0.6968
vn -0.1059 -0.7002 0.7061
vn -0.5757 0.0423 0.8165
vn -0.5545 -0.3025 0.7753
vn -0.4506 -0.6155 0.6466
vn 0.0286 -0.3374 0.9409
vn 0.1761 -0.3489 0.9205
vn 0.2287 -0.0168 0.9734
vn 0.5041 -0.3803 0.7754
vn 0.5756 -0.0423 0.8166
vn 0.0023 -0.7081 0.7061
vn 0.1172 -0.7075 0.6969
vn 0.3557 -0.6747 0.6467
vn 0.2287 -0.0167 0.9734
vn 0.2253 0.3193 0.9205
vn 0.0778 0.3295 0.9409
vn 0.5756 -0.0422 0.8167
vn 0.5541 0.3027 0.7755
vn -0.1221 -0.9345 0.3345
vn -0.2679 -0.9034 0.3347
vn -0.3001 -0.9539 -0.0000
vn -0.3002 -0.9539 -0.0001
vn -0.2679 -0.9034 -0.3348
vn -0.1220 -0.9345 -0.3345
vn -0.5861 -0.7344 -0.3422
vn -0.0157 -0.9422 -0.3346
vn 0.1332 -0.9328 -0.3349
vn 0.1574 -0.9875 -0.0000
vn 0.4724 -0.8121 -0.3425
vn 0.5160 -0.8566 -0.0000
vn 0.1330 -0.9329 0.3348
vn -0.0159 -0.9423 0.3345
vn 0.4724 -0.8122 0.3422
vn -0.0811 -0.3307 0.9402
vn -0.2689 -0.3130 0.9109
vn -0.2186 0.0161 0.9757
vn -0.1077 -0.7001 0.7059
vn -0.2993 -0.6647 0.6845
vn -0.2186 0.0160 0.9757
vn -0.2203 0.3489 0.9109
vn -0.0318 0.3391 0.9402
vn -0.1990 0.7011 0.6847
vn -0.0041 0.7081 0.7061
vn 0.1044 0.3219 0.9410
vn 0.4131 0.2763 0.8678
vn 0.2288 -0.0167 0.9733
vn 0.7565 0.2687 0.5963
vn 0.5759 -0.0423 0.8164
vn 0.1482 0.6947 0.7039
vn 0.4930 0.5974 0.6325
vn 0.7037 0.4763 0.5271
vn 0.2288 -0.0168 0.9733
vn 0.3683 -0.3337 0.8678
vn 0.0564 -0.3335 0.9411
vn 0.4005 -0.6632 0.6322
vn 0.0451 -0.7090 0.7038
vn 0.5758 -0.0423 0.8165
vn 0.7085 -0.3769 0.5967
vn 0.6258 -0.5748 0.5272
vn 0.0124 0.9418 0.3360
vn -0.1778 0.9264 0.3318
vn -0.1469 0.9891 0.0001
vn -0.1469 0.9891 -0.0000
vn -0.1777 0.9264 -0.3319
vn 0.0123 0.9418 -0.3361
vn -0.1988 0.7010 -0.6849
vn -0.0040 0.7081 -0.7061
vn 0.1494 0.9325 -0.3288
vn 0.4545 0.8365 -0.3061
vn 0.3001 0.9539 -0.0000
vn 0.7764 0.5408 -0.3236
vn 0.6355 0.7721 -0.0000
vn 0.1482 0.6948 -0.7038
vn 0.4930 0.5976 -0.6323
vn 0.7037 0.4765 -0.5270
vn 0.4544 0.8366 0.3060
vn 0.1495 0.9325 0.3288
vn 0.7764 0.5408 0.3237
vn -0.0318 0.3391 -0.9402
vn -0.2202 0.3489 -0.9109
vn -0.2186 0.0160 -0.9757
vn -0.2185 0.0161 -0.9757
vn -0.2689 -0.3131 -0.9109
vn -0.0810 -0.3308 -0.9402
vn -0.2993 -0.6646 -0.6847
vn -0.1075 -0.6999 -0.7061
vn 0.0564 -0.3336 -0.9410
vn 0.3684 -0.3337 -0.8677
vn 0.2288 -0.0169 -0.9733
vn 0.7087 -0.3767 -0.5965
vn 0.5759 -0.0423 -0.8165
vn 0.0451 -0.7090 -0.7037
vn 0.4006 -0.6633 -0.6321
vn 0.6263 -0.5745 -0.5270
vn 0.2288 -0.0168 -0.9733
vn 0.4131 0.2764 -0.8677
vn 0.1044 0.3219 -0.9410
vn 0.5759 -0.0423 -0.8164
vn 0.7564 0.2688 -0.5963
vn -0.1254 -0.9335 -0.3360
vn -0.3108 -0.8906 -0.3320
vn -0.2900 -0.9570 -0.0000
vn -0.3112 -0.8905 0.3319
vn -0.1253 -0.9335 0.3359
vn 0.0113 -0.9444 0.3286
vn 0.3270 -0.8942 0.3058
vn 0.1572 -0.9876 -0.0000
vn 0.6887 -0.6488 0.3236
vn 0.5161 -0.8565 -0.0000
vn 0.1573 -0.9876 -0.0001
vn 0.3272 -0.8941 -0.3057
vn 0.0114 -0.9444 -0.3286
vn 0.5162 -0.8565 -0.0001
vn 0.6891 -0.6485 -0.3234
vn -0.9021 0.0662 -0.4263
vn -0.9021 0.0662 -0.4264
vn -0.9776 0.0718 -0.1978
vn -0.9021 0.0662 0.4264
vn -0.9021 0.0663 0.4264
vn -0.9776 0.0718 0.1977
vn -0.9776 0.0718 0.1978
vn -0.9334 -0.3589 -0.0000
vn -0.9333 -0.3590 -0.0000
vn -0.9921 -0.1255 -0.0000
vn -0.9921 -0.1255 -0.0001
vn -0.8709 0.4914 0.0001
vn -0.8709 0.4915 -0.0000
vn -0.9631 0.2690 -0.0000
vn -0.9020 0.0664 0.4266
vn -0.9022 0.0662 -0.4262
vn -0.9022 0.0663 -0.4263
vn -0.9021 0.0663 -0.4264
vn -0.9021 0.0663 0.4263
vn -0.8710 0.4913 -0.0001
vn -0.8708 0.4916 -0.0000
vn -0.9333 -0.3592 -0.0001
vn -0.9333 -0.3591 -0.0000
vn -0.8710 0.4913 -0.0000
vn 0.8711 -0.4911 -0.0001
vn 0.8712 -0.4910 -0.0000
vn 0.9333 0.3590 -0.0000
vn 0.9333 0.3592 -0.0000
vn 0.9021 -0.0663 0.4264
vn 0.9021 -0.0662 0.4263
vn 0.9021 -0.0663 -0.4264
vn 0.9020 -0.0662 -0.4266
vn 0.9021 -0.0662 -0.4263
vn 0.9021 -0.0662 0.4265
vn 0.8709 -0.4915 0.0001
vn 0.8709 -0.4915 -0.0000
vn -0.9807 0.1697 -0.0974
vn -0.8335 -0.3595 -0.4195
vn -0.9949 -0.0246 0.0974
vn -0.7720 0.4774 0.4197
vn -0.9949 -0.0246 -0.0974
vn -0.8334 -0.3596 0.4197
vn -0.9807 0.1697 0.0974
vn -0.7721 0.4774 -0.4195
vn -0.8656 0.3848 -0.3204
vn -0.7721 0.4774 0.4195
vn -0.9126 -0.2541 0.3202
vn -0.8334 -0.3596 -0.4197
vn -0.9125 -0.2543 -0.3203
vn -0.7720 0.4774 -0.4197
vn -0.8656 0.3848 0.3203
vn -0.8335 -0.3594 0.4196
vn 0.8653 -0.3852 0.3207
vn 0.8336 0.3594 0.4196
vn 0.9125 0.2542 0.3204
vn 0.8335 0.3595 -0.4196
vn 0.8656 -0.3848 -0.3205
vn 0.7719 -0.4775 0.4197
vn 0.9125 0.2543 -0.3204
vn 0.7719 -0.4775 -0.4197
vn -0.1556 0.7415 0.6527
vn 0.0520 0.7427 0.6676
vn -0.2609 -0.7111 0.6529
vn 0.9267 0.2482 0.2821
vn 0.9904 0.0646 0.1223
vn 0.8798 -0.3820 0.2830
vn -0.9268 -0.2482 0.2820
vn -0.9904 -0.0646 0.1223
vn -0.8797 0.3820 0.2831
vn -0.2432 -0.7151 -0.6554
vn 0.8613 -0.4055 0.3061
vn 0.9657 -0.2219 0.1350
vn 0.8613 -0.4056 -0.3062
vn -0.9113 -0.2754 -0.3061
vn -0.9877 -0.0785 -0.1350
vn -0.9112 -0.2755 0.3062
vn -0.1541 0.7416 -0.6529
vn -0.2622 -0.7108 -0.6527
vn 0.9261 0.2494 -0.2831
vn 0.9903 0.0652 -0.1228
vn 0.8806 -0.3808 -0.2819
vn 0.9703 -0.2086 -0.1223
vn -0.8806 0.3808 -0.2819
vn -0.9703 0.2086 -0.1223
vn -0.9261 -0.2495 -0.2832
vn 0.9113 0.2754 -0.3061
vn 0.9973 -0.0732 -0.0001
vn 0.9113 0.2754 0.3061
vt 0.873484 0.328139
vt 0.872354 0.329400
vt 0.872174 0.328843
vt 0.873486 0.327384
vt 0.951788 0.002338
vt 0.965772 0.002435
vt 0.965774 0.541390
vt 0.951797 0.541231
vt 0.866689 0.004732
vt 0.865483 0.006003
vt 0.865383 0.005432
vt 0.866782 0.003963
vt 0.431930 0.022122
vt 0.431775 0.024685
vt 0.431411 0.024685
vt 0.431567 0.022202
vt 0.460131 0.004243
vt 0.459956 0.001705
vt 0.460252 0.001732
vt 0.460429 0.004189
vt 0.870578 0.866122
vt 0.870396 0.866700
vt 0.869953 0.866352
vt 0.870046 0.865779
vt 0.869532 0.866050
vt 0.869543 0.865501
vt 0.869099 0.865796
vt 0.869046 0.865294
vt 0.870230 0.867184
vt 0.869873 0.866844
vt 0.869518 0.866536
vt 0.869144 0.866256
vt 0.870057 0.867592
vt 0.869781 0.867283
vt 0.869488 0.866987
vt 0.869174 0.866694
vt 0.871832 0.329738
vt 0.871745 0.329179
vt 0.871671 0.328705
vt 0.872013 0.328380
vt 0.871585 0.328285
vt 0.871846 0.327994
vt 0.871335 0.330006
vt 0.871332 0.329468
vt 0.871325 0.328998
vt 0.871303 0.328564
vt 0.870841 0.330204
vt 0.870904 0.329709
vt 0.870959 0.329262
vt 0.870997 0.328839
vt 0.951754 0.541686
vt 0.951313 0.541688
vt 0.951325 0.541208
vt 0.950906 0.541747
vt 0.950880 0.541272
vt 0.950536 0.541876
vt 0.950442 0.541438
vt 0.951746 0.542115
vt 0.951340 0.542134
vt 0.950980 0.542178
vt 0.950659 0.542252
vt 0.951760 0.542528
vt 0.951401 0.542559
vt 0.951083 0.542583
vt 0.950805 0.542596
vt 0.951317 0.002358
vt 0.951309 0.001877
vt 0.951750 0.001884
vt 0.951342 0.001430
vt 0.951748 0.001454
vt 0.951409 0.001003
vt 0.951770 0.001041
vt 0.950871 0.002292
vt 0.950901 0.001814
vt 0.950980 0.001381
vt 0.951089 0.000975
vt 0.950431 0.002122
vt 0.950529 0.001681
vt 0.950658 0.001303
vt 0.950809 0.000959
vt 0.965816 0.001979
vt 0.966258 0.001976
vt 0.966245 0.002458
vt 0.966665 0.001917
vt 0.966692 0.002394
vt 0.967036 0.001788
vt 0.967131 0.002227
vt 0.965824 0.001549
vt 0.966230 0.001531
vt 0.966591 0.001485
vt 0.966912 0.001411
vt 0.965809 0.001137
vt 0.966168 0.001104
vt 0.966487 0.001080
vt 0.966765 0.001067
vt 0.966246 0.541371
vt 0.966254 0.541852
vt 0.965813 0.541845
vt 0.966220 0.542298
vt 0.965815 0.542274
vt 0.966153 0.542725
vt 0.965792 0.542686
vt 0.966691 0.541437
vt 0.966661 0.541915
vt 0.966582 0.542348
vt 0.966473 0.542753
vt 0.967131 0.541607
vt 0.967033 0.542048
vt 0.966905 0.542425
vt 0.966753 0.542770
vt 0.846812 0.563276
vt 0.846623 0.563843
vt 0.846190 0.563496
vt 0.846283 0.562931
vt 0.845775 0.563199
vt 0.845783 0.562657
vt 0.845347 0.562951
vt 0.845289 0.562455
vt 0.846453 0.564315
vt 0.846108 0.563978
vt 0.845761 0.563676
vt 0.845395 0.563403
vt 0.846276 0.564708
vt 0.846014 0.564405
vt 0.845732 0.564116
vt 0.845426 0.563830
vt 0.845937 0.026594
vt 0.845410 0.026931
vt 0.845323 0.026365
vt 0.845762 0.026026
vt 0.845250 0.025879
vt 0.845605 0.025550
vt 0.845165 0.025447
vt 0.845440 0.025150
vt 0.844909 0.027204
vt 0.844903 0.026659
vt 0.844895 0.026178
vt 0.844873 0.025733
vt 0.844412 0.027407
vt 0.844471 0.026906
vt 0.844522 0.026450
vt 0.844559 0.026017
vt 0.444813 0.024690
vt 0.445173 0.024693
vt 0.445181 0.025054
vt 0.444833 0.025062
vt 0.445183 0.025409
vt 0.444852 0.025423
vt 0.445178 0.025765
vt 0.444868 0.025781
vt 0.445488 0.024745
vt 0.445482 0.025077
vt 0.445468 0.025407
vt 0.445439 0.025739
vt 0.445748 0.024831
vt 0.445750 0.025125
vt 0.445719 0.025417
vt 0.445658 0.025707
vt 0.431753 0.025058
vt 0.431402 0.025050
vt 0.431099 0.025072
vt 0.431093 0.024736
vt 0.430827 0.025121
vt 0.430830 0.024824
vt 0.431734 0.025421
vt 0.431400 0.025407
vt 0.431113 0.025405
vt 0.430860 0.025415
vt 0.431717 0.025781
vt 0.431405 0.025765
vt 0.431143 0.025739
vt 0.430921 0.025707
vt 0.461539 0.024623
vt 0.461900 0.024622
vt 0.461911 0.024985
vt 0.461562 0.024995
vt 0.461915 0.025340
vt 0.461582 0.025356
vt 0.461911 0.025698
vt 0.461599 0.025716
vt 0.462217 0.024671
vt 0.462213 0.025005
vt 0.462201 0.025337
vt 0.462173 0.025671
vt 0.462479 0.024756
vt 0.462483 0.025052
vt 0.462453 0.025346
vt 0.462394 0.025638
vt 0.448504 0.024621
vt 0.448483 0.024995
vt 0.448134 0.024989
vt 0.448140 0.024625
vt 0.447832 0.025013
vt 0.447823 0.024679
vt 0.447562 0.025063
vt 0.447562 0.024768
vt 0.448466 0.025357
vt 0.448133 0.025344
vt 0.447848 0.025344
vt 0.447596 0.025356
vt 0.448451 0.025716
vt 0.448140 0.025701
vt 0.447879 0.025676
vt 0.447659 0.025646
vt 0.871803 0.867431
vt 0.871820 0.868219
vt 0.891963 0.306210
vt 0.890415 0.307930
vt 0.890222 0.307548
vt 0.892032 0.305534
vt 0.444225 0.004218
vt 0.444085 0.001932
vt 0.444355 0.002074
vt 0.444480 0.004115
vt 0.847143 0.025324
vt 0.847960 0.564578
vt 0.871912 0.868977
vt 0.872024 0.869691
vt 0.447944 0.022367
vt 0.447670 0.022703
vt 0.847960 0.565355
vt 0.848032 0.566101
vt 0.848124 0.566801
vt 0.431243 0.022421
vt 0.430964 0.022756
vt 0.433170 0.001539
vt 0.433016 0.004102
vt 0.432709 0.004042
vt 0.432865 0.001560
vt 0.866875 0.003236
vt 0.865224 0.004968
vt 0.865023 0.004585
vt 0.866952 0.002559
vt 0.460693 0.004100
vt 0.460524 0.001809
vt 0.460799 0.001951
vt 0.460949 0.003997
vt 0.444671 0.022158
vt 0.445028 0.022241
vt 0.445347 0.022459
vt 0.432595 0.001631
vt 0.432444 0.003946
vt 0.432191 0.003834
vt 0.432325 0.001766
vt 0.461364 0.022085
vt 0.461723 0.022165
vt 0.461723 0.022165
vt 0.462047 0.022380
vt 0.445623 0.022790
vt 0.449589 0.001512
vt 0.449469 0.004071
vt 0.449170 0.004016
vt 0.449293 0.001538
vt 0.449170 0.004017
vt 0.448909 0.003922
vt 0.449029 0.001611
vt 0.462328 0.022711
vt 0.891878 0.306933
vt 0.890566 0.308392
vt 0.448909 0.003922
vt 0.448657 0.003811
vt 0.448765 0.001746
vt 0.891896 0.890284
vt 0.891787 0.889510
vt 0.891788 0.889510
vt 0.891897 0.890284
vt 0.432325 0.001765
vt 0.432594 0.001630
vt 0.891652 0.888646
vt 0.891653 0.888645
vt 0.866953 0.002559
vt 0.866876 0.003236
vt 0.432865 0.001559
vt 0.892033 0.305534
vt 0.891964 0.306210
vt 0.866783 0.003963
vt 0.460524 0.001808
vt 0.460799 0.001951
vt 0.433170 0.001539
vt 0.460252 0.001731
vt 0.891879 0.306934
vt 0.891793 0.307697
vt 0.891794 0.307697
vt 0.459956 0.001704
vt 0.866690 0.004732
vt 0.866880 0.588048
vt 0.866800 0.587332
vt 0.866801 0.587332
vt 0.866880 0.588048
vt 0.448765 0.001746
vt 0.449029 0.001610
vt 0.866699 0.586558
vt 0.866700 0.586557
vt 0.449589 0.001511
vt 0.866574 0.585695
vt 0.866575 0.585695
vt 0.449293 0.001538
vt 0.443533 0.001821
vt 0.443533 0.001821
vt 0.444085 0.001931
vt 0.444355 0.002074
vt 0.443820 0.001853
vt 0.443820 0.001853
vt 0.891983 0.890999
vt 0.891984 0.890999
vt 0.910157 0.573018
vt 0.896547 0.572852
vt 0.896540 0.001770
vt 0.910160 0.001850
vt 0.892337 0.306411
vt 0.892253 0.307099
vt 0.892766 0.305913
vt 0.892731 0.306511
vt 0.893156 0.305466
vt 0.893224 0.305957
vt 0.892388 0.305778
vt 0.892749 0.305381
vt 0.893080 0.305040
vt 0.892383 0.305202
vt 0.892706 0.304914
vt 0.893003 0.304664
vt 0.892207 0.889323
vt 0.892292 0.890065
vt 0.892354 0.890735
vt 0.892358 0.891339
vt 0.892712 0.889958
vt 0.892748 0.890587
vt 0.892738 0.891144
vt 0.892702 0.891634
vt 0.893224 0.890537
vt 0.893161 0.891049
vt 0.893091 0.891495
vt 0.893017 0.891889
vt 0.910184 0.001450
vt 0.910617 0.001522
vt 0.910636 0.001938
vt 0.911054 0.001685
vt 0.911116 0.002129
vt 0.911555 0.001988
vt 0.911639 0.002488
vt 0.910185 0.001181
vt 0.910584 0.001227
vt 0.910982 0.001358
vt 0.911428 0.001601
vt 0.910186 0.000997
vt 0.910555 0.001012
vt 0.910914 0.001104
vt 0.911287 0.001299
vt 0.910632 0.572933
vt 0.910610 0.573349
vt 0.910175 0.573418
vt 0.910575 0.573645
vt 0.910173 0.573688
vt 0.910543 0.573862
vt 0.910172 0.573871
vt 0.911113 0.572743
vt 0.911049 0.573188
vt 0.910976 0.573517
vt 0.910905 0.573771
vt 0.911639 0.572382
vt 0.911554 0.572886
vt 0.911425 0.573275
vt 0.911282 0.573577
vt 0.896524 0.573252
vt 0.896091 0.573179
vt 0.896073 0.572764
vt 0.895656 0.573016
vt 0.895594 0.572573
vt 0.895155 0.572715
vt 0.895071 0.572214
vt 0.896521 0.573521
vt 0.896124 0.573473
vt 0.895727 0.573342
vt 0.895283 0.573100
vt 0.896519 0.573702
vt 0.896152 0.573688
vt 0.895795 0.573595
vt 0.895424 0.573401
vt 0.896065 0.001856
vt 0.896086 0.001439
vt 0.896521 0.001370
vt 0.896122 0.001144
vt 0.896522 0.001100
vt 0.896153 0.000928
vt 0.896523 0.000918
vt 0.895584 0.002045
vt 0.895648 0.001600
vt 0.895721 0.001272
vt 0.895792 0.001018
vt 0.895058 0.002406
vt 0.895143 0.001902
vt 0.895272 0.001513
vt 0.895416 0.001211
vt 0.867121 0.586373
vt 0.867200 0.587116
vt 0.867255 0.587788
vt 0.867253 0.588396
vt 0.867622 0.587011
vt 0.867654 0.587643
vt 0.867638 0.588204
vt 0.867596 0.588698
vt 0.868134 0.587596
vt 0.868066 0.588113
vt 0.867990 0.588562
vt 0.867911 0.588959
vt 0.867247 0.003442
vt 0.867157 0.004132
vt 0.867679 0.002947
vt 0.867641 0.003544
vt 0.868072 0.002505
vt 0.868135 0.002993
vt 0.867305 0.002808
vt 0.867668 0.002417
vt 0.868002 0.002081
vt 0.867306 0.002233
vt 0.867631 0.001951
vt 0.867929 0.001706
vt 0.432904 0.001289
vt 0.433193 0.001247
vt 0.432925 0.001094
vt 0.433195 0.001054
vt 0.432937 0.000948
vt 0.433192 0.000922
vt 0.432641 0.001382
vt 0.432681 0.001186
vt 0.432713 0.001028
vt 0.432379 0.001535
vt 0.432438 0.001336
vt 0.432505 0.001162
vt 0.443519 0.001552
vt 0.443794 0.001594
vt 0.444045 0.001688
vt 0.444300 0.001840
vt 0.443521 0.001363
vt 0.443779 0.001408
vt 0.444010 0.001500
vt 0.444242 0.001646
vt 0.443529 0.001233
vt 0.443772 0.001268
vt 0.443982 0.001348
vt 0.444179 0.001478
vt 0.449328 0.001278
vt 0.449608 0.001242
vt 0.449349 0.001089
vt 0.449611 0.001052
vt 0.449360 0.000948
vt 0.449608 0.000921
vt 0.449074 0.001368
vt 0.449112 0.001178
vt 0.449143 0.001025
vt 0.448818 0.001518
vt 0.448876 0.001323
vt 0.448942 0.001154
vt 0.459939 0.001413
vt 0.460223 0.001461
vt 0.460482 0.001559
vt 0.460743 0.001714
vt 0.459942 0.001222
vt 0.460208 0.001268
vt 0.460446 0.001364
vt 0.460685 0.001515
vt 0.459950 0.001090
vt 0.460200 0.001124
vt 0.460417 0.001208
vt 0.460620 0.001343
vt 0.602085 0.469930
vt 0.601285 0.470897
vt 0.601150 0.470424
vt 0.602147 0.469223
vt 0.948621 0.956185
vt 0.935376 0.956265
vt 0.935383 0.545564
vt 0.948621 0.545474
vt 0.645873 0.471076
vt 0.645003 0.472092
vt 0.644866 0.471599
vt 0.645952 0.470335
vt 0.647706 0.004370
vt 0.647512 0.001703
vt 0.647805 0.001733
vt 0.648000 0.004303
vt 0.531097 0.021948
vt 0.530954 0.024639
vt 0.530587 0.024645
vt 0.530733 0.022051
vt 0.599688 0.873832
vt 0.599550 0.874324
vt 0.599181 0.874034
vt 0.599263 0.873565
vt 0.598841 0.873778
vt 0.598865 0.873338
vt 0.598503 0.873559
vt 0.598481 0.873165
vt 0.599416 0.874744
vt 0.599108 0.874449
vt 0.598815 0.874179
vt 0.598516 0.873932
vt 0.599268 0.875107
vt 0.599021 0.874830
vt 0.598774 0.874562
vt 0.598521 0.874299
vt 0.600867 0.471159
vt 0.600792 0.470703
vt 0.600726 0.470303
vt 0.601021 0.470023
vt 0.600647 0.469940
vt 0.600880 0.469681
vt 0.600475 0.471377
vt 0.600459 0.470946
vt 0.600440 0.470557
vt 0.600409 0.470190
vt 0.600092 0.471541
vt 0.600123 0.471153
vt 0.600147 0.470789
vt 0.600160 0.470436
vt 0.948640 0.545068
vt 0.949023 0.545061
vt 0.949017 0.545475
vt 0.949372 0.545013
vt 0.949389 0.545416
vt 0.949689 0.544915
vt 0.949749 0.545281
vt 0.948642 0.544679
vt 0.949002 0.544668
vt 0.949319 0.544638
vt 0.949600 0.544586
vt 0.948634 0.544302
vt 0.948959 0.544286
vt 0.949243 0.544278
vt 0.949487 0.544279
vt 0.949017 0.956182
vt 0.949026 0.956596
vt 0.948641 0.956592
vt 0.949007 0.956989
vt 0.948648 0.956980
vt 0.948968 0.957370
vt 0.948643 0.957358
vt 0.949388 0.956239
vt 0.949374 0.956642
vt 0.949324 0.957016
vt 0.949250 0.957376
vt 0.949749 0.956373
vt 0.949691 0.956738
vt 0.949604 0.957066
vt 0.949494 0.957373
vt 0.935357 0.956672
vt 0.934973 0.956679
vt 0.934979 0.956264
vt 0.934625 0.956727
vt 0.934608 0.956323
vt 0.934307 0.956825
vt 0.934246 0.956458
vt 0.935354 0.957060
vt 0.934994 0.957072
vt 0.934678 0.957102
vt 0.934396 0.957154
vt 0.935363 0.957438
vt 0.935038 0.957454
vt 0.934754 0.957463
vt 0.934509 0.957462
vt 0.934987 0.545567
vt 0.934979 0.545153
vt 0.935362 0.545158
vt 0.934997 0.544761
vt 0.935356 0.544769
vt 0.935037 0.544380
vt 0.935361 0.544393
vt 0.934616 0.545510
vt 0.934631 0.545108
vt 0.934681 0.544733
vt 0.934755 0.544374
vt 0.934256 0.545376
vt 0.934314 0.545011
vt 0.934401 0.544684
vt 0.934511 0.544377
vt 0.646585 0.875024
vt 0.646451 0.875498
vt 0.646092 0.875219
vt 0.646167 0.874762
vt 0.645759 0.874976
vt 0.645774 0.874544
vt 0.645423 0.874768
vt 0.645391 0.874380
vt 0.646321 0.875898
vt 0.646026 0.875618
vt 0.645740 0.875364
vt 0.645446 0.875132
vt 0.646180 0.876241
vt 0.645947 0.875982
vt 0.645709 0.875732
vt 0.645460 0.875486
vt 0.644579 0.472359
vt 0.644497 0.471890
vt 0.644424 0.471475
vt 0.644731 0.471179
vt 0.644336 0.471094
vt 0.644583 0.470817
vt 0.644182 0.472586
vt 0.644158 0.472146
vt 0.644130 0.471745
vt 0.644090 0.471362
vt 0.643797 0.472759
vt 0.643819 0.472365
vt 0.643833 0.471992
vt 0.643836 0.471625
vt 0.617883 0.895055
vt 0.617992 0.450677
vt 0.617993 0.450677
vt 0.617884 0.895055
vt 0.532185 0.001503
vt 0.531891 0.001531
vt 0.531891 0.001531
vt 0.532185 0.001503
vt 0.663508 0.897045
vt 0.663448 0.896475
vt 0.663448 0.896475
vt 0.663509 0.897045
vt 0.618139 0.449432
vt 0.618200 0.448861
vt 0.618200 0.448861
vt 0.618139 0.449432
vt 0.636710 0.001607
vt 0.636455 0.001752
vt 0.636455 0.001752
vt 0.636710 0.001606
vt 0.663376 0.895874
vt 0.663377 0.895874
vt 0.663299 0.895229
vt 0.663300 0.895229
vt 0.618066 0.450037
vt 0.618067 0.450037
vt 0.636969 0.001529
vt 0.636969 0.001528
vt 0.542433 0.001727
vt 0.542433 0.001727
vt 0.663391 0.449477
vt 0.663465 0.448871
vt 0.663466 0.448871
vt 0.663392 0.449477
vt 0.637261 0.001500
vt 0.637261 0.001500
vt 0.647512 0.001703
vt 0.649181 0.024631
vt 0.649546 0.024634
vt 0.649550 0.024999
vt 0.649200 0.025005
vt 0.649549 0.025355
vt 0.649216 0.025367
vt 0.649541 0.025711
vt 0.649231 0.025726
vt 0.649864 0.024691
vt 0.649851 0.025026
vt 0.649834 0.025356
vt 0.649801 0.025687
vt 0.650122 0.024786
vt 0.650119 0.025079
vt 0.650084 0.025369
vt 0.650020 0.025658
vt 0.636054 0.024628
vt 0.636037 0.025003
vt 0.635686 0.025001
vt 0.635687 0.024634
vt 0.635385 0.025031
vt 0.635368 0.024696
vt 0.635117 0.025088
vt 0.635110 0.024795
vt 0.636023 0.025367
vt 0.635691 0.025357
vt 0.635406 0.025361
vt 0.635156 0.025377
vt 0.636010 0.025726
vt 0.635701 0.025713
vt 0.635441 0.025692
vt 0.635222 0.025664
vt 0.544080 0.024643
vt 0.544445 0.024646
vt 0.544449 0.025011
vt 0.544099 0.025016
vt 0.544448 0.025367
vt 0.544115 0.025378
vt 0.544440 0.025723
vt 0.544130 0.025738
vt 0.544763 0.024703
vt 0.544750 0.025038
vt 0.544732 0.025368
vt 0.544700 0.025699
vt 0.545021 0.024798
vt 0.545018 0.025091
vt 0.544982 0.025381
vt 0.544919 0.025669
vt 0.530937 0.025014
vt 0.530586 0.025012
vt 0.530284 0.025042
vt 0.530267 0.024706
vt 0.530017 0.025098
vt 0.530009 0.024806
vt 0.530923 0.025378
vt 0.530590 0.025369
vt 0.530305 0.025372
vt 0.530055 0.025388
vt 0.530910 0.025738
vt 0.530600 0.025724
vt 0.530341 0.025703
vt 0.530122 0.025675
vt 0.663300 0.450130
vt 0.663301 0.450131
vt 0.543257 0.001995
vt 0.542991 0.001840
vt 0.542991 0.001840
vt 0.543257 0.001994
vt 0.542725 0.001757
vt 0.542725 0.001757
vt 0.600558 0.874847
vt 0.600637 0.875588
vt 0.616874 0.450954
vt 0.616640 0.450736
vt 0.543175 0.004206
vt 0.543416 0.004048
vt 0.663192 0.450848
vt 0.662322 0.451864
vt 0.662215 0.451395
vt 0.600795 0.876346
vt 0.600969 0.877082
vt 0.635506 0.022307
vt 0.635231 0.022720
vt 0.663193 0.450848
vt 0.531632 0.001609
vt 0.531377 0.001755
vt 0.531376 0.001755
vt 0.531632 0.001609
vt 0.618158 0.897033
vt 0.618084 0.896427
vt 0.618085 0.896427
vt 0.618158 0.897032
vt 0.617994 0.895779
vt 0.617995 0.895779
vt 0.647385 0.875990
vt 0.647447 0.876698
vt 0.662013 0.451081
vt 0.661765 0.450847
vt 0.648257 0.004183
vt 0.648072 0.001816
vt 0.648338 0.001971
vt 0.648499 0.004026
vt 0.648986 0.021964
vt 0.649350 0.022064
vt 0.647587 0.877419
vt 0.647741 0.878114
vt 0.530409 0.022317
vt 0.530132 0.022730
vt 0.648072 0.001816
vt 0.648338 0.001971
vt 0.647805 0.001733
vt 0.637121 0.004190
vt 0.636825 0.004121
vt 0.636825 0.004121
vt 0.636571 0.003995
vt 0.649679 0.022325
vt 0.649962 0.022732
vt 0.532041 0.004194
vt 0.531745 0.004125
vt 0.531745 0.004125
vt 0.531491 0.003999
vt 0.636334 0.003827
vt 0.543888 0.021977
vt 0.544252 0.022077
vt 0.544252 0.022077
vt 0.544580 0.022338
vt 0.531491 0.003999
vt 0.531253 0.003830
vt 0.617070 0.451238
vt 0.544862 0.022745
vt 0.970199 0.001781
vt 0.983252 0.001713
vt 0.983252 0.445053
vt 0.970199 0.445120
vt 0.618438 0.449601
vt 0.618368 0.450175
vt 0.618783 0.449190
vt 0.618753 0.449685
vt 0.619099 0.448830
vt 0.619145 0.449232
vt 0.618484 0.449072
vt 0.618778 0.448751
vt 0.619048 0.448479
vt 0.618490 0.448595
vt 0.618754 0.448366
vt 0.618995 0.448168
vt 0.618333 0.895624
vt 0.618402 0.896244
vt 0.618455 0.896804
vt 0.618468 0.897307
vt 0.618738 0.896155
vt 0.618769 0.896677
vt 0.618769 0.897138
vt 0.618750 0.897542
vt 0.619145 0.896630
vt 0.619103 0.897050
vt 0.619056 0.897419
vt 0.619006 0.897745
vt 0.970190 0.445492
vt 0.969804 0.445425
vt 0.969790 0.445054
vt 0.969431 0.445270
vt 0.969390 0.444888
vt 0.969024 0.444994
vt 0.968971 0.444579
vt 0.970189 0.445745
vt 0.969827 0.445692
vt 0.969482 0.445559
vt 0.969114 0.445326
vt 0.970185 0.445916
vt 0.969846 0.445889
vt 0.969532 0.445786
vt 0.969220 0.445593
vt 0.969790 0.001849
vt 0.969802 0.001479
vt 0.970187 0.001410
vt 0.969824 0.001211
vt 0.970184 0.001156
vt 0.969843 0.001015
vt 0.970179 0.000986
vt 0.969390 0.002016
vt 0.969431 0.001634
vt 0.969481 0.001345
vt 0.969530 0.001119
vt 0.968971 0.002326
vt 0.969024 0.001911
vt 0.969114 0.001579
vt 0.969220 0.001313
vt 0.983262 0.001341
vt 0.983648 0.001409
vt 0.983661 0.001779
vt 0.984020 0.001563
vt 0.984062 0.001946
vt 0.984427 0.001840
vt 0.984480 0.002254
vt 0.983263 0.001089
vt 0.983624 0.001141
vt 0.983969 0.001274
vt 0.984338 0.001508
vt 0.983266 0.000917
vt 0.983605 0.000944
vt 0.983920 0.001047
vt 0.984231 0.001241
vt 0.983661 0.444985
vt 0.983649 0.445355
vt 0.983264 0.445424
vt 0.983627 0.445622
vt 0.983267 0.445678
vt 0.983609 0.445819
vt 0.983272 0.445847
vt 0.984061 0.444817
vt 0.984021 0.445200
vt 0.983971 0.445488
vt 0.983922 0.445715
vt 0.984480 0.444508
vt 0.984427 0.444923
vt 0.984337 0.445255
vt 0.984232 0.445521
vt 0.663710 0.449661
vt 0.663640 0.450283
vt 0.664077 0.449228
vt 0.664046 0.449751
vt 0.664412 0.448854
vt 0.664453 0.449275
vt 0.663762 0.449100
vt 0.664077 0.448767
vt 0.664365 0.448485
vt 0.663776 0.448597
vt 0.664058 0.448361
vt 0.664315 0.448159
vt 0.663677 0.895735
vt 0.663746 0.896307
vt 0.663793 0.896834
vt 0.663798 0.897311
vt 0.664061 0.896223
vt 0.664092 0.896717
vt 0.664086 0.897156
vt 0.664062 0.897540
vt 0.664453 0.896676
vt 0.664407 0.897078
vt 0.664356 0.897428
vt 0.664302 0.897738
vt 0.637001 0.001273
vt 0.637278 0.001234
vt 0.637019 0.001088
vt 0.637280 0.001048
vt 0.637029 0.000949
vt 0.637276 0.000921
vt 0.636749 0.001367
vt 0.636785 0.001180
vt 0.636814 0.001029
vt 0.636499 0.001525
vt 0.636552 0.001331
vt 0.636614 0.001163
vt 0.647498 0.001415
vt 0.647780 0.001467
vt 0.648036 0.001570
vt 0.648292 0.001734
vt 0.647503 0.001227
vt 0.647767 0.001277
vt 0.648003 0.001377
vt 0.648239 0.001535
vt 0.647511 0.001098
vt 0.647761 0.001135
vt 0.647977 0.001223
vt 0.648178 0.001363
vt 0.531924 0.001275
vt 0.532202 0.001236
vt 0.531942 0.001089
vt 0.532205 0.001049
vt 0.531952 0.000949
vt 0.532201 0.000921
vt 0.531672 0.001370
vt 0.531707 0.001182
vt 0.531736 0.001030
vt 0.531420 0.001528
vt 0.531474 0.001334
vt 0.531536 0.001165
vt 0.542420 0.001440
vt 0.542700 0.001492
vt 0.542955 0.001594
vt 0.543211 0.001758
vt 0.542425 0.001253
vt 0.542687 0.001302
vt 0.542923 0.001403
vt 0.543158 0.001560
vt 0.542433 0.001125
vt 0.542681 0.001162
vt 0.542897 0.001248
vt 0.543097 0.001388
vt 0.821342 0.025575
vt 0.820375 0.026594
vt 0.820200 0.026026
vt 0.821362 0.024805
vt 0.947232 0.541357
vt 0.933251 0.541454
vt 0.933249 0.002521
vt 0.947231 0.002341
vt 0.796949 0.253256
vt 0.796029 0.254301
vt 0.795840 0.253734
vt 0.796950 0.252477
vt 0.525962 0.003871
vt 0.525817 0.001537
vt 0.526114 0.001556
vt 0.526260 0.003808
vt 0.415195 0.022380
vt 0.415041 0.024680
vt 0.414680 0.024679
vt 0.414835 0.022462
vt 0.821260 0.563280
vt 0.821072 0.563847
vt 0.820638 0.563501
vt 0.820732 0.562935
vt 0.820223 0.563204
vt 0.820232 0.562661
vt 0.819795 0.562956
vt 0.819736 0.562458
vt 0.820901 0.564319
vt 0.820557 0.563983
vt 0.820210 0.563680
vt 0.819843 0.563407
vt 0.820725 0.564712
vt 0.820462 0.564409
vt 0.820181 0.564120
vt 0.819874 0.563835
vt 0.819848 0.026931
vt 0.819761 0.026365
vt 0.819687 0.025879
vt 0.820042 0.025550
vt 0.819603 0.025447
vt 0.819878 0.025150
vt 0.819347 0.027204
vt 0.819341 0.026659
vt 0.819333 0.026178
vt 0.819311 0.025733
vt 0.818851 0.027407
vt 0.818909 0.026907
vt 0.818959 0.026450
vt 0.818996 0.026017
vt 0.947270 0.001886
vt 0.947711 0.001879
vt 0.947702 0.002360
vt 0.948119 0.001816
vt 0.948149 0.002294
vt 0.948491 0.001683
vt 0.948589 0.002124
vt 0.947271 0.001456
vt 0.947677 0.001432
vt 0.948040 0.001382
vt 0.948362 0.001305
vt 0.947249 0.001043
vt 0.947610 0.001005
vt 0.947930 0.000976
vt 0.948210 0.000960
vt 0.947705 0.541334
vt 0.947717 0.541815
vt 0.947276 0.541812
vt 0.947689 0.542261
vt 0.947284 0.542242
vt 0.947628 0.542687
vt 0.947269 0.542655
vt 0.948151 0.541398
vt 0.948125 0.541874
vt 0.948050 0.542306
vt 0.947947 0.542711
vt 0.948589 0.541565
vt 0.948495 0.542003
vt 0.948372 0.542380
vt 0.948225 0.542724
vt 0.933213 0.541908
vt 0.932772 0.541915
vt 0.932779 0.541435
vt 0.932364 0.541978
vt 0.932334 0.541501
vt 0.931993 0.542111
vt 0.931895 0.541671
vt 0.933210 0.542338
vt 0.932804 0.542361
vt 0.932443 0.542411
vt 0.932120 0.542488
vt 0.933232 0.542750
vt 0.932872 0.542788
vt 0.932552 0.542816
vt 0.932272 0.542833
vt 0.932777 0.002544
vt 0.932765 0.002063
vt 0.933206 0.002066
vt 0.932792 0.001618
vt 0.933197 0.001636
vt 0.932853 0.001192
vt 0.933212 0.001224
vt 0.932331 0.002481
vt 0.932357 0.002004
vt 0.932431 0.001573
vt 0.932535 0.001168
vt 0.931892 0.002314
vt 0.931987 0.001875
vt 0.932110 0.001499
vt 0.932257 0.001155
vt 0.795143 0.790944
vt 0.794969 0.791511
vt 0.794530 0.791173
vt 0.794616 0.790607
vt 0.794110 0.790879
vt 0.794116 0.790335
vt 0.793678 0.790632
vt 0.793620 0.790132
vt 0.794811 0.791987
vt 0.794457 0.791658
vt 0.794102 0.791359
vt 0.793729 0.791088
vt 0.794647 0.792387
vt 0.794372 0.792091
vt 0.794080 0.791805
vt 0.793766 0.791521
vt 0.795501 0.254647
vt 0.795407 0.254081
vt 0.795325 0.253599
vt 0.795669 0.253262
vt 0.795230 0.253172
vt 0.795492 0.252869
vt 0.795000 0.254921
vt 0.794992 0.254378
vt 0.794978 0.253902
vt 0.794948 0.253461
vt 0.794505 0.255124
vt 0.794563 0.254627
vt 0.794611 0.254175
vt 0.794642 0.253747
vt 0.527256 0.024736
vt 0.527621 0.024736
vt 0.527630 0.025101
vt 0.527279 0.025110
vt 0.527633 0.025459
vt 0.527299 0.025473
vt 0.527627 0.025817
vt 0.527315 0.025833
vt 0.527940 0.024787
vt 0.527934 0.025123
vt 0.527920 0.025457
vt 0.527890 0.025792
vt 0.528204 0.024875
vt 0.528206 0.025173
vt 0.528173 0.025468
vt 0.528111 0.025760
vt 0.514217 0.024742
vt 0.514197 0.025113
vt 0.513849 0.025106
vt 0.513857 0.024745
vt 0.513549 0.025128
vt 0.513543 0.024797
vt 0.513281 0.025177
vt 0.513283 0.024883
vt 0.514179 0.025474
vt 0.513847 0.025460
vt 0.513563 0.025458
vt 0.513312 0.025468
vt 0.514162 0.025833
vt 0.513852 0.025816
vt 0.513592 0.025790
vt 0.513373 0.025758
vt 0.428076 0.024676
vt 0.428440 0.024679
vt 0.428447 0.025044
vt 0.428097 0.025050
vt 0.428448 0.025400
vt 0.428114 0.025412
vt 0.428441 0.025757
vt 0.428130 0.025772
vt 0.428757 0.024733
vt 0.428749 0.025067
vt 0.428734 0.025399
vt 0.428702 0.025732
vt 0.429020 0.024822
vt 0.429020 0.025118
vt 0.428985 0.025411
vt 0.428922 0.025702
vt 0.415018 0.025051
vt 0.414670 0.025042
vt 0.414368 0.025062
vt 0.414364 0.024729
vt 0.414099 0.025109
vt 0.414103 0.024814
vt 0.414998 0.025412
vt 0.414666 0.025397
vt 0.414380 0.025393
vt 0.414129 0.025402
vt 0.414981 0.025772
vt 0.414669 0.025754
vt 0.414408 0.025727
vt 0.414188 0.025694
vt 0.822180 0.564324
vt 0.822181 0.565102
vt 0.841316 0.003212
vt 0.839899 0.004700
vt 0.839694 0.004320
vt 0.841393 0.002534
vt 0.427600 0.003686
vt 0.427486 0.001610
vt 0.427759 0.001752
vt 0.427858 0.003574
vt 0.815785 0.231852
vt 0.814865 0.232898
vt 0.814797 0.232255
vt 0.815907 0.230998
vt 0.822256 0.565850
vt 0.822352 0.566554
vt 0.513665 0.022754
vt 0.513391 0.023090
vt 0.796110 0.791961
vt 0.796131 0.792730
vt 0.816009 0.230218
vt 0.814654 0.231752
vt 0.814462 0.231346
vt 0.816089 0.229500
vt 0.526527 0.003709
vt 0.526387 0.001630
vt 0.526665 0.001773
vt 0.526787 0.003597
vt 0.527112 0.022403
vt 0.527475 0.022485
vt 0.796228 0.793471
vt 0.796347 0.794170
vt 0.414512 0.022682
vt 0.414232 0.023016
vt 0.515460 0.001930
vt 0.515335 0.004225
vt 0.515037 0.004176
vt 0.515164 0.001964
vt 0.515037 0.004176
vt 0.514780 0.004083
vt 0.514902 0.002039
vt 0.527801 0.022708
vt 0.528082 0.023050
vt 0.416579 0.001817
vt 0.416424 0.004117
vt 0.416119 0.004063
vt 0.416274 0.001846
vt 0.416119 0.004063
vt 0.415857 0.003968
vt 0.416005 0.001920
vt 0.514780 0.004083
vt 0.514534 0.003968
vt 0.514641 0.002174
vt 0.427961 0.022346
vt 0.428321 0.022431
vt 0.428321 0.022431
vt 0.428643 0.022657
vt 0.415857 0.003968
vt 0.415609 0.003853
vt 0.415738 0.002056
vt 0.841223 0.003940
vt 0.840061 0.005161
vt 0.839899 0.004700
vt 0.428920 0.023000
vt 0.816088 0.814279
vt 0.815996 0.813558
vt 0.815997 0.813558
vt 0.816089 0.814279
vt 0.815899 0.812781
vt 0.815900 0.812781
vt 0.427486 0.001610
vt 0.427759 0.001752
vt 0.427219 0.001535
vt 0.427219 0.001534
vt 0.841325 0.588030
vt 0.841246 0.587314
vt 0.841246 0.587314
vt 0.841326 0.588030
vt 0.426932 0.001510
vt 0.426932 0.001510
vt 0.526387 0.001630
vt 0.526666 0.001772
vt 0.841145 0.586541
vt 0.841146 0.586541
vt 0.526114 0.001556
vt 0.841019 0.585680
vt 0.841020 0.585679
vt 0.816090 0.229500
vt 0.816010 0.230218
vt 0.525817 0.001537
vt 0.415738 0.002055
vt 0.416005 0.001920
vt 0.815908 0.230999
vt 0.841130 0.004710
vt 0.841131 0.004710
vt 0.514641 0.002174
vt 0.514902 0.002039
vt 0.416274 0.001845
vt 0.841394 0.002534
vt 0.841317 0.003212
vt 0.515164 0.001963
vt 0.815786 0.231852
vt 0.841224 0.003940
vt 0.416579 0.001817
vt 0.515460 0.001930
vt 0.816165 0.814956
vt 0.816166 0.814956
vt 0.928574 0.866128
vt 0.914953 0.866214
vt 0.914963 0.295070
vt 0.928576 0.294913
vt 0.841688 0.003418
vt 0.841599 0.004109
vt 0.842121 0.002922
vt 0.842083 0.003521
vt 0.842515 0.002480
vt 0.842578 0.002969
vt 0.841746 0.002783
vt 0.842111 0.002392
vt 0.842445 0.002055
vt 0.841747 0.002208
vt 0.842073 0.001925
vt 0.842372 0.001680
vt 0.841566 0.586357
vt 0.841645 0.587098
vt 0.841700 0.587770
vt 0.841697 0.588377
vt 0.842067 0.586994
vt 0.842098 0.587625
vt 0.842082 0.588185
vt 0.842040 0.588678
vt 0.842578 0.587578
vt 0.842509 0.588094
vt 0.842433 0.588543
vt 0.842354 0.588939
vt 0.928594 0.294513
vt 0.929029 0.294582
vt 0.929051 0.294998
vt 0.929468 0.294742
vt 0.929531 0.295187
vt 0.929972 0.295045
vt 0.930056 0.295547
vt 0.928592 0.294243
vt 0.928993 0.294286
vt 0.929394 0.294414
vt 0.929843 0.294657
vt 0.928591 0.294060
vt 0.928962 0.294070
vt 0.929324 0.294160
vt 0.929700 0.294354
vt 0.929050 0.866039
vt 0.929031 0.866456
vt 0.928596 0.866528
vt 0.928998 0.866751
vt 0.928597 0.866798
vt 0.928969 0.866967
vt 0.928599 0.866982
vt 0.929530 0.865848
vt 0.929469 0.866293
vt 0.929397 0.866621
vt 0.929328 0.866875
vt 0.930056 0.865487
vt 0.929971 0.865989
vt 0.929844 0.866377
vt 0.929702 0.866679
vt 0.914934 0.866614
vt 0.914501 0.866545
vt 0.914479 0.866129
vt 0.914063 0.866384
vt 0.913999 0.865940
vt 0.913559 0.866083
vt 0.913475 0.865581
vt 0.914935 0.866883
vt 0.914536 0.866839
vt 0.914136 0.866711
vt 0.913688 0.866470
vt 0.914936 0.867065
vt 0.914567 0.867055
vt 0.914207 0.866965
vt 0.913832 0.866772
vt 0.914489 0.295158
vt 0.914508 0.294743
vt 0.914940 0.294670
vt 0.914540 0.294449
vt 0.914938 0.294401
vt 0.914569 0.294234
vt 0.914936 0.294219
vt 0.914009 0.295349
vt 0.914071 0.294905
vt 0.914143 0.294579
vt 0.914212 0.294326
vt 0.913485 0.295709
vt 0.913570 0.295207
vt 0.913697 0.294821
vt 0.913839 0.294520
vt 0.816410 0.230436
vt 0.816329 0.231180
vt 0.816864 0.229907
vt 0.816832 0.230541
vt 0.817278 0.229437
vt 0.817346 0.229955
vt 0.816465 0.229762
vt 0.816849 0.229345
vt 0.817202 0.228987
vt 0.816463 0.229152
vt 0.816808 0.228850
vt 0.817123 0.228589
vt 0.816371 0.813387
vt 0.816460 0.814076
vt 0.816517 0.814708
vt 0.816517 0.815281
vt 0.816853 0.813973
vt 0.816891 0.814569
vt 0.816880 0.815099
vt 0.816842 0.815563
vt 0.817346 0.814523
vt 0.817282 0.815011
vt 0.817212 0.815434
vt 0.817139 0.815808
vt 0.515192 0.001704
vt 0.515469 0.001659
vt 0.515206 0.001517
vt 0.515464 0.001470
vt 0.515212 0.001377
vt 0.515454 0.001341
vt 0.514942 0.001799
vt 0.514976 0.001611
vt 0.515003 0.001460
vt 0.514693 0.001949
vt 0.514747 0.001758
vt 0.514808 0.001592
vt 0.525790 0.001247
vt 0.526077 0.001286
vt 0.526341 0.001378
vt 0.526608 0.001532
vt 0.525785 0.001055
vt 0.526055 0.001092
vt 0.526300 0.001182
vt 0.526546 0.001330
vt 0.525786 0.000922
vt 0.526042 0.000946
vt 0.526267 0.001023
vt 0.526477 0.001156
vt 0.416304 0.001575
vt 0.416590 0.001524
vt 0.416318 0.001382
vt 0.416584 0.001332
vt 0.416325 0.001237
vt 0.416575 0.001201
vt 0.416046 0.001673
vt 0.416081 0.001480
vt 0.416108 0.001323
vt 0.415791 0.001828
vt 0.415846 0.001632
vt 0.415908 0.001460
vt 0.426909 0.001243
vt 0.427186 0.001276
vt 0.427441 0.001365
vt 0.427703 0.001515
vt 0.426903 0.001054
vt 0.427164 0.001088
vt 0.427402 0.001175
vt 0.427641 0.001318
vt 0.426904 0.000923
vt 0.427152 0.000947
vt 0.427369 0.001022
vt 0.427572 0.001149
vt 0.667987 0.494843
vt 0.667501 0.495411
vt 0.667363 0.494918
vt 0.668069 0.494096
vt 0.952721 0.546782
vt 0.965963 0.546701
vt 0.965962 0.957453
vt 0.952719 0.957521
vt 0.624545 0.447057
vt 0.624098 0.447597
vt 0.623963 0.447123
vt 0.624611 0.446342
vt 0.631207 0.003782
vt 0.631082 0.001499
vt 0.631366 0.001526
vt 0.631494 0.003707
vt 0.547916 0.022408
vt 0.547768 0.024687
vt 0.547400 0.024691
vt 0.547548 0.022513
vt 0.669090 0.898376
vt 0.668955 0.898849
vt 0.668597 0.898571
vt 0.668671 0.898114
vt 0.668264 0.898328
vt 0.668279 0.897896
vt 0.667928 0.898120
vt 0.667896 0.897732
vt 0.668826 0.899250
vt 0.668531 0.898970
vt 0.668245 0.898716
vt 0.667951 0.898484
vt 0.668685 0.899592
vt 0.668452 0.899333
vt 0.668214 0.899083
vt 0.667965 0.898838
vt 0.667076 0.495678
vt 0.666994 0.495209
vt 0.666921 0.494794
vt 0.667228 0.494498
vt 0.666833 0.494412
vt 0.667080 0.494135
vt 0.666679 0.495905
vt 0.666655 0.495465
vt 0.666627 0.495063
vt 0.666587 0.494681
vt 0.666294 0.496078
vt 0.666316 0.495684
vt 0.666329 0.495311
vt 0.666333 0.494944
vt 0.952701 0.957928
vt 0.952317 0.957934
vt 0.952323 0.957520
vt 0.951968 0.957982
vt 0.951952 0.957579
vt 0.951651 0.958081
vt 0.951590 0.957714
vt 0.952698 0.958316
vt 0.952338 0.958328
vt 0.952021 0.958358
vt 0.951739 0.958409
vt 0.952706 0.958694
vt 0.952380 0.958710
vt 0.952097 0.958718
vt 0.951852 0.958717
vt 0.952324 0.546785
vt 0.952316 0.546371
vt 0.952699 0.546375
vt 0.952334 0.545978
vt 0.952694 0.545987
vt 0.952374 0.545597
vt 0.952699 0.545610
vt 0.951953 0.546727
vt 0.951968 0.546325
vt 0.952018 0.545950
vt 0.952092 0.545591
vt 0.951593 0.546593
vt 0.951651 0.546228
vt 0.951738 0.545901
vt 0.951848 0.545593
vt 0.965981 0.546294
vt 0.966365 0.546287
vt 0.966359 0.546701
vt 0.966713 0.546240
vt 0.966730 0.546643
vt 0.967031 0.546141
vt 0.967091 0.546508
vt 0.965984 0.545905
vt 0.966344 0.545894
vt 0.966661 0.545864
vt 0.966942 0.545813
vt 0.965976 0.545528
vt 0.966302 0.545512
vt 0.966585 0.545504
vt 0.966830 0.545505
vt 0.966359 0.957450
vt 0.966367 0.957864
vt 0.965983 0.957860
vt 0.966349 0.958257
vt 0.965990 0.958248
vt 0.966309 0.958639
vt 0.965984 0.958625
vt 0.966730 0.957507
vt 0.966715 0.957910
vt 0.966665 0.958285
vt 0.966591 0.958645
vt 0.967091 0.957641
vt 0.967032 0.958007
vt 0.966946 0.958334
vt 0.966835 0.958642
vt 0.622500 0.850593
vt 0.622363 0.851085
vt 0.621993 0.850794
vt 0.622075 0.850325
vt 0.621654 0.850539
vt 0.621678 0.850098
vt 0.621315 0.850320
vt 0.621293 0.849926
vt 0.622229 0.851505
vt 0.621921 0.851210
vt 0.621627 0.850940
vt 0.621329 0.850693
vt 0.622081 0.851868
vt 0.621834 0.851591
vt 0.621587 0.851323
vt 0.621333 0.851060
vt 0.623680 0.447859
vt 0.623605 0.447402
vt 0.623539 0.447003
vt 0.623834 0.446722
vt 0.623460 0.446639
vt 0.623693 0.446380
vt 0.623287 0.448077
vt 0.623272 0.447645
vt 0.623253 0.447257
vt 0.623222 0.446890
vt 0.622905 0.448241
vt 0.622936 0.447853
vt 0.622960 0.447489
vt 0.622973 0.447136
vt 0.640808 0.427373
vt 0.640882 0.426733
vt 0.640883 0.426733
vt 0.640808 0.427373
vt 0.620544 0.001863
vt 0.620280 0.001943
vt 0.620280 0.001943
vt 0.620543 0.001863
vt 0.632357 0.024693
vt 0.632725 0.024699
vt 0.632726 0.025067
vt 0.632374 0.025069
vt 0.632722 0.025424
vt 0.632389 0.025433
vt 0.632711 0.025780
vt 0.632402 0.025793
vt 0.633045 0.024760
vt 0.633028 0.025096
vt 0.633007 0.025427
vt 0.632971 0.025758
vt 0.633304 0.024860
vt 0.633296 0.025153
vt 0.633257 0.025443
vt 0.633191 0.025731
vt 0.619228 0.024698
vt 0.619210 0.025071
vt 0.618860 0.025066
vt 0.618864 0.024701
vt 0.618559 0.025093
vt 0.618546 0.024759
vt 0.618292 0.025146
vt 0.618289 0.024854
vt 0.619194 0.025433
vt 0.618862 0.025422
vt 0.618577 0.025422
vt 0.618327 0.025436
vt 0.619179 0.025793
vt 0.618869 0.025777
vt 0.618609 0.025753
vt 0.618391 0.025724
vt 0.560898 0.024693
vt 0.561262 0.024698
vt 0.561264 0.025063
vt 0.560915 0.025066
vt 0.561261 0.025418
vt 0.560930 0.025428
vt 0.561252 0.025773
vt 0.560944 0.025787
vt 0.561579 0.024758
vt 0.561564 0.025091
vt 0.561545 0.025420
vt 0.561511 0.025750
vt 0.561836 0.024855
vt 0.561830 0.025146
vt 0.561794 0.025435
vt 0.561729 0.025721
vt 0.547749 0.025063
vt 0.547397 0.025059
vt 0.547094 0.025086
vt 0.547080 0.024750
vt 0.546826 0.025141
vt 0.546820 0.024847
vt 0.547734 0.025426
vt 0.547400 0.025416
vt 0.547114 0.025418
vt 0.546863 0.025433
vt 0.547720 0.025787
vt 0.547409 0.025773
vt 0.547148 0.025750
vt 0.546928 0.025722
vt 0.685801 0.473439
vt 0.685892 0.472786
vt 0.685893 0.472786
vt 0.685802 0.473439
vt 0.549275 0.001525
vt 0.548972 0.001549
vt 0.548972 0.001548
vt 0.549275 0.001525
vt 0.685802 0.918572
vt 0.685693 0.474157
vt 0.685694 0.474157
vt 0.685803 0.918572
vt 0.620845 0.001831
vt 0.620845 0.001831
vt 0.559522 0.001809
vt 0.559522 0.001809
vt 0.640974 0.873797
vt 0.640900 0.873191
vt 0.640901 0.873191
vt 0.640974 0.873797
vt 0.640810 0.872543
vt 0.640811 0.872543
vt 0.631082 0.001499
vt 0.640699 0.871820
vt 0.640700 0.871819
vt 0.669536 0.898915
vt 0.669603 0.899629
vt 0.684885 0.473958
vt 0.684627 0.473736
vt 0.685966 0.472179
vt 0.560194 0.003867
vt 0.560066 0.001928
vt 0.560327 0.002081
vt 0.560434 0.003696
vt 0.640361 0.427913
vt 0.640234 0.427514
vt 0.669751 0.900360
vt 0.669914 0.901067
vt 0.618694 0.022821
vt 0.618412 0.023240
vt 0.560066 0.001927
vt 0.560327 0.002081
vt 0.686011 0.920387
vt 0.685951 0.919817
vt 0.685952 0.919817
vt 0.686012 0.920387
vt 0.559806 0.001844
vt 0.559806 0.001843
vt 0.685879 0.919217
vt 0.685880 0.919217
vt 0.631892 0.001760
vt 0.631628 0.001606
vt 0.631628 0.001606
vt 0.631892 0.001760
vt 0.640955 0.426128
vt 0.641016 0.425557
vt 0.641016 0.425557
vt 0.640955 0.426128
vt 0.631366 0.001526
vt 0.548707 0.001625
vt 0.548447 0.001771
vt 0.548447 0.001771
vt 0.548707 0.001625
vt 0.622986 0.851160
vt 0.623070 0.851907
vt 0.640031 0.427240
vt 0.639787 0.427033
vt 0.631748 0.003573
vt 0.631992 0.003398
vt 0.632231 0.022411
vt 0.632597 0.022518
vt 0.623237 0.852676
vt 0.623420 0.853423
vt 0.547218 0.022786
vt 0.546935 0.023211
vt 0.620023 0.002089
vt 0.620023 0.002089
vt 0.620686 0.004081
vt 0.620385 0.004012
vt 0.620385 0.004012
vt 0.620133 0.003881
vt 0.632925 0.022794
vt 0.633204 0.023222
vt 0.549126 0.003805
vt 0.548824 0.003727
vt 0.548824 0.003727
vt 0.548568 0.003589
vt 0.619900 0.003703
vt 0.560762 0.022441
vt 0.561125 0.022548
vt 0.561451 0.022819
vt 0.548568 0.003589
vt 0.548331 0.003407
vt 0.685095 0.474262
vt 0.561729 0.023241
vt 0.685967 0.472179
vt 0.970199 0.449471
vt 0.983247 0.449396
vt 0.983246 0.892664
vt 0.970194 0.892709
vt 0.686211 0.472970
vt 0.686141 0.473592
vt 0.686578 0.472536
vt 0.686547 0.473060
vt 0.686914 0.472162
vt 0.686955 0.472583
vt 0.686264 0.472408
vt 0.686579 0.472074
vt 0.686867 0.471793
vt 0.686278 0.471905
vt 0.686560 0.471669
vt 0.686817 0.471466
vt 0.686180 0.919078
vt 0.686249 0.919650
vt 0.686295 0.920177
vt 0.686301 0.920653
vt 0.686564 0.919566
vt 0.686594 0.920059
vt 0.686589 0.920497
vt 0.686564 0.920882
vt 0.686955 0.920018
vt 0.686909 0.920420
vt 0.686858 0.920769
vt 0.686805 0.921079
vt 0.970185 0.893081
vt 0.969799 0.893014
vt 0.969785 0.892643
vt 0.969426 0.892859
vt 0.969385 0.892476
vt 0.969018 0.892583
vt 0.968965 0.892167
vt 0.970183 0.893335
vt 0.969822 0.893281
vt 0.969477 0.893148
vt 0.969109 0.892915
vt 0.970180 0.893505
vt 0.969842 0.893478
vt 0.969527 0.893375
vt 0.969216 0.893182
vt 0.969790 0.449539
vt 0.969802 0.449168
vt 0.970187 0.449099
vt 0.969823 0.448901
vt 0.970184 0.448846
vt 0.969841 0.448705
vt 0.970179 0.448675
vt 0.969390 0.449706
vt 0.969430 0.449324
vt 0.969480 0.449035
vt 0.969528 0.448809
vt 0.968972 0.450014
vt 0.969025 0.449600
vt 0.969114 0.449269
vt 0.969219 0.449003
vt 0.983257 0.449025
vt 0.983642 0.449092
vt 0.983656 0.449463
vt 0.984015 0.449246
vt 0.984056 0.449629
vt 0.984421 0.449522
vt 0.984474 0.449937
vt 0.983258 0.448772
vt 0.983618 0.448825
vt 0.983963 0.448958
vt 0.984331 0.449191
vt 0.983261 0.448602
vt 0.983599 0.448628
vt 0.983913 0.448731
vt 0.984225 0.448924
vt 0.983655 0.892596
vt 0.983643 0.892967
vt 0.983258 0.893036
vt 0.983621 0.893234
vt 0.983261 0.893288
vt 0.983603 0.893430
vt 0.983265 0.893459
vt 0.984055 0.892429
vt 0.984015 0.892811
vt 0.983965 0.893100
vt 0.983916 0.893326
vt 0.984474 0.892119
vt 0.984421 0.892534
vt 0.984331 0.892866
vt 0.984226 0.893132
vt 0.641254 0.426297
vt 0.641184 0.426871
vt 0.641599 0.425886
vt 0.641569 0.426381
vt 0.641915 0.425526
vt 0.641961 0.425927
vt 0.641300 0.425768
vt 0.641594 0.425447
vt 0.641865 0.425175
vt 0.641306 0.425291
vt 0.641570 0.425062
vt 0.641811 0.424864
vt 0.641149 0.872389
vt 0.641218 0.873009
vt 0.641271 0.873569
vt 0.641284 0.874071
vt 0.641554 0.872919
vt 0.641585 0.873441
vt 0.641585 0.873902
vt 0.641566 0.874307
vt 0.641961 0.873395
vt 0.641920 0.873815
vt 0.641872 0.874183
vt 0.641822 0.874509
vt 0.620571 0.001596
vt 0.620853 0.001541
vt 0.620583 0.001406
vt 0.620845 0.001354
vt 0.620587 0.001265
vt 0.620836 0.001226
vt 0.620317 0.001700
vt 0.620348 0.001509
vt 0.620372 0.001355
vt 0.620066 0.001862
vt 0.620116 0.001667
vt 0.620175 0.001496
vt 0.631060 0.001235
vt 0.631335 0.001271
vt 0.631588 0.001364
vt 0.631845 0.001523
vt 0.631055 0.001049
vt 0.631316 0.001086
vt 0.631552 0.001176
vt 0.631788 0.001326
vt 0.631057 0.000921
vt 0.631304 0.000947
vt 0.631521 0.001025
vt 0.631723 0.001157
vt 0.549008 0.001282
vt 0.549294 0.001237
vt 0.549027 0.001090
vt 0.549295 0.001048
vt 0.549037 0.000947
vt 0.549292 0.000919
vt 0.548748 0.001380
vt 0.548784 0.001187
vt 0.548814 0.001030
vt 0.548491 0.001541
vt 0.548545 0.001343
vt 0.548609 0.001170
vt 0.559511 0.001543
vt 0.559783 0.001588
vt 0.560031 0.001687
vt 0.560281 0.001848
vt 0.559514 0.001358
vt 0.559770 0.001405
vt 0.559999 0.001502
vt 0.560228 0.001654
vt 0.559523 0.001231
vt 0.559764 0.001268
vt 0.559974 0.001352
vt 0.560168 0.001487
vt 0.000920 0.000920
vt 0.399211 0.000920
vt 0.399211 0.599458
vt 0.000920 0.599458
vt 0.546524 0.057618
vt 0.550127 0.047510
vt 0.550111 0.610329
vt 0.546481 0.600444
vt 0.447245 0.057477
vt 0.450871 0.047717
vt 0.451079 0.609788
vt 0.447480 0.599607
vt 0.645527 0.051683
vt 0.649269 0.044897
vt 0.649281 0.428238
vt 0.645523 0.421572
vt 0.742651 0.365778
vt 0.746394 0.359056
vt 0.746404 0.742401
vt 0.742643 0.735764
vt 0.589969 0.006042
vt 0.589943 0.651767
vt 0.552161 0.613982
vt 0.552184 0.043824
vt 0.490631 0.006328
vt 0.490880 0.651165
vt 0.453134 0.613448
vt 0.452915 0.044074
vt 0.689138 0.004019
vt 0.689148 0.469089
vt 0.650670 0.430612
vt 0.650661 0.042498
vt 0.786268 0.318161
vt 0.786273 0.783261
vt 0.747792 0.744781
vt 0.747788 0.356642
vt 0.596215 0.002683
vt 0.596202 0.654944
vt 0.595551 0.654293
vt 0.595563 0.003334
vt 0.497105 0.002808
vt 0.497118 0.654530
vt 0.496467 0.653879
vt 0.496454 0.003459
vt 0.693717 0.001543
vt 0.693699 0.471826
vt 0.693147 0.471274
vt 0.693165 0.002095
vt 0.790851 0.315774
vt 0.790851 0.785705
vt 0.790299 0.785153
vt 0.790299 0.316325
vt 0.592221 0.006367
vt 0.593171 0.006189
vt 0.593223 0.651419
vt 0.592281 0.651384
vt 0.787936 0.318432
vt 0.788615 0.318404
vt 0.788595 0.783064
vt 0.787918 0.782985
vt 0.493242 0.006932
vt 0.493885 0.006932
vt 0.494065 0.651017
vt 0.493117 0.650841
vt 0.690770 0.004256
vt 0.691455 0.004130
vt 0.691391 0.469231
vt 0.690698 0.468949
vt 0.640853 0.422836
vt 0.600276 0.463414
vt 0.600266 0.009880
vt 0.640844 0.050455
vt 0.441992 0.601607
vt 0.402405 0.641207
vt 0.402296 0.016108
vt 0.441896 0.055695
vt 0.541131 0.602028
vt 0.501512 0.641640
vt 0.501562 0.016198
vt 0.541174 0.055816
vt 0.737970 0.737068
vt 0.697376 0.777655
vt 0.697420 0.323964
vt 0.738007 0.364559
vt 0.991514 0.553006
vt 0.986585 0.553023
vt 0.986595 0.001171
vt 0.991514 0.001155
vt 0.689103 0.474768
vt 0.694174 0.474650
vt 0.694176 0.849033
vt 0.689105 0.849151
vt 0.998812 0.973710
vt 0.993884 0.973724
vt 0.993893 0.421890
vt 0.998813 0.421858
vt 0.006304 0.979234
vt 0.001231 0.979352
vt 0.001231 0.604692
vt 0.006304 0.604677
vt 0.446073 0.599208
vt 0.443522 0.599677
vt 0.443355 0.057715
vt 0.445884 0.057876
vt 0.741579 0.735474
vt 0.739107 0.735603
vt 0.739118 0.366017
vt 0.741584 0.366075
vt 0.545108 0.600035
vt 0.542578 0.600020
vt 0.542603 0.057784
vt 0.545136 0.058027
vt 0.644456 0.421283
vt 0.641975 0.421452
vt 0.641972 0.051848
vt 0.644455 0.051978
vt 0.546251 0.600786
vt 0.545970 0.600524
vt 0.546084 0.600186
vt 0.545673 0.600340
vt 0.545726 0.600048
vt 0.546017 0.601004
vt 0.545800 0.600769
vt 0.545547 0.600577
vt 0.546122 0.057879
vt 0.546006 0.057538
vt 0.546288 0.057271
vt 0.545833 0.057292
vt 0.546049 0.057053
vt 0.545760 0.058019
vt 0.545707 0.057724
vt 0.545580 0.057486
vt 0.550038 0.046881
vt 0.550483 0.046331
vt 0.550569 0.046902
vt 0.550938 0.045617
vt 0.551077 0.046111
vt 0.549801 0.046538
vt 0.550136 0.046036
vt 0.550568 0.045505
vt 0.550552 0.610928
vt 0.550469 0.611491
vt 0.550029 0.610951
vt 0.550127 0.611783
vt 0.549798 0.611288
vt 0.551056 0.611709
vt 0.550919 0.612198
vt 0.550553 0.612307
vt 0.447242 0.599957
vt 0.446959 0.599689
vt 0.447074 0.599345
vt 0.446657 0.599504
vt 0.446708 0.599207
vt 0.447002 0.600176
vt 0.446786 0.599936
vt 0.446534 0.599744
vt 0.446852 0.057730
vt 0.446740 0.057395
vt 0.447018 0.057137
vt 0.446573 0.057153
vt 0.446788 0.056921
vt 0.446497 0.057866
vt 0.446446 0.057577
vt 0.446322 0.057342
vt 0.450792 0.047100
vt 0.451229 0.046566
vt 0.451310 0.047124
vt 0.451677 0.045867
vt 0.451811 0.046351
vt 0.450565 0.046767
vt 0.450892 0.046277
vt 0.451314 0.045758
vt 0.451524 0.610401
vt 0.451438 0.610978
vt 0.450988 0.610423
vt 0.451089 0.611279
vt 0.450749 0.610769
vt 0.452037 0.611195
vt 0.451907 0.611686
vt 0.451533 0.611818
vt 0.645388 0.421826
vt 0.645166 0.421656
vt 0.645236 0.421400
vt 0.644932 0.421531
vt 0.644964 0.421299
vt 0.645242 0.422005
vt 0.645059 0.421852
vt 0.644850 0.421727
vt 0.645238 0.051858
vt 0.645166 0.051601
vt 0.645389 0.051427
vt 0.645056 0.051403
vt 0.645240 0.051248
vt 0.644964 0.051960
vt 0.644931 0.051727
vt 0.644847 0.051531
vt 0.649244 0.044481
vt 0.649538 0.044134
vt 0.649581 0.044507
vt 0.649845 0.043685
vt 0.649923 0.044001
vt 0.649099 0.044246
vt 0.649322 0.043937
vt 0.649607 0.043599
vt 0.649593 0.428624
vt 0.649550 0.428995
vt 0.649259 0.428650
vt 0.649334 0.429190
vt 0.649116 0.428883
vt 0.649936 0.429129
vt 0.649856 0.429446
vt 0.649615 0.429531
vt 0.742510 0.736018
vt 0.742288 0.735848
vt 0.742357 0.735593
vt 0.742053 0.735723
vt 0.742085 0.735492
vt 0.742364 0.736197
vt 0.742180 0.736044
vt 0.741971 0.735919
vt 0.742362 0.365952
vt 0.742291 0.365695
vt 0.742514 0.365523
vt 0.742182 0.365498
vt 0.742366 0.365344
vt 0.742090 0.366054
vt 0.742056 0.365822
vt 0.741972 0.365626
vt 0.746371 0.358644
vt 0.746660 0.358301
vt 0.746704 0.358669
vt 0.746957 0.357849
vt 0.747042 0.358167
vt 0.746227 0.358410
vt 0.746447 0.358107
vt 0.746724 0.357776
vt 0.746715 0.742784
vt 0.746674 0.743153
vt 0.746383 0.742812
vt 0.746461 0.743348
vt 0.746242 0.743044
vt 0.747055 0.743284
vt 0.746978 0.743596
vt 0.746743 0.743682
vt 0.592150 0.651914
vt 0.591686 0.651862
vt 0.591672 0.651289
vt 0.591168 0.651876
vt 0.591136 0.651333
vt 0.592114 0.652328
vt 0.591777 0.652312
vt 0.591297 0.652273
vt 0.591612 0.006493
vt 0.591592 0.005909
vt 0.592076 0.005833
vt 0.591659 0.005429
vt 0.592012 0.005399
vt 0.591070 0.006481
vt 0.591060 0.005952
vt 0.591130 0.005493
vt 0.593212 0.005619
vt 0.593816 0.005425
vt 0.593817 0.006093
vt 0.594330 0.004976
vt 0.594393 0.005622
vt 0.593135 0.005200
vt 0.593645 0.005014
vt 0.594057 0.004734
vt 0.593835 0.651489
vt 0.593850 0.652113
vt 0.593265 0.651943
vt 0.593715 0.652511
vt 0.593215 0.652359
vt 0.594381 0.651916
vt 0.594325 0.652501
vt 0.594120 0.652733
vt 0.787839 0.783359
vt 0.787504 0.783323
vt 0.787490 0.782921
vt 0.787138 0.783334
vt 0.787113 0.782952
vt 0.787801 0.783657
vt 0.787566 0.783640
vt 0.787229 0.783612
vt 0.787499 0.318500
vt 0.787509 0.318089
vt 0.787841 0.318051
vt 0.787573 0.317766
vt 0.787814 0.317754
vt 0.787115 0.318469
vt 0.787137 0.318081
vt 0.787229 0.317795
vt 0.788644 0.318027
vt 0.789066 0.317903
vt 0.789056 0.318353
vt 0.789409 0.317620
vt 0.789450 0.318045
vt 0.788607 0.317728
vt 0.788967 0.317616
vt 0.789259 0.317453
vt 0.789048 0.783117
vt 0.789061 0.783577
vt 0.788640 0.783456
vt 0.788959 0.783867
vt 0.788594 0.783750
vt 0.789449 0.783432
vt 0.789407 0.783862
vt 0.789256 0.784032
vt 0.492973 0.651374
vt 0.492491 0.651298
vt 0.492510 0.650717
vt 0.491963 0.651255
vt 0.491973 0.650730
vt 0.492909 0.651807
vt 0.492558 0.651776
vt 0.492032 0.651711
vt 0.690008 0.470324
vt 0.689627 0.470104
vt 0.689900 0.469787
vt 0.690207 0.469955
vt 0.690133 0.469546
vt 0.690362 0.469653
vt 0.689369 0.469845
vt 0.689619 0.469590
vt 0.689838 0.469411
vt 0.690901 0.470753
vt 0.691113 0.470391
vt 0.691561 0.470566
vt 0.691274 0.470898
vt 0.692017 0.470689
vt 0.691693 0.470929
vt 0.691273 0.470060
vt 0.691723 0.470246
vt 0.692089 0.470434
vt 0.494713 0.651112
vt 0.494713 0.651782
vt 0.494108 0.651588
vt 0.494542 0.652194
vt 0.494031 0.652007
vt 0.495293 0.651584
vt 0.495230 0.652232
vt 0.494956 0.652476
vt 0.690507 0.469344
vt 0.690174 0.469215
vt 0.690247 0.468803
vt 0.689837 0.469134
vt 0.689869 0.468788
vt 0.690331 0.004346
vt 0.690316 0.003925
vt 0.690666 0.003871
vt 0.690366 0.003578
vt 0.690621 0.003557
vt 0.689939 0.004338
vt 0.689932 0.003955
vt 0.689984 0.003622
vt 0.691486 0.003719
vt 0.691920 0.003580
vt 0.691920 0.004061
vt 0.692290 0.003260
vt 0.692335 0.003722
vt 0.691431 0.003417
vt 0.691799 0.003285
vt 0.692095 0.003085
vt 0.691879 0.469351
vt 0.691862 0.469891
vt 0.691372 0.469702
vt 0.692314 0.469729
vt 0.692278 0.470224
vt 0.991522 0.001028
vt 0.991638 0.001027
vt 0.991661 0.001159
vt 0.991759 0.001013
vt 0.991784 0.001132
vt 0.991521 0.000927
vt 0.991604 0.000922
vt 0.991720 0.000921
vt 0.991661 0.553001
vt 0.991638 0.553133
vt 0.991523 0.553133
vt 0.991605 0.553238
vt 0.991522 0.553233
vt 0.991784 0.553027
vt 0.991759 0.553147
vt 0.991721 0.553239
vt 0.986577 0.553150
vt 0.986461 0.553151
vt 0.986438 0.553018
vt 0.986339 0.553165
vt 0.986314 0.553045
vt 0.986579 0.553251
vt 0.986495 0.553256
vt 0.986379 0.553258
vt 0.986449 0.001176
vt 0.986472 0.001045
vt 0.986586 0.001045
vt 0.986505 0.000940
vt 0.986587 0.000945
vt 0.986327 0.001150
vt 0.986351 0.001032
vt 0.986390 0.000940
vt 0.689095 0.849287
vt 0.688967 0.849291
vt 0.688938 0.849142
vt 0.688828 0.849311
vt 0.688793 0.849174
vt 0.689100 0.849395
vt 0.689009 0.849406
vt 0.688877 0.849415
vt 0.688938 0.474779
vt 0.688964 0.474631
vt 0.689091 0.474632
vt 0.689004 0.474516
vt 0.689094 0.474525
vt 0.688793 0.474748
vt 0.688826 0.474612
vt 0.688874 0.474510
vt 0.694185 0.474514
vt 0.694313 0.474511
vt 0.694341 0.474660
vt 0.694452 0.474490
vt 0.694486 0.474628
vt 0.694180 0.474407
vt 0.694271 0.474396
vt 0.694402 0.474387
vt 0.694342 0.849023
vt 0.694316 0.849171
vt 0.694188 0.849169
vt 0.694276 0.849286
vt 0.694186 0.849276
vt 0.694486 0.849054
vt 0.694454 0.849190
vt 0.694406 0.849292
vt 0.998822 0.421732
vt 0.998936 0.421731
vt 0.998960 0.421863
vt 0.999057 0.421717
vt 0.999082 0.421836
vt 0.998820 0.421632
vt 0.998903 0.421626
vt 0.999018 0.421625
vt 0.998959 0.973705
vt 0.998936 0.973837
vt 0.998821 0.973837
vt 0.998903 0.973943
vt 0.998820 0.973937
vt 0.999082 0.973732
vt 0.999057 0.973851
vt 0.999019 0.973943
vt 0.993875 0.973851
vt 0.993760 0.973852
vt 0.993736 0.973720
vt 0.993638 0.973866
vt 0.993613 0.973747
vt 0.993877 0.973953
vt 0.993794 0.973958
vt 0.993677 0.973959
vt 0.993746 0.421895
vt 0.993769 0.421763
vt 0.993884 0.421763
vt 0.993803 0.421658
vt 0.993885 0.421662
vt 0.993623 0.421869
vt 0.993648 0.421749
vt 0.993686 0.421657
vt 0.006314 0.604541
vt 0.006442 0.604538
vt 0.006470 0.604686
vt 0.006581 0.604518
vt 0.006615 0.604655
vt 0.006310 0.604434
vt 0.006400 0.604423
vt 0.006531 0.604415
vt 0.006470 0.979224
vt 0.006444 0.979372
vt 0.006317 0.979370
vt 0.006404 0.979486
vt 0.006314 0.979477
vt 0.006615 0.979254
vt 0.006582 0.979391
vt 0.006534 0.979493
vt 0.001221 0.979488
vt 0.001092 0.979491
vt 0.001064 0.979342
vt 0.000953 0.979512
vt 0.000919 0.979374
vt 0.001226 0.979595
vt 0.001135 0.979607
vt 0.001003 0.979615
vt 0.001065 0.604702
vt 0.001091 0.604554
vt 0.001219 0.604556
vt 0.001132 0.604439
vt 0.001222 0.604448
vt 0.000920 0.604671
vt 0.000953 0.604535
vt 0.001001 0.604432
vt 0.445905 0.057694
vt 0.446167 0.057666
vt 0.446175 0.057915
vt 0.445888 0.057554
vt 0.446103 0.057469
vt 0.446375 0.599160
vt 0.446371 0.599417
vt 0.446103 0.599394
vt 0.446311 0.599620
vt 0.446091 0.599542
vt 0.443507 0.599881
vt 0.443196 0.600010
vt 0.443182 0.599673
vt 0.442908 0.600315
vt 0.442855 0.599922
vt 0.443559 0.600023
vt 0.443332 0.600204
vt 0.443109 0.600442
vt 0.443054 0.057719
vt 0.443057 0.057424
vt 0.443332 0.057523
vt 0.443159 0.057247
vt 0.443371 0.057380
vt 0.442772 0.057509
vt 0.442821 0.057181
vt 0.442961 0.057076
vt 0.741604 0.365904
vt 0.741828 0.365884
vt 0.741831 0.366096
vt 0.741590 0.365772
vt 0.741784 0.365712
vt 0.741826 0.735451
vt 0.741824 0.735663
vt 0.741600 0.735645
vt 0.741783 0.735835
vt 0.741589 0.735778
vt 0.739095 0.735783
vt 0.738855 0.735872
vt 0.738849 0.735613
vt 0.738653 0.736078
vt 0.738606 0.735799
vt 0.739128 0.735919
vt 0.738940 0.736028
vt 0.738770 0.736168
vt 0.738864 0.366009
vt 0.738866 0.365757
vt 0.739103 0.365838
vt 0.738944 0.365602
vt 0.739132 0.365701
vt 0.738629 0.365831
vt 0.738666 0.365564
vt 0.738775 0.365472
vt 0.545159 0.057845
vt 0.545424 0.057815
vt 0.545432 0.058068
vt 0.545141 0.057701
vt 0.545359 0.057615
vt 0.545401 0.599997
vt 0.545392 0.600249
vt 0.545130 0.600218
vt 0.545326 0.600447
vt 0.545109 0.600357
vt 0.542558 0.600208
vt 0.542285 0.600306
vt 0.542282 0.600016
vt 0.542052 0.600545
vt 0.542004 0.600222
vt 0.542594 0.600353
vt 0.542384 0.600481
vt 0.542189 0.600648
vt 0.542299 0.057788
vt 0.542302 0.057491
vt 0.542581 0.057590
vt 0.542404 0.057311
vt 0.542619 0.057447
vt 0.542017 0.057577
vt 0.542049 0.057253
vt 0.542200 0.057136
vt 0.644476 0.051807
vt 0.644701 0.051788
vt 0.644703 0.052002
vt 0.644464 0.051673
vt 0.644659 0.051616
vt 0.644704 0.421259
vt 0.644703 0.421471
vt 0.644479 0.421455
vt 0.644662 0.421643
vt 0.644468 0.421588
vt 0.641965 0.421633
vt 0.641717 0.421729
vt 0.641709 0.421462
vt 0.641493 0.421950
vt 0.641457 0.421655
vt 0.642002 0.421770
vt 0.641811 0.421890
vt 0.641636 0.422051
vt 0.641705 0.051838
vt 0.641713 0.051571
vt 0.641961 0.051666
vt 0.641807 0.051410
vt 0.641998 0.051529
vt 0.641452 0.051644
vt 0.641489 0.051350
vt 0.641632 0.051249
vt 0.590555 0.006342
vt 0.590601 0.651501
vt 0.551597 0.612816
vt 0.551619 0.044995
vt 0.491288 0.006593
vt 0.491463 0.650867
vt 0.491945 0.006801
vt 0.452571 0.612286
vt 0.452347 0.045256
vt 0.689566 0.004238
vt 0.689528 0.468873
vt 0.650291 0.429836
vt 0.650274 0.043301
vt 0.786733 0.318350
vt 0.786737 0.783072
vt 0.747404 0.743977
vt 0.747401 0.357448
vt 0.596877 0.002972
vt 0.596854 0.654679
vt 0.597518 0.003152
vt 0.597518 0.654469
vt 0.594901 0.652757
vt 0.594946 0.004705
vt 0.497769 0.003077
vt 0.497779 0.654240
vt 0.498420 0.003283
vt 0.498420 0.654060
vt 0.495848 0.652505
vt 0.495805 0.004995
vt 0.495164 0.006174
vt 0.694194 0.001752
vt 0.694185 0.471613
vt 0.694656 0.001882
vt 0.694656 0.471481
vt 0.692722 0.470389
vt 0.692728 0.003066
vt 0.791321 0.315964
vt 0.791321 0.785514
vt 0.791790 0.316112
vt 0.791790 0.785365
vt 0.789832 0.784050
vt 0.789832 0.317432
vt 0.492594 0.006905
vt 0.494524 0.006776
vt 0.641184 0.051205
vt 0.641188 0.422095
vt 0.599814 0.463226
vt 0.599806 0.010081
vt 0.599361 0.463084
vt 0.599360 0.010207
vt 0.442441 0.056984
vt 0.442484 0.600524
vt 0.401759 0.640925
vt 0.401661 0.016386
vt 0.401132 0.640749
vt 0.401047 0.016558
vt 0.541719 0.057106
vt 0.541676 0.600741
vt 0.500887 0.641386
vt 0.500927 0.016475
vt 0.500262 0.641189
vt 0.500312 0.016648
vt 0.738371 0.365418
vt 0.738325 0.736262
vt 0.696922 0.777471
vt 0.696967 0.324149
vt 0.696469 0.777328
vt 0.696514 0.324292
vt 0.551066 0.044934
vt 0.551005 0.044376
vt 0.747056 0.744012
vt 0.746640 0.743922
vt 0.689081 0.003520
vt 0.689575 0.003754
vt 0.590660 0.652154
vt 0.689711 0.003356
vt 0.649887 0.430239
vt 0.649931 0.429872
vt 0.451805 0.045196
vt 0.649508 0.429774
vt 0.491473 0.651529
vt 0.490799 0.651846
vt 0.786773 0.317883
vt 0.491657 0.652074
vt 0.550986 0.613432
vt 0.551046 0.612877
vt 0.649923 0.043266
vt 0.649503 0.043357
vt 0.689537 0.469273
vt 0.689203 0.469530
vt 0.451960 0.612896
vt 0.452024 0.612342
vt 0.747043 0.357407
vt 0.451369 0.612196
vt 0.589888 0.005357
vt 0.590567 0.005676
vt 0.786781 0.783531
vt 0.590753 0.005126
vt 0.594382 0.004467
vt 0.594219 0.003872
vt 0.789445 0.784239
vt 0.593892 0.004410
vt 0.693561 0.001032
vt 0.694123 0.001183
vt 0.694622 0.001329
vt 0.597512 0.655265
vt 0.596809 0.655528
vt 0.597453 0.655943
vt 0.596861 0.656276
vt 0.692308 0.470964
vt 0.692357 0.470591
vt 0.497681 0.655029
vt 0.496902 0.655238
vt 0.791288 0.315365
vt 0.791786 0.315550
vt 0.498372 0.654826
vt 0.498269 0.655471
vt 0.497679 0.655750
vt 0.692327 0.002896
vt 0.692213 0.002474
vt 0.594376 0.653014
vt 0.691978 0.002853
vt 0.694112 0.472193
vt 0.693540 0.472347
vt 0.497724 0.002247
vt 0.498414 0.002503
vt 0.694621 0.472044
vt 0.497774 0.001513
vt 0.498355 0.001839
vt 0.495119 0.653341
vt 0.495282 0.652744
vt 0.789446 0.317244
vt 0.494790 0.652802
vt 0.595999 0.001974
vt 0.596778 0.002184
vt 0.597469 0.002386
vt 0.791786 0.785928
vt 0.791288 0.786113
vt 0.596775 0.001462
vt 0.597366 0.001740
vt 0.641485 0.422205
vt 0.641586 0.422522
vt 0.442807 0.056832
vt 0.641737 0.422207
vt 0.599874 0.009532
vt 0.600416 0.009386
vt 0.500930 0.642184
vt 0.500269 0.641938
vt 0.599393 0.009674
vt 0.599465 0.009225
vt 0.599876 0.009031
vt 0.442909 0.600669
vt 0.443066 0.601127
vt 0.738650 0.365296
vt 0.443265 0.600653
vt 0.401756 0.015629
vt 0.402502 0.015428
vt 0.599846 0.463805
vt 0.599366 0.463626
vt 0.401093 0.015824
vt 0.599811 0.464316
vt 0.599406 0.464088
vt 0.641584 0.050776
vt 0.641482 0.051095
vt 0.542039 0.600891
vt 0.641734 0.051094
vt 0.501022 0.015718
vt 0.501769 0.015518
vt 0.696953 0.778049
vt 0.696473 0.777871
vt 0.500359 0.015913
vt 0.500458 0.015294
vt 0.501024 0.015027
vt 0.738660 0.736385
vt 0.738770 0.736733
vt 0.542025 0.056978
vt 0.542301 0.056958
vt 0.402616 0.641900
vt 0.401856 0.641695
vt 0.401180 0.641497
vt 0.696518 0.323749
vt 0.696998 0.323570
vt 0.401858 0.642400
vt 0.401281 0.642128
vt 0.427338 0.003782
vt 0.427600 0.003686
vt 0.427047 0.003840
vt 0.427338 0.003782
vt 0.414835 0.022462
vt 0.414512 0.022682
vt 0.415195 0.022380
vt 0.513984 0.022532
vt 0.514342 0.022447
vt 0.513984 0.022532
vt 0.526260 0.003808
vt 0.525962 0.003871
vt 0.515335 0.004225
vt 0.814671 0.812795
vt 0.814465 0.813173
vt 0.814834 0.812339
vt 0.814933 0.811764
vt 0.797024 0.251727
vt 0.797119 0.251023
vt 0.839891 0.585783
vt 0.839697 0.586188
vt 0.840035 0.585286
vt 0.840098 0.584636
vt 0.821459 0.024062
vt 0.821577 0.023363
vt 0.821362 0.024805
vt 0.821342 0.025575
vt 0.416424 0.004117
vt 0.427047 0.003841
vt 0.840163 0.005729
vt 0.840061 0.005161
vt 0.840163 0.005729
vt 0.542918 0.004326
vt 0.543175 0.004206
vt 0.542624 0.004393
vt 0.542918 0.004326
vt 0.649350 0.022064
vt 0.530733 0.022051
vt 0.530408 0.022317
vt 0.531097 0.021948
vt 0.635830 0.022041
vt 0.636195 0.021938
vt 0.648000 0.004303
vt 0.648257 0.004183
vt 0.647706 0.004370
vt 0.637121 0.004190
vt 0.662182 0.894954
vt 0.661948 0.895172
vt 0.662379 0.894674
vt 0.662500 0.894263
vt 0.646110 0.469576
vt 0.646283 0.468840
vt 0.616705 0.894825
vt 0.616457 0.895058
vt 0.616908 0.894515
vt 0.617013 0.894040
vt 0.602286 0.468502
vt 0.602439 0.467806
vt 0.532041 0.004194
vt 0.542624 0.004393
vt 0.648986 0.021964
vt 0.636195 0.021938
vt 0.617193 0.451644
vt 0.448264 0.022146
vt 0.447944 0.022367
vt 0.448624 0.022062
vt 0.432444 0.003946
vt 0.460429 0.004189
vt 0.460693 0.004100
vt 0.460131 0.004243
vt 0.449469 0.004071
vt 0.443965 0.004305
vt 0.444225 0.004218
vt 0.443675 0.004354
vt 0.865383 0.005432
vt 0.865224 0.004968
vt 0.847256 0.023818
vt 0.847370 0.023124
vt 0.847162 0.024557
vt 0.847256 0.023818
vt 0.847143 0.025324
vt 0.847162 0.024557
vt 0.865221 0.585545
vt 0.865032 0.585955
vt 0.865363 0.585045
vt 0.865425 0.584393
vt 0.865483 0.006003
vt 0.890215 0.888491
vt 0.890017 0.888900
vt 0.890363 0.887991
vt 0.890428 0.887337
vt 0.873561 0.326659
vt 0.873656 0.325980
vt 0.461364 0.022085
vt 0.448624 0.022062
vt 0.443675 0.004354
vt 0.890664 0.308958
vt 0.559943 0.003994
vt 0.560194 0.003867
vt 0.559658 0.004061
vt 0.559943 0.003994
vt 0.619022 0.022552
vt 0.619387 0.022448
vt 0.631494 0.003707
vt 0.631748 0.003573
vt 0.631207 0.003782
vt 0.620686 0.004081
vt 0.639892 0.872021
vt 0.639634 0.872242
vt 0.640104 0.871722
vt 0.640213 0.871253
vt 0.624758 0.445611
vt 0.624921 0.444904
vt 0.685026 0.918707
vt 0.684783 0.918913
vt 0.685231 0.918437
vt 0.685356 0.918033
vt 0.668236 0.493326
vt 0.668419 0.492578
vt 0.549126 0.003805
vt 0.559658 0.004061
vt 0.619387 0.022448
vt 0.685207 0.474724
s 1
usemtl FRAME_02_Mat
f 1970/1/1 54/2/2 55/3/3 1986/4/4
f 78/5/5 87/6/6 96/7/7 69/8/8
f 126/9/9 1975/10/10 2003/11/11 127/12/12
f 1978/13/13 138/14/14 139/15/15 2010/16/16
f 1982/17/17 156/18/18 157/19/19 2018/20/20
f 45/21/21 48/22/22 49/23/23 46/24/24
f 46/24/24 49/23/23 50/25/25 47/26/26
f 47/26/26 50/25/25 18/27/27 17/28/28
f 48/22/22 51/29/29 52/30/30 49/23/23
f 49/23/23 52/30/30 53/31/31 50/25/25
f 50/25/25 53/31/31 19/32/32 18/27/27
f 51/29/29 14/33/33 15/34/34 52/30/30
f 52/30/30 15/34/34 16/35/35 53/31/31
f 53/31/31 16/35/35 13/36/36 19/32/32
f 54/2/2 57/37/37 58/38/38 55/3/3
f 55/3/3 58/38/38 59/39/39 56/40/40
f 56/40/40 59/39/39 3/41/41 2/42/42
f 57/37/37 60/43/26 61/44/43 58/38/38
f 58/38/38 61/44/43 62/45/44 59/39/39
f 59/39/39 62/45/44 4/46/45 3/41/41
f 60/43/26 8/47/28 9/48/46 61/44/43
f 61/44/43 9/48/46 10/49/47 62/45/44
f 62/45/44 10/49/47 1/50/48 4/46/45
f 69/8/8 72/51/49 73/52/50 70/53/51
f 70/53/51 73/52/50 74/54/52 71/55/53
f 71/55/53 74/54/52 29/56/54 28/57/55
f 72/51/49 75/58/56 76/59/57 73/52/50
f 73/52/50 76/59/57 77/60/58 74/54/52
f 74/54/52 77/60/58 30/61/59 29/56/54
f 75/58/56 25/62/60 26/63/61 76/59/57
f 76/59/57 26/63/61 27/64/62 77/60/58
f 77/60/58 27/64/62 24/65/63 30/61/59
f 78/5/5 81/66/64 82/67/65 79/68/66
f 79/68/66 82/67/65 83/69/67 80/70/68
f 80/70/68 83/69/67 36/71/69 35/72/70
f 81/66/64 84/73/71 85/74/72 82/67/65
f 82/67/65 85/74/72 86/75/73 83/69/67
f 83/69/67 86/75/73 37/76/74 36/71/69
f 84/73/71 41/77/55 42/78/75 85/74/72
f 85/74/72 42/78/75 43/79/76 86/75/73
f 86/75/73 43/79/76 34/80/77 37/76/74
f 87/6/6 90/81/78 91/82/79 88/83/80
f 88/83/80 91/82/79 92/84/81 89/85/82
f 89/85/82 92/84/81 9/86/46 8/87/28
f 90/81/78 93/88/83 94/89/84 91/82/79
f 91/82/79 94/89/84 95/90/85 92/84/81
f 92/84/81 95/90/85 10/91/47 9/86/46
f 93/88/83 5/92/86 6/93/87 94/89/84
f 94/89/84 6/93/87 7/94/88 95/90/85
f 95/90/85 7/94/88 1/95/48 10/91/47
f 96/7/7 99/96/89 100/97/90 97/98/91
f 97/98/91 100/97/90 101/99/92 98/100/93
f 98/100/93 101/99/92 21/101/94 20/102/95
f 99/96/89 102/103/96 103/104/97 100/97/90
f 100/97/90 103/104/97 104/105/98 101/99/92
f 101/99/92 104/105/98 22/106/99 21/101/94
f 102/103/96 17/107/28 18/108/27 103/104/97
f 103/104/97 18/108/27 19/109/32 104/105/98
f 104/105/98 19/109/32 13/110/36 22/106/99
f 108/111/100 111/112/101 112/113/102 109/114/103
f 109/114/103 112/113/102 113/115/104 110/116/105
f 110/116/105 113/115/104 42/117/75 41/118/55
f 111/112/101 114/119/106 115/120/107 112/113/102
f 112/113/102 115/120/107 116/121/108 113/115/104
f 113/115/104 116/121/108 43/122/76 42/117/75
f 114/119/106 38/123/109 39/124/110 115/120/107
f 115/120/107 39/124/110 40/125/111 116/121/108
f 116/121/108 40/125/111 34/126/77 43/122/76
f 117/127/112 120/128/113 121/129/114 118/130/115
f 118/130/115 121/129/114 122/131/116 119/132/117
f 119/132/117 122/131/116 32/133/118 31/134/119
f 120/128/113 123/135/105 124/136/120 121/129/114
f 121/129/114 124/136/120 125/137/121 122/131/116
f 122/131/116 125/137/121 33/138/122 32/133/118
f 123/135/105 28/139/55 29/140/54 124/136/120
f 124/136/120 29/140/54 30/141/59 125/137/121
f 125/137/121 30/141/59 24/142/63 33/138/122
f 129/143/123 132/144/124 133/145/125 130/146/126
f 130/146/126 133/145/125 134/147/127 131/148/128
f 131/148/128 134/147/127 6/149/87 5/150/86
f 132/144/124 135/151/129 136/152/130 133/145/125
f 133/145/125 136/152/130 137/153/131 134/147/127
f 134/147/127 137/153/131 7/154/88 6/149/87
f 135/151/129 2/155/42 3/156/41 136/152/130
f 136/152/130 3/156/41 4/157/45 137/153/131
f 137/153/131 4/157/45 1/158/48 7/154/88
f 138/14/14 141/159/132 142/160/133 139/15/15
f 139/15/15 142/160/133 143/161/134 140/162/135
f 140/162/135 143/161/134 39/163/110 38/164/109
f 141/159/132 144/165/136 145/166/137 142/160/133
f 142/160/133 145/166/137 146/167/138 143/161/134
f 143/161/134 146/167/138 40/168/111 39/163/110
f 144/165/136 35/169/70 36/170/69 145/166/137
f 145/166/137 36/170/69 37/171/74 146/167/138
f 146/167/138 37/171/74 34/172/77 40/168/111
f 159/173/139 162/174/140 163/175/141 160/176/142
f 160/176/142 163/175/141 164/177/143 161/178/144
f 161/178/144 164/177/143 26/179/61 25/180/60
f 162/174/140 165/181/145 166/182/146 163/175/141
f 163/175/141 166/182/146 167/183/147 164/177/143
f 164/177/143 167/183/147 27/184/62 26/179/61
f 165/181/145 31/185/119 32/186/118 166/182/146
f 166/182/146 32/186/118 33/187/122 167/183/147
f 167/183/147 33/187/122 24/188/63 27/184/62
f 168/189/148 171/190/149 172/191/150 169/192/151
f 169/192/151 172/191/150 173/193/152 170/194/153
f 170/194/153 173/193/152 15/195/34 14/196/33
f 171/190/149 174/197/154 175/198/155 172/191/150
f 172/191/150 175/198/155 176/199/156 173/193/152
f 173/193/152 176/199/156 16/200/35 15/195/34
f 174/197/154 20/201/95 21/202/94 175/198/155
f 175/198/155 21/202/94 22/203/99 176/199/156
f 176/199/156 22/203/99 13/204/36 16/200/35
f 54/2/2 45/21/21 46/24/24 57/37/37
f 57/37/37 46/24/24 47/26/26 60/43/26
f 60/43/26 47/26/26 17/28/28 8/47/28
f 45/21/21 1971/205/157 1991/206/158 48/22/22
f 65/207/159 1987/208/160 1989/209/161 11/210/162
f 2016/211/163 152/212/164 11/213/162 1989/214/161
f 108/111/100 117/127/112 1976/215/10 1973/216/165
f 51/29/29 1993/217/166 1995/218/167 14/33/33
f 2024/219/168 170/194/153 14/196/33 1995/220/167
f 78/5/5 69/8/8 70/53/51 81/66/64
f 81/66/64 70/53/51 71/55/53 84/73/71
f 84/73/71 71/55/53 28/57/55 41/77/55
f 87/6/6 78/5/5 79/68/66 90/81/78
f 90/81/78 79/68/66 80/70/68 93/88/83
f 93/88/83 80/70/68 35/72/70 5/92/86
f 96/7/7 87/6/6 88/83/80 99/96/89
f 99/96/89 88/83/80 89/85/82 102/103/96
f 102/103/96 89/85/82 8/87/28 17/107/28
f 69/8/8 96/7/7 97/98/91 72/51/49
f 72/51/49 97/98/91 98/100/93 75/58/56
f 75/58/56 98/100/93 20/102/95 25/62/60
f 108/111/100 1973/216/165 1997/221/169 111/112/101
f 114/119/106 1999/222/170 2001/223/171 38/123/109
f 2012/224/172 140/162/135 38/164/109 2001/225/171
f 117/127/112 108/111/100 109/114/103 120/128/113
f 120/128/113 109/114/103 110/116/105 123/135/105
f 123/135/105 110/116/105 41/118/55 28/139/55
f 147/226/173 1977/227/13 2009/228/174 148/229/175
f 128/230/176 2005/231/177 2007/232/178 44/233/179
f 2020/234/180 158/235/181 44/236/179 2007/237/178
f 138/14/14 129/143/123 130/146/126 141/159/132
f 141/159/132 130/146/126 131/148/128 144/165/136
f 144/165/136 131/148/128 5/150/86 35/169/70
f 129/143/123 1979/238/182 2013/239/183 132/144/124
f 132/144/124 2013/239/183 2015/240/184 135/151/129
f 149/241/185 2011/242/186 2002/243/187 23/244/188
f 159/173/139 1981/245/189 2017/246/190 162/174/140
f 162/174/140 2017/247/190 2019/248/191 165/181/145
f 135/151/129 2015/240/184 1990/249/192 2/155/42
f 153/250/193 1983/251/194 2021/252/195 154/253/196
f 154/253/196 2021/254/195 2023/255/197 155/256/198
f 165/181/145 2019/248/191 2008/257/199 31/185/119
f 168/189/148 159/173/139 160/176/142 171/190/149
f 171/190/149 160/176/142 161/178/144 174/197/154
f 174/197/154 161/178/144 25/180/60 20/201/95
f 64/258/200 1985/259/201 1987/208/160 65/207/159
f 155/256/198 2023/260/197 1996/261/202 12/262/203
f 68/263/204 67/264/205 206/265/206 208/266/207
f 149/241/185 23/244/188 277/267/208 298/268/209
f 67/264/205 66/269/210 178/270/211 206/265/206
f 128/230/176 44/233/179 290/271/212 287/272/213
f 148/229/175 149/241/185 298/268/209 293/273/214
f 65/207/159 11/210/162 200/274/215 196/275/216
f 127/12/12 128/230/176 287/272/213 282/276/217
f 44/236/179 158/235/181 321/277/218 290/278/212
f 147/226/173 148/229/175 293/273/214 185/279/219
f 158/235/181 157/19/19 319/280/220 321/277/218
f 64/258/200 65/207/159 196/275/216 189/281/221
f 66/269/210 63/282/222 177/283/223 178/270/211
f 157/19/19 156/18/18 188/284/224 319/280/220
f 126/9/9 127/12/12 282/276/217 183/285/225
f 23/286/188 107/287/226 275/288/227 277/289/208
f 155/256/198 12/262/203 210/290/228 314/291/229
f 107/287/226 106/292/230 273/293/231 275/288/227
f 63/282/222 64/258/200 189/281/221 177/283/223
f 156/18/18 153/250/193 187/294/232 188/284/224
f 106/292/230 105/295/233 184/296/234 273/293/231
f 154/253/196 155/256/198 314/291/229 309/297/235
f 150/298/236 147/226/173 185/279/219 186/299/237
f 11/213/162 152/212/164 305/300/238 200/301/215
f 153/250/193 154/253/196 309/297/235 187/294/232
f 105/295/233 126/9/9 183/285/225 184/296/234
f 152/212/164 151/302/239 303/303/240 305/300/238
f 151/302/239 150/298/236 186/299/237 303/303/240
f 12/304/203 68/263/204 208/266/207 210/305/228
f 180/306/241 181/307/242 182/308/242 179/309/243
f 177/283/223 189/281/221 190/310/244 191/311/245
f 191/311/245 190/310/244 192/312/246 193/313/247
f 193/313/247 192/312/246 194/314/248 195/315/249
f 189/281/221 196/275/216 197/316/250 190/310/244
f 190/310/244 197/316/250 198/317/251 192/312/246
f 192/312/246 198/317/251 199/318/252 194/314/248
f 196/275/216 200/274/215 201/319/253 197/316/250
f 197/316/250 201/319/253 202/320/254 198/317/251
f 198/317/251 202/320/254 203/321/255 199/318/252
f 178/270/211 204/322/256 205/323/257 206/265/206
f 206/265/206 205/323/257 207/324/258 208/266/207
f 208/266/207 207/324/258 209/325/259 210/305/228
f 204/322/256 211/326/247 212/327/260 205/323/257
f 205/323/257 212/327/260 213/328/261 207/324/258
f 207/324/258 213/328/261 214/329/262 209/325/259
f 211/326/247 215/330/263 216/331/264 212/327/260
f 212/327/260 216/331/264 217/332/265 213/328/261
f 213/328/261 217/332/265 218/333/266 214/329/262
f 179/309/243 219/334/267 220/335/268 221/336/269
f 221/336/269 220/335/268 222/337/270 223/338/271
f 223/338/271 222/337/270 224/339/272 225/340/273
f 219/334/267 226/341/274 227/342/275 220/335/268
f 220/335/268 227/342/275 228/343/276 222/337/270
f 222/337/270 228/343/276 229/344/277 224/339/272
f 226/341/274 230/345/278 231/346/279 227/342/275
f 227/342/275 231/346/279 232/347/280 228/343/276
f 228/343/276 232/347/280 233/348/281 229/344/277
f 180/306/241 234/349/282 235/350/283 236/351/284
f 236/351/284 235/350/283 237/352/285 238/353/286
f 238/353/286 237/352/285 239/354/287 240/355/288
f 234/349/282 241/356/289 242/357/290 235/350/283
f 235/350/283 242/357/290 243/358/291 237/352/285
f 237/352/285 243/358/291 244/359/292 239/354/287
f 241/356/289 245/360/293 246/361/294 242/357/290
f 242/357/290 246/361/294 247/362/295 243/358/291
f 243/358/291 247/362/295 248/363/296 244/359/292
f 181/307/242 249/364/297 250/365/298 251/366/299
f 251/366/299 250/365/298 252/367/300 253/368/301
f 253/368/301 252/367/300 216/369/264 215/370/263
f 249/364/297 254/371/302 255/372/303 250/365/298
f 250/365/298 255/372/303 256/373/304 252/367/300
f 252/367/300 256/373/304 217/374/265 216/369/264
f 254/371/302 257/375/305 258/376/306 255/372/303
f 255/372/303 258/376/306 259/377/307 256/373/304
f 256/373/304 259/377/307 218/378/266 217/374/265
f 182/308/242 260/379/299 261/380/308 262/381/309
f 262/381/309 261/380/308 263/382/310 264/383/311
f 264/383/311 263/382/310 265/384/312 266/385/313
f 260/379/299 267/386/314 268/387/315 261/380/308
f 261/380/308 268/387/315 269/388/316 263/382/310
f 263/382/310 269/388/316 270/389/317 265/384/312
f 267/386/314 195/390/249 194/391/248 268/387/315
f 268/387/315 194/391/248 199/392/252 269/388/316
f 269/388/316 199/392/252 203/393/255 270/389/317
f 184/296/234 271/394/318 272/395/319 273/293/231
f 273/293/231 272/395/319 274/396/320 275/288/227
f 275/288/227 274/396/320 276/397/321 277/289/208
f 271/394/318 278/398/322 279/399/323 272/395/319
f 272/395/319 279/399/323 280/400/324 274/396/320
f 274/396/320 280/400/324 281/401/325 276/397/321
f 278/398/322 225/402/273 224/403/272 279/399/323
f 279/399/323 224/403/272 229/404/277 280/400/324
f 280/400/324 229/404/277 233/405/281 281/401/325
f 183/285/225 282/276/217 283/406/326 284/407/327
f 284/407/327 283/406/326 285/408/328 286/409/322
f 286/409/322 285/408/328 246/410/294 245/411/293
f 282/276/217 287/272/213 288/412/329 283/406/326
f 283/406/326 288/412/329 289/413/330 285/408/328
f 285/408/328 289/413/330 247/414/295 246/410/294
f 287/272/213 290/271/212 291/415/331 288/412/329
f 288/412/329 291/415/331 292/416/332 289/413/330
f 289/413/330 292/416/332 248/417/296 247/414/295
f 185/279/219 293/273/214 294/418/333 295/419/334
f 295/419/334 294/418/333 296/420/335 297/421/336
f 297/421/336 296/420/335 231/422/279 230/423/278
f 293/273/214 298/268/209 299/424/337 294/418/333
f 294/418/333 299/424/337 300/425/338 296/420/335
f 296/420/335 300/425/338 232/426/280 231/422/279
f 298/268/209 277/267/208 276/427/321 299/424/337
f 299/424/337 276/427/321 281/428/325 300/425/338
f 300/425/338 281/428/325 233/429/281 232/426/280
f 186/299/237 301/430/339 302/431/340 303/303/240
f 303/303/240 302/431/340 304/432/341 305/300/238
f 305/300/238 304/432/341 201/433/253 200/301/215
f 301/430/339 306/434/342 307/435/343 302/431/340
f 302/431/340 307/435/343 308/436/344 304/432/341
f 304/432/341 308/436/344 202/437/254 201/433/253
f 306/434/342 266/438/313 265/439/312 307/435/343
f 307/435/343 265/439/312 270/440/317 308/436/344
f 308/436/344 270/440/317 203/441/255 202/437/254
f 187/294/232 309/297/235 310/442/345 311/443/346
f 311/443/346 310/442/345 312/444/347 313/445/348
f 313/445/348 312/444/347 258/446/306 257/447/305
f 309/297/235 314/291/229 315/448/349 310/442/345
f 310/442/345 315/448/349 316/449/350 312/444/347
f 312/444/347 316/449/350 259/450/307 258/446/306
f 314/291/229 210/290/228 209/451/259 315/448/349
f 315/448/349 209/451/259 214/452/262 316/449/350
f 316/449/350 214/452/262 218/453/266 259/450/307
f 188/284/224 317/454/351 318/455/352 319/280/220
f 319/280/220 318/455/352 320/456/353 321/277/218
f 321/277/218 320/456/353 291/457/331 290/278/212
f 317/454/351 322/458/354 323/459/355 318/455/352
f 318/455/352 323/459/355 324/460/356 320/456/353
f 320/456/353 324/460/356 292/461/332 291/457/331
f 322/458/354 240/462/288 239/463/287 323/459/355
f 323/459/355 239/463/287 244/464/292 324/460/356
f 324/460/356 244/464/292 248/465/296 292/461/332
f 178/270/211 177/283/223 191/311/245 204/322/256
f 204/322/256 191/311/245 193/313/247 211/326/247
f 211/326/247 193/313/247 195/315/249 215/330/263
f 180/306/241 179/309/243 221/336/269 234/349/282
f 234/349/282 221/336/269 223/338/271 241/356/289
f 241/356/289 223/338/271 225/340/273 245/360/293
f 181/307/242 180/306/241 236/351/284 249/364/297
f 249/364/297 236/351/284 238/353/286 254/371/302
f 254/371/302 238/353/286 240/355/288 257/375/305
f 182/308/242 181/307/242 251/366/299 260/379/299
f 260/379/299 251/366/299 253/368/301 267/386/314
f 267/386/314 253/368/301 215/370/263 195/390/249
f 179/309/243 182/308/242 262/381/309 219/334/267
f 219/334/267 262/381/309 264/383/311 226/341/274
f 226/341/274 264/383/311 266/385/313 230/345/278
f 184/296/234 183/285/225 284/407/327 271/394/318
f 271/394/318 284/407/327 286/409/322 278/398/322
f 278/398/322 286/409/322 245/411/293 225/402/273
f 186/299/237 185/279/219 295/419/334 301/430/339
f 301/430/339 295/419/334 297/421/336 306/434/342
f 306/434/342 297/421/336 230/423/278 266/438/313
f 188/284/224 187/294/232 311/443/346 317/454/351
f 317/454/351 311/443/346 313/445/348 322/458/354
f 322/458/354 313/445/348 257/447/305 240/462/288
f 1914/466/357 378/467/358 379/468/359 1930/469/360
f 402/470/361 411/471/362 420/472/362 393/473/363
f 1918/474/364 438/475/365 439/476/366 1942/477/367
f 1922/478/368 456/479/369 457/480/370 1954/481/371
f 1926/482/372 486/483/373 487/484/374 1962/485/375
f 369/486/376 372/487/377 373/488/378 370/489/379
f 370/489/379 373/488/378 374/490/380 371/491/381
f 371/491/381 374/490/380 351/492/382 350/493/383
f 372/487/377 375/494/384 376/495/385 373/488/378
f 373/488/378 376/495/385 377/496/386 374/490/380
f 374/490/380 377/496/386 352/497/387 351/492/382
f 375/494/384 356/498/388 357/499/389 376/495/385
f 376/495/385 357/499/389 358/500/390 377/496/386
f 377/496/386 358/500/390 349/501/391 352/497/387
f 378/467/358 381/502/379 382/503/392 379/468/359
f 379/468/359 382/503/392 383/504/393 380/505/394
f 380/505/394 383/504/393 364/506/395 363/507/396
f 381/502/379 384/508/381 385/509/397 382/503/392
f 382/503/392 385/509/397 386/510/398 383/504/393
f 383/504/393 386/510/398 365/511/399 364/506/395
f 384/508/381 360/512/400 361/513/401 385/509/397
f 385/509/397 361/513/401 362/514/402 386/510/398
f 386/510/398 362/514/402 359/515/403 365/511/399
f 393/473/363 396/516/404 397/517/405 394/518/406
f 394/518/406 397/517/405 398/519/407 395/520/408
f 395/520/408 398/519/407 329/521/409 328/522/410
f 396/516/404 399/523/411 400/524/412 397/517/405
f 397/517/405 400/524/412 401/525/413 398/519/407
f 398/519/407 401/525/413 330/526/414 329/521/409
f 399/523/411 334/527/415 335/528/416 400/524/412
f 400/524/412 335/528/416 336/529/417 401/525/413
f 401/525/413 336/529/417 327/530/418 330/526/414
f 402/470/361 405/531/419 406/532/420 403/533/421
f 403/533/421 406/532/420 407/534/422 404/535/423
f 404/535/423 407/534/422 342/536/424 341/537/425
f 405/531/419 408/538/408 409/539/426 406/532/420
f 406/532/420 409/539/426 410/540/427 407/534/422
f 407/534/422 410/540/427 343/541/428 342/536/424
f 408/538/408 338/542/429 339/543/430 409/539/426
f 409/539/426 339/543/430 340/544/431 410/540/427
f 410/540/427 340/544/431 337/545/432 343/541/428
f 411/471/362 414/546/433 415/547/434 412/548/435
f 412/548/435 415/547/434 416/549/436 413/550/437
f 413/550/437 416/549/436 361/551/401 360/552/400
f 414/546/433 417/553/438 418/554/439 415/547/434
f 415/547/434 418/554/439 419/555/440 416/549/436
f 416/549/436 419/555/440 362/556/402 361/551/401
f 417/553/438 366/557/441 367/558/442 418/554/439
f 418/554/439 367/558/442 368/559/443 419/555/440
f 419/555/440 368/559/443 359/560/403 362/556/402
f 420/472/362 423/561/444 424/562/445 421/563/446
f 421/563/446 424/562/445 425/564/447 422/565/448
f 422/565/448 425/564/447 354/566/449 353/567/450
f 423/561/444 426/568/451 427/569/452 424/562/445
f 424/562/445 427/569/452 428/570/453 425/564/447
f 425/564/447 428/570/453 355/571/454 354/566/449
f 426/568/451 350/572/383 351/573/382 427/569/452
f 427/569/452 351/573/382 352/574/387 428/570/453
f 428/570/453 352/574/387 349/575/391 355/571/454
f 429/576/455 432/577/456 433/578/457 430/579/458
f 430/579/458 433/578/457 434/580/459 431/581/460
f 431/581/460 434/580/459 339/582/430 338/583/429
f 432/577/456 435/584/461 436/585/462 433/578/457
f 433/578/457 436/585/462 437/586/463 434/580/459
f 434/580/459 437/586/463 340/587/431 339/582/430
f 435/584/461 344/588/464 345/589/465 436/585/462
f 436/585/462 345/589/465 346/590/466 437/586/463
f 437/586/463 346/590/466 337/591/432 340/587/431
f 438/475/365 441/592/467 442/593/468 439/476/366
f 439/476/366 442/593/468 443/594/469 440/595/470
f 440/595/470 443/594/469 332/596/471 331/597/472
f 441/592/467 444/598/473 445/599/474 442/593/468
f 442/593/468 445/599/474 446/600/475 443/594/469
f 443/594/469 446/600/475 333/601/476 332/596/471
f 444/598/473 328/602/410 329/603/409 445/599/474
f 445/599/474 329/603/409 330/604/414 446/600/475
f 446/600/475 330/604/414 327/605/418 333/601/476
f 390/606/477 387/607/478 501/608/479 502/609/480
f 495/610/481 496/611/482 633/612/483 511/613/484
f 325/614/485 452/615/486 610/616/487 612/617/488
f 389/618/489 347/619/490 524/620/491 520/621/492
f 455/622/493 348/623/494 534/624/495 622/625/496
f 452/615/486 451/626/497 608/627/498 610/616/487
f 451/626/497 450/628/499 508/629/500 608/627/498
f 388/630/501 389/618/489 520/621/492 513/631/502
f 454/632/503 455/622/493 622/625/496 617/633/504
f 498/634/505 495/610/481 511/613/484 512/635/506
f 449/636/507 326/637/508 603/638/509 600/639/510
f 456/479/369 453/640/511 509/641/512 510/642/513
f 453/640/511 454/632/503 617/633/504 509/641/512
f 459/643/514 462/644/515 463/645/516 460/646/517
f 460/646/517 463/645/516 464/647/518 461/648/519
f 461/648/519 464/647/518 335/649/416 334/650/415
f 462/644/515 465/651/520 466/652/521 463/645/516
f 463/645/516 466/652/521 467/653/522 464/647/518
f 464/647/518 467/653/522 336/654/417 335/649/416
f 465/651/520 331/655/472 332/656/471 466/652/521
f 466/652/521 332/656/471 333/657/476 467/653/522
f 467/653/522 333/657/476 327/658/418 336/654/417
f 468/659/523 471/660/524 472/661/525 469/662/526
f 469/662/526 472/661/525 473/663/527 470/664/528
f 470/664/528 473/663/527 357/665/389 356/666/388
f 471/660/524 474/667/529 475/668/530 472/661/525
f 472/661/525 475/668/530 476/669/531 473/663/527
f 473/663/527 476/669/531 358/670/390 357/665/389
f 474/667/529 353/671/450 354/672/449 475/668/530
f 475/668/530 354/672/449 355/673/454 476/669/531
f 476/669/531 355/673/454 349/674/391 358/670/390
f 477/675/532 480/676/533 481/677/534 478/678/535
f 478/678/535 481/677/534 482/679/536 479/680/537
f 479/680/537 482/679/536 367/681/442 366/682/441
f 480/676/533 483/683/538 484/684/539 481/677/534
f 481/677/534 484/684/539 485/685/540 482/679/536
f 482/679/536 485/685/540 368/686/443 367/681/442
f 483/683/538 363/687/396 364/688/395 484/684/539
f 484/684/539 364/688/395 365/689/399 485/685/540
f 485/685/540 365/689/399 359/690/403 368/686/443
f 486/483/373 489/691/541 490/692/542 487/484/374
f 487/484/374 490/692/542 491/693/543 488/694/544
f 488/694/544 491/693/543 345/695/465 344/696/464
f 489/691/541 492/697/545 493/698/546 490/692/542
f 490/692/542 493/698/546 494/699/547 491/693/543
f 491/693/543 494/699/547 346/700/466 345/695/465
f 492/697/545 341/701/425 342/702/424 493/698/546
f 493/698/546 342/702/424 343/703/428 494/699/547
f 494/699/547 343/703/428 337/704/432 346/700/466
f 387/607/478 388/630/501 513/631/502 501/608/479
f 448/705/548 449/636/507 600/639/510 595/706/549
f 347/707/490 500/708/550 645/709/551 524/710/491
f 500/708/550 499/711/552 643/712/553 645/709/551
f 378/467/358 369/486/376 370/489/379 381/502/379
f 381/502/379 370/489/379 371/491/381 384/508/381
f 384/508/381 371/491/381 350/493/383 360/512/400
f 369/486/376 1915/713/554 1935/714/555 372/487/377
f 389/618/489 1931/715/556 1933/716/557 347/619/490
f 1968/717/558 500/708/550 347/707/490 1933/718/557
f 447/719/559 1917/720/364 1941/721/367 448/705/548
f 375/494/384 1937/722/560 1939/723/561 356/498/388
f 1960/724/562 470/664/528 356/666/388 1939/725/561
f 499/711/552 498/634/505 512/635/506 643/712/553
f 450/628/499 447/719/559 507/726/563 508/629/500
f 447/719/559 448/705/548 595/706/549 507/726/563
f 497/727/564 325/728/485 612/729/488 638/730/565
f 348/731/494 392/732/566 532/733/567 534/734/495
f 392/732/566 391/735/568 530/736/569 532/733/567
f 402/470/361 393/473/363 394/518/406 405/531/419
f 405/531/419 394/518/406 395/520/408 408/538/408
f 408/538/408 395/520/408 328/522/410 338/542/429
f 411/471/362 402/470/361 403/533/421 414/546/433
f 414/546/433 403/533/421 404/535/423 417/553/438
f 417/553/438 404/535/423 341/537/425 366/557/441
f 420/472/362 411/471/362 412/548/435 423/561/444
f 423/561/444 412/548/435 413/550/437 426/568/451
f 426/568/451 413/550/437 360/552/400 350/572/383
f 393/473/363 420/472/362 421/563/446 396/516/404
f 396/516/404 421/563/446 422/565/448 399/523/411
f 399/523/411 422/565/448 353/567/450 334/527/415
f 438/475/365 429/576/455 430/579/458 441/592/467
f 441/592/467 430/579/458 431/581/460 444/598/473
f 444/598/473 431/581/460 338/583/429 328/602/410
f 429/576/455 1919/737/570 1947/738/571 432/577/456
f 449/636/507 1943/739/572 1945/740/573 326/637/508
f 1956/741/574 458/742/575 326/743/508 1945/744/573
f 496/611/482 497/727/564 638/730/565 633/612/483
f 459/643/514 1921/745/368 1953/746/576 462/644/515
f 435/584/461 1949/747/577 1951/748/578 344/588/464
f 1964/749/579 488/694/544 344/696/464 1951/750/578
f 391/735/568 390/606/477 502/609/480 530/736/569
f 326/743/508 458/742/575 629/751/580 603/752/509
f 458/742/575 457/480/370 627/753/581 629/751/580
f 453/640/511 1923/754/582 1957/755/583 454/632/503
f 454/632/503 1957/756/583 1959/757/584 455/622/493
f 465/651/520 1955/758/585 1946/759/586 331/655/472
f 468/659/523 459/643/514 460/646/517 471/660/524
f 471/660/524 460/646/517 461/648/519 474/667/529
f 474/667/529 461/648/519 334/650/415 353/671/450
f 495/610/481 1925/760/372 1961/761/587 496/611/482
f 496/611/482 1961/762/587 1963/763/588 497/727/564
f 455/622/493 1959/757/584 1940/764/589 348/623/494
f 486/483/373 477/675/532 478/678/535 489/691/541
f 489/691/541 478/678/535 479/680/537 492/697/545
f 492/697/545 479/680/537 366/682/441 341/701/425
f 477/675/532 1927/765/590 1965/766/591 480/676/533
f 480/676/533 1965/767/591 1967/768/592 483/683/538
f 497/727/564 1963/769/588 1952/770/593 325/728/485
f 457/480/370 456/479/369 510/642/513 627/753/581
f 388/630/501 1929/771/360 1931/715/556 389/618/489
f 483/683/538 1967/768/592 1934/772/594 363/687/396
f 504/773/595 505/774/596 506/775/596 503/776/595
f 501/608/479 513/631/502 514/777/597 515/778/598
f 515/778/598 514/777/597 516/779/599 517/780/600
f 517/780/600 516/779/599 518/781/601 519/782/602
f 513/631/502 520/621/492 521/783/603 514/777/597
f 514/777/597 521/783/603 522/784/604 516/779/599
f 516/779/599 522/784/604 523/785/605 518/781/601
f 520/621/492 524/620/491 525/786/606 521/783/603
f 521/783/603 525/786/606 526/787/607 522/784/604
f 522/784/604 526/787/607 527/788/608 523/785/605
f 502/609/480 528/789/598 529/790/609 530/736/569
f 530/736/569 529/790/609 531/791/610 532/733/567
f 532/733/567 531/791/610 533/792/611 534/734/495
f 528/789/598 535/793/612 536/794/613 529/790/609
f 529/790/609 536/794/613 537/795/614 531/791/610
f 531/791/610 537/795/614 538/796/615 533/792/611
f 535/793/612 539/797/616 540/798/617 536/794/613
f 536/794/613 540/798/617 541/799/618 537/795/614
f 537/795/614 541/799/618 542/800/619 538/796/615
f 503/776/595 543/801/620 544/802/621 545/803/622
f 545/803/622 544/802/621 546/804/623 547/805/624
f 547/805/624 546/804/623 548/806/625 549/807/626
f 543/801/620 550/808/627 551/809/628 544/802/621
f 544/802/621 551/809/628 552/810/629 546/804/623
f 546/804/623 552/810/629 553/811/630 548/806/625
f 550/808/627 554/812/631 555/813/632 551/809/628
f 551/809/628 555/813/632 556/814/633 552/810/629
f 552/810/629 556/814/633 557/815/634 553/811/630
f 504/773/595 558/816/622 559/817/635 560/818/636
f 560/818/636 559/817/635 561/819/637 562/820/638
f 562/820/638 561/819/637 563/821/639 564/822/640
f 558/816/622 565/823/641 566/824/642 559/817/635
f 559/817/635 566/824/642 567/825/643 561/819/637
f 561/819/637 567/825/643 568/826/644 563/821/639
f 565/823/641 569/827/645 570/828/646 566/824/642
f 566/824/642 570/828/646 571/829/647 567/825/643
f 567/825/643 571/829/647 572/830/648 568/826/644
f 505/774/596 573/831/649 574/832/650 575/833/651
f 575/833/651 574/832/650 576/834/652 577/835/653
f 577/835/653 576/834/652 540/836/617 539/837/616
f 573/831/649 578/838/654 579/839/655 574/832/650
f 574/832/650 579/839/655 580/840/656 576/834/652
f 576/834/652 580/840/656 541/841/618 540/836/617
f 578/838/654 581/842/657 582/843/658 579/839/655
f 579/839/655 582/843/658 583/844/659 580/840/656
f 580/840/656 583/844/659 542/845/619 541/841/618
f 506/775/596 584/846/660 585/847/661 586/848/662
f 586/848/662 585/847/661 587/849/663 588/850/664
f 588/850/664 587/849/663 589/851/665 590/852/666
f 584/846/660 591/853/667 592/854/668 585/847/661
f 585/847/661 592/854/668 593/855/669 587/849/663
f 587/849/663 593/855/669 594/856/670 589/851/665
f 591/853/667 519/857/602 518/858/601 592/854/668
f 592/854/668 518/858/601 523/859/605 593/855/669
f 593/855/669 523/859/605 527/860/608 594/856/670
f 507/726/563 595/706/549 596/861/671 597/862/672
f 597/862/672 596/861/671 598/863/673 599/864/674
f 599/864/674 598/863/673 570/865/646 569/866/645
f 595/706/549 600/639/510 601/867/675 596/861/671
f 596/861/671 601/867/675 602/868/676 598/863/673
f 598/863/673 602/868/676 571/869/647 570/865/646
f 600/639/510 603/638/509 604/870/677 601/867/675
f 601/867/675 604/870/677 605/871/678 602/868/676
f 602/868/676 605/871/678 572/872/648 571/869/647
f 508/629/500 606/873/672 607/874/679 608/627/498
f 608/627/498 607/874/679 609/875/680 610/616/487
f 610/616/487 609/875/680 611/876/681 612/617/488
f 606/873/672 613/877/674 614/878/682 607/874/679
f 607/874/679 614/878/682 615/879/683 609/875/680
f 609/875/680 615/879/683 616/880/684 611/876/681
f 613/877/674 549/881/626 548/882/625 614/878/682
f 614/878/682 548/882/625 553/883/630 615/879/683
f 615/879/683 553/883/630 557/884/634 616/880/684
f 509/641/512 617/633/504 618/885/685 619/886/686
f 619/886/686 618/885/685 620/887/687 621/888/688
f 621/888/688 620/887/687 582/889/658 581/890/657
f 617/633/504 622/625/496 623/891/689 618/885/685
f 618/885/685 623/891/689 624/892/690 620/887/687
f 620/887/687 624/892/690 583/893/659 582/889/658
f 622/625/496 534/624/495 533/894/611 623/891/689
f 623/891/689 533/894/611 538/895/615 624/892/690
f 624/892/690 538/895/615 542/896/619 583/893/659
f 510/642/513 625/897/691 626/898/692 627/753/581
f 627/753/581 626/898/692 628/899/693 629/751/580
f 629/751/580 628/899/693 604/900/677 603/752/509
f 625/897/691 630/901/694 631/902/695 626/898/692
f 626/898/692 631/902/695 632/903/696 628/899/693
f 628/899/693 632/903/696 605/904/678 604/900/677
f 630/901/694 564/905/640 563/906/639 631/902/695
f 631/902/695 563/906/639 568/907/644 632/903/696
f 632/903/696 568/907/644 572/908/648 605/904/678
f 511/613/484 633/612/483 634/909/697 635/910/698
f 635/910/698 634/909/697 636/911/699 637/912/700
f 637/912/700 636/911/699 555/913/632 554/914/631
f 633/612/483 638/730/565 639/915/701 634/909/697
f 634/909/697 639/915/701 640/916/702 636/911/699
f 636/911/699 640/916/702 556/917/633 555/913/632
f 638/730/565 612/729/488 611/918/681 639/915/701
f 639/915/701 611/918/681 616/919/684 640/916/702
f 640/916/702 616/919/684 557/920/634 556/917/633
f 512/635/506 641/921/703 642/922/704 643/712/553
f 643/712/553 642/922/704 644/923/705 645/709/551
f 645/709/551 644/923/705 525/924/606 524/710/491
f 641/921/703 646/925/706 647/926/707 642/922/704
f 642/922/704 647/926/707 648/927/708 644/923/705
f 644/923/705 648/927/708 526/928/607 525/924/606
f 646/925/706 590/929/666 589/930/665 647/926/707
f 647/926/707 589/930/665 594/931/670 648/927/708
f 648/927/708 594/931/670 527/932/608 526/928/607
f 502/609/480 501/608/479 515/778/598 528/789/598
f 528/789/598 515/778/598 517/780/600 535/793/612
f 535/793/612 517/780/600 519/782/602 539/797/616
f 504/773/595 503/776/595 545/803/622 558/816/622
f 558/816/622 545/803/622 547/805/624 565/823/641
f 565/823/641 547/805/624 549/807/626 569/827/645
f 505/774/596 504/773/595 560/818/636 573/831/649
f 573/831/649 560/818/636 562/820/638 578/838/654
f 578/838/654 562/820/638 564/822/640 581/842/657
f 506/775/596 505/774/596 575/833/651 584/846/660
f 584/846/660 575/833/651 577/835/653 591/853/667
f 591/853/667 577/835/653 539/837/616 519/857/602
f 503/776/595 506/775/596 586/848/662 543/801/620
f 543/801/620 586/848/662 588/850/664 550/808/627
f 550/808/627 588/850/664 590/852/666 554/812/631
f 508/629/500 507/726/563 597/862/672 606/873/672
f 606/873/672 597/862/672 599/864/674 613/877/674
f 613/877/674 599/864/674 569/866/645 549/881/626
f 510/642/513 509/641/512 619/886/686 625/897/691
f 625/897/691 619/886/686 621/888/688 630/901/694
f 630/901/694 621/888/688 581/890/657 564/905/640
f 512/635/506 511/613/484 635/910/698 641/921/703
f 641/921/703 635/910/698 637/912/700 646/925/706
f 646/925/706 637/912/700 554/914/631 590/929/666
f 1858/933/157 702/934/709 703/935/710 1874/936/711
f 726/937/243 735/938/712 744/939/713 717/940/714
f 1862/941/165 762/942/715 763/943/716 1886/944/717
f 1866/945/718 780/946/719 781/947/720 1898/948/721
f 1870/949/722 810/950/723 811/951/724 1906/952/725
f 693/953/726 696/954/727 697/955/728 694/956/729
f 694/956/729 697/955/728 698/957/730 695/958/731
f 695/958/731 698/957/730 655/959/732 654/960/733
f 696/954/727 699/961/734 700/962/735 697/955/728
f 697/955/728 700/962/735 701/963/736 698/957/730
f 698/957/730 701/963/736 656/964/737 655/959/732
f 699/961/734 651/965/738 652/966/739 700/962/735
f 700/962/735 652/966/739 653/967/740 701/963/736
f 701/963/736 653/967/740 650/968/741 656/964/737
f 702/934/709 705/969/742 706/970/743 703/935/710
f 703/935/710 706/970/743 707/971/744 704/972/745
f 704/972/745 707/971/744 662/973/746 661/974/747
f 705/969/742 708/975/731 709/976/748 706/970/743
f 706/970/743 709/976/748 710/977/749 707/971/744
f 707/971/744 710/977/749 663/978/750 662/973/746
f 708/975/731 667/979/733 668/980/751 709/976/748
f 709/976/748 668/980/751 669/981/752 710/977/749
f 710/977/749 669/981/752 660/982/753 663/978/750
f 717/940/714 720/983/754 721/984/755 718/985/756
f 718/985/756 721/984/755 722/986/757 719/987/758
f 719/987/758 722/986/757 677/988/759 676/989/760
f 720/983/754 723/990/761 724/991/762 721/984/755
f 721/984/755 724/991/762 725/992/763 722/986/757
f 722/986/757 725/992/763 678/993/764 677/988/759
f 723/990/761 673/994/765 674/995/766 724/991/762
f 724/991/762 674/995/766 675/996/767 725/992/763
f 725/992/763 675/996/767 672/997/768 678/993/764
f 726/937/243 729/998/756 730/999/769 727/1000/770
f 727/1000/770 730/999/769 731/1001/771 728/1002/772
f 728/1002/772 731/1001/771 688/1003/773 687/1004/774
f 729/998/756 732/1005/775 733/1006/776 730/999/769
f 730/999/769 733/1006/776 734/1007/777 731/1001/771
f 731/1001/771 734/1007/777 689/1008/778 688/1003/773
f 732/1005/775 684/1009/779 685/1010/780 733/1006/776
f 733/1006/776 685/1010/780 686/1011/781 734/1007/777
f 734/1007/777 686/1011/781 683/1012/782 689/1008/778
f 735/938/712 738/1013/783 739/1014/784 736/1015/785
f 736/1015/785 739/1014/784 740/1016/786 737/1017/787
f 737/1017/787 740/1016/786 668/1018/751 667/1019/733
f 738/1013/783 741/1020/788 742/1021/789 739/1014/784
f 739/1014/784 742/1021/789 743/1022/790 740/1016/786
f 740/1016/786 743/1022/790 669/1023/752 668/1018/751
f 741/1020/788 664/1024/791 665/1025/792 742/1021/789
f 742/1021/789 665/1025/792 666/1026/793 743/1022/790
f 743/1022/790 666/1026/793 660/1027/753 669/1023/752
f 744/939/713 747/1028/794 748/1029/795 745/1030/796
f 745/1030/796 748/1029/795 749/1031/797 746/1032/798
f 746/1032/798 749/1031/797 658/1033/799 657/1034/800
f 747/1028/794 750/1035/801 751/1036/802 748/1029/795
f 748/1029/795 751/1036/802 752/1037/803 749/1031/797
f 749/1031/797 752/1037/803 659/1038/804 658/1033/799
f 750/1035/801 654/1039/733 655/1040/732 751/1036/802
f 751/1036/802 655/1040/732 656/1041/737 752/1037/803
f 752/1037/803 656/1041/737 650/1042/741 659/1038/804
f 753/1043/805 756/1044/806 757/1045/807 754/1046/808
f 754/1046/808 757/1045/807 758/1047/809 755/1048/810
f 755/1048/810 758/1047/809 685/1049/780 684/1050/779
f 756/1044/806 759/1051/811 760/1052/812 757/1045/807
f 757/1045/807 760/1052/812 761/1053/813 758/1047/809
f 758/1047/809 761/1053/813 686/1054/781 685/1049/780
f 759/1051/811 690/1055/814 691/1056/815 760/1052/812
f 760/1052/812 691/1056/815 692/1057/816 761/1053/813
f 761/1053/813 692/1057/816 683/1058/782 686/1054/781
f 762/942/715 765/1059/817 766/1060/818 763/943/716
f 763/943/716 766/1060/818 767/1061/819 764/1062/820
f 764/1062/820 767/1061/819 680/1063/821 679/1064/822
f 765/1059/817 768/1065/810 769/1066/823 766/1060/818
f 766/1060/818 769/1066/823 770/1067/824 767/1061/819
f 767/1061/819 770/1067/824 681/1068/825 680/1063/821
f 768/1065/810 676/1069/760 677/1070/759 769/1066/823
f 769/1066/823 677/1070/759 678/1071/764 770/1067/824
f 770/1067/824 678/1071/764 672/1072/768 681/1068/825
f 783/1073/826 786/1074/827 787/1075/828 784/1076/829
f 784/1076/829 787/1075/828 788/1077/830 785/1078/831
f 785/1078/831 788/1077/830 674/1079/766 673/1080/765
f 786/1074/827 789/1081/832 790/1082/833 787/1075/828
f 787/1075/828 790/1082/833 791/1083/834 788/1077/830
f 788/1077/830 791/1083/834 675/1084/767 674/1079/766
f 789/1081/832 679/1085/822 680/1086/821 790/1082/833
f 790/1082/833 680/1086/821 681/1087/825 791/1083/834
f 791/1083/834 681/1087/825 672/1088/768 675/1084/767
f 792/1089/835 795/1090/836 796/1091/837 793/1092/838
f 793/1092/838 796/1091/837 797/1093/839 794/1094/840
f 794/1094/840 797/1093/839 652/1095/739 651/1096/738
f 795/1090/836 798/1097/841 799/1098/842 796/1091/837
f 796/1091/837 799/1098/842 800/1099/843 797/1093/839
f 797/1093/839 800/1099/843 653/1100/740 652/1095/739
f 798/1097/841 657/1101/800 658/1102/799 799/1098/842
f 799/1098/842 658/1102/799 659/1103/804 800/1099/843
f 800/1099/843 659/1103/804 650/1104/741 653/1100/740
f 801/1105/844 804/1106/845 805/1107/846 802/1108/847
f 802/1108/847 805/1107/846 806/1109/848 803/1110/849
f 803/1110/849 806/1109/848 665/1111/792 664/1112/791
f 804/1106/845 807/1113/850 808/1114/851 805/1107/846
f 805/1107/846 808/1114/851 809/1115/852 806/1109/848
f 806/1109/848 809/1115/852 666/1116/793 665/1111/792
f 807/1113/850 661/1117/747 662/1118/746 808/1114/851
f 808/1114/851 662/1118/746 663/1119/750 809/1115/852
f 809/1115/852 663/1119/750 660/1120/753 666/1116/793
f 810/950/723 813/1121/853 814/1122/854 811/951/724
f 811/951/724 814/1122/854 815/1123/855 812/1124/856
f 812/1124/856 815/1123/855 691/1125/815 690/1126/814
f 813/1121/853 816/1127/857 817/1128/858 814/1122/854
f 814/1122/854 817/1128/858 818/1129/859 815/1123/855
f 815/1123/855 818/1129/859 692/1130/816 691/1125/815
f 816/1127/857 687/1131/774 688/1132/773 817/1128/858
f 817/1128/858 688/1132/773 689/1133/778 818/1129/859
f 818/1129/859 689/1133/778 683/1134/782 692/1130/816
f 702/934/709 693/953/726 694/956/729 705/969/742
f 705/969/742 694/956/729 695/958/731 708/975/731
f 708/975/731 695/958/731 654/960/733 667/979/733
f 693/953/726 1859/1135/1 1879/1136/860 696/954/727
f 713/1137/861 1875/1138/862 1877/1139/863 670/1140/864
f 1912/1141/865 824/1142/866 670/1143/864 1877/1144/863
f 771/1145/867 1861/1146/165 1885/1147/868 772/1148/869
f 699/961/734 1881/1149/870 1883/1150/871 651/965/738
f 1904/1151/872 794/1094/840 651/1096/738 1883/1152/871
f 726/937/243 717/940/714 718/985/756 729/998/756
f 729/998/756 718/985/756 719/987/758 732/1005/775
f 732/1005/775 719/987/758 676/989/760 684/1009/779
f 735/938/712 726/937/243 727/1000/770 738/1013/783
f 738/1013/783 727/1000/770 728/1002/772 741/1020/788
f 741/1020/788 728/1002/772 687/1004/774 664/1024/791
f 744/939/713 735/938/712 736/1015/785 747/1028/794
f 747/1028/794 736/1015/785 737/1017/787 750/1035/801
f 750/1035/801 737/1017/787 667/1019/733 654/1039/733
f 717/940/714 744/939/713 745/1030/796 720/983/754
f 720/983/754 745/1030/796 746/1032/798 723/990/761
f 723/990/761 746/1032/798 657/1034/800 673/994/765
f 762/942/715 753/1043/805 754/1046/808 765/1059/817
f 765/1059/817 754/1046/808 755/1048/810 768/1065/810
f 768/1065/810 755/1048/810 684/1050/779 676/1069/760
f 753/1043/805 1863/1153/10 1891/1154/873 756/1044/806
f 773/1155/874 1887/1156/875 1889/1157/876 671/1158/877
f 1900/1159/878 782/1160/879 671/1161/877 1889/1162/876
f 783/1073/826 1865/1163/718 1897/1164/880 786/1074/827
f 759/1051/811 1893/1165/881 1895/1166/882 690/1055/814
f 1908/1167/883 812/1124/856 690/1126/814 1895/1168/882
f 777/1169/884 1867/1170/885 1901/1171/886 778/1172/887
f 778/1172/887 1901/1173/886 1903/1174/888 779/1175/889
f 789/1081/832 1899/1176/890 1890/1177/891 679/1085/822
f 792/1089/835 783/1073/826 784/1076/829 795/1090/836
f 795/1090/836 784/1076/829 785/1078/831 798/1097/841
f 798/1097/841 785/1078/831 673/1080/765 657/1101/800
f 819/1178/892 1869/1179/893 1905/1180/894 820/1181/895
f 820/1181/895 1905/1182/894 1907/1183/896 821/1184/897
f 779/1175/889 1903/1185/888 1884/1186/898 649/1187/899
f 810/950/723 801/1105/844 802/1108/847 813/1121/853
f 813/1121/853 802/1108/847 803/1110/849 816/1127/857
f 816/1127/857 803/1110/849 664/1112/791 687/1131/774
f 801/1105/844 1871/1188/900 1909/1189/901 804/1106/845
f 804/1106/845 1909/1190/901 1911/1191/902 807/1113/850
f 821/1184/897 1907/1192/896 1896/1193/903 682/1194/904
f 712/1195/905 1873/1196/906 1875/1197/862 713/1137/861
f 807/1113/850 1911/1191/902 1878/1198/907 661/1117/747
f 776/1199/908 775/1200/909 932/1201/910 934/1202/911
f 775/1200/909 774/1203/912 832/1204/913 932/1201/910
f 670/1143/864 824/1142/866 969/1205/914 848/1206/915
f 824/1142/866 823/1207/916 967/1208/917 969/1205/914
f 649/1209/899 716/1210/918 856/1211/919 858/1212/920
f 823/1207/916 822/1213/921 836/1214/922 967/1208/917
f 671/1161/877 782/1160/879 953/1215/923 927/1216/924
f 716/1210/918 715/1217/925 854/1218/926 856/1211/919
f 782/1160/879 781/947/720 951/1219/927 953/1215/923
f 715/1217/925 714/1220/928 826/1221/929 854/1218/926
f 773/1155/874 671/1158/877 927/1222/924 924/1223/930
f 781/947/720 780/946/719 834/1224/931 951/1219/927
f 821/1184/897 682/1194/904 936/1225/932 962/1226/933
f 772/1148/869 773/1155/874 924/1223/930 919/1227/934
f 714/1220/928 711/1228/935 825/1229/936 826/1221/929
f 779/1175/889 649/1187/899 858/1230/920 946/1231/937
f 820/1181/895 821/1184/897 962/1226/933 957/1232/938
f 713/1137/861 670/1140/864 848/1233/915 844/1234/939
f 778/1172/887 779/1175/889 946/1231/937 941/1235/940
f 771/1145/867 772/1148/869 919/1227/934 831/1236/941
f 712/1195/905 713/1137/861 844/1234/939 837/1237/942
f 819/1178/892 820/1181/895 957/1232/938 835/1238/943
f 822/1213/921 819/1178/892 835/1238/943 836/1214/922
f 777/1169/884 778/1172/887 941/1235/940 833/1239/944
f 711/1228/935 712/1195/905 837/1237/942 825/1229/936
f 780/946/719 777/1169/884 833/1239/944 834/1224/931
f 682/1240/904 776/1199/908 934/1202/911 936/1241/932
f 774/1203/912 771/1145/867 831/1236/941 832/1204/913
f 828/1242/945 829/1243/946 830/1244/947 827/1245/945
f 825/1229/936 837/1237/942 838/1246/948 839/1247/949
f 839/1247/949 838/1246/948 840/1248/950 841/1249/951
f 841/1249/951 840/1248/950 842/1250/952 843/1251/953
f 837/1237/942 844/1234/939 845/1252/954 838/1246/948
f 838/1246/948 845/1252/954 846/1253/955 840/1248/950
f 840/1248/950 846/1253/955 847/1254/956 842/1250/952
f 844/1234/939 848/1233/915 849/1255/957 845/1252/954
f 845/1252/954 849/1255/957 850/1256/958 846/1253/955
f 846/1253/955 850/1256/958 851/1257/959 847/1254/956
f 826/1221/929 852/1258/949 853/1259/960 854/1218/926
f 854/1218/926 853/1259/960 855/1260/961 856/1211/919
f 856/1211/919 855/1260/961 857/1261/962 858/1212/920
f 852/1258/949 859/1262/951 860/1263/963 853/1259/960
f 853/1259/960 860/1263/963 861/1264/964 855/1260/961
f 855/1260/961 861/1264/964 862/1265/965 857/1261/962
f 859/1262/951 863/1266/966 864/1267/967 860/1263/963
f 860/1263/963 864/1267/967 865/1268/968 861/1264/964
f 861/1264/964 865/1268/968 866/1269/969 862/1265/965
f 827/1245/945 867/1270/970 868/1271/971 869/1272/972
f 869/1272/972 868/1271/971 870/1273/973 871/1274/974
f 871/1274/974 870/1273/973 872/1275/975 873/1276/976
f 867/1270/970 874/1277/977 875/1278/978 868/1271/971
f 868/1271/971 875/1278/978 876/1279/979 870/1273/973
f 870/1273/973 876/1279/979 877/1280/980 872/1275/975
f 874/1277/977 878/1281/981 879/1282/982 875/1278/978
f 875/1278/978 879/1282/982 880/1283/983 876/1279/979
f 876/1279/979 880/1283/983 881/1284/984 877/1280/980
f 828/1242/945 882/1285/985 883/1286/986 884/1287/987
f 884/1287/987 883/1286/986 885/1288/988 886/1289/989
f 886/1289/989 885/1288/988 887/1290/990 888/1291/991
f 882/1285/985 889/1292/992 890/1293/993 883/1286/986
f 883/1286/986 890/1293/993 891/1294/994 885/1288/988
f 885/1288/988 891/1294/994 892/1295/995 887/1290/990
f 889/1292/992 893/1296/996 894/1297/997 890/1293/993
f 890/1293/993 894/1297/997 895/1298/998 891/1294/994
f 891/1294/994 895/1298/998 896/1299/999 892/1295/995
f 829/1243/946 897/1300/1000 898/1301/1001 899/1302/1002
f 899/1302/1002 898/1301/1001 900/1303/1003 901/1304/1004
f 901/1304/1004 900/1303/1003 864/1305/967 863/1306/966
f 897/1300/1000 902/1307/1005 903/1308/1006 898/1301/1001
f 898/1301/1001 903/1308/1006 904/1309/1007 900/1303/1003
f 900/1303/1003 904/1309/1007 865/1310/968 864/1305/967
f 902/1307/1005 905/1311/1008 906/1312/1009 903/1308/1006
f 903/1308/1006 906/1312/1009 907/1313/1010 904/1309/1007
f 904/1309/1007 907/1313/1010 866/1314/969 865/1310/968
f 830/1244/947 908/1315/1002 909/1316/1011 910/1317/1012
f 910/1317/1012 909/1316/1011 911/1318/1013 912/1319/1014
f 912/1319/1014 911/1318/1013 913/1320/1015 914/1321/1016
f 908/1315/1002 915/1322/1017 916/1323/1018 909/1316/1011
f 909/1316/1011 916/1323/1018 917/1324/1019 911/1318/1013
f 911/1318/1013 917/1324/1019 918/1325/1020 913/1320/1015
f 915/1322/1017 843/1326/953 842/1327/952 916/1323/1018
f 916/1323/1018 842/1327/952 847/1328/956 917/1324/1019
f 917/1324/1019 847/1328/956 851/1329/959 918/1325/1020
f 831/1236/941 919/1227/934 920/1330/1021 921/1331/1022
f 921/1331/1022 920/1330/1021 922/1332/1023 923/1333/1024
f 923/1333/1024 922/1332/1023 894/1334/997 893/1335/996
f 919/1227/934 924/1223/930 925/1336/1025 920/1330/1021
f 920/1330/1021 925/1336/1025 926/1337/1026 922/1332/1023
f 922/1332/1023 926/1337/1026 895/1338/998 894/1334/997
f 924/1223/930 927/1222/924 928/1339/1027 925/1336/1025
f 925/1336/1025 928/1339/1027 929/1340/1028 926/1337/1026
f 926/1337/1026 929/1340/1028 896/1341/999 895/1338/998
f 832/1204/913 930/1342/1029 931/1343/1030 932/1201/910
f 932/1201/910 931/1343/1030 933/1344/1031 934/1202/911
f 934/1202/911 933/1344/1031 935/1345/1032 936/1241/932
f 930/1342/1029 937/1346/1024 938/1347/1033 931/1343/1030
f 931/1343/1030 938/1347/1033 939/1348/1034 933/1344/1031
f 933/1344/1031 939/1348/1034 940/1349/1035 935/1345/1032
f 937/1346/1024 873/1350/976 872/1351/975 938/1347/1033
f 938/1347/1033 872/1351/975 877/1352/980 939/1348/1034
f 939/1348/1034 877/1352/980 881/1353/984 940/1349/1035
f 833/1239/944 941/1235/940 942/1354/1036 943/1355/1037
f 943/1355/1037 942/1354/1036 944/1356/1038 945/1357/1039
f 945/1357/1039 944/1356/1038 906/1358/1009 905/1359/1008
f 941/1235/940 946/1231/937 947/1360/1040 942/1354/1036
f 942/1354/1036 947/1360/1040 948/1361/1041 944/1356/1038
f 944/1356/1038 948/1361/1041 907/1362/1010 906/1358/1009
f 946/1231/937 858/1230/920 857/1363/962 947/1360/1040
f 947/1360/1040 857/1363/962 862/1364/965 948/1361/1041
f 948/1361/1041 862/1364/965 866/1365/969 907/1362/1010
f 834/1224/931 949/1366/1042 950/1367/1043 951/1219/927
f 951/1219/927 950/1367/1043 952/1368/1044 953/1215/923
f 953/1215/923 952/1368/1044 928/1369/1027 927/1216/924
f 949/1366/1042 954/1370/1045 955/1371/1046 950/1367/1043
f 950/1367/1043 955/1371/1046 956/1372/1047 952/1368/1044
f 952/1368/1044 956/1372/1047 929/1373/1028 928/1369/1027
f 954/1370/1045 888/1374/991 887/1375/990 955/1371/1046
f 955/1371/1046 887/1375/990 892/1376/995 956/1372/1047
f 956/1372/1047 892/1376/995 896/1377/999 929/1373/1028
f 835/1238/943 957/1232/938 958/1378/1048 959/1379/1049
f 959/1379/1049 958/1378/1048 960/1380/1050 961/1381/1051
f 961/1381/1051 960/1380/1050 879/1382/982 878/1383/981
f 957/1232/938 962/1226/933 963/1384/1052 958/1378/1048
f 958/1378/1048 963/1384/1052 964/1385/1053 960/1380/1050
f 960/1380/1050 964/1385/1053 880/1386/983 879/1382/982
f 962/1226/933 936/1225/932 935/1387/1032 963/1384/1052
f 963/1384/1052 935/1387/1032 940/1388/1035 964/1385/1053
f 964/1385/1053 940/1388/1035 881/1389/984 880/1386/983
f 836/1214/922 965/1390/1054 966/1391/1055 967/1208/917
f 967/1208/917 966/1391/1055 968/1392/1056 969/1205/914
f 969/1205/914 968/1392/1056 849/1393/957 848/1206/915
f 965/1390/1054 970/1394/1057 971/1395/1058 966/1391/1055
f 966/1391/1055 971/1395/1058 972/1396/1059 968/1392/1056
f 968/1392/1056 972/1396/1059 850/1397/958 849/1393/957
f 970/1394/1057 914/1398/1016 913/1399/1015 971/1395/1058
f 971/1395/1058 913/1399/1015 918/1400/1020 972/1396/1059
f 972/1396/1059 918/1400/1020 851/1401/959 850/1397/958
f 826/1221/929 825/1229/936 839/1247/949 852/1258/949
f 852/1258/949 839/1247/949 841/1249/951 859/1262/951
f 859/1262/951 841/1249/951 843/1251/953 863/1266/966
f 828/1242/945 827/1245/945 869/1272/972 882/1285/985
f 882/1285/985 869/1272/972 871/1274/974 889/1292/992
f 889/1292/992 871/1274/974 873/1276/976 893/1296/996
f 829/1243/946 828/1242/945 884/1287/987 897/1300/1000
f 897/1300/1000 884/1287/987 886/1289/989 902/1307/1005
f 902/1307/1005 886/1289/989 888/1291/991 905/1311/1008
f 830/1244/947 829/1243/946 899/1302/1002 908/1315/1002
f 908/1315/1002 899/1302/1002 901/1304/1004 915/1322/1017
f 915/1322/1017 901/1304/1004 863/1306/966 843/1326/953
f 827/1245/945 830/1244/947 910/1317/1012 867/1270/970
f 867/1270/970 910/1317/1012 912/1319/1014 874/1277/977
f 874/1277/977 912/1319/1014 914/1321/1016 878/1281/981
f 832/1204/913 831/1236/941 921/1331/1022 930/1342/1029
f 930/1342/1029 921/1331/1022 923/1333/1024 937/1346/1024
f 937/1346/1024 923/1333/1024 893/1335/996 873/1350/976
f 834/1224/931 833/1239/944 943/1355/1037 949/1366/1042
f 949/1366/1042 943/1355/1037 945/1357/1039 954/1370/1045
f 954/1370/1045 945/1357/1039 905/1359/1008 888/1374/991
f 836/1214/922 835/1238/943 959/1379/1049 965/1390/1054
f 965/1390/1054 959/1379/1049 961/1381/1051 970/1394/1057
f 970/1394/1057 961/1381/1051 878/1383/981 914/1398/1016
f 2026/1402/1060 1026/1403/1061 1027/1404/1062 2042/1405/1063
f 1050/1406/1064 1059/1407/1065 1068/1408/1065 1041/1409/1066
f 2030/1410/1067 1086/1411/1068 1087/1412/1069 2054/1413/1070
f 2034/1414/1071 1104/1415/1072 1105/1416/1073 2066/1417/1074
f 2038/1418/1075 1134/1419/1076 1135/1420/1077 2074/1421/1078
f 1017/1422/1079 1020/1423/1080 1021/1424/1081 1018/1425/1082
f 1018/1425/1082 1021/1424/1081 1022/1426/1083 1019/1427/1084
f 1019/1427/1084 1022/1426/1083 999/1428/1085 998/1429/1086
f 1020/1423/1080 1023/1430/1087 1024/1431/1088 1021/1424/1081
f 1021/1424/1081 1024/1431/1088 1025/1432/1089 1022/1426/1083
f 1022/1426/1083 1025/1432/1089 1000/1433/1090 999/1428/1085
f 1023/1430/1087 1004/1434/1091 1005/1435/1092 1024/1431/1088
f 1024/1431/1088 1005/1435/1092 1006/1436/1093 1025/1432/1089
f 1025/1432/1089 1006/1436/1093 997/1437/1094 1000/1433/1090
f 1026/1403/1061 1029/1438/1082 1030/1439/1095 1027/1404/1062
f 1027/1404/1062 1030/1439/1095 1031/1440/1096 1028/1441/1097
f 1028/1441/1097 1031/1440/1096 1012/1442/1098 1011/1443/1099
f 1029/1438/1082 1032/1444/1084 1033/1445/1100 1030/1439/1095
f 1030/1439/1095 1033/1445/1100 1034/1446/1101 1031/1440/1096
f 1031/1440/1096 1034/1446/1101 1013/1447/1102 1012/1442/1098
f 1032/1444/1084 1008/1448/1086 1009/1449/1103 1033/1445/1100
f 1033/1445/1100 1009/1449/1103 1010/1450/1104 1034/1446/1101
f 1034/1446/1101 1010/1450/1104 1007/1451/1105 1013/1447/1102
f 1041/1409/1066 1044/1452/1106 1045/1453/1107 1042/1454/1108
f 1042/1454/1108 1045/1453/1107 1046/1455/1109 1043/1456/1110
f 1043/1456/1110 1046/1455/1109 977/1457/1111 976/1458/1112
f 1044/1452/1106 1047/1459/1113 1048/1460/1114 1045/1453/1107
f 1045/1453/1107 1048/1460/1114 1049/1461/1115 1046/1455/1109
f 1046/1455/1109 1049/1461/1115 978/1462/1116 977/1457/1111
f 1047/1459/1113 982/1463/1117 983/1464/1118 1048/1460/1114
f 1048/1460/1114 983/1464/1118 984/1465/1119 1049/1461/1115
f 1049/1461/1115 984/1465/1119 975/1466/1120 978/1462/1116
f 1050/1406/1064 1053/1467/1108 1054/1468/1121 1051/1469/1122
f 1051/1469/1122 1054/1468/1121 1055/1470/1123 1052/1471/1124
f 1052/1471/1124 1055/1470/1123 990/1472/1125 989/1473/1126
f 1053/1467/1108 1056/1474/1127 1057/1475/1128 1054/1468/1121
f 1054/1468/1121 1057/1475/1128 1058/1476/1129 1055/1470/1123
f 1055/1470/1123 1058/1476/1129 991/1477/1130 990/1472/1125
f 1056/1474/1127 986/1478/1112 987/1479/1131 1057/1475/1128
f 1057/1475/1128 987/1479/1131 988/1480/1132 1058/1476/1129
f 1058/1476/1129 988/1480/1132 985/1481/1133 991/1477/1130
f 1059/1407/1065 1062/1482/1134 1063/1483/1135 1060/1484/1136
f 1060/1484/1136 1063/1483/1135 1064/1485/1137 1061/1486/1138
f 1061/1486/1138 1064/1485/1137 1009/1487/1103 1008/1488/1086
f 1062/1482/1134 1065/1489/1139 1066/1490/1140 1063/1483/1135
f 1063/1483/1135 1066/1490/1140 1067/1491/1141 1064/1485/1137
f 1064/1485/1137 1067/1491/1141 1010/1492/1104 1009/1487/1103
f 1065/1489/1139 1014/1493/1142 1015/1494/1143 1066/1490/1140
f 1066/1490/1140 1015/1494/1143 1016/1495/1144 1067/1491/1141
f 1067/1491/1141 1016/1495/1144 1007/1496/1105 1010/1492/1104
f 1068/1408/1065 1071/1497/1145 1072/1498/1146 1069/1499/1147
f 1069/1499/1147 1072/1498/1146 1073/1500/1148 1070/1501/1149
f 1070/1501/1149 1073/1500/1148 1002/1502/1150 1001/1503/1151
f 1071/1497/1145 1074/1504/1152 1075/1505/1153 1072/1498/1146
f 1072/1498/1146 1075/1505/1153 1076/1506/1154 1073/1500/1148
f 1073/1500/1148 1076/1506/1154 1003/1507/1155 1002/1502/1150
f 1074/1504/1152 998/1508/1086 999/1509/1085 1075/1505/1153
f 1075/1505/1153 999/1509/1085 1000/1510/1090 1076/1506/1154
f 1076/1506/1154 1000/1510/1090 997/1511/1094 1003/1507/1155
f 1077/1512/1068 1080/1513/1156 1081/1514/1157 1078/1515/1158
f 1078/1515/1158 1081/1514/1157 1082/1516/1159 1079/1517/1160
f 1079/1517/1160 1082/1516/1159 987/1518/1131 986/1519/1112
f 1080/1513/1156 1083/1520/1161 1084/1521/1162 1081/1514/1157
f 1081/1514/1157 1084/1521/1162 1085/1522/1163 1082/1516/1159
f 1082/1516/1159 1085/1522/1163 988/1523/1132 987/1518/1131
f 1083/1520/1161 992/1524/1164 993/1525/1165 1084/1521/1162
f 1084/1521/1162 993/1525/1165 994/1526/1166 1085/1522/1163
f 1085/1522/1163 994/1526/1166 985/1527/1133 988/1523/1132
f 1086/1411/1068 1089/1528/1167 1090/1529/1168 1087/1412/1069
f 1087/1412/1069 1090/1529/1168 1091/1530/1169 1088/1531/1170
f 1088/1531/1170 1091/1530/1169 980/1532/1171 979/1533/1172
f 1089/1528/1167 1092/1534/1160 1093/1535/1173 1090/1529/1168
f 1090/1529/1168 1093/1535/1173 1094/1536/1174 1091/1530/1169
f 1091/1530/1169 1094/1536/1174 981/1537/1175 980/1532/1171
f 1092/1534/1160 976/1538/1112 977/1539/1111 1093/1535/1173
f 1093/1535/1173 977/1539/1111 978/1540/1116 1094/1536/1174
f 1094/1536/1174 978/1540/1116 975/1541/1120 981/1537/1175
f 1095/1542/1176 1096/1543/1177 1243/1544/1178 1155/1545/1179
f 1102/1546/1180 1103/1547/1181 1270/1548/1182 1265/1549/1183
f 1107/1550/1184 1110/1551/1185 1111/1552/1186 1108/1553/1187
f 1108/1553/1187 1111/1552/1186 1112/1554/1188 1109/1555/1189
f 1109/1555/1189 1112/1554/1188 983/1556/1118 982/1557/1117
f 1110/1551/1185 1113/1558/1190 1114/1559/1191 1111/1552/1186
f 1111/1552/1186 1114/1559/1191 1115/1560/1192 1112/1554/1188
f 1112/1554/1188 1115/1560/1192 984/1561/1119 983/1556/1118
f 1113/1558/1190 979/1562/1172 980/1563/1171 1114/1559/1191
f 1114/1559/1191 980/1563/1171 981/1564/1175 1115/1560/1192
f 1115/1560/1192 981/1564/1175 975/1565/1120 984/1561/1119
f 1116/1566/1193 1119/1567/1194 1120/1568/1195 1117/1569/1196
f 1117/1569/1196 1120/1568/1195 1121/1570/1197 1118/1571/1198
f 1118/1571/1198 1121/1570/1197 1005/1572/1092 1004/1573/1091
f 1119/1567/1194 1122/1574/1199 1123/1575/1200 1120/1568/1195
f 1120/1568/1195 1123/1575/1200 1124/1576/1201 1121/1570/1197
f 1121/1570/1197 1124/1576/1201 1006/1577/1093 1005/1572/1092
f 1122/1574/1199 1001/1578/1151 1002/1579/1150 1123/1575/1200
f 1123/1575/1200 1002/1579/1150 1003/1580/1155 1124/1576/1201
f 1124/1576/1201 1003/1580/1155 997/1581/1094 1006/1577/1093
f 1125/1582/1202 1128/1583/1203 1129/1584/1204 1126/1585/1205
f 1126/1585/1205 1129/1584/1204 1130/1586/1206 1127/1587/1207
f 1127/1587/1207 1130/1586/1206 1015/1588/1143 1014/1589/1142
f 1128/1583/1203 1131/1590/1208 1132/1591/1209 1129/1584/1204
f 1129/1584/1204 1132/1591/1209 1133/1592/1210 1130/1586/1206
f 1130/1586/1206 1133/1592/1210 1016/1593/1144 1015/1588/1143
f 1131/1590/1208 1011/1594/1099 1012/1595/1098 1132/1591/1209
f 1132/1591/1209 1012/1595/1098 1013/1596/1102 1133/1592/1210
f 1133/1592/1210 1013/1596/1102 1007/1597/1105 1016/1593/1144
f 1134/1419/1076 1137/1598/1211 1138/1599/1212 1135/1420/1077
f 1135/1420/1077 1138/1599/1212 1139/1600/1213 1136/1601/1214
f 1136/1601/1214 1139/1600/1213 993/1602/1165 992/1603/1164
f 1137/1598/1211 1140/1604/1215 1141/1605/1216 1138/1599/1212
f 1138/1599/1212 1141/1605/1216 1142/1606/1217 1139/1600/1213
f 1139/1600/1213 1142/1606/1217 994/1607/1166 993/1602/1165
f 1140/1604/1215 989/1608/1126 990/1609/1125 1141/1605/1216
f 1141/1605/1216 990/1609/1125 991/1610/1130 1142/1606/1217
f 1142/1606/1217 991/1610/1130 985/1611/1133 994/1607/1166
f 1036/1612/1218 1037/1613/1219 1168/1614/1220 1161/1615/1221
f 1143/1616/1222 1144/1617/1223 1281/1618/1224 1159/1619/1225
f 1038/1620/1226 1035/1621/1227 1149/1622/1228 1150/1623/1229
f 1101/1624/1230 1102/1546/1180 1265/1549/1183 1157/1625/1231
f 1035/1621/1227 1036/1612/1218 1161/1615/1221 1149/1622/1228
f 1146/1626/1232 1143/1616/1222 1159/1619/1225 1160/1627/1233
f 973/1628/1234 1100/1629/1235 1258/1630/1236 1260/1631/1237
f 1100/1629/1235 1099/1632/1238 1256/1633/1239 1258/1630/1236
f 1104/1415/1072 1101/1624/1230 1157/1625/1231 1158/1634/1240
f 1099/1632/1238 1098/1635/1241 1156/1636/1242 1256/1633/1239
f 1098/1635/1241 1095/1542/1176 1155/1545/1179 1156/1636/1242
f 1026/1403/1061 1017/1422/1079 1018/1425/1082 1029/1438/1082
f 1029/1438/1082 1018/1425/1082 1019/1427/1084 1032/1444/1084
f 1032/1444/1084 1019/1427/1084 998/1429/1086 1008/1448/1086
f 1017/1422/1079 2027/1637/1243 2047/1638/1244 1020/1423/1080
f 1037/1613/1219 2043/1639/1245 2045/1640/1246 995/1641/1247
f 2080/1642/1248 1148/1643/1249 995/1644/1247 2045/1645/1246
f 1095/1542/1176 2029/1646/1067 2053/1647/1070 1096/1543/1177
f 1023/1430/1087 2049/1648/1250 2051/1649/1251 1004/1434/1091
f 2072/1650/1252 1118/1571/1198 1004/1573/1091 2051/1651/1251
f 995/1644/1247 1148/1643/1249 1293/1652/1253 1172/1653/1254
f 996/1654/1255 1040/1655/1256 1180/1656/1257 1182/1657/1258
f 1148/1643/1249 1147/1658/1259 1291/1659/1260 1293/1652/1253
f 1147/1658/1259 1146/1626/1232 1160/1627/1233 1291/1659/1260
f 1040/1655/1256 1039/1660/1261 1178/1661/1262 1180/1656/1257
f 974/1662/1263 1106/1663/1264 1277/1664/1265 1251/1665/1266
f 1097/1666/1267 974/1667/1263 1251/1668/1266 1248/1669/1268
f 1106/1663/1264 1105/1416/1073 1275/1670/1269 1277/1664/1265
f 1039/1660/1261 1038/1620/1226 1150/1623/1229 1178/1661/1262
f 1105/1416/1073 1104/1415/1072 1158/1634/1240 1275/1670/1269
f 1145/1671/1270 973/1672/1234 1260/1673/1237 1286/1674/1271
f 1050/1406/1064 1041/1409/1066 1042/1454/1108 1053/1467/1108
f 1053/1467/1108 1042/1454/1108 1043/1456/1110 1056/1474/1127
f 1056/1474/1127 1043/1456/1110 976/1458/1112 986/1478/1112
f 1059/1407/1065 1050/1406/1064 1051/1469/1122 1062/1482/1134
f 1062/1482/1134 1051/1469/1122 1052/1471/1124 1065/1489/1139
f 1065/1489/1139 1052/1471/1124 989/1473/1126 1014/1493/1142
f 1068/1408/1065 1059/1407/1065 1060/1484/1136 1071/1497/1145
f 1071/1497/1145 1060/1484/1136 1061/1486/1138 1074/1504/1152
f 1074/1504/1152 1061/1486/1138 1008/1488/1086 998/1508/1086
f 1041/1409/1066 1068/1408/1065 1069/1499/1147 1044/1452/1106
f 1044/1452/1106 1069/1499/1147 1070/1501/1149 1047/1459/1113
f 1047/1459/1113 1070/1501/1149 1001/1503/1151 982/1463/1117
f 1096/1543/1177 1097/1666/1267 1248/1669/1268 1243/1544/1178
f 1086/1411/1068 1077/1512/1068 1078/1515/1158 1089/1528/1167
f 1089/1528/1167 1078/1515/1158 1079/1517/1160 1092/1534/1160
f 1092/1534/1160 1079/1517/1160 986/1519/1112 976/1538/1112
f 1077/1512/1068 2031/1675/10 2059/1676/1272 1080/1513/1156
f 1097/1666/1267 2055/1677/1273 2057/1678/1274 974/1667/1263
f 2068/1679/1275 1106/1663/1264 974/1662/1263 2057/1680/1274
f 1107/1550/1184 2033/1681/1071 2065/1682/1074 1110/1551/1185
f 1083/1520/1161 2061/1683/1276 2063/1684/1277 992/1524/1164
f 2076/1685/1278 1136/1601/1214 992/1603/1164 2063/1686/1277
f 1103/1547/1181 996/1687/1255 1182/1688/1258 1270/1548/1182
f 1101/1624/1230 2035/1689/1279 2069/1690/1280 1102/1546/1180
f 1102/1546/1180 2069/1691/1280 2071/1692/1281 1103/1547/1181
f 1113/1558/1190 2067/1693/1282 2058/1694/1283 979/1562/1172
f 1116/1566/1193 1107/1550/1184 1108/1553/1187 1119/1567/1194
f 1119/1567/1194 1108/1553/1187 1109/1555/1189 1122/1574/1199
f 1122/1574/1199 1109/1555/1189 982/1557/1117 1001/1578/1151
f 1143/1616/1222 2037/1695/1075 2073/1696/1078 1144/1617/1223
f 1144/1617/1223 2073/1697/1078 2075/1698/1284 1145/1671/1270
f 1103/1547/1181 2071/1692/1281 2052/1699/1285 996/1687/1255
f 1134/1419/1076 1125/1582/1202 1126/1585/1205 1137/1598/1211
f 1137/1598/1211 1126/1585/1205 1127/1587/1207 1140/1604/1215
f 1140/1604/1215 1127/1587/1207 1014/1589/1142 989/1608/1126
f 1125/1582/1202 2039/1700/1286 2077/1701/1287 1128/1583/1203
f 1128/1583/1203 2077/1701/1287 2079/1702/1288 1131/1590/1208
f 1145/1671/1270 2075/1703/1284 2064/1704/1289 973/1672/1234
f 1144/1617/1223 1145/1671/1270 1286/1674/1271 1281/1618/1224
f 1036/1612/1218 2041/1705/1063 2043/1639/1245 1037/1613/1219
f 1131/1590/1208 2079/1702/1288 2046/1706/1290 1011/1594/1099
f 1037/1613/1219 995/1641/1247 1172/1707/1254 1168/1614/1220
f 1152/1708/1291 1153/1709/362 1154/1710/362 1151/1711/1291
f 1149/1622/1228 1161/1615/1221 1162/1712/1292 1163/1713/1293
f 1163/1713/1293 1162/1712/1292 1164/1714/1294 1165/1715/1295
f 1165/1715/1295 1164/1714/1294 1166/1716/1296 1167/1717/1297
f 1161/1615/1221 1168/1614/1220 1169/1718/1298 1162/1712/1292
f 1162/1712/1292 1169/1718/1298 1170/1719/1299 1164/1714/1294
f 1164/1714/1294 1170/1719/1299 1171/1720/1300 1166/1716/1296
f 1168/1614/1220 1172/1707/1254 1173/1721/1301 1169/1718/1298
f 1169/1718/1298 1173/1721/1301 1174/1722/1302 1170/1719/1299
f 1170/1719/1299 1174/1722/1302 1175/1723/1303 1171/1720/1300
f 1150/1623/1229 1176/1724/1304 1177/1725/1305 1178/1661/1262
f 1178/1661/1262 1177/1725/1305 1179/1726/1306 1180/1656/1257
f 1180/1656/1257 1179/1726/1306 1181/1727/1307 1182/1657/1258
f 1176/1724/1304 1183/1728/1308 1184/1729/1309 1177/1725/1305
f 1177/1725/1305 1184/1729/1309 1185/1730/1310 1179/1726/1306
f 1179/1726/1306 1185/1730/1310 1186/1731/1311 1181/1727/1307
f 1183/1728/1308 1187/1732/1312 1188/1733/1313 1184/1729/1309
f 1184/1729/1309 1188/1733/1313 1189/1734/1314 1185/1730/1310
f 1185/1730/1310 1189/1734/1314 1190/1735/1315 1186/1731/1311
f 1151/1711/1291 1191/1736/1316 1192/1737/1317 1193/1738/1318
f 1193/1738/1318 1192/1737/1317 1194/1739/1319 1195/1740/1320
f 1195/1740/1320 1194/1739/1319 1196/1741/1321 1197/1742/1322
f 1191/1736/1316 1198/1743/1323 1199/1744/1324 1192/1737/1317
f 1192/1737/1317 1199/1744/1324 1200/1745/1325 1194/1739/1319
f 1194/1739/1319 1200/1745/1325 1201/1746/1326 1196/1741/1321
f 1198/1743/1323 1202/1747/1327 1203/1748/1328 1199/1744/1324
f 1199/1744/1324 1203/1748/1328 1204/1749/1329 1200/1745/1325
f 1200/1745/1325 1204/1749/1329 1205/1750/1330 1201/1746/1326
f 1152/1708/1291 1206/1751/1318 1207/1752/1331 1208/1753/1332
f 1208/1753/1332 1207/1752/1331 1209/1754/1333 1210/1755/1334
f 1210/1755/1334 1209/1754/1333 1211/1756/1335 1212/1757/1336
f 1206/1751/1318 1213/1758/1337 1214/1759/1338 1207/1752/1331
f 1207/1752/1331 1214/1759/1338 1215/1760/1339 1209/1754/1333
f 1209/1754/1333 1215/1760/1339 1216/1761/1340 1211/1756/1335
f 1213/1758/1337 1217/1762/1341 1218/1763/1342 1214/1759/1338
f 1214/1759/1338 1218/1763/1342 1219/1764/1343 1215/1760/1339
f 1215/1760/1339 1219/1764/1343 1220/1765/1344 1216/1761/1340
f 1153/1709/362 1221/1766/1345 1222/1767/1346 1223/1768/1347
f 1223/1768/1347 1222/1767/1346 1224/1769/1348 1225/1770/1349
f 1225/1770/1349 1224/1769/1348 1188/1771/1313 1187/1772/1312
f 1221/1766/1345 1226/1773/1350 1227/1774/1351 1222/1767/1346
f 1222/1767/1346 1227/1774/1351 1228/1775/1352 1224/1769/1348
f 1224/1769/1348 1228/1775/1352 1189/1776/1314 1188/1771/1313
f 1226/1773/1350 1229/1777/1353 1230/1778/1354 1227/1774/1351
f 1227/1774/1351 1230/1778/1354 1231/1779/1355 1228/1775/1352
f 1228/1775/1352 1231/1779/1355 1190/1780/1315 1189/1776/1314
f 1154/1710/362 1232/1781/1356 1233/1782/1357 1234/1783/1358
f 1234/1783/1358 1233/1782/1357 1235/1784/1359 1236/1785/1360
f 1236/1785/1360 1235/1784/1359 1237/1786/1361 1238/1787/1362
f 1232/1781/1356 1239/1788/1363 1240/1789/1364 1233/1782/1357
f 1233/1782/1357 1240/1789/1364 1241/1790/1365 1235/1784/1359
f 1235/1784/1359 1241/1790/1365 1242/1791/1366 1237/1786/1361
f 1239/1788/1363 1167/1792/1297 1166/1793/1296 1240/1789/1364
f 1240/1789/1364 1166/1793/1296 1171/1794/1300 1241/1790/1365
f 1241/1790/1365 1171/1794/1300 1175/1795/1303 1242/1791/1366
f 1155/1545/1179 1243/1544/1178 1244/1796/1367 1245/1797/1368
f 1245/1797/1368 1244/1796/1367 1246/1798/1369 1247/1799/1370
f 1247/1799/1370 1246/1798/1369 1218/1800/1342 1217/1801/1341
f 1243/1544/1178 1248/1669/1268 1249/1802/1371 1244/1796/1367
f 1244/1796/1367 1249/1802/1371 1250/1803/1372 1246/1798/1369
f 1246/1798/1369 1250/1803/1372 1219/1804/1343 1218/1800/1342
f 1248/1669/1268 1251/1668/1266 1252/1805/1373 1249/1802/1371
f 1249/1802/1371 1252/1805/1373 1253/1806/1374 1250/1803/1372
f 1250/1803/1372 1253/1806/1374 1220/1807/1344 1219/1804/1343
f 1156/1636/1242 1254/1808/1368 1255/1809/1375 1256/1633/1239
f 1256/1633/1239 1255/1809/1375 1257/1810/1376 1258/1630/1236
f 1258/1630/1236 1257/1810/1376 1259/1811/1377 1260/1631/1237
f 1254/1808/1368 1261/1812/1370 1262/1813/1378 1255/1809/1375
f 1255/1809/1375 1262/1813/1378 1263/1814/1379 1257/1810/1376
f 1257/1810/1376 1263/1814/1379 1264/1815/1380 1259/1811/1377
f 1261/1812/1370 1197/1816/1322 1196/1817/1321 1262/1813/1378
f 1262/1813/1378 1196/1817/1321 1201/1818/1326 1263/1814/1379
f 1263/1814/1379 1201/1818/1326 1205/1819/1330 1264/1815/1380
f 1157/1625/1231 1265/1549/1183 1266/1820/1381 1267/1821/1382
f 1267/1821/1382 1266/1820/1381 1268/1822/1383 1269/1823/1384
f 1269/1823/1384 1268/1822/1383 1230/1824/1354 1229/1825/1353
f 1265/1549/1183 1270/1548/1182 1271/1826/1385 1266/1820/1381
f 1266/1820/1381 1271/1826/1385 1272/1827/1386 1268/1822/1383
f 1268/1822/1383 1272/1827/1386 1231/1828/1355 1230/1824/1354
f 1270/1548/1182 1182/1688/1258 1181/1829/1307 1271/1826/1385
f 1271/1826/1385 1181/1829/1307 1186/1830/1311 1272/1827/1386
f 1272/1827/1386 1186/1830/1311 1190/1831/1315 1231/1828/1355
f 1158/1634/1240 1273/1832/1387 1274/1833/1388 1275/1670/1269
f 1275/1670/1269 1274/1833/1388 1276/1834/1389 1277/1664/1265
f 1277/1664/1265 1276/1834/1389 1252/1835/1373 1251/1665/1266
f 1273/1832/1387 1278/1836/1390 1279/1837/1391 1274/1833/1388
f 1274/1833/1388 1279/1837/1391 1280/1838/1392 1276/1834/1389
f 1276/1834/1389 1280/1838/1392 1253/1839/1374 1252/1835/1373
f 1278/1836/1390 1212/1840/1336 1211/1841/1335 1279/1837/1391
f 1279/1837/1391 1211/1841/1335 1216/1842/1340 1280/1838/1392
f 1280/1838/1392 1216/1842/1340 1220/1843/1344 1253/1839/1374
f 1159/1619/1225 1281/1618/1224 1282/1844/1393 1283/1845/1394
f 1283/1845/1394 1282/1844/1393 1284/1846/1395 1285/1847/1396
f 1285/1847/1396 1284/1846/1395 1203/1848/1328 1202/1849/1327
f 1281/1618/1224 1286/1674/1271 1287/1850/1397 1282/1844/1393
f 1282/1844/1393 1287/1850/1397 1288/1851/1398 1284/1846/1395
f 1284/1846/1395 1288/1851/1398 1204/1852/1329 1203/1848/1328
f 1286/1674/1271 1260/1673/1237 1259/1853/1377 1287/1850/1397
f 1287/1850/1397 1259/1853/1377 1264/1854/1380 1288/1851/1398
f 1288/1851/1398 1264/1854/1380 1205/1855/1330 1204/1852/1329
f 1160/1627/1233 1289/1856/1399 1290/1857/1400 1291/1659/1260
f 1291/1659/1260 1290/1857/1400 1292/1858/1401 1293/1652/1253
f 1293/1652/1253 1292/1858/1401 1173/1859/1301 1172/1653/1254
f 1289/1856/1399 1294/1860/1402 1295/1861/1403 1290/1857/1400
f 1290/1857/1400 1295/1861/1403 1296/1862/1404 1292/1858/1401
f 1292/1858/1401 1296/1862/1404 1174/1863/1302 1173/1859/1301
f 1294/1860/1402 1238/1864/1362 1237/1865/1361 1295/1861/1403
f 1295/1861/1403 1237/1865/1361 1242/1866/1366 1296/1862/1404
f 1296/1862/1404 1242/1866/1366 1175/1867/1303 1174/1863/1302
f 1150/1623/1229 1149/1622/1228 1163/1713/1293 1176/1724/1304
f 1176/1724/1304 1163/1713/1293 1165/1715/1295 1183/1728/1308
f 1183/1728/1308 1165/1715/1295 1167/1717/1297 1187/1732/1312
f 1152/1708/1291 1151/1711/1291 1193/1738/1318 1206/1751/1318
f 1206/1751/1318 1193/1738/1318 1195/1740/1320 1213/1758/1337
f 1213/1758/1337 1195/1740/1320 1197/1742/1322 1217/1762/1341
f 1153/1709/362 1152/1708/1291 1208/1753/1332 1221/1766/1345
f 1221/1766/1345 1208/1753/1332 1210/1755/1334 1226/1773/1350
f 1226/1773/1350 1210/1755/1334 1212/1757/1336 1229/1777/1353
f 1154/1710/362 1153/1709/362 1223/1768/1347 1232/1781/1356
f 1232/1781/1356 1223/1768/1347 1225/1770/1349 1239/1788/1363
f 1239/1788/1363 1225/1770/1349 1187/1772/1312 1167/1792/1297
f 1151/1711/1291 1154/1710/362 1234/1783/1358 1191/1736/1316
f 1191/1736/1316 1234/1783/1358 1236/1785/1360 1198/1743/1323
f 1198/1743/1323 1236/1785/1360 1238/1787/1362 1202/1747/1327
f 1156/1636/1242 1155/1545/1179 1245/1797/1368 1254/1808/1368
f 1254/1808/1368 1245/1797/1368 1247/1799/1370 1261/1812/1370
f 1261/1812/1370 1247/1799/1370 1217/1801/1341 1197/1816/1322
f 1158/1634/1240 1157/1625/1231 1267/1821/1382 1273/1832/1387
f 1273/1832/1387 1267/1821/1382 1269/1823/1384 1278/1836/1390
f 1278/1836/1390 1269/1823/1384 1229/1825/1353 1212/1840/1336
f 1160/1627/1233 1159/1619/1225 1283/1845/1394 1289/1856/1399
f 1289/1856/1399 1283/1845/1394 1285/1847/1396 1294/1860/1402
f 1294/1860/1402 1285/1847/1396 1202/1849/1327 1238/1864/1362
f 1297/1868/1 1298/1869/1 1300/1870/1 1299/1871/1
f 1533/1872/1405 1537/1873/1406 1541/1874/1407 1529/1875/1405
f 1549/1876/1408 1553/1877/1409 1557/1878/1409 1545/1879/1410
f 1565/1880/1411 1569/1881/1412 1573/1882/1412 1561/1883/1413
f 1581/1884/1414 1585/1885/1415 1589/1886/1416 1577/1887/1414
f 1384/1888/1417 1372/1889/1418 1350/1890/1418 1358/1891/1417
f 1400/1892/1419 1388/1893/1420 1366/1894/1420 1342/1895/1421
f 1372/1896/1418 1400/1897/1419 1342/1898/1421 1350/1899/1418
f 1388/1900/1420 1384/1901/1417 1358/1902/1417 1366/1903/1420
f 1420/1904/1422 1428/1905/1423 1440/1906/1424 1444/1907/1425
f 1408/1908/1426 1412/1909/1427 1452/1910/1428 1460/1911/1429
f 1428/1912/1423 1408/1913/1426 1460/1914/1429 1440/1915/1424
f 1412/1916/1427 1420/1917/1422 1444/1918/1425 1452/1919/1428
f 1629/1920/1430 1633/1921/1430 1637/1922/1431 1625/1923/1431
f 1645/1924/1432 1649/1925/1433 1653/1926/1433 1641/1927/1432
f 1661/1928/1434 1665/1929/1434 1669/1930/1434 1657/1931/1434
f 1677/1932/1435 1681/1933/1435 1685/1934/1435 1673/1935/1436
f 1504/1936/570 1470/1937/1437 1494/1938/1438 1524/1939/364
f 1508/1940/1438 1478/1941/1439 1470/1942/1437 1504/1943/570
f 1524/1944/364 1494/1945/1438 1486/1946/1440 1516/1947/1441
f 1516/1948/1441 1486/1949/1440 1478/1950/1439 1508/1951/1438
f 1709/1952/1442 1713/1953/1443 1717/1954/1443 1705/1955/1444
f 1725/1956/1445 1729/1957/1446 1733/1958/1447 1721/1959/1445
f 1741/1960/1448 1745/1961/1449 1749/1962/1450 1737/1963/1448
f 1757/1964/1451 1761/1965/1452 1765/1966/1452 1753/1967/1453
f 1773/1968/1454 1777/1969/1455 1781/1970/1456 1769/1971/1457
f 1789/1972/1458 1793/1973/1459 1797/1974/1459 1785/1975/1458
f 1805/1976/1460 1809/1977/1461 1813/1978/1461 1801/1979/1462
f 1821/1980/1463 1825/1981/1464 1829/1982/1465 1817/1983/1463
f 1529/1875/1405 1531/1984/1466 1532/1985/1467 1530/1986/1468
f 1530/1986/1468 1532/1985/1467 1325/1987/1469 1324/1988/1470
f 1531/1984/1466 1322/1989/1471 1323/1990/1472 1532/1985/1467
f 1532/1985/1467 1323/1990/1472 1319/1991/1473 1325/1987/1469
f 1533/1872/1405 1535/1992/1474 1536/1993/1475 1534/1994/1476
f 1534/1994/1476 1536/1993/1475 1332/1995/1477 1331/1996/1478
f 1535/1992/1474 1329/1997/1479 1330/1998/1480 1536/1993/1475
f 1536/1993/1475 1330/1998/1480 1328/1999/1481 1332/1995/1477
f 1537/1873/1406 1539/2000/1482 1540/2001/1483 1538/2002/1484
f 1538/2002/1484 1540/2001/1483 1357/2003/1485 1356/2004/1486
f 1539/2000/1482 1354/2005/1487 1355/2006/1488 1540/2001/1483
f 1540/2001/1483 1355/2006/1488 1353/2007/1489 1357/2003/1485
f 1541/1874/1407 1543/2008/1490 1544/2009/1491 1542/2010/1492
f 1542/2010/1492 1544/2009/1491 1347/2011/1493 1346/2012/1494
f 1543/2008/1490 1351/2013/1495 1352/2014/1496 1544/2009/1491
f 1544/2009/1491 1352/2014/1496 1345/2015/1497 1347/2011/1493
f 1545/1879/1410 1547/2016/1498 1548/2017/1499 1546/2018/1500
f 1546/2018/1500 1548/2017/1499 1312/2019/1501 1311/2020/1502
f 1547/2016/1498 1317/2021/1503 1318/2022/1504 1548/2017/1499
f 1548/2017/1499 1318/2022/1504 1310/2023/1505 1312/2019/1501
f 1549/1876/1408 1551/2024/1506 1552/2025/1507 1550/2026/1508
f 1550/2026/1508 1552/2025/1507 1305/2027/1509 1304/2028/1510
f 1551/2024/1506 1302/2029/1511 1303/2030/1512 1552/2025/1507
f 1552/2025/1507 1303/2030/1512 1301/2031/1513 1305/2027/1509
f 1553/1877/1409 1555/2032/1514 1556/2033/1515 1554/2034/1516
f 1554/2034/1516 1556/2033/1515 1341/2035/1517 1340/2036/1518
f 1555/2032/1514 1338/2037/1519 1339/2038/1520 1556/2033/1515
f 1556/2033/1515 1339/2038/1520 1337/2039/1521 1341/2035/1517
f 1557/1878/1409 1559/2040/1522 1560/2041/1523 1558/2042/1524
f 1558/2042/1524 1560/2041/1523 1363/2043/1525 1362/2044/1526
f 1559/2040/1522 1367/2045/1518 1368/2046/1527 1560/2041/1523
f 1560/2041/1523 1368/2046/1527 1361/2047/1528 1363/2043/1525
f 1561/1883/1413 1563/2048/1529 1564/2049/1530 1562/2050/1531
f 1562/2050/1531 1564/2049/1530 1307/2051/1532 1306/2052/1533
f 1563/2048/1529 1304/2053/1510 1305/2054/1509 1564/2049/1530
f 1564/2049/1530 1305/2054/1509 1301/2055/1513 1307/2051/1532
f 1565/1880/1411 1567/2056/1534 1568/2057/1535 1566/2058/1536
f 1566/2058/1536 1568/2057/1535 1323/2059/1472 1322/2060/1471
f 1567/2056/1534 1320/2061/1537 1321/2062/1538 1568/2057/1535
f 1568/2057/1535 1321/2062/1538 1319/2063/1473 1323/2059/1472
f 1569/1881/1412 1571/2064/1539 1572/2065/1540 1570/2066/1541
f 1570/2066/1541 1572/2065/1540 1349/2067/1542 1348/2068/1543
f 1571/2064/1539 1346/2069/1494 1347/2070/1493 1572/2065/1540
f 1572/2065/1540 1347/2070/1493 1345/2071/1497 1349/2067/1542
f 1573/1882/1412 1575/2072/1541 1576/2073/1544 1574/2074/1545
f 1574/2074/1545 1576/2073/1544 1339/2075/1520 1338/2076/1519
f 1575/2072/1541 1343/2077/1546 1344/2078/1547 1576/2073/1544
f 1576/2073/1544 1344/2078/1547 1337/2079/1521 1339/2075/1520
f 1577/1887/1414 1579/2080/1548 1580/2081/1549 1578/2082/1550
f 1578/2082/1550 1580/2081/1549 1334/2083/1551 1333/2084/1552
f 1579/2080/1548 1331/2085/1478 1332/2086/1477 1580/2081/1549
f 1580/2081/1549 1332/2086/1477 1328/2087/1481 1334/2083/1551
f 1581/1884/1414 1583/2088/1553 1584/2089/1554 1582/2090/1555
f 1582/2090/1555 1584/2089/1554 1318/2091/1504 1317/2092/1503
f 1583/2088/1553 1315/2093/1556 1316/2094/1557 1584/2089/1554
f 1584/2089/1554 1316/2094/1557 1310/2095/1505 1318/2091/1504
f 1585/1885/1415 1587/2096/1558 1588/2097/1559 1586/2098/1560
f 1586/2098/1560 1588/2097/1559 1365/2099/1561 1364/2100/1562
f 1587/2096/1558 1362/2101/1526 1363/2102/1525 1588/2097/1559
f 1588/2097/1559 1363/2102/1525 1361/2103/1528 1365/2099/1561
f 1589/1886/1416 1591/2104/1563 1592/2105/1564 1590/2106/1565
f 1590/2106/1565 1592/2105/1564 1355/2107/1488 1354/2108/1487
f 1591/2104/1563 1359/2109/1562 1360/2110/1566 1592/2105/1564
f 1592/2105/1564 1360/2110/1566 1353/2111/1489 1355/2107/1488
f 1625/1923/1431 1627/2112/1567 1628/2113/1568 1626/2114/1569
f 1626/2114/1569 1628/2113/1568 1371/2115/1570 1370/2116/1571
f 1627/2112/1567 1375/2117/1572 1376/2118/1573 1628/2113/1568
f 1628/2113/1568 1376/2118/1573 1369/2119/1574 1371/2115/1570
f 1629/1920/1430 1631/2120/1575 1632/2121/1576 1630/2122/1577
f 1630/2122/1577 1632/2121/1576 1381/2123/1578 1380/2124/1579
f 1631/2120/1575 1378/2125/1580 1379/2126/1581 1632/2121/1576
f 1632/2121/1576 1379/2126/1581 1377/2127/1582 1381/2123/1578
f 1633/1921/1430 1635/2128/1583 1636/2129/1584 1634/2130/1585
f 1634/2130/1585 1636/2129/1584 1443/2131/1586 1442/2132/1587
f 1635/2128/1583 1447/2133/1588 1448/2134/1589 1636/2129/1584
f 1636/2129/1584 1448/2134/1589 1441/2135/1590 1443/2131/1586
f 1637/1922/1431 1639/2136/1591 1640/2137/1592 1638/2138/1593
f 1638/2138/1593 1640/2137/1592 1437/2139/1594 1436/2140/1595
f 1639/2136/1591 1434/2141/1596 1435/2142/1597 1640/2137/1592
f 1640/2137/1592 1435/2142/1597 1433/2143/1598 1437/2139/1594
f 1641/1927/1432 1643/2144/1599 1644/2145/1600 1642/2146/1601
f 1642/2146/1601 1644/2145/1600 1383/2147/1602 1382/2148/1603
f 1643/2144/1599 1380/2149/1579 1381/2150/1578 1644/2145/1600
f 1644/2145/1600 1381/2150/1578 1377/2151/1582 1383/2147/1602
f 1645/1924/1432 1647/2152/1601 1648/2153/1604 1646/2154/1605
f 1646/2154/1605 1648/2153/1604 1392/2155/1606 1391/2156/1607
f 1647/2152/1601 1389/2157/1603 1390/2158/1608 1648/2153/1604
f 1648/2153/1604 1390/2158/1608 1385/2159/1609 1392/2155/1606
f 1649/1925/1433 1651/2160/1610 1652/2161/1611 1650/2162/1612
f 1650/2162/1612 1652/2161/1611 1451/2163/1613 1450/2164/1614
f 1651/2160/1610 1455/2165/1615 1456/2166/1616 1652/2161/1611
f 1652/2161/1611 1456/2166/1616 1449/2167/1617 1451/2163/1613
f 1653/1926/1433 1655/2168/1612 1656/2169/1618 1654/2170/1619
f 1654/2170/1619 1656/2169/1618 1448/2171/1589 1447/2172/1588
f 1655/2168/1612 1445/2173/1620 1446/2174/1621 1656/2169/1618
f 1656/2169/1618 1446/2174/1621 1441/2175/1590 1448/2171/1589
f 1657/1931/1434 1659/2176/1622 1660/2177/1623 1658/2178/1624
f 1658/2178/1624 1660/2177/1623 1387/2179/1625 1386/2180/1626
f 1659/2176/1622 1391/2181/1607 1392/2182/1606 1660/2177/1623
f 1660/2177/1623 1392/2182/1606 1385/2183/1609 1387/2179/1625
f 1661/2184/1434 1663/2185/1624 1664/2186/1627 1662/2187/1628
f 1662/2187/1628 1664/2186/1627 1397/2188/1629 1396/2189/1630
f 1663/2185/1624 1394/2190/1631 1395/2191/1632 1664/2186/1627
f 1664/2186/1627 1395/2191/1632 1393/2192/1633 1397/2188/1629
f 1665/2193/1434 1667/2194/1634 1668/2195/1635 1666/2196/1636
f 1666/2196/1636 1668/2195/1635 1459/2197/1637 1458/2198/1631
f 1667/2194/1634 1463/2199/1638 1464/2200/1639 1668/2195/1635
f 1668/2195/1635 1464/2200/1639 1457/2201/1640 1459/2197/1637
f 1669/1930/1434 1671/2202/1636 1672/2203/1641 1670/2204/1642
f 1670/2204/1642 1672/2203/1641 1456/2205/1616 1455/2206/1615
f 1671/2202/1636 1453/2207/1626 1454/2208/1643 1672/2203/1641
f 1672/2203/1641 1454/2208/1643 1449/2209/1617 1456/2205/1616
f 1673/1935/1436 1675/2210/1644 1676/2211/1645 1674/2212/1646
f 1674/2212/1646 1676/2211/1645 1399/2213/1647 1398/2214/1648
f 1675/2210/1644 1396/2189/1630 1397/2188/1629 1676/2211/1645
f 1676/2211/1645 1397/2188/1629 1393/2192/1633 1399/2213/1647
f 1677/1932/1435 1679/2215/1649 1680/2216/1650 1678/2217/1651
f 1678/2217/1651 1680/2216/1650 1376/2218/1573 1375/2219/1572
f 1679/2215/1649 1373/2220/1652 1374/2221/1653 1680/2216/1650
f 1680/2216/1650 1374/2221/1653 1369/2222/1574 1376/2218/1573
f 1681/1933/1435 1683/2223/1654 1684/2224/1655 1682/2225/1656
f 1682/2225/1656 1684/2224/1655 1439/2226/1657 1438/2227/1658
f 1683/2223/1654 1436/2228/1595 1437/2229/1594 1684/2224/1655
f 1684/2224/1655 1437/2229/1594 1433/2230/1598 1439/2226/1657
f 1685/1934/1435 1687/2231/1656 1688/2232/1659 1686/2233/1660
f 1686/2233/1660 1688/2232/1659 1464/2200/1639 1463/2199/1638
f 1687/2231/1656 1461/2234/1661 1462/2235/1662 1688/2232/1659
f 1688/2232/1659 1462/2235/1662 1457/2201/1640 1464/2200/1639
f 1705/1955/1444 1707/2236/1663 1708/2237/1664 1706/2238/1585
f 1706/2238/1585 1708/2237/1664 1411/2239/1665 1410/2240/1666
f 1707/2236/1663 1415/2241/1667 1416/2242/1668 1708/2237/1664
f 1708/2237/1664 1416/2242/1668 1409/2243/1669 1411/2239/1665
f 1709/1952/1442 1711/2244/1591 1712/2245/1670 1710/2246/1671
f 1710/2246/1671 1712/2245/1670 1405/2247/1672 1404/2248/1673
f 1711/2244/1591 1402/2249/1596 1403/2250/1674 1712/2245/1670
f 1712/2245/1670 1403/2250/1674 1401/2251/1675 1405/2247/1672
f 1713/1953/1443 1715/2252/1676 1716/2253/1677 1714/2254/1678
f 1714/2254/1678 1716/2253/1677 1469/2255/1679 1468/2256/1680
f 1715/2252/1676 1466/2257/1681 1467/2258/1682 1716/2253/1677
f 1716/2253/1677 1467/2258/1682 1465/2259/1683 1469/2255/1679
f 1717/1954/1443 1719/2260/1684 1720/2261/1685 1718/2262/1686
f 1718/2262/1686 1720/2261/1685 1475/2263/1687 1474/2264/1688
f 1719/2260/1684 1479/2265/1689 1480/2266/1690 1720/2261/1685
f 1720/2261/1685 1480/2266/1690 1473/2267/1691 1475/2263/1687
f 1721/1959/1445 1723/2268/1692 1724/2269/1693 1722/2270/1694
f 1722/2270/1694 1724/2269/1693 1407/2271/1695 1406/2272/1620
f 1723/2268/1692 1404/2273/1673 1405/2274/1672 1724/2269/1693
f 1724/2269/1693 1405/2274/1672 1401/2275/1675 1407/2271/1695
f 1725/1956/1445 1727/2276/1601 1728/2277/1696 1726/2278/1605
f 1726/2278/1605 1728/2277/1696 1432/2279/1697 1431/2280/1698
f 1727/2276/1601 1429/2281/1699 1430/2282/1700 1728/2277/1696
f 1728/2277/1696 1430/2282/1700 1425/2283/1701 1432/2279/1697
f 1729/1957/1446 1731/2284/1702 1732/2285/1703 1730/2286/1704
f 1730/2286/1704 1732/2285/1703 1493/2287/1705 1492/2288/1706
f 1731/2284/1702 1490/2289/1707 1491/2290/1708 1732/2285/1703
f 1732/2285/1703 1491/2290/1708 1489/2291/1709 1493/2287/1705
f 1733/1958/1447 1735/2292/1710 1736/2293/1711 1734/2294/1712
f 1734/2294/1712 1736/2293/1711 1467/2295/1682 1466/2296/1681
f 1735/2292/1710 1471/2297/1713 1472/2298/1714 1736/2293/1711
f 1736/2293/1711 1472/2298/1714 1465/2299/1683 1467/2295/1682
f 1737/1963/1448 1739/2300/1715 1740/2301/1716 1738/2302/1717
f 1738/2302/1717 1740/2301/1716 1427/2303/1718 1426/2304/1719
f 1739/2300/1715 1431/2305/1698 1432/2306/1697 1740/2301/1716
f 1740/2301/1716 1432/2306/1697 1425/2307/1701 1427/2303/1718
f 1741/1960/1448 1743/2308/1720 1744/2309/1721 1742/2310/1722
f 1742/2310/1722 1744/2309/1721 1424/2311/1723 1423/2312/1724
f 1743/2308/1720 1421/2313/1725 1422/2314/1726 1744/2309/1721
f 1744/2309/1721 1422/2314/1726 1417/2315/1727 1424/2311/1723
f 1745/1961/1449 1747/2316/1728 1748/2317/1729 1746/2318/1730
f 1746/2318/1730 1748/2317/1729 1485/2319/1731 1484/2320/1732
f 1747/2316/1728 1482/2321/1733 1483/2322/1734 1748/2317/1729
f 1748/2317/1729 1483/2322/1734 1481/2323/1735 1485/2319/1731
f 1749/1962/1450 1751/2324/1736 1752/2325/1737 1750/2326/1738
f 1750/2326/1738 1752/2325/1737 1491/2327/1708 1490/2328/1707
f 1751/2324/1736 1495/2329/1739 1496/2330/1740 1752/2325/1737
f 1752/2325/1737 1496/2330/1740 1489/2331/1709 1491/2327/1708
f 1753/1967/1453 1755/2332/1741 1756/2333/1742 1754/2334/1743
f 1754/2334/1743 1756/2333/1742 1419/2335/1647 1418/2336/1658
f 1755/2332/1741 1423/2337/1724 1424/2338/1723 1756/2333/1742
f 1756/2333/1742 1424/2338/1723 1417/2339/1727 1419/2335/1647
f 1757/1964/1451 1759/2340/1744 1760/2341/1745 1758/2342/1746
f 1758/2342/1746 1760/2341/1745 1416/2343/1668 1415/2344/1667
f 1759/2340/1744 1413/2345/1658 1414/2346/1747 1760/2341/1745
f 1760/2341/1745 1414/2346/1747 1409/2347/1669 1416/2343/1668
f 1761/1965/1452 1763/2348/1748 1764/2349/1749 1762/2350/1750
f 1762/2350/1750 1764/2349/1749 1477/2351/1751 1476/2352/1752
f 1763/2348/1748 1474/2353/1688 1475/2354/1687 1764/2349/1749
f 1764/2349/1749 1475/2354/1687 1473/2355/1691 1477/2351/1751
f 1765/1966/1452 1767/2356/1750 1768/2357/1753 1766/2358/1754
f 1766/2358/1754 1768/2357/1753 1483/2359/1734 1482/2360/1733
f 1767/2356/1750 1487/2361/1752 1488/2362/1755 1768/2357/1753
f 1768/2357/1753 1488/2362/1755 1481/2363/1735 1483/2359/1734
f 1769/1971/1457 1771/2364/1756 1772/2365/1757 1770/2366/1758
f 1770/2366/1758 1772/2365/1757 1303/2030/1512 1302/2029/1511
f 1771/2364/1756 1308/2367/1759 1309/2368/1760 1772/2365/1757
f 1772/2365/1757 1309/2368/1760 1301/2031/1513 1303/2030/1512
f 1773/1968/1454 1775/2369/1761 1776/2370/1762 1774/2371/1763
f 1774/2371/1763 1776/2370/1762 1314/2372/1764 1313/2373/1765
f 1775/2369/1761 1311/2020/1502 1312/2019/1501 1776/2370/1762
f 1776/2370/1762 1312/2019/1501 1310/2023/1505 1314/2372/1764
f 1777/1969/1455 1779/2374/1766 1780/2375/1767 1778/2376/1768
f 1778/2376/1768 1780/2375/1767 1507/2377/1769 1506/2378/1770
f 1779/2374/1766 1511/2379/1771 1512/2380/1772 1780/2375/1767
f 1780/2375/1767 1512/2380/1772 1505/2381/1773 1507/2377/1769
f 1781/1970/1456 1783/2382/1774 1784/2383/1775 1782/2384/1776
f 1782/2384/1776 1784/2383/1775 1501/2385/1777 1500/2386/1778
f 1783/2382/1774 1498/2387/1779 1499/2388/1780 1784/2383/1775
f 1784/2383/1775 1499/2388/1780 1497/2389/1781 1501/2385/1777
f 1785/1975/1458 1787/2390/1782 1788/2391/1783 1786/2392/1784
f 1786/2392/1784 1788/2391/1783 1316/2094/1557 1315/2093/1556
f 1787/2390/1782 1313/2393/1765 1314/2394/1764 1788/2391/1783
f 1788/2391/1783 1314/2394/1764 1310/2095/1505 1316/2094/1557
f 1789/1972/1458 1791/2395/1785 1792/2396/1786 1790/2397/1787
f 1790/2397/1787 1792/2396/1786 1336/2398/1788 1335/2399/1789
f 1791/2395/1785 1333/2084/1552 1334/2083/1551 1792/2396/1786
f 1792/2396/1786 1334/2083/1551 1328/2087/1481 1336/2398/1788
f 1793/1973/1459 1795/2400/1790 1796/2401/1791 1794/2402/1792
f 1794/2402/1792 1796/2401/1791 1515/2403/1793 1514/2404/1794
f 1795/2400/1790 1519/2405/1795 1520/2406/1796 1796/2401/1791
f 1796/2401/1791 1520/2406/1796 1513/2407/1797 1515/2403/1793
f 1797/1974/1459 1799/2408/1792 1800/2409/1798 1798/2410/1799
f 1798/2410/1799 1800/2409/1798 1512/2411/1772 1511/2412/1771
f 1799/2408/1792 1509/2413/1794 1510/2414/1800 1800/2409/1798
f 1800/2409/1798 1510/2414/1800 1505/2415/1773 1512/2411/1772
f 1801/1979/1462 1803/2416/1801 1804/2417/1802 1802/2418/1803
f 1802/2418/1803 1804/2417/1802 1330/1998/1480 1329/1997/1479
f 1803/2416/1801 1335/2419/1789 1336/2420/1788 1804/2417/1802
f 1804/2417/1802 1336/2420/1788 1328/1999/1481 1330/1998/1480
f 1805/1976/1460 1807/2421/1804 1808/2422/1805 1806/2423/1806
f 1806/2423/1806 1808/2422/1805 1327/2424/1807 1326/2425/1808
f 1807/2421/1804 1324/1988/1470 1325/1987/1469 1808/2422/1805
f 1808/2422/1805 1325/1987/1469 1319/1991/1473 1327/2424/1807
f 1809/1977/1461 1811/2426/1809 1812/2427/1810 1810/2428/1811
f 1810/2428/1811 1812/2427/1810 1523/2429/1812 1522/2430/1813
f 1811/2426/1809 1527/2431/1814 1528/2432/1815 1812/2427/1810
f 1812/2427/1810 1528/2432/1815 1521/2433/1816 1523/2429/1812
f 1813/1978/1461 1815/2434/1817 1816/2435/1818 1814/2436/1819
f 1814/2436/1819 1816/2435/1818 1520/2437/1796 1519/2438/1795
f 1815/2434/1817 1517/2439/1820 1518/2440/1821 1816/2435/1818
f 1816/2435/1818 1518/2440/1821 1513/2441/1797 1520/2437/1796
f 1817/1983/1463 1819/2442/1822 1820/2443/1823 1818/2444/1824
f 1818/2444/1824 1820/2443/1823 1321/2062/1538 1320/2061/1537
f 1819/2442/1822 1326/2445/1808 1327/2446/1807 1820/2443/1823
f 1820/2443/1823 1327/2446/1807 1319/2063/1473 1321/2062/1538
f 1821/1980/1463 1823/2447/1824 1824/2448/1825 1822/2449/1826
f 1822/2449/1826 1824/2448/1825 1309/2450/1760 1308/2451/1759
f 1823/2447/1824 1306/2052/1533 1307/2051/1532 1824/2448/1825
f 1824/2448/1825 1307/2051/1532 1301/2055/1513 1309/2450/1760
f 1825/1981/1464 1827/2452/1827 1828/2453/1828 1826/2454/1829
f 1826/2454/1829 1828/2453/1828 1503/2455/1830 1502/2456/1831
f 1827/2452/1827 1500/2457/1778 1501/2458/1777 1828/2453/1828
f 1828/2453/1828 1501/2458/1777 1497/2459/1781 1503/2455/1830
f 1829/1982/1465 1831/2460/1832 1832/2461/1833 1830/2462/1834
f 1830/2462/1834 1832/2461/1833 1528/2463/1815 1527/2464/1814
f 1831/2460/1832 1525/2465/1835 1526/2466/1836 1832/2461/1833
f 1832/2461/1833 1526/2466/1836 1521/2467/1816 1528/2463/1815
f 1533/1872/1405 1529/1875/1405 1530/1986/1468 1535/1992/1474
f 1535/1992/1474 1530/1986/1468 1324/1988/1470 1329/1997/1479
f 1537/1873/1406 1533/1872/1405 1534/1994/1476 1539/2000/1482
f 1539/2000/1482 1534/1994/1476 1331/1996/1478 1354/2005/1487
f 1541/1874/1407 1537/1873/1406 1538/2002/1484 1543/2008/1490
f 1543/2008/1490 1538/2002/1484 1356/2004/1486 1351/2013/1495
f 1529/1875/1405 1541/1874/1407 1542/2010/1492 1531/1984/1466
f 1531/1984/1466 1542/2010/1492 1346/2012/1494 1322/1989/1471
f 1549/1876/1408 1545/1879/1410 1546/2018/1500 1551/2024/1506
f 1551/2024/1506 1546/2018/1500 1311/2020/1502 1302/2029/1511
f 1553/1877/1409 1549/1876/1408 1550/2026/1508 1555/2032/1514
f 1555/2032/1514 1550/2026/1508 1304/2028/1510 1338/2037/1519
f 1557/1878/1409 1553/1877/1409 1554/2034/1516 1559/2040/1522
f 1559/2040/1522 1554/2034/1516 1340/2036/1518 1367/2045/1518
f 1545/1879/1410 1557/1878/1409 1558/2042/1524 1547/2016/1498
f 1547/2016/1498 1558/2042/1524 1362/2044/1526 1317/2021/1503
f 1565/1880/1411 1561/1883/1413 1562/2050/1531 1567/2056/1534
f 1567/2056/1534 1562/2050/1531 1306/2052/1533 1320/2061/1537
f 1569/1881/1412 1565/1880/1411 1566/2058/1536 1571/2064/1539
f 1571/2064/1539 1566/2058/1536 1322/2060/1471 1346/2069/1494
f 1573/1882/1412 1569/1881/1412 1570/2066/1541 1575/2072/1541
f 1575/2072/1541 1570/2066/1541 1348/2068/1543 1343/2077/1546
f 1561/1883/1413 1573/1882/1412 1574/2074/1545 1563/2048/1529
f 1563/2048/1529 1574/2074/1545 1338/2076/1519 1304/2053/1510
f 1581/1884/1414 1577/1887/1414 1578/2082/1550 1583/2088/1553
f 1583/2088/1553 1578/2082/1550 1333/2084/1552 1315/2093/1556
f 1585/1885/1415 1581/1884/1414 1582/2090/1555 1587/2096/1558
f 1587/2096/1558 1582/2090/1555 1317/2092/1503 1362/2101/1526
f 1589/1886/1416 1585/1885/1415 1586/2098/1560 1591/2104/1563
f 1591/2104/1563 1586/2098/1560 1364/2100/1562 1359/2109/1562
f 1577/1887/1414 1589/1886/1416 1590/2106/1565 1579/2080/1548
f 1579/2080/1548 1590/2106/1565 1354/2108/1487 1331/2085/1478
f 1372/1889/1418 1384/1888/1417 1594/2468/1837 1595/2469/1838
f 1595/2469/1838 1594/2468/1837 1378/2125/1580 1370/2116/1571
f 1358/1891/1417 1350/1890/1418 1596/2470/1839 1593/2471/1839
f 1593/2471/1839 1596/2470/1839 1351/2013/1495 1356/2004/1486
f 1388/1893/1420 1400/1892/1419 1598/2472/1840 1599/2473/1841
f 1599/2473/1841 1598/2472/1840 1394/2474/1631 1386/2180/1626
f 1342/1895/1421 1366/1894/1420 1600/2475/1842 1597/2476/1843
f 1597/2476/1843 1600/2475/1842 1367/2045/1518 1340/2036/1518
f 1400/1897/1419 1372/1896/1418 1602/2477/1844 1603/2478/1845
f 1603/2478/1845 1602/2477/1844 1373/2220/1652 1398/2214/1648
f 1350/1899/1418 1342/1898/1421 1604/2479/1846 1601/2480/1847
f 1601/2480/1847 1604/2479/1846 1343/2077/1546 1348/2068/1543
f 1384/1901/1417 1388/1900/1420 1606/2481/1848 1607/2482/1849
f 1607/2482/1849 1606/2481/1848 1389/2157/1603 1382/2148/1603
f 1366/1903/1420 1358/1902/1417 1608/2483/1850 1605/2484/1850
f 1605/2484/1850 1608/2483/1850 1359/2109/1562 1364/2100/1562
f 1428/1905/1423 1420/1904/1422 1610/2485/1841 1611/2486/1851
f 1611/2486/1851 1610/2485/1841 1421/2487/1725 1426/2488/1719
f 1444/1907/1425 1440/1906/1424 1612/2489/1852 1609/2490/1853
f 1609/2490/1853 1612/2489/1852 1434/2141/1596 1442/2132/1587
f 1412/1909/1427 1408/1908/1426 1614/2491/1854 1615/2492/1838
f 1615/2492/1838 1614/2491/1854 1402/2493/1596 1410/2494/1666
f 1460/1911/1429 1452/1910/1428 1616/2495/1855 1613/2496/1855
f 1613/2496/1855 1616/2495/1855 1453/2207/1626 1458/2497/1631
f 1408/1913/1426 1428/1912/1423 1618/2498/1856 1619/2499/1857
f 1619/2499/1857 1618/2498/1856 1429/2500/1699 1406/2501/1620
f 1440/1915/1424 1460/1914/1429 1620/2502/1845 1617/2503/1858
f 1617/2503/1858 1620/2502/1845 1461/2234/1661 1438/2227/1658
f 1420/1917/1422 1412/1916/1427 1622/2504/1859 1623/2505/1845
f 1623/2505/1845 1622/2504/1859 1413/2506/1658 1418/2507/1658
f 1452/1919/1428 1444/1918/1425 1624/2508/1860 1621/2509/1860
f 1621/2509/1860 1624/2508/1860 1445/2173/1620 1450/2164/1614
f 1629/1920/1430 1625/1923/1431 1626/2114/1569 1631/2120/1575
f 1631/2120/1575 1626/2114/1569 1370/2116/1571 1378/2125/1580
f 1633/1921/1430 1629/1920/1430 1630/2122/1577 1635/2128/1583
f 1635/2128/1583 1630/2122/1577 1380/2124/1579 1447/2133/1588
f 1637/1922/1431 1633/1921/1430 1634/2130/1585 1639/2136/1591
f 1639/2136/1591 1634/2130/1585 1442/2132/1587 1434/2141/1596
f 1625/1923/1431 1637/1922/1431 1638/2138/1593 1627/2112/1567
f 1627/2112/1567 1638/2138/1593 1436/2140/1595 1375/2117/1572
f 1645/1924/1432 1641/1927/1432 1642/2146/1601 1647/2152/1601
f 1647/2152/1601 1642/2146/1601 1382/2148/1603 1389/2157/1603
f 1649/1925/1433 1645/1924/1432 1646/2154/1605 1651/2160/1610
f 1651/2160/1610 1646/2154/1605 1391/2156/1607 1455/2165/1615
f 1653/1926/1433 1649/1925/1433 1650/2162/1612 1655/2168/1612
f 1655/2168/1612 1650/2162/1612 1450/2164/1614 1445/2173/1620
f 1641/1927/1432 1653/1926/1433 1654/2170/1619 1643/2144/1599
f 1643/2144/1599 1654/2170/1619 1447/2172/1588 1380/2149/1579
f 1661/1928/1434 1657/1931/1434 1658/2178/1624 1663/2510/1624
f 1663/2510/1624 1658/2178/1624 1386/2180/1626 1394/2474/1631
f 1665/2193/1434 1661/2184/1434 1662/2187/1628 1667/2194/1634
f 1667/2194/1634 1662/2187/1628 1396/2189/1630 1463/2199/1638
f 1669/1930/1434 1665/1929/1434 1666/2511/1636 1671/2202/1636
f 1671/2202/1636 1666/2511/1636 1458/2497/1631 1453/2207/1626
f 1657/1931/1434 1669/1930/1434 1670/2204/1642 1659/2176/1622
f 1659/2176/1622 1670/2204/1642 1455/2206/1615 1391/2181/1607
f 1677/1932/1435 1673/1935/1436 1674/2212/1646 1679/2215/1649
f 1679/2215/1649 1674/2212/1646 1398/2214/1648 1373/2220/1652
f 1681/1933/1435 1677/1932/1435 1678/2217/1651 1683/2223/1654
f 1683/2223/1654 1678/2217/1651 1375/2219/1572 1436/2228/1595
f 1685/1934/1435 1681/1933/1435 1682/2225/1656 1687/2231/1656
f 1687/2231/1656 1682/2225/1656 1438/2227/1658 1461/2234/1661
f 1673/1935/1436 1685/1934/1435 1686/2233/1660 1675/2210/1644
f 1675/2210/1644 1686/2233/1660 1463/2199/1638 1396/2189/1630
f 1504/1936/570 1524/1939/364 1689/2512/1861 1690/2513/1862
f 1690/2513/1862 1689/2512/1861 1525/2465/1835 1502/2456/1831
f 1494/1938/1438 1470/1937/1437 1691/2514/1863 1692/2515/1864
f 1692/2515/1864 1691/2514/1863 1471/2516/1713 1492/2517/1706
f 1508/1940/1438 1504/1943/570 1693/2518/1865 1694/2519/1866
f 1694/2519/1866 1693/2518/1865 1498/2387/1779 1506/2378/1770
f 1470/1942/1437 1478/1941/1439 1695/2520/1867 1696/2521/1868
f 1696/2521/1868 1695/2520/1867 1479/2522/1689 1468/2523/1680
f 1524/1944/364 1516/1947/1441 1697/2524/1869 1698/2525/1869
f 1698/2525/1869 1697/2524/1869 1517/2439/1820 1522/2430/1813
f 1486/1946/1440 1494/1945/1438 1699/2526/1870 1700/2527/1865
f 1700/2527/1865 1699/2526/1870 1495/2528/1739 1484/2529/1732
f 1516/1948/1441 1508/1951/1438 1701/2530/1863 1702/2531/1863
f 1702/2531/1863 1701/2530/1863 1509/2413/1794 1514/2404/1794
f 1478/1950/1439 1486/1949/1440 1703/2532/1871 1704/2533/1872
f 1704/2533/1872 1703/2532/1871 1487/2534/1752 1476/2535/1752
f 1709/1952/1442 1705/1955/1444 1706/2238/1585 1711/2244/1591
f 1711/2244/1591 1706/2238/1585 1410/2240/1666 1402/2249/1596
f 1713/1953/1443 1709/1952/1442 1710/2246/1671 1715/2252/1676
f 1715/2252/1676 1710/2246/1671 1404/2248/1673 1466/2257/1681
f 1717/1954/1443 1713/1953/1443 1714/2254/1678 1719/2260/1684
f 1719/2260/1684 1714/2254/1678 1468/2256/1680 1479/2265/1689
f 1705/1955/1444 1717/1954/1443 1718/2262/1686 1707/2236/1663
f 1707/2236/1663 1718/2262/1686 1474/2264/1688 1415/2241/1667
f 1725/1956/1445 1721/1959/1445 1722/2270/1694 1727/2276/1601
f 1727/2276/1601 1722/2270/1694 1406/2272/1620 1429/2281/1699
f 1729/1957/1446 1725/1956/1445 1726/2278/1605 1731/2284/1702
f 1731/2284/1702 1726/2278/1605 1431/2280/1698 1490/2289/1707
f 1733/1958/1447 1729/1957/1446 1730/2286/1704 1735/2292/1710
f 1735/2292/1710 1730/2286/1704 1492/2288/1706 1471/2297/1713
f 1721/1959/1445 1733/1958/1447 1734/2294/1712 1723/2268/1692
f 1723/2268/1692 1734/2294/1712 1466/2296/1681 1404/2273/1673
f 1741/1960/1448 1737/1963/1448 1738/2302/1717 1743/2308/1720
f 1743/2308/1720 1738/2302/1717 1426/2304/1719 1421/2313/1725
f 1745/1961/1449 1741/1960/1448 1742/2310/1722 1747/2316/1728
f 1747/2316/1728 1742/2310/1722 1423/2312/1724 1482/2321/1733
f 1749/1962/1450 1745/1961/1449 1746/2318/1730 1751/2324/1736
f 1751/2324/1736 1746/2318/1730 1484/2320/1732 1495/2329/1739
f 1737/1963/1448 1749/1962/1450 1750/2326/1738 1739/2300/1715
f 1739/2300/1715 1750/2326/1738 1490/2328/1707 1431/2305/1698
f 1757/1964/1451 1753/1967/1453 1754/2334/1743 1759/2340/1744
f 1759/2340/1744 1754/2334/1743 1418/2336/1658 1413/2345/1658
f 1761/1965/1452 1757/1964/1451 1758/2342/1746 1763/2348/1748
f 1763/2348/1748 1758/2342/1746 1415/2344/1667 1474/2353/1688
f 1765/1966/1452 1761/1965/1452 1762/2350/1750 1767/2356/1750
f 1767/2356/1750 1762/2350/1750 1476/2352/1752 1487/2361/1752
f 1753/1967/1453 1765/1966/1452 1766/2358/1754 1755/2332/1741
f 1755/2332/1741 1766/2358/1754 1482/2360/1733 1423/2337/1724
f 1773/1968/1454 1769/1971/1457 1770/2366/1758 1775/2369/1761
f 1775/2369/1761 1770/2366/1758 1302/2029/1511 1311/2020/1502
f 1777/1969/1455 1773/1968/1454 1774/2371/1763 1779/2374/1766
f 1779/2374/1766 1774/2371/1763 1313/2373/1765 1511/2379/1771
f 1781/1970/1456 1777/1969/1455 1778/2376/1768 1783/2382/1774
f 1783/2382/1774 1778/2376/1768 1506/2378/1770 1498/2387/1779
f 1769/1971/1457 1781/1970/1456 1782/2384/1776 1771/2364/1756
f 1771/2364/1756 1782/2384/1776 1500/2386/1778 1308/2367/1759
f 1789/1972/1458 1785/1975/1458 1786/2392/1784 1791/2395/1785
f 1791/2395/1785 1786/2392/1784 1315/2093/1556 1333/2084/1552
f 1793/1973/1459 1789/1972/1458 1790/2397/1787 1795/2400/1790
f 1795/2400/1790 1790/2397/1787 1335/2399/1789 1519/2405/1795
f 1797/1974/1459 1793/1973/1459 1794/2402/1792 1799/2408/1792
f 1799/2408/1792 1794/2402/1792 1514/2404/1794 1509/2413/1794
f 1785/1975/1458 1797/1974/1459 1798/2410/1799 1787/2390/1782
f 1787/2390/1782 1798/2410/1799 1511/2412/1771 1313/2393/1765
f 1805/1976/1460 1801/1979/1462 1802/2418/1803 1807/2421/1804
f 1807/2421/1804 1802/2418/1803 1329/1997/1479 1324/1988/1470
f 1809/1977/1461 1805/1976/1460 1806/2423/1806 1811/2426/1809
f 1811/2426/1809 1806/2423/1806 1326/2425/1808 1527/2431/1814
f 1813/1978/1461 1809/1977/1461 1810/2428/1811 1815/2434/1817
f 1815/2434/1817 1810/2428/1811 1522/2430/1813 1517/2439/1820
f 1801/1979/1462 1813/1978/1461 1814/2436/1819 1803/2416/1801
f 1803/2416/1801 1814/2436/1819 1519/2438/1795 1335/2419/1789
f 1821/1980/1463 1817/1983/1463 1818/2444/1824 1823/2447/1824
f 1823/2447/1824 1818/2444/1824 1320/2061/1537 1306/2052/1533
f 1825/1981/1464 1821/1980/1463 1822/2449/1826 1827/2452/1827
f 1827/2452/1827 1822/2449/1826 1308/2451/1759 1500/2457/1778
f 1829/1982/1465 1825/1981/1464 1826/2454/1829 1831/2460/1832
f 1831/2460/1832 1826/2454/1829 1502/2456/1831 1525/2465/1835
f 1817/1983/1463 1829/1982/1465 1830/2462/1834 1819/2442/1822
f 1819/2442/1822 1830/2462/1834 1527/2464/1814 1326/2445/1808
f 1358/1891/1417 1593/2471/1839 1833/2536/1873 1608/2537/1850
f 1608/2483/1850 1833/2538/1873 1360/2110/1566 1359/2109/1562
f 1593/2471/1839 1356/2004/1486 1357/2003/1485 1833/2536/1873
f 1833/2538/1873 1357/2539/1485 1353/2111/1489 1360/2110/1566
f 1372/1896/1418 1595/2540/1838 1834/2541/1874 1602/2477/1844
f 1602/2477/1844 1834/2541/1874 1374/2221/1653 1373/2220/1652
f 1595/2469/1838 1370/2116/1571 1371/2115/1570 1834/2542/1874
f 1834/2541/1874 1371/2543/1570 1369/2222/1574 1374/2221/1653
f 1342/1898/1421 1597/2544/1843 1835/2545/1875 1604/2479/1846
f 1604/2479/1846 1835/2545/1875 1344/2078/1547 1343/2077/1546
f 1597/2476/1843 1340/2036/1518 1341/2035/1517 1835/2546/1875
f 1835/2545/1875 1341/2547/1517 1337/2079/1521 1344/2078/1547
f 1388/1893/1420 1599/2473/1841 1836/2548/1876 1606/2549/1848
f 1606/2481/1848 1836/2550/1876 1390/2158/1608 1389/2157/1603
f 1599/2473/1841 1386/2180/1626 1387/2179/1625 1836/2548/1876
f 1836/2548/1876 1387/2179/1625 1385/2183/1609 1390/2551/1608
f 1350/1890/1418 1601/2552/1847 1837/2553/1877 1596/2470/1839
f 1596/2470/1839 1837/2553/1877 1352/2014/1496 1351/2013/1495
f 1601/2480/1847 1348/2068/1543 1349/2067/1542 1837/2554/1877
f 1837/2554/1877 1349/2067/1542 1345/2071/1497 1352/2555/1496
f 1400/1897/1419 1603/2478/1845 1838/2556/1878 1598/2557/1840
f 1598/2557/1840 1838/2556/1878 1395/2191/1632 1394/2190/1631
f 1603/2478/1845 1398/2214/1648 1399/2213/1647 1838/2556/1878
f 1838/2556/1878 1399/2213/1647 1393/2192/1633 1395/2191/1632
f 1366/1894/1420 1605/2558/1850 1839/2559/1879 1600/2475/1842
f 1600/2475/1842 1839/2559/1879 1368/2046/1527 1367/2045/1518
f 1605/2484/1850 1364/2100/1562 1365/2099/1561 1839/2560/1879
f 1839/2559/1879 1365/2561/1561 1361/2047/1528 1368/2046/1527
f 1384/1888/1417 1607/2562/1849 1840/2563/1880 1594/2468/1837
f 1594/2468/1837 1840/2563/1880 1379/2126/1581 1378/2125/1580
f 1607/2482/1849 1382/2148/1603 1383/2147/1602 1840/2564/1880
f 1840/2563/1880 1383/2565/1602 1377/2127/1582 1379/2126/1581
f 1444/1907/1425 1609/2490/1853 1841/2566/1881 1624/2567/1860
f 1624/2508/1860 1841/2568/1881 1446/2174/1621 1445/2173/1620
f 1609/2490/1853 1442/2132/1587 1443/2131/1586 1841/2566/1881
f 1841/2566/1881 1443/2131/1586 1441/2135/1590 1446/2569/1621
f 1428/1912/1423 1611/2570/1851 1842/2571/1882 1618/2498/1856
f 1618/2498/1856 1842/2571/1882 1430/2572/1700 1429/2500/1699
f 1611/2486/1851 1426/2488/1719 1427/2573/1718 1842/2574/1882
f 1842/2574/1882 1427/2573/1718 1425/2575/1701 1430/2576/1700
f 1460/1914/1429 1613/2577/1855 1843/2578/1883 1620/2502/1845
f 1620/2502/1845 1843/2578/1883 1462/2235/1662 1461/2234/1661
f 1613/2577/1855 1458/2198/1631 1459/2197/1637 1843/2578/1883
f 1843/2578/1883 1459/2197/1637 1457/2201/1640 1462/2235/1662
f 1412/1909/1427 1615/2492/1838 1844/2579/1884 1622/2580/1859
f 1622/2504/1859 1844/2581/1884 1414/2582/1747 1413/2506/1658
f 1615/2492/1838 1410/2494/1666 1411/2583/1665 1844/2579/1884
f 1844/2579/1884 1411/2583/1665 1409/2584/1669 1414/2585/1747
f 1440/1915/1424 1617/2503/1858 1845/2586/1885 1612/2587/1852
f 1612/2489/1852 1845/2588/1885 1435/2142/1597 1434/2141/1596
f 1617/2503/1858 1438/2227/1658 1439/2226/1657 1845/2586/1885
f 1845/2586/1885 1439/2226/1657 1433/2230/1598 1435/2589/1597
f 1408/1913/1426 1619/2499/1857 1846/2590/1886 1614/2591/1854
f 1614/2491/1854 1846/2592/1886 1403/2593/1674 1402/2493/1596
f 1619/2499/1857 1406/2501/1620 1407/2594/1695 1846/2590/1886
f 1846/2592/1886 1407/2595/1695 1401/2596/1675 1403/2593/1674
f 1452/1910/1428 1621/2597/1860 1847/2598/1887 1616/2495/1855
f 1616/2495/1855 1847/2598/1887 1454/2208/1643 1453/2207/1626
f 1621/2509/1860 1450/2164/1614 1451/2163/1613 1847/2599/1887
f 1847/2598/1887 1451/2600/1613 1449/2209/1617 1454/2208/1643
f 1420/1904/1422 1623/2601/1845 1848/2602/1888 1610/2485/1841
f 1610/2485/1841 1848/2602/1888 1422/2603/1726 1421/2487/1725
f 1623/2505/1845 1418/2507/1658 1419/2604/1647 1848/2605/1888
f 1848/2602/1888 1419/2606/1647 1417/2607/1727 1422/2603/1726
f 1504/1936/570 1690/2513/1862 1849/2608/1889 1693/2609/1865
f 1693/2518/1865 1849/2610/1889 1499/2388/1780 1498/2387/1779
f 1690/2513/1862 1502/2456/1831 1503/2455/1830 1849/2608/1889
f 1849/2608/1889 1503/2455/1830 1497/2459/1781 1499/2611/1780
f 1494/1938/1438 1692/2515/1864 1850/2612/1890 1699/2613/1870
f 1699/2526/1870 1850/2614/1890 1496/2615/1740 1495/2528/1739
f 1692/2515/1864 1492/2517/1706 1493/2616/1705 1850/2612/1890
f 1850/2612/1890 1493/2616/1705 1489/2617/1709 1496/2618/1740
f 1508/1940/1438 1694/2519/1866 1851/2619/1891 1701/2620/1863
f 1701/2530/1863 1851/2621/1891 1510/2414/1800 1509/2413/1794
f 1694/2519/1866 1506/2378/1770 1507/2377/1769 1851/2619/1891
f 1851/2619/1891 1507/2377/1769 1505/2381/1773 1510/2622/1800
f 1470/1942/1437 1696/2521/1868 1852/2623/1892 1691/2624/1863
f 1691/2514/1863 1852/2625/1892 1472/2626/1714 1471/2516/1713
f 1696/2521/1868 1468/2523/1680 1469/2627/1679 1852/2623/1892
f 1852/2625/1892 1469/2628/1679 1465/2629/1683 1472/2626/1714
f 1524/1939/364 1698/2630/1869 1853/2631/1893 1689/2512/1861
f 1689/2512/1861 1853/2631/1893 1526/2466/1836 1525/2465/1835
f 1698/2525/1869 1522/2430/1813 1523/2429/1812 1853/2632/1893
f 1853/2631/1893 1523/2633/1812 1521/2467/1816 1526/2466/1836
f 1486/1946/1440 1700/2527/1865 1854/2634/1894 1703/2635/1871
f 1703/2532/1871 1854/2636/1894 1488/2637/1755 1487/2534/1752
f 1700/2527/1865 1484/2529/1732 1485/2638/1731 1854/2634/1894
f 1854/2634/1894 1485/2638/1731 1481/2639/1735 1488/2640/1755
f 1516/1948/1441 1702/2531/1863 1855/2641/1895 1697/2642/1869
f 1697/2524/1869 1855/2643/1895 1518/2440/1821 1517/2439/1820
f 1702/2531/1863 1514/2404/1794 1515/2403/1793 1855/2641/1895
f 1855/2643/1895 1515/2644/1793 1513/2441/1797 1518/2440/1821
f 1478/1941/1439 1704/2645/1872 1856/2646/1896 1695/2520/1867
f 1695/2520/1867 1856/2646/1896 1480/2647/1690 1479/2522/1689
f 1704/2533/1872 1476/2535/1752 1477/2648/1751 1856/2649/1896
f 1856/2646/1896 1477/2650/1751 1473/2651/1691 1480/2647/1690
f 696/954/727 1879/1136/860 1881/1149/870 699/961/734
f 1910/2652/1897 823/1207/916 824/1142/866 1912/2653/865
f 1872/2654/1898 822/1213/921 823/1207/916 1910/2655/1897
f 786/1074/827 1897/1164/880 1899/1176/890 789/1081/832
f 1906/2656/725 811/951/724 812/1124/856 1908/2657/883
f 810/950/723 1870/2658/722 1871/1188/900 801/1105/844
f 772/1148/869 1885/1147/868 1887/1156/875 773/1155/874
f 1902/2659/1899 793/1092/838 794/1094/840 1904/1151/872
f 1868/2660/885 792/1089/835 793/1092/838 1902/2661/1899
f 756/1044/806 1891/1154/873 1893/1165/881 759/1051/811
f 1898/2662/721 781/947/720 782/1160/879 1900/1159/878
f 780/946/719 1866/2663/718 1867/2664/885 777/1169/884
f 1894/2665/1900 776/1199/908 682/1240/904 1896/2666/903
f 1892/2667/1901 775/1200/909 776/1199/908 1894/2665/1900
f 1864/2668/10 774/1203/912 775/1200/909 1892/2667/1901
f 1888/2669/1902 764/1062/820 679/1064/822 1890/2670/891
f 1886/944/717 763/943/716 764/1062/820 1888/2669/1902
f 762/942/715 1862/941/165 1863/1153/10 753/1043/805
f 1882/2671/1903 716/1210/918 649/1209/899 1884/2672/898
f 1880/2673/1904 715/1217/925 716/1210/918 1882/2671/1903
f 1860/2674/1 714/1220/928 715/1217/925 1880/2673/1904
f 1876/2675/1905 704/972/745 661/974/747 1878/2676/907
f 1874/2677/711 703/935/710 704/972/745 1876/2675/1905
f 702/934/709 1858/2678/157 1859/1135/1 693/953/726
f 1869/2679/893 819/1178/892 822/1213/921 1872/2680/1898
f 1865/1163/718 783/1073/826 792/1089/835 1868/2660/885
f 1861/1146/165 771/1145/867 774/1203/912 1864/2668/10
f 1857/2681/157 711/1228/935 714/1220/928 1860/2674/1
f 1912/1141/865 1877/1144/863 1878/1198/907 1911/1191/902
f 1910/2652/1897 1912/2653/865 1911/1191/902 1909/1190/901
f 1872/2654/1898 1910/2655/1897 1909/1189/901 1871/1188/900
f 1908/1167/883 1895/1168/882 1896/1193/903 1907/1192/896
f 1906/2656/725 1908/2657/883 1907/1183/896 1905/1182/894
f 1870/949/722 1906/952/725 1905/1180/894 1869/1179/893
f 1904/1151/872 1883/1152/871 1884/1186/898 1903/1185/888
f 1902/2659/1899 1904/1151/872 1903/1174/888 1901/1173/886
f 1868/2660/885 1902/2661/1899 1901/1171/886 1867/1170/885
f 1900/1159/878 1889/1162/876 1890/1177/891 1899/1176/890
f 1898/2662/721 1900/1159/878 1899/1176/890 1897/1164/880
f 1866/945/718 1898/948/721 1897/1164/880 1865/1163/718
f 1894/2665/1900 1896/2666/903 1895/1166/882 1893/1165/881
f 1892/2667/1901 1894/2665/1900 1893/1165/881 1891/1154/873
f 1864/2668/10 1892/2667/1901 1891/1154/873 1863/1153/10
f 1888/2669/1902 1890/2670/891 1889/1157/876 1887/1156/875
f 1886/944/717 1888/2669/1902 1887/1156/875 1885/1147/868
f 1862/941/165 1886/944/717 1885/1147/868 1861/1146/165
f 1882/2671/1903 1884/2672/898 1883/1150/871 1881/1149/870
f 1880/2673/1904 1882/2671/1903 1881/1149/870 1879/1136/860
f 1860/2674/1 1880/2673/1904 1879/1136/860 1859/1135/1
f 1876/2675/1905 1878/2676/907 1877/1139/863 1875/1138/862
f 1874/2677/711 1876/2675/1905 1875/1197/862 1873/1196/906
f 1858/933/157 1874/936/711 1873/2682/906 1857/2683/157
f 1869/2679/893 1872/2680/1898 1871/1188/900 1870/2658/722
f 1865/1163/718 1868/2660/885 1867/2664/885 1866/2663/718
f 1861/1146/165 1864/2668/10 1863/1153/10 1862/941/165
f 1857/2681/157 1860/2674/1 1859/1135/1 1858/2678/157
f 711/1228/935 1857/2683/157 1873/2682/906 712/1195/905
f 372/487/377 1935/714/555 1937/722/560 375/494/384
f 1966/2684/591 499/711/552 500/708/550 1968/2685/558
f 1928/2686/590 498/634/505 499/711/552 1966/2687/591
f 462/644/515 1953/2688/576 1955/758/585 465/651/520
f 1962/2689/375 487/484/374 488/694/544 1964/2690/579
f 486/483/373 1926/2691/372 1927/765/590 477/675/532
f 448/705/548 1941/721/367 1943/739/572 449/636/507
f 1958/2692/1906 469/662/526 470/664/528 1960/724/562
f 1924/2693/582 468/659/523 469/662/526 1958/2692/1906
f 432/577/456 1947/738/571 1949/747/577 435/584/461
f 1954/2694/371 457/480/370 458/742/575 1956/2695/574
f 456/479/369 1922/2696/368 1923/2697/582 453/640/511
f 1950/2698/1907 452/615/486 325/614/485 1952/2699/593
f 1948/2700/1908 451/626/497 452/615/486 1950/2698/1907
f 1920/2701/570 450/628/499 451/626/497 1948/2700/1908
f 1944/2702/1909 440/595/470 331/597/472 1946/2703/586
f 1942/477/367 439/476/366 440/595/470 1944/2702/1909
f 438/475/365 1918/474/364 1919/737/570 429/576/455
f 1938/2704/1910 392/732/566 348/731/494 1940/2705/589
f 1936/2706/1911 391/735/568 392/732/566 1938/2704/1910
f 1916/2707/554 390/606/477 391/735/568 1936/2706/1911
f 1932/2708/1912 380/505/394 363/507/396 1934/2709/594
f 1930/469/360 379/468/359 380/505/394 1932/2708/1912
f 378/467/358 1914/466/357 1915/713/554 369/486/376
f 1925/2710/372 495/610/481 498/634/505 1928/2711/590
f 1921/2712/368 459/643/514 468/659/523 1924/2713/582
f 1917/720/364 447/719/559 450/628/499 1920/2701/570
f 1913/2714/357 387/607/478 390/606/477 1916/2707/554
f 1968/717/558 1933/718/557 1934/772/594 1967/768/592
f 1966/2684/591 1968/2685/558 1967/768/592 1965/767/591
f 1928/2686/590 1966/2687/591 1965/766/591 1927/765/590
f 1964/749/579 1951/750/578 1952/770/593 1963/769/588
f 1962/2689/375 1964/2690/579 1963/763/588 1961/762/587
f 1926/482/372 1962/485/375 1961/761/587 1925/760/372
f 1960/724/562 1939/725/561 1940/764/589 1959/757/584
f 1958/2692/1906 1960/724/562 1959/757/584 1957/756/583
f 1924/2693/582 1958/2692/1906 1957/755/583 1923/754/582
f 1956/741/574 1945/744/573 1946/759/586 1955/758/585
f 1954/2694/371 1956/2695/574 1955/758/585 1953/2688/576
f 1922/478/368 1954/481/371 1953/746/576 1921/745/368
f 1950/2698/1907 1952/2699/593 1951/748/578 1949/747/577
f 1948/2700/1908 1950/2698/1907 1949/747/577 1947/738/571
f 1920/2701/570 1948/2700/1908 1947/738/571 1919/737/570
f 1944/2702/1909 1946/2703/586 1945/740/573 1943/739/572
f 1942/477/367 1944/2702/1909 1943/739/572 1941/721/367
f 1918/474/364 1942/477/367 1941/721/367 1917/720/364
f 1938/2704/1910 1940/2705/589 1939/723/561 1937/722/560
f 1936/2706/1911 1938/2704/1910 1937/722/560 1935/714/555
f 1916/2707/554 1936/2706/1911 1935/714/555 1915/713/554
f 1932/2708/1912 1934/2709/594 1933/716/557 1931/715/556
f 1930/469/360 1932/2708/1912 1931/715/556 1929/771/360
f 1914/466/357 1930/469/360 1929/771/360 1913/2714/357
f 1925/2710/372 1928/2711/590 1927/765/590 1926/2691/372
f 1921/2712/368 1924/2713/582 1923/2697/582 1922/2696/368
f 1917/720/364 1920/2701/570 1919/737/570 1918/474/364
f 1913/2714/357 1916/2707/554 1915/713/554 1914/466/357
f 387/607/478 1913/2714/357 1929/771/360 388/630/501
f 111/112/101 1997/221/169 1999/222/170 114/119/106
f 2022/2715/1913 169/192/151 170/194/153 2024/2716/168
f 1984/2717/194 168/189/148 169/192/151 2022/2715/1913
f 148/229/175 2009/228/174 2011/2718/186 149/241/185
f 2018/2719/20 157/19/19 158/235/181 2020/2720/180
f 156/18/18 1982/2721/17 1983/2722/194 153/250/193
f 48/22/22 1991/206/158 1993/217/166 51/29/29
f 2014/2723/1914 151/302/239 152/212/164 2016/2724/163
f 1980/2725/182 150/298/236 151/302/239 2014/2723/1914
f 127/12/12 2003/2726/11 2005/2727/177 128/230/176
f 2010/16/16 139/15/15 140/162/135 2012/224/172
f 138/14/14 1978/13/13 1979/238/182 129/143/123
f 2006/2728/1915 119/132/117 31/134/119 2008/2729/199
f 2004/2730/1916 118/130/115 119/132/117 2006/2731/1915
f 1976/2732/10 117/127/112 118/130/115 2004/2733/1916
f 2000/2734/1917 107/287/226 23/286/188 2002/2735/187
f 1998/2736/1918 106/292/230 107/287/226 2000/2734/1917
f 1974/2737/364 1975/2738/10 126/9/9 105/295/233
f 1994/2739/1919 68/263/204 12/304/203 1996/2740/202
f 1992/2741/1920 67/264/205 68/263/204 1994/2739/1919
f 1972/2742/157 66/269/210 67/264/205 1992/2741/1920
f 1988/2743/1921 56/40/40 2/42/42 1990/2744/192
f 1986/4/4 55/3/3 56/40/40 1988/2743/1921
f 54/2/2 1970/1/1 1971/205/157 45/21/21
f 1981/2745/189 159/173/139 168/189/148 1984/2746/194
f 1977/227/13 147/226/173 150/298/236 1980/2747/182
f 1974/2737/364 105/295/233 106/292/230 1998/2736/1918
f 1969/2748/1 63/282/222 66/269/210 1972/2742/157
f 2024/219/168 1995/220/167 1996/261/202 2023/260/197
f 2022/2715/1913 2024/2716/168 2023/255/197 2021/254/195
f 1984/2717/194 2022/2715/1913 2021/252/195 1983/251/194
f 2020/234/180 2007/237/178 2008/257/199 2019/248/191
f 2018/2719/20 2020/2720/180 2019/248/191 2017/247/190
f 1982/17/17 2018/20/20 2017/246/190 1981/245/189
f 2016/211/163 1989/214/161 1990/249/192 2015/240/184
f 2014/2723/1914 2016/2724/163 2015/240/184 2013/239/183
f 1980/2725/182 2014/2723/1914 2013/239/183 1979/238/182
f 2012/224/172 2001/225/171 2002/243/187 2011/242/186
f 2010/16/16 2012/224/172 2011/2718/186 2009/228/174
f 1978/13/13 2010/16/16 2009/228/174 1977/227/13
f 2006/2728/1915 2008/2729/199 2007/232/178 2005/231/177
f 2004/2730/1916 2006/2731/1915 2005/2727/177 2003/2726/11
f 1976/2732/10 2004/2733/1916 2003/11/11 1975/10/10
f 2000/2734/1917 2002/2735/187 2001/223/171 1999/222/170
f 1998/2736/1918 2000/2734/1917 1999/222/170 1997/221/169
f 1974/2737/364 1998/2736/1918 1997/221/169 1973/216/165
f 1994/2739/1919 1996/2740/202 1995/218/167 1993/217/166
f 1992/2741/1920 1994/2739/1919 1993/217/166 1991/206/158
f 1972/2742/157 1992/2741/1920 1991/206/158 1971/205/157
f 1988/2743/1921 1990/2744/192 1989/209/161 1987/208/160
f 1986/4/4 1988/2743/1921 1987/208/160 1985/259/201
f 1970/1/1 1986/4/4 1985/259/201 1969/2748/1
f 1981/2745/189 1984/2746/194 1983/2722/194 1982/2721/17
f 1977/227/13 1980/2747/182 1979/238/182 1978/13/13
f 1975/2738/10 1974/2737/364 1973/216/165 1976/215/10
f 1969/2748/1 1972/2742/157 1971/205/157 1970/1/1
f 63/282/222 1969/2748/1 1985/259/201 64/258/200
f 1020/1423/1080 2047/1638/1244 2049/1648/1250 1023/1430/1087
f 2078/2749/1287 1147/1658/1259 1148/1643/1249 2080/2750/1248
f 2040/2751/1286 1146/1626/1232 1147/1658/1259 2078/2752/1287
f 1110/1551/1185 2065/1682/1074 2067/1693/1282 1113/1558/1190
f 2074/1421/1078 1135/1420/1077 1136/1601/1214 2076/1685/1278
f 1134/1419/1076 2038/1418/1075 2039/1700/1286 1125/1582/1202
f 1096/1543/1177 2053/1647/1070 2055/1677/1273 1097/1666/1267
f 2070/2753/1280 1117/1569/1196 1118/1571/1198 2072/1650/1252
f 2036/2754/1279 1116/1566/1193 1117/1569/1196 2070/2753/1280
f 1080/1513/1156 2059/1676/1272 2061/1683/1276 1083/1520/1161
f 2066/2755/1074 1105/1416/1073 1106/1663/1264 2068/2756/1275
f 1104/1415/1072 2034/2757/1071 2035/2758/1279 1101/1624/1230
f 2062/2759/1922 1100/1629/1235 973/1628/1234 2064/2760/1289
f 2060/2761/1272 1099/1632/1238 1100/1629/1235 2062/2759/1922
f 2032/2762/1923 1098/1635/1241 1099/1632/1238 2060/2761/1272
f 2056/2763/1924 1088/1531/1170 979/1533/1172 2058/2764/1283
f 2054/1413/1070 1087/1412/1069 1088/1531/1170 2056/2763/1924
f 1086/1411/1068 2030/1410/1067 2031/1675/10 1077/1512/1068
f 2050/2765/1250 1040/1655/1256 996/1654/1255 2052/2766/1285
f 2048/2767/1244 1039/1660/1261 1040/1655/1256 2050/2765/1250
f 2028/2768/1243 1038/1620/1226 1039/1660/1261 2048/2767/1244
f 2044/2769/1245 1028/1441/1097 1011/1443/1099 2046/2770/1290
f 2042/1405/1063 1027/1404/1062 1028/1441/1097 2044/2769/1245
f 1026/1403/1061 2026/1402/1060 2027/1637/1243 1017/1422/1079
f 2037/2771/1075 1143/1616/1222 1146/1626/1232 2040/2772/1286
f 2033/1681/1071 1107/1550/1184 1116/1566/1193 2036/2773/1279
f 2029/1646/1067 1095/1542/1176 1098/1635/1241 2032/2762/1923
f 2025/2774/1060 1035/1621/1227 1038/1620/1226 2028/2768/1243
f 2080/1642/1248 2045/1645/1246 2046/1706/1290 2079/1702/1288
f 2078/2749/1287 2080/2750/1248 2079/1702/1288 2077/1701/1287
f 2040/2751/1286 2078/2752/1287 2077/1701/1287 2039/1700/1286
f 2076/1685/1278 2063/1686/1277 2064/1704/1289 2075/1703/1284
f 2074/1421/1078 2076/1685/1278 2075/1698/1284 2073/1697/1078
f 2038/1418/1075 2074/1421/1078 2073/1696/1078 2037/1695/1075
f 2072/1650/1252 2051/1651/1251 2052/1699/1285 2071/1692/1281
f 2070/2753/1280 2072/1650/1252 2071/1692/1281 2069/1691/1280
f 2036/2754/1279 2070/2753/1280 2069/1690/1280 2035/1689/1279
f 2068/1679/1275 2057/1680/1274 2058/1694/1283 2067/1693/1282
f 2066/2755/1074 2068/2756/1275 2067/1693/1282 2065/1682/1074
f 2034/1414/1071 2066/1417/1074 2065/1682/1074 2033/1681/1071
f 2062/2759/1922 2064/2760/1289 2063/1684/1277 2061/1683/1276
f 2060/2761/1272 2062/2759/1922 2061/1683/1276 2059/1676/1272
f 2032/2762/1923 2060/2761/1272 2059/1676/1272 2031/1675/10
f 2056/2763/1924 2058/2764/1283 2057/1678/1274 2055/1677/1273
f 2054/1413/1070 2056/2763/1924 2055/1677/1273 2053/1647/1070
f 2030/1410/1067 2054/1413/1070 2053/1647/1070 2029/1646/1067
f 2050/2765/1250 2052/2766/1285 2051/1649/1251 2049/1648/1250
f 2048/2767/1244 2050/2765/1250 2049/1648/1250 2047/1638/1244
f 2028/2768/1243 2048/2767/1244 2047/1638/1244 2027/1637/1243
f 2044/2769/1245 2046/2770/1290 2045/1640/1246 2043/1639/1245
f 2042/1405/1063 2044/2769/1245 2043/1639/1245 2041/1705/1063
f 2026/1402/1060 2042/1405/1063 2041/1705/1063 2025/2774/1060
f 2037/2771/1075 2040/2772/1286 2039/1700/1286 2038/1418/1075
f 2033/1681/1071 2036/2773/1279 2035/2758/1279 2034/2757/1071
f 2029/1646/1067 2032/2762/1923 2031/1675/10 2030/1410/1067
f 2025/2774/1060 2028/2768/1243 2027/1637/1243 2026/1402/1060
f 1035/1621/1227 2025/2774/1060 2041/1705/1063 1036/1612/1218
