# Blender 4.0.2
# www.blender.org
mtllib frame1.mtl
o FRAME_01
v 1.824617 1.134621 1.066292
v 1.824742 1.134663 1.065658
v 1.824728 1.134656 1.065903
v 1.824687 1.134642 1.066114
v 1.824654 1.134117 1.065887
v 1.824671 1.134296 1.066054
v 1.824658 1.134464 1.066189
v 1.823982 1.134862 1.066625
v 1.824251 1.134803 1.066588
v 1.824462 1.134723 1.066477
v 1.824617 1.134621 0.755067
v 1.824742 1.134663 0.755701
v 1.824728 1.134656 0.755457
v 1.824687 1.134642 0.755245
v 1.823982 1.134862 0.754735
v 1.824251 1.134803 0.754772
v 1.824462 1.134723 0.754882
v 1.824654 1.134117 0.755472
v 1.824671 1.134296 0.755306
v 1.824658 1.134464 0.755171
v 1.758785 0.723462 0.755067
v 1.758890 0.723383 0.755701
v 1.758880 0.723394 0.755457
v 1.758845 0.723420 0.755245
v 1.758978 0.723929 0.755472
v 1.758938 0.723754 0.755306
v 1.758873 0.723598 0.755171
v 1.758106 0.723431 0.754735
v 1.758380 0.723403 0.754772
v 1.758606 0.723413 0.754882
v 1.758785 0.723462 1.066292
v 1.758890 0.723383 1.065658
v 1.758880 0.723394 1.065903
v 1.758845 0.723420 1.066114
v 1.758106 0.723431 1.066625
v 1.758380 0.723403 1.066588
v 1.758606 0.723413 1.066477
v 1.758978 0.723929 1.065887
v 1.758937 0.723754 1.066054
v 1.758873 0.723598 1.066188
v 1.759903 0.730482 1.059177
v 1.760034 0.730528 1.058422
v 1.760020 0.730520 1.058681
v 1.759977 0.730504 1.058933
v 1.759947 0.729982 1.059757
v 1.759962 0.730158 1.059567
v 1.759948 0.730324 1.059373
v 1.759274 0.730727 1.059236
v 1.759537 0.730669 1.059229
v 1.759747 0.730587 1.059210
v 1.759903 0.730482 0.762182
v 1.760034 0.730528 0.762937
v 1.760020 0.730520 0.762678
v 1.759977 0.730504 0.762426
v 1.759274 0.730727 0.762123
v 1.759537 0.730669 0.762130
v 1.759747 0.730587 0.762149
v 1.759947 0.729982 0.761602
v 1.759962 0.730158 0.761792
v 1.759948 0.730324 0.761986
v 1.823488 1.127602 0.762182
v 1.823598 1.127518 0.762937
v 1.823587 1.127530 0.762678
v 1.823550 1.127558 0.762426
v 1.823685 1.128064 0.761602
v 1.823645 1.127892 0.761792
v 1.823579 1.127738 0.761986
v 1.822813 1.127566 0.762123
v 1.823081 1.127539 0.762130
v 1.823306 1.127552 0.762149
v 1.823488 1.127602 1.059177
v 1.823598 1.127518 1.058422
v 1.823587 1.127530 1.058681
v 1.823550 1.127558 1.058933
v 1.822813 1.127566 1.059236
v 1.823081 1.127539 1.059229
v 1.823306 1.127552 1.059210
v 1.823685 1.128064 1.059757
v 1.823645 1.127892 1.059567
v 1.823579 1.127738 1.059373
v 1.745582 0.725576 1.066292
v 1.745545 0.726080 1.065887
v 1.745528 0.725901 1.066054
v 1.745540 0.725733 1.066188
v 1.746217 0.725335 1.066625
v 1.745948 0.725393 1.066588
v 1.745736 0.725474 1.066477
v 1.745457 0.725534 1.065658
v 1.745470 0.725541 1.065903
v 1.745512 0.725555 1.066114
v 1.746711 0.732594 1.059177
v 1.746514 0.732133 1.059757
v 1.746554 0.732305 1.059567
v 1.746619 0.732458 1.059373
v 1.746601 0.732679 1.058422
v 1.746612 0.732667 1.058681
v 1.746648 0.732639 1.058933
v 1.747385 0.732630 1.059236
v 1.747117 0.732657 1.059229
v 1.746893 0.732645 1.059210
v 1.746711 0.732594 0.762182
v 1.746514 0.732133 0.761602
v 1.746554 0.732305 0.761792
v 1.746619 0.732458 0.761986
v 1.747385 0.732630 0.762123
v 1.747117 0.732657 0.762130
v 1.746893 0.732645 0.762149
v 1.746601 0.732679 0.762937
v 1.746612 0.732667 0.762678
v 1.746648 0.732639 0.762426
v 1.745582 0.725576 0.755067
v 1.745545 0.726080 0.755472
v 1.745528 0.725901 0.755306
v 1.745540 0.725733 0.755171
v 1.745457 0.725534 0.755701
v 1.745470 0.725541 0.755457
v 1.745512 0.725555 0.755245
v 1.746217 0.725335 0.754735
v 1.745948 0.725393 0.754772
v 1.745736 0.725474 0.754882
v 1.811414 1.136735 0.755067
v 1.811221 1.136268 0.755472
v 1.811261 1.136443 0.755306
v 1.811325 1.136599 0.755171
v 1.812093 1.136765 0.754735
v 1.811819 1.136794 0.754772
v 1.811592 1.136784 0.754882
v 1.811309 1.136814 0.755701
v 1.811319 1.136803 0.755457
v 1.811354 1.136776 0.755245
v 1.810295 1.129715 0.762182
v 1.810252 1.130215 0.761602
v 1.810236 1.130039 0.761792
v 1.810251 1.129872 0.761986
v 1.810164 1.129669 0.762937
v 1.810178 1.129677 0.762678
v 1.810222 1.129692 0.762426
v 1.810925 1.129470 0.762123
v 1.810662 1.129528 0.762130
v 1.810452 1.129610 0.762149
v 1.810295 1.129715 1.059177
v 1.810252 1.130215 1.059757
v 1.810236 1.130039 1.059567
v 1.810251 1.129872 1.059373
v 1.810925 1.129470 1.059236
v 1.810662 1.129528 1.059229
v 1.810452 1.129610 1.059210
v 1.810164 1.129669 1.058422
v 1.810178 1.129677 1.058681
v 1.810222 1.129692 1.058933
v 1.811414 1.136735 1.066292
v 1.811221 1.136268 1.065887
v 1.811261 1.136443 1.066054
v 1.811325 1.136599 1.066189
v 1.811309 1.136814 1.065658
v 1.811319 1.136803 1.065903
v 1.811354 1.136776 1.066114
v 1.812093 1.136765 1.066625
v 1.811819 1.136794 1.066588
v 1.811592 1.136784 1.066477
v 1.746220 0.731948 1.058880
v 1.746299 0.732258 1.058694
v 1.746426 0.732501 1.058541
v 1.746263 0.732035 1.059238
v 1.746339 0.732296 1.059031
v 1.746455 0.732507 1.058845
v 1.746361 0.732097 1.059530
v 1.746424 0.732312 1.059322
v 1.746519 0.732492 1.059123
v 1.746220 0.731948 0.762479
v 1.746264 0.732035 0.762121
v 1.746361 0.732097 0.761829
v 1.746299 0.732258 0.762665
v 1.746339 0.732296 0.762329
v 1.746424 0.732312 0.762038
v 1.746426 0.732501 0.762818
v 1.746455 0.732507 0.762514
v 1.746519 0.732492 0.762237
v 1.745323 0.726347 0.756807
v 1.745302 0.726028 0.756356
v 1.745346 0.725757 0.755988
v 1.745337 0.726251 0.756263
v 1.745328 0.725978 0.755929
v 1.745372 0.725742 0.755660
v 1.745411 0.726161 0.755818
v 1.745403 0.725936 0.755579
v 1.745437 0.725734 0.755388
v 1.745323 0.726347 1.064552
v 1.745337 0.726251 1.065096
v 1.745411 0.726161 1.065541
v 1.745302 0.726028 1.065003
v 1.745328 0.725978 1.065430
v 1.745403 0.725936 1.065780
v 1.745346 0.725757 1.065372
v 1.745372 0.725742 1.065699
v 1.745437 0.725734 1.065971
v 1.810031 1.130482 0.762479
v 1.810009 1.130163 0.762665
v 1.810054 1.129892 0.762818
v 1.810045 1.130386 0.762122
v 1.810035 1.130114 0.762329
v 1.810079 1.129878 0.762514
v 1.810118 1.130296 0.761829
v 1.810111 1.130073 0.762038
v 1.810145 1.129872 0.762237
v 1.810031 1.130482 1.058880
v 1.810045 1.130386 1.059238
v 1.810118 1.130296 1.059530
v 1.810009 1.130163 1.058694
v 1.810035 1.130114 1.059031
v 1.810111 1.130073 1.059322
v 1.810054 1.129892 1.058541
v 1.810079 1.129878 1.058845
v 1.810145 1.129872 1.059123
v 1.810928 1.136083 1.064552
v 1.811006 1.136393 1.065003
v 1.811133 1.136636 1.065372
v 1.810971 1.136170 1.065096
v 1.811047 1.136432 1.065430
v 1.811163 1.136643 1.065699
v 1.811069 1.136232 1.065541
v 1.811132 1.136449 1.065780
v 1.811227 1.136630 1.065971
v 1.810928 1.136083 0.756807
v 1.810971 1.136170 0.756263
v 1.811069 1.136232 0.755818
v 1.811006 1.136393 0.756356
v 1.811047 1.136432 0.755929
v 1.811132 1.136449 0.755579
v 1.811134 1.136636 0.755988
v 1.811163 1.136643 0.755660
v 1.811227 1.136630 0.755388
v 1.758077 0.723249 0.755332
v 1.758396 0.723228 0.755373
v 1.758667 0.723272 0.755496
v 1.758080 0.723270 0.755034
v 1.758395 0.723254 0.755096
v 1.758661 0.723296 0.755237
v 1.758090 0.723330 0.754835
v 1.758389 0.723312 0.754895
v 1.758641 0.723343 0.755032
v 1.758077 0.723249 1.066027
v 1.758080 0.723270 1.066325
v 1.758090 0.723330 1.066524
v 1.758396 0.723228 1.065986
v 1.758395 0.723254 1.066263
v 1.758389 0.723312 1.066464
v 1.758667 0.723272 1.065863
v 1.758661 0.723296 1.066123
v 1.758641 0.723343 1.066327
v 1.746188 0.725153 1.066027
v 1.745878 0.725232 1.065986
v 1.745634 0.725359 1.065863
v 1.746191 0.725173 1.066325
v 1.745888 0.725257 1.066263
v 1.745647 0.725379 1.066123
v 1.746201 0.725234 1.066524
v 1.745911 0.725310 1.066464
v 1.745681 0.725418 1.066327
v 1.746188 0.725153 0.755332
v 1.746191 0.725173 0.755034
v 1.746201 0.725234 0.754835
v 1.745878 0.725232 0.755373
v 1.745888 0.725257 0.755096
v 1.745911 0.725310 0.754895
v 1.745634 0.725359 0.755496
v 1.745647 0.725379 0.755237
v 1.745681 0.725418 0.755032
v 1.824011 1.135044 1.066027
v 1.824321 1.134965 1.065986
v 1.824564 1.134838 1.065863
v 1.824007 1.135024 1.066325
v 1.824311 1.134940 1.066263
v 1.824551 1.134818 1.066123
v 1.823998 1.134963 1.066524
v 1.824288 1.134887 1.066464
v 1.824517 1.134779 1.066327
v 1.824011 1.135044 0.755332
v 1.824007 1.135024 0.755034
v 1.823998 1.134963 0.754835
v 1.824321 1.134965 0.755373
v 1.824311 1.134940 0.755096
v 1.824288 1.134887 0.754895
v 1.824564 1.134838 0.755496
v 1.824551 1.134818 0.755237
v 1.824517 1.134779 0.755032
v 1.812122 1.136948 0.755332
v 1.811803 1.136969 0.755373
v 1.811532 1.136925 0.755496
v 1.812119 1.136927 0.755034
v 1.811804 1.136943 0.755096
v 1.811537 1.136901 0.755237
v 1.812109 1.136867 0.754835
v 1.811809 1.136884 0.754895
v 1.811558 1.136854 0.755032
v 1.812122 1.136948 1.066027
v 1.812119 1.136927 1.066325
v 1.812109 1.136867 1.066524
v 1.811803 1.136969 1.065986
v 1.811804 1.136943 1.066263
v 1.811809 1.136884 1.066464
v 1.811532 1.136925 1.065863
v 1.811537 1.136901 1.066123
v 1.811558 1.136854 1.066327
v 1.822784 1.127384 0.763089
v 1.823103 1.127363 0.763073
v 1.823375 1.127407 0.763022
v 1.822788 1.127405 0.762750
v 1.823100 1.127389 0.762744
v 1.823367 1.127431 0.762720
v 1.822797 1.127465 0.762428
v 1.823093 1.127448 0.762430
v 1.823344 1.127479 0.762429
v 1.822784 1.127384 1.058270
v 1.822788 1.127405 1.058609
v 1.822797 1.127465 1.058931
v 1.823103 1.127363 1.058287
v 1.823100 1.127389 1.058615
v 1.823093 1.127448 1.058929
v 1.823375 1.127407 1.058338
v 1.823367 1.127431 1.058639
v 1.823344 1.127479 1.058930
v 1.810895 1.129288 1.058270
v 1.810585 1.129367 1.058287
v 1.810342 1.129494 1.058338
v 1.810899 1.129308 1.058609
v 1.810597 1.129391 1.058615
v 1.810356 1.129514 1.058639
v 1.810908 1.129369 1.058931
v 1.810622 1.129445 1.058929
v 1.810393 1.129553 1.058930
v 1.810895 1.129288 0.763089
v 1.810899 1.129308 0.762750
v 1.810908 1.129369 0.762428
v 1.810585 1.129367 0.763073
v 1.810597 1.129391 0.762744
v 1.810622 1.129445 0.762430
v 1.810342 1.129494 0.763022
v 1.810356 1.129514 0.762720
v 1.810393 1.129553 0.762429
v 1.759303 0.730909 1.058270
v 1.759613 0.730830 1.058287
v 1.759857 0.730703 1.058338
v 1.759300 0.730889 1.058609
v 1.759602 0.730806 1.058615
v 1.759842 0.730683 1.058639
v 1.759290 0.730828 1.058931
v 1.759577 0.730752 1.058929
v 1.759806 0.730644 1.058930
v 1.759303 0.730909 0.763089
v 1.759300 0.730889 0.762750
v 1.759290 0.730828 0.762428
v 1.759613 0.730830 0.763073
v 1.759602 0.730806 0.762744
v 1.759577 0.730752 0.762430
v 1.759857 0.730703 0.763022
v 1.759842 0.730683 0.762720
v 1.759806 0.730644 0.762429
v 1.747414 0.732812 0.763089
v 1.747095 0.732834 0.763073
v 1.746824 0.732790 0.763022
v 1.747411 0.732792 0.762750
v 1.747098 0.732808 0.762744
v 1.746832 0.732766 0.762720
v 1.747401 0.732732 0.762428
v 1.747106 0.732749 0.762430
v 1.746855 0.732718 0.762429
v 1.747414 0.732812 1.058270
v 1.747411 0.732792 1.058609
v 1.747401 0.732732 1.058931
v 1.747095 0.732834 1.058287
v 1.747098 0.732808 1.058615
v 1.747106 0.732749 1.058929
v 1.746824 0.732790 1.058338
v 1.746832 0.732766 1.058639
v 1.746855 0.732718 1.058930
v 1.823979 1.128249 1.058880
v 1.823900 1.127939 1.058694
v 1.823773 1.127695 1.058541
v 1.823935 1.128161 1.059238
v 1.823860 1.127901 1.059031
v 1.823744 1.127690 1.058845
v 1.823837 1.128100 1.059530
v 1.823775 1.127885 1.059322
v 1.823679 1.127705 1.059123
v 1.823979 1.128249 0.762479
v 1.823935 1.128161 0.762122
v 1.823837 1.128100 0.761829
v 1.823900 1.127939 0.762665
v 1.823860 1.127901 0.762329
v 1.823775 1.127885 0.762038
v 1.823773 1.127695 0.762818
v 1.823744 1.127690 0.762514
v 1.823679 1.127705 0.762237
v 1.824875 1.133850 0.756807
v 1.824897 1.134169 0.756356
v 1.824852 1.134440 0.755988
v 1.824862 1.133946 0.756263
v 1.824871 1.134218 0.755929
v 1.824827 1.134455 0.755660
v 1.824788 1.134035 0.755818
v 1.824796 1.134261 0.755579
v 1.824762 1.134463 0.755388
v 1.824875 1.133850 1.064552
v 1.824862 1.133946 1.065096
v 1.824788 1.134035 1.065541
v 1.824897 1.134169 1.065003
v 1.824871 1.134218 1.065430
v 1.824796 1.134261 1.065780
v 1.824852 1.134440 1.065372
v 1.824827 1.134455 1.065699
v 1.824762 1.134463 1.065971
v 1.760168 0.729715 0.762479
v 1.760190 0.730034 0.762665
v 1.760145 0.730305 0.762818
v 1.760154 0.729811 0.762121
v 1.760164 0.730083 0.762329
v 1.760119 0.730319 0.762514
v 1.760080 0.729900 0.761829
v 1.760088 0.730124 0.762038
v 1.760054 0.730325 0.762237
v 1.760168 0.729715 1.058880
v 1.760154 0.729811 1.059238
v 1.760080 0.729900 1.059530
v 1.760190 0.730034 1.058694
v 1.760164 0.730083 1.059031
v 1.760088 0.730124 1.059322
v 1.760145 0.730305 1.058541
v 1.760119 0.730319 1.058845
v 1.760054 0.730325 1.059123
v 1.759271 0.724114 1.064552
v 1.759192 0.723804 1.065003
v 1.759065 0.723560 1.065372
v 1.759228 0.724027 1.065096
v 1.759152 0.723765 1.065430
v 1.759036 0.723554 1.065699
v 1.759130 0.723965 1.065541
v 1.759067 0.723748 1.065780
v 1.758972 0.723567 1.065971
v 1.759271 0.724114 0.756807
v 1.759228 0.724027 0.756263
v 1.759130 0.723965 0.755818
v 1.759192 0.723804 0.756356
v 1.759152 0.723765 0.755929
v 1.759067 0.723748 0.755579
v 1.759065 0.723560 0.755988
v 1.759036 0.723554 0.755660
v 1.758972 0.723567 0.755388
v 1.746305 0.725881 1.066332
v 1.746269 0.725658 1.066529
v 1.746240 0.725476 1.066626
v 1.745991 0.725940 1.066283
v 1.745963 0.725727 1.066461
v 1.745948 0.725545 1.066562
v 1.745738 0.726006 1.066134
v 1.745716 0.725808 1.066302
v 1.745715 0.725630 1.066417
v 1.758193 0.723977 1.066332
v 1.758509 0.723935 1.066283
v 1.758771 0.723919 1.066134
v 1.758158 0.723755 1.066529
v 1.758470 0.723724 1.066461
v 1.758730 0.723724 1.066302
v 1.758129 0.723573 1.066626
v 1.758427 0.723547 1.066562
v 1.758675 0.723555 1.066417
v 1.759187 0.730181 1.060050
v 1.759222 0.730403 1.059795
v 1.759251 0.730585 1.059524
v 1.759500 0.730122 1.060017
v 1.759527 0.730334 1.059767
v 1.759539 0.730517 1.059504
v 1.759753 0.730056 1.059920
v 1.759773 0.730253 1.059691
v 1.759771 0.730430 1.059454
v 1.747298 0.732085 1.060050
v 1.746982 0.732127 1.060017
v 1.746721 0.732143 1.059920
v 1.747333 0.732307 1.059795
v 1.747023 0.732336 1.059767
v 1.746763 0.732336 1.059691
v 1.747363 0.732489 1.059524
v 1.747068 0.732513 1.059504
v 1.746820 0.732503 1.059454
v 1.747298 0.732085 0.761310
v 1.747334 0.732307 0.761564
v 1.747363 0.732489 0.761835
v 1.746982 0.732127 0.761342
v 1.747023 0.732337 0.761592
v 1.747068 0.732513 0.761855
v 1.746721 0.732143 0.761440
v 1.746763 0.732336 0.761669
v 1.746820 0.732503 0.761905
v 1.759187 0.730181 0.761310
v 1.759500 0.730122 0.761342
v 1.759753 0.730056 0.761440
v 1.759222 0.730403 0.761564
v 1.759527 0.730334 0.761592
v 1.759773 0.730252 0.761669
v 1.759251 0.730585 0.761835
v 1.759539 0.730517 0.761855
v 1.759771 0.730430 0.761905
v 1.758193 0.723977 0.755027
v 1.758158 0.723755 0.754831
v 1.758129 0.723573 0.754733
v 1.758509 0.723935 0.755076
v 1.758470 0.723724 0.754898
v 1.758427 0.723547 0.754797
v 1.758771 0.723919 0.755225
v 1.758730 0.723724 0.755057
v 1.758675 0.723555 0.754943
v 1.746305 0.725881 0.755027
v 1.745991 0.725940 0.755076
v 1.745738 0.726006 0.755225
v 1.746269 0.725658 0.754831
v 1.745963 0.725727 0.754898
v 1.745716 0.725808 0.755057
v 1.746240 0.725476 0.754733
v 1.745948 0.725545 0.754797
v 1.745715 0.725630 0.754943
v 1.812005 1.136220 0.755027
v 1.812041 1.136442 0.754831
v 1.812070 1.136624 0.754733
v 1.811689 1.136262 0.755076
v 1.811729 1.136472 0.754898
v 1.811772 1.136650 0.754797
v 1.811428 1.136278 0.755225
v 1.811469 1.136473 0.755057
v 1.811524 1.136642 0.754943
v 1.823894 1.134316 0.755027
v 1.824207 1.134257 0.755076
v 1.824461 1.134191 0.755225
v 1.823930 1.134538 0.754831
v 1.824236 1.134470 0.754898
v 1.824483 1.134389 0.755057
v 1.823959 1.134720 0.754733
v 1.824250 1.134652 0.754797
v 1.824483 1.134566 0.754943
v 1.822901 1.128112 0.761310
v 1.822865 1.127890 0.761564
v 1.822836 1.127708 0.761835
v 1.823217 1.128070 0.761342
v 1.823176 1.127860 0.761592
v 1.823131 1.127683 0.761855
v 1.823478 1.128054 0.761440
v 1.823436 1.127861 0.761669
v 1.823379 1.127694 0.761905
v 1.811012 1.130016 0.761310
v 1.810699 1.130075 0.761342
v 1.810445 1.130141 0.761440
v 1.810976 1.129793 0.761564
v 1.810672 1.129863 0.761592
v 1.810425 1.129944 0.761669
v 1.810947 1.129611 0.761835
v 1.810660 1.129680 0.761855
v 1.810427 1.129767 0.761905
v 1.811012 1.130016 1.060050
v 1.810976 1.129793 1.059795
v 1.810947 1.129611 1.059524
v 1.810699 1.130075 1.060017
v 1.810672 1.129863 1.059767
v 1.810660 1.129680 1.059504
v 1.810445 1.130141 1.059920
v 1.810425 1.129944 1.059691
v 1.810427 1.129767 1.059454
v 1.822901 1.128112 1.060050
v 1.823217 1.128070 1.060017
v 1.823478 1.128054 1.059920
v 1.822865 1.127890 1.059795
v 1.823176 1.127860 1.059767
v 1.823436 1.127861 1.059691
v 1.822836 1.127708 1.059524
v 1.823131 1.127684 1.059504
v 1.823378 1.127694 1.059454
v 1.823894 1.134316 1.066332
v 1.823930 1.134538 1.066529
v 1.823959 1.134720 1.066626
v 1.824207 1.134257 1.066283
v 1.824236 1.134470 1.066461
v 1.824250 1.134652 1.066562
v 1.824461 1.134191 1.066134
v 1.824483 1.134389 1.066302
v 1.824483 1.134566 1.066417
v 1.812005 1.136220 1.066332
v 1.811689 1.136262 1.066283
v 1.811428 1.136278 1.066134
v 1.812041 1.136442 1.066529
v 1.811729 1.136472 1.066461
v 1.811469 1.136473 1.066302
v 1.812070 1.136624 1.066626
v 1.811772 1.136650 1.066562
v 1.811524 1.136642 1.066417
v 1.824545 1.134171 0.754612
v 1.824560 1.133527 0.754550
v 1.824587 1.133770 0.754560
v 1.824582 1.133985 0.754580
v 1.824596 1.133753 0.755103
v 1.824610 1.133919 0.754924
v 1.824593 1.134058 0.754760
v 1.823940 1.134605 0.754474
v 1.824206 1.134525 0.754489
v 1.824408 1.134380 0.754535
v 1.758857 0.723912 0.754612
v 1.759072 0.724519 0.754550
v 1.759022 0.724280 0.754560
v 1.758950 0.724077 0.754580
v 1.758147 0.723689 0.754474
v 1.758425 0.723682 0.754489
v 1.758661 0.723756 0.754535
v 1.759036 0.724293 0.755103
v 1.758998 0.724131 0.754924
v 1.758938 0.724004 0.754760
v 1.758857 0.723912 1.066748
v 1.759072 0.724519 1.066809
v 1.759022 0.724280 1.066800
v 1.758950 0.724077 1.066779
v 1.759036 0.724293 1.066256
v 1.758998 0.724131 1.066435
v 1.758938 0.724004 1.066599
v 1.758147 0.723689 1.066885
v 1.758425 0.723682 1.066870
v 1.758661 0.723756 1.066824
v 1.824545 1.134171 1.066748
v 1.824560 1.133527 1.066809
v 1.824587 1.133770 1.066800
v 1.824582 1.133985 1.066779
v 1.823940 1.134605 1.066885
v 1.824206 1.134525 1.066870
v 1.824408 1.134380 1.066824
v 1.824596 1.133753 1.066256
v 1.824610 1.133919 1.066435
v 1.824593 1.134058 1.066599
v 1.759976 0.730938 0.761720
v 1.760216 0.731664 0.761786
v 1.760163 0.731410 0.761776
v 1.760083 0.731168 0.761754
v 1.760005 0.730346 0.761233
v 1.760023 0.730536 0.761409
v 1.760013 0.730733 0.761572
v 1.759315 0.730984 0.761863
v 1.759582 0.730948 0.761847
v 1.759802 0.730933 0.761799
v 1.823415 1.127146 0.761720
v 1.823416 1.126382 0.761786
v 1.823444 1.126640 0.761776
v 1.823444 1.126895 0.761754
v 1.822772 1.127309 0.761863
v 1.823037 1.127260 0.761847
v 1.823251 1.127206 0.761799
v 1.823627 1.127700 0.761233
v 1.823584 1.127514 0.761409
v 1.823514 1.127329 0.761572
v 1.823415 1.127146 1.059639
v 1.823416 1.126382 1.059573
v 1.823444 1.126640 1.059583
v 1.823444 1.126895 1.059605
v 1.823627 1.127700 1.060126
v 1.823584 1.127514 1.059950
v 1.823514 1.127329 1.059788
v 1.822772 1.127309 1.059497
v 1.823037 1.127260 1.059512
v 1.823251 1.127206 1.059560
v 1.759976 0.730938 1.059639
v 1.760216 0.731664 1.059573
v 1.760163 0.731410 1.059583
v 1.760083 0.731168 1.059605
v 1.759315 0.730984 1.059497
v 1.759582 0.730948 1.059512
v 1.759802 0.730933 1.059560
v 1.760005 0.730346 1.060126
v 1.760023 0.730536 1.059950
v 1.760013 0.730733 1.059788
v 1.811342 1.136285 0.754612
v 1.811127 1.135678 0.754550
v 1.811177 1.135917 0.754560
v 1.811249 1.136120 0.754580
v 1.812051 1.136508 0.754474
v 1.811774 1.136515 0.754489
v 1.811538 1.136441 0.754535
v 1.811163 1.135904 0.755103
v 1.811201 1.136066 0.754924
v 1.811260 1.136193 0.754760
v 1.745654 0.726026 0.754612
v 1.745639 0.726670 0.754550
v 1.745612 0.726427 0.754560
v 1.745617 0.726212 0.754580
v 1.745603 0.726444 0.755103
v 1.745588 0.726278 0.754924
v 1.745605 0.726138 0.754760
v 1.746258 0.725592 0.754474
v 1.745993 0.725672 0.754489
v 1.745791 0.725817 0.754535
v 1.745654 0.726026 1.066748
v 1.745639 0.726670 1.066809
v 1.745612 0.726427 1.066800
v 1.745617 0.726212 1.066779
v 1.746258 0.725592 1.066885
v 1.745993 0.725672 1.066870
v 1.745791 0.725817 1.066824
v 1.745603 0.726444 1.066256
v 1.745588 0.726278 1.066435
v 1.745605 0.726138 1.066599
v 1.811342 1.136285 1.066748
v 1.811127 1.135678 1.066809
v 1.811177 1.135917 1.066800
v 1.811249 1.136120 1.066779
v 1.811163 1.135904 1.066256
v 1.811201 1.136066 1.066435
v 1.811260 1.136193 1.066599
v 1.812051 1.136508 1.066885
v 1.811774 1.136515 1.066870
v 1.811538 1.136441 1.066824
v 1.746784 0.733050 0.761720
v 1.746783 0.733815 0.761786
v 1.746754 0.733557 0.761776
v 1.746755 0.733302 0.761754
v 1.747427 0.732888 0.761863
v 1.747162 0.732937 0.761847
v 1.746948 0.732991 0.761799
v 1.746572 0.732497 0.761233
v 1.746614 0.732683 0.761409
v 1.746685 0.732867 0.761572
v 1.810222 1.129259 0.761720
v 1.809983 1.128533 0.761786
v 1.810036 1.128787 0.761776
v 1.810116 1.129029 0.761754
v 1.810194 1.129851 0.761233
v 1.810176 1.129661 0.761409
v 1.810185 1.129464 0.761572
v 1.810883 1.129213 0.761863
v 1.810617 1.129249 0.761847
v 1.810396 1.129264 0.761799
v 1.810222 1.129259 1.059639
v 1.809983 1.128533 1.059573
v 1.810036 1.128787 1.059583
v 1.810116 1.129029 1.059605
v 1.810883 1.129213 1.059497
v 1.810617 1.129249 1.059512
v 1.810396 1.129264 1.059560
v 1.810194 1.129851 1.060126
v 1.810176 1.129661 1.059950
v 1.810185 1.129464 1.059788
v 1.746784 0.733050 1.059639
v 1.746783 0.733815 1.059573
v 1.746754 0.733557 1.059583
v 1.746755 0.733302 1.059605
v 1.746572 0.732497 1.060126
v 1.746614 0.732683 1.059950
v 1.746685 0.732867 1.059788
v 1.747427 0.732888 1.059497
v 1.747162 0.732937 1.059512
v 1.746948 0.732991 1.059560
v 1.809798 1.129026 1.060355
v 1.809797 1.128837 1.060036
v 1.809858 1.128673 1.059776
v 1.809883 1.129375 1.060262
v 1.809883 1.129165 1.059992
v 1.809934 1.128969 1.059766
v 1.810015 1.129649 1.060185
v 1.810009 1.129439 1.059963
v 1.810043 1.129232 1.059770
v 1.746453 0.733404 1.060355
v 1.746425 0.733047 1.060262
v 1.746465 0.732744 1.060185
v 1.746511 0.733584 1.060036
v 1.746491 0.733246 1.059992
v 1.746525 0.732946 1.059963
v 1.746621 0.733721 1.059776
v 1.746601 0.733416 1.059766
v 1.746622 0.733132 1.059770
v 1.745556 0.727803 1.066027
v 1.745514 0.727354 1.066345
v 1.745541 0.726976 1.066606
v 1.745499 0.727262 1.066120
v 1.745479 0.726927 1.066390
v 1.745517 0.726649 1.066617
v 1.745515 0.726809 1.066196
v 1.745504 0.726568 1.066420
v 1.745538 0.726369 1.066615
v 1.810694 1.134627 1.066027
v 1.810809 1.135159 1.066120
v 1.810965 1.135585 1.066196
v 1.810794 1.135067 1.066345
v 1.810895 1.135484 1.066390
v 1.811030 1.135817 1.066420
v 1.810938 1.135417 1.066606
v 1.811018 1.135736 1.066617
v 1.811125 1.135995 1.066615
v 1.746453 0.733404 0.761004
v 1.746511 0.733584 0.761323
v 1.746621 0.733721 0.761584
v 1.746425 0.733047 0.761098
v 1.746491 0.733246 0.761367
v 1.746601 0.733416 0.761593
v 1.746465 0.732744 0.761174
v 1.746525 0.732946 0.761396
v 1.746622 0.733132 0.761589
v 1.809798 1.129026 0.761004
v 1.809883 1.129375 0.761098
v 1.810015 1.129649 0.761174
v 1.809797 1.128837 0.761323
v 1.809883 1.129165 0.761367
v 1.810009 1.129439 0.761396
v 1.809858 1.128673 0.761584
v 1.809934 1.128969 0.761593
v 1.810043 1.129232 0.761589
v 1.810694 1.134627 0.755332
v 1.810794 1.135067 0.755014
v 1.810938 1.135417 0.754753
v 1.810809 1.135159 0.755239
v 1.810895 1.135484 0.754969
v 1.811018 1.135736 0.754742
v 1.810965 1.135585 0.755163
v 1.811030 1.135817 0.754939
v 1.811125 1.135995 0.754745
v 1.745556 0.727803 0.755332
v 1.745499 0.727262 0.755239
v 1.745515 0.726809 0.755163
v 1.745514 0.727354 0.755014
v 1.745479 0.726927 0.754969
v 1.745504 0.726568 0.754939
v 1.745541 0.726976 0.754753
v 1.745517 0.726648 0.754742
v 1.745538 0.726369 0.754745
v 1.823846 1.134014 0.754290
v 1.824154 1.133924 0.754319
v 1.824392 1.133761 0.754406
v 1.823893 1.134309 0.754310
v 1.824192 1.134199 0.754345
v 1.824424 1.134019 0.754428
v 1.823924 1.134506 0.754372
v 1.824210 1.134399 0.754401
v 1.824429 1.134225 0.754471
v 1.758242 0.724279 0.754290
v 1.758195 0.723985 0.754310
v 1.758163 0.723788 0.754372
v 1.758563 0.724269 0.754319
v 1.758513 0.723996 0.754345
v 1.758467 0.723800 0.754401
v 1.758840 0.724349 0.754406
v 1.758789 0.724094 0.754428
v 1.758730 0.723897 0.754471
v 1.746353 0.726182 0.754290
v 1.746045 0.726273 0.754319
v 1.745807 0.726436 0.754406
v 1.746306 0.725888 0.754310
v 1.746006 0.725998 0.754345
v 1.745775 0.726178 0.754428
v 1.746274 0.725691 0.754372
v 1.745989 0.725798 0.754401
v 1.745770 0.725972 0.754471
v 1.811957 1.135918 0.754290
v 1.812004 1.136212 0.754310
v 1.812036 1.136409 0.754372
v 1.811636 1.135928 0.754319
v 1.811685 1.136201 0.754345
v 1.811731 1.136397 0.754401
v 1.811359 1.135848 0.754406
v 1.811410 1.136103 0.754428
v 1.811469 1.136300 0.754471
v 1.758242 0.724279 1.067070
v 1.758563 0.724269 1.067040
v 1.758839 0.724349 1.066954
v 1.758195 0.723985 1.067049
v 1.758513 0.723996 1.067015
v 1.758789 0.724094 1.066931
v 1.758163 0.723788 1.066988
v 1.758467 0.723800 1.066958
v 1.758730 0.723897 1.066888
v 1.823846 1.134014 1.067070
v 1.823893 1.134309 1.067049
v 1.823924 1.134506 1.066988
v 1.824154 1.133924 1.067040
v 1.824192 1.134199 1.067015
v 1.824210 1.134399 1.066958
v 1.824392 1.133761 1.066954
v 1.824424 1.134019 1.066931
v 1.824429 1.134225 1.066888
v 1.811957 1.135918 1.067070
v 1.811636 1.135928 1.067040
v 1.811359 1.135848 1.066954
v 1.812004 1.136212 1.067049
v 1.811685 1.136201 1.067015
v 1.811410 1.136103 1.066931
v 1.812036 1.136409 1.066988
v 1.811731 1.136397 1.066958
v 1.811469 1.136300 1.066888
v 1.746353 0.726182 1.067070
v 1.746306 0.725888 1.067049
v 1.746274 0.725691 1.066988
v 1.746045 0.726273 1.067040
v 1.746006 0.725998 1.067015
v 1.745989 0.725798 1.066958
v 1.745807 0.726436 1.066954
v 1.745775 0.726178 1.066931
v 1.745770 0.725972 1.066888
v 1.759468 0.731938 0.762047
v 1.759780 0.731871 0.762018
v 1.760029 0.731780 0.761931
v 1.759415 0.731604 0.762026
v 1.759721 0.731549 0.761992
v 1.759971 0.731484 0.761909
v 1.759364 0.731286 0.761965
v 1.759655 0.731241 0.761935
v 1.759895 0.731202 0.761865
v 1.822619 1.126355 0.762047
v 1.822673 1.126690 0.762026
v 1.822724 1.127008 0.761965
v 1.822937 1.126321 0.762018
v 1.822981 1.126646 0.761992
v 1.823015 1.126959 0.761935
v 1.823202 1.126330 0.761931
v 1.823239 1.126630 0.761909
v 1.823255 1.126922 0.761865
v 1.810731 1.128258 0.762047
v 1.810419 1.128326 0.762018
v 1.810169 1.128417 0.761931
v 1.810784 1.128593 0.762026
v 1.810478 1.128648 0.761992
v 1.810228 1.128713 0.761909
v 1.810835 1.128911 0.761965
v 1.810544 1.128956 0.761935
v 1.810304 1.128995 0.761865
v 1.747579 0.733842 0.762047
v 1.747526 0.733507 0.762026
v 1.747475 0.733189 0.761965
v 1.747262 0.733876 0.762018
v 1.747217 0.733551 0.761992
v 1.747184 0.733238 0.761935
v 1.746997 0.733867 0.761931
v 1.746960 0.733567 0.761909
v 1.746944 0.733275 0.761865
v 1.822619 1.126355 1.059312
v 1.822937 1.126321 1.059341
v 1.823202 1.126330 1.059428
v 1.822673 1.126690 1.059333
v 1.822981 1.126646 1.059367
v 1.823239 1.126630 1.059451
v 1.822724 1.127008 1.059394
v 1.823015 1.126959 1.059424
v 1.823255 1.126922 1.059494
v 1.759468 0.731938 1.059312
v 1.759414 0.731604 1.059333
v 1.759364 0.731286 1.059394
v 1.759780 0.731871 1.059341
v 1.759721 0.731549 1.059367
v 1.759655 0.731241 1.059424
v 1.760029 0.731780 1.059428
v 1.759971 0.731484 1.059451
v 1.759895 0.731202 1.059494
v 1.747579 0.733842 1.059312
v 1.747262 0.733876 1.059341
v 1.746997 0.733867 1.059428
v 1.747526 0.733507 1.059333
v 1.747217 0.733551 1.059367
v 1.746960 0.733567 1.059451
v 1.747475 0.733189 1.059394
v 1.747184 0.733238 1.059424
v 1.746944 0.733275 1.059494
v 1.810731 1.128258 1.059312
v 1.810784 1.128593 1.059333
v 1.810835 1.128911 1.059394
v 1.810419 1.128326 1.059341
v 1.810478 1.128648 1.059367
v 1.810544 1.128956 1.059424
v 1.810169 1.128417 1.059428
v 1.810228 1.128713 1.059451
v 1.810304 1.128995 1.059494
v 1.823745 1.126793 0.761004
v 1.823687 1.126613 0.761323
v 1.823577 1.126476 0.761584
v 1.823773 1.127150 0.761098
v 1.823708 1.126951 0.761367
v 1.823598 1.126781 0.761593
v 1.823734 1.127453 0.761174
v 1.823673 1.127252 0.761396
v 1.823577 1.127065 0.761589
v 1.760401 0.731171 0.761004
v 1.760316 0.730823 0.761098
v 1.760184 0.730548 0.761174
v 1.760402 0.731359 0.761323
v 1.760316 0.731032 0.761367
v 1.760190 0.730758 0.761396
v 1.760340 0.731524 0.761584
v 1.760265 0.731228 0.761593
v 1.760156 0.730965 0.761589
v 1.759504 0.725570 0.755332
v 1.759405 0.725130 0.755014
v 1.759260 0.724779 0.754753
v 1.759390 0.725038 0.755239
v 1.759304 0.724713 0.754969
v 1.759181 0.724461 0.754742
v 1.759234 0.724612 0.755163
v 1.759168 0.724380 0.754939
v 1.759074 0.724202 0.754745
v 1.824642 1.132394 0.755332
v 1.824700 1.132935 0.755239
v 1.824684 1.133388 0.755163
v 1.824685 1.132843 0.755014
v 1.824719 1.133270 0.754969
v 1.824694 1.133629 0.754939
v 1.824657 1.133221 0.754753
v 1.824682 1.133548 0.754742
v 1.824660 1.133828 0.754745
v 1.759504 0.725570 1.066027
v 1.759390 0.725038 1.066120
v 1.759234 0.724612 1.066196
v 1.759405 0.725130 1.066345
v 1.759304 0.724713 1.066390
v 1.759168 0.724380 1.066420
v 1.759260 0.724779 1.066606
v 1.759181 0.724461 1.066617
v 1.759074 0.724202 1.066615
v 1.760401 0.731171 1.060355
v 1.760402 0.731359 1.060036
v 1.760340 0.731524 1.059776
v 1.760316 0.730823 1.060262
v 1.760316 0.731032 1.059992
v 1.760265 0.731228 1.059766
v 1.760184 0.730548 1.060185
v 1.760190 0.730758 1.059963
v 1.760156 0.730965 1.059770
v 1.823745 1.126793 1.060355
v 1.823773 1.127150 1.060262
v 1.823734 1.127453 1.060185
v 1.823687 1.126613 1.060036
v 1.823708 1.126951 1.059992
v 1.823673 1.127252 1.059963
v 1.823577 1.126476 1.059776
v 1.823598 1.126781 1.059766
v 1.823577 1.127065 1.059770
v 1.824642 1.132394 1.066027
v 1.824685 1.132843 1.066345
v 1.824657 1.133221 1.066606
v 1.824700 1.132935 1.066120
v 1.824719 1.133270 1.066390
v 1.824682 1.133548 1.066617
v 1.824684 1.133388 1.066196
v 1.824694 1.133629 1.066420
v 1.824660 1.133828 1.066615
v 1.747298 0.732085 1.060050
v 1.747338 0.732336 1.059824
v 1.747381 0.732603 1.059640
v 1.746988 0.732167 1.060058
v 1.747035 0.732413 1.059844
v 1.747093 0.732670 1.059662
v 1.746746 0.732304 1.060083
v 1.746794 0.732529 1.059886
v 1.746861 0.732758 1.059712
v 1.759187 0.730181 1.060050
v 1.759506 0.730163 1.060058
v 1.759779 0.730218 1.060083
v 1.759227 0.730432 1.059824
v 1.759539 0.730411 1.059844
v 1.759804 0.730446 1.059886
v 1.759270 0.730700 1.059640
v 1.759564 0.730673 1.059662
v 1.759812 0.730684 1.059712
v 1.758193 0.723977 1.066332
v 1.758162 0.723783 1.066558
v 1.758147 0.723687 1.066742
v 1.758516 0.723976 1.066324
v 1.758482 0.723801 1.066538
v 1.758452 0.723703 1.066720
v 1.758797 0.724081 1.066298
v 1.758761 0.723917 1.066497
v 1.758716 0.723808 1.066673
v 1.746305 0.725881 1.066332
v 1.745998 0.725980 1.066324
v 1.745764 0.726168 1.066298
v 1.746274 0.725687 1.066558
v 1.745975 0.725804 1.066538
v 1.745747 0.726000 1.066498
v 1.746258 0.725591 1.066742
v 1.745973 0.725701 1.066720
v 1.745756 0.725883 1.066673
v 1.746305 0.725881 0.755027
v 1.746274 0.725687 0.754802
v 1.746258 0.725591 0.754617
v 1.745998 0.725980 0.755035
v 1.745975 0.725804 0.754821
v 1.745973 0.725701 0.754639
v 1.745764 0.726168 0.755061
v 1.745747 0.726000 0.754862
v 1.745756 0.725883 0.754686
v 1.758193 0.723977 0.755027
v 1.758516 0.723976 0.755035
v 1.758797 0.724081 0.755061
v 1.758162 0.723784 0.754802
v 1.758482 0.723801 0.754821
v 1.758761 0.723917 0.754862
v 1.758147 0.723687 0.754617
v 1.758452 0.723703 0.754639
v 1.758716 0.723808 0.754686
v 1.759187 0.730181 0.761310
v 1.759227 0.730432 0.761535
v 1.759270 0.730700 0.761719
v 1.759506 0.730163 0.761301
v 1.759539 0.730411 0.761515
v 1.759564 0.730673 0.761697
v 1.759779 0.730218 0.761276
v 1.759804 0.730446 0.761473
v 1.759812 0.730684 0.761648
v 1.747298 0.732085 0.761310
v 1.746988 0.732167 0.761301
v 1.746746 0.732304 0.761276
v 1.747338 0.732336 0.761535
v 1.747035 0.732413 0.761515
v 1.746794 0.732529 0.761473
v 1.747381 0.732603 0.761719
v 1.747093 0.732670 0.761697
v 1.746861 0.732758 0.761648
v 1.811012 1.130016 0.761310
v 1.810972 1.129765 0.761535
v 1.810929 1.129497 0.761719
v 1.810692 1.130034 0.761301
v 1.810660 1.129786 0.761515
v 1.810635 1.129524 0.761697
v 1.810420 1.129979 0.761276
v 1.810394 1.129751 0.761473
v 1.810387 1.129513 0.761648
v 1.822901 1.128112 0.761310
v 1.823210 1.128030 0.761301
v 1.823452 1.127892 0.761276
v 1.822861 1.127861 0.761535
v 1.823164 1.127784 0.761515
v 1.823405 1.127668 0.761473
v 1.822818 1.127594 0.761719
v 1.823106 1.127527 0.761697
v 1.823338 1.127439 0.761648
v 1.823894 1.134316 0.755027
v 1.823925 1.134510 0.754802
v 1.823941 1.134606 0.754617
v 1.824201 1.134217 0.755035
v 1.824224 1.134393 0.754821
v 1.824225 1.134496 0.754639
v 1.824435 1.134029 0.755061
v 1.824452 1.134197 0.754862
v 1.824443 1.134313 0.754686
v 1.812005 1.136220 0.755027
v 1.811683 1.136221 0.755035
v 1.811402 1.136116 0.755061
v 1.812036 1.136413 0.754802
v 1.811716 1.136396 0.754821
v 1.811438 1.136280 0.754862
v 1.812052 1.136510 0.754617
v 1.811747 1.136494 0.754639
v 1.811483 1.136389 0.754686
v 1.812005 1.136220 1.066332
v 1.812036 1.136413 1.066558
v 1.812052 1.136510 1.066742
v 1.811683 1.136221 1.066324
v 1.811716 1.136396 1.066538
v 1.811747 1.136494 1.066720
v 1.811402 1.136116 1.066298
v 1.811438 1.136280 1.066497
v 1.811483 1.136389 1.066673
v 1.823894 1.134316 1.066332
v 1.824201 1.134217 1.066324
v 1.824435 1.134029 1.066298
v 1.823925 1.134510 1.066558
v 1.824224 1.134393 1.066538
v 1.824452 1.134197 1.066498
v 1.823941 1.134606 1.066742
v 1.824225 1.134496 1.066720
v 1.824443 1.134313 1.066673
v 1.822901 1.128112 1.060050
v 1.822861 1.127861 1.059824
v 1.822818 1.127594 1.059640
v 1.823210 1.128030 1.060058
v 1.823164 1.127784 1.059844
v 1.823106 1.127527 1.059662
v 1.823452 1.127892 1.060083
v 1.823405 1.127668 1.059886
v 1.823338 1.127439 1.059712
v 1.811012 1.130016 1.060050
v 1.810692 1.130034 1.060058
v 1.810419 1.129979 1.060083
v 1.810972 1.129765 1.059824
v 1.810660 1.129786 1.059844
v 1.810394 1.129751 1.059886
v 1.810929 1.129497 1.059640
v 1.810635 1.129524 1.059662
v 1.810387 1.129513 1.059712
v 1.754560 0.731668 0.762047
v 1.754560 0.731668 1.059313
v 1.818041 1.128144 0.762047
v 1.818041 1.128144 1.059313
vn -0.9866 0.1629 -0.0001
vn -0.9882 0.1533 -0.0001
vn -0.9882 0.1533 0.0001
vn -0.9866 0.1629 0.0001
vn -0.1558 -0.9878 0.0001
vn -0.1604 -0.9870 0.0001
vn -0.1604 -0.9870 -0.0001
vn -0.1558 -0.9878 -0.0001
vn 0.1604 0.9870 -0.0001
vn 0.1558 0.9878 -0.0001
vn 0.1557 0.9878 0.0001
vn 0.1604 0.9871 0.0001
vn -0.1604 -0.9871 0.0001
vn -0.1604 -0.9871 -0.0001
vn 0.1604 0.9871 -0.0001
vn 0.1558 0.9878 0.0001
vn 0.9866 -0.1629 -0.0001
vn 0.9882 -0.1533 -0.0001
vn 0.9882 -0.1533 0.0001
vn 0.9866 -0.1629 0.0001
vn 0.1139 0.6963 0.7087
vn 0.1144 0.6994 0.7055
vn 0.1097 0.7001 0.7055
vn 0.1092 0.6970 0.7087
vn 0.1143 0.6994 -0.7055
vn 0.1139 0.6963 -0.7087
vn 0.1092 0.6970 -0.7087
vn 0.1097 0.7001 -0.7055
vn -0.1092 -0.6970 -0.7087
vn -0.1097 -0.7001 -0.7055
vn -0.1143 -0.6994 -0.7055
vn -0.1139 -0.6963 -0.7087
vn -0.1097 -0.7002 0.7055
vn -0.1092 -0.6970 0.7087
vn -0.1139 -0.6963 0.7087
vn -0.1144 -0.6994 0.7055
vn -0.9450 0.2959 0.1393
vn -0.8745 0.4664 0.1335
vn -0.9372 0.3487 0.0001
vn -0.7451 0.6556 0.1223
vn -0.8125 0.5830 0.0001
vn -0.5353 0.8374 0.1106
vn -0.5864 0.8100 0.0001
vn -0.8315 0.4565 0.3165
vn -0.7560 0.5879 0.2880
vn -0.6418 0.7236 0.2539
vn -0.4720 0.8552 0.2141
vn -0.6170 0.6079 0.4998
vn -0.5573 0.7000 0.4466
vn -0.4837 0.7821 0.3929
vn -0.4029 0.8561 0.3238
vn -0.9372 0.3487 -0.0001
vn -0.8745 0.4664 -0.1335
vn -0.9450 0.2959 -0.1394
vn -0.7560 0.5878 -0.2880
vn -0.8315 0.4565 -0.3165
vn -0.5574 0.7000 -0.4466
vn -0.6170 0.6078 -0.4998
vn -0.8125 0.5830 -0.0001
vn -0.7451 0.6556 -0.1223
vn -0.6418 0.7236 -0.2539
vn -0.4837 0.7821 -0.3929
vn -0.5864 0.8100 -0.0001
vn -0.5354 0.8373 -0.1106
vn -0.4721 0.8551 -0.2142
vn -0.4029 0.8561 -0.3238
vn -0.9470 0.2894 -0.1395
vn -0.9847 0.0971 -0.1445
vn -0.9993 -0.0387 -0.0001
vn -0.9754 -0.1665 -0.1446
vn -0.9539 -0.3002 -0.0001
vn -0.8667 -0.4776 -0.1440
vn -0.8100 -0.5865 -0.0001
vn -0.8339 0.4518 -0.3171
vn -0.9055 0.2696 -0.3276
vn -0.9450 0.0142 -0.3268
vn -0.8901 -0.3315 -0.3129
vn -0.6196 0.6041 -0.5012
vn -0.7185 0.4478 -0.5322
vn -0.7989 0.2387 -0.5521
vn -0.8327 -0.0955 -0.5454
vn -0.9993 -0.0387 0.0001
vn -0.9847 0.0971 0.1445
vn -0.9470 0.2894 0.1395
vn -0.9055 0.2697 0.3276
vn -0.8339 0.4518 0.3170
vn -0.7185 0.4478 0.5322
vn -0.6196 0.6041 0.5012
vn -0.9539 -0.3002 -0.0000
vn -0.9754 -0.1664 0.1447
vn -0.9450 0.0142 0.3268
vn -0.7989 0.2387 0.5521
vn -0.8100 -0.5864 0.0001
vn -0.8667 -0.4775 0.1440
vn -0.8901 -0.3314 0.3129
vn -0.8327 -0.0954 0.5454
vn -0.9901 0.0140 -0.1394
vn -0.9764 -0.1700 -0.1335
vn -0.9993 -0.0386 -0.0001
vn -0.9126 -0.3901 -0.1223
vn -0.7700 -0.6284 -0.1106
vn -0.8100 -0.5864 -0.0001
vn -0.9325 -0.1741 -0.3165
vn -0.9018 -0.3223 -0.2880
vn -0.8357 -0.4869 -0.2539
vn -0.7154 -0.6651 -0.2141
vn -0.7760 -0.3848 -0.4998
vn -0.7480 -0.4909 -0.4466
vn -0.7038 -0.5919 -0.3929
vn -0.6500 -0.6875 -0.3237
vn -0.9993 -0.0386 0.0001
vn -0.9764 -0.1700 0.1335
vn -0.9901 0.0140 0.1393
vn -0.9018 -0.3223 0.2880
vn -0.9325 -0.1741 0.3165
vn -0.7480 -0.4910 0.4466
vn -0.7759 -0.3848 0.4998
vn -0.9539 -0.3002 0.0001
vn -0.9126 -0.3901 0.1223
vn -0.8357 -0.4869 0.2539
vn -0.7038 -0.5919 0.3929
vn -0.7700 -0.6284 0.1107
vn -0.7155 -0.6650 0.2141
vn -0.6500 -0.6875 0.3238
vn -0.9900 0.0207 0.1395
vn -0.9658 0.2153 0.1445
vn -0.8747 0.4627 0.1446
vn -0.8124 0.5831 0.0001
vn -0.6743 0.7243 0.1441
vn -0.5864 0.8100 -0.0000
vn -0.9333 -0.1688 0.3170
vn -0.9445 0.0266 0.3276
vn -0.9022 0.2816 0.3268
vn -0.7422 0.5927 0.3130
vn -0.7772 -0.3804 0.5012
vn -0.8224 -0.2010 0.5322
vn -0.8335 0.0225 0.5521
vn -0.7613 0.3506 0.5454
vn -0.9372 0.3487 -0.0000
vn -0.9658 0.2152 -0.1445
vn -0.9900 0.0207 -0.1395
vn -0.9444 0.0266 -0.3276
vn -0.9333 -0.1689 -0.3171
vn -0.8224 -0.2010 -0.5322
vn -0.7773 -0.3804 -0.5012
vn -0.8124 0.5831 -0.0001
vn -0.8746 0.4627 -0.1446
vn -0.9022 0.2815 -0.3268
vn -0.8334 0.0226 -0.5521
vn -0.5864 0.8101 -0.0000
vn -0.6742 0.7243 -0.1440
vn -0.7422 0.5927 -0.3130
vn -0.7613 0.3506 -0.5454
vn -0.1528 -0.9748 -0.1626
vn 0.1114 -0.9760 -0.1872
vn 0.0387 -0.9993 -0.0001
vn 0.3881 -0.9065 -0.1662
vn 0.3001 -0.9539 -0.0001
vn 0.6743 -0.7243 -0.1440
vn 0.5864 -0.8101 -0.0001
vn -0.1348 -0.8674 -0.4789
vn 0.1698 -0.8801 -0.4434
vn 0.4654 -0.8092 -0.3586
vn 0.7421 -0.5927 -0.3129
vn -0.0562 -0.3785 -0.9239
vn 0.2589 -0.4086 -0.8752
vn 0.5440 -0.3972 -0.7391
vn 0.7613 -0.3507 -0.5454
vn 0.0387 -0.9993 0.0001
vn 0.1114 -0.9760 0.1872
vn -0.1528 -0.9748 0.1626
vn 0.1698 -0.8801 0.4433
vn -0.1347 -0.8675 0.4789
vn 0.2589 -0.4087 0.8752
vn -0.0562 -0.3785 0.9239
vn 0.3001 -0.9539 0.0001
vn 0.3880 -0.9065 0.1662
vn 0.4653 -0.8093 0.3584
vn 0.5439 -0.3973 0.7391
vn 0.5863 -0.8101 -0.0000
vn 0.6742 -0.7243 0.1440
vn 0.7421 -0.5928 0.3129
vn 0.7612 -0.3508 0.5454
vn -0.1592 -0.9738 0.1626
vn -0.4105 -0.8924 0.1872
vn -0.3487 -0.9372 0.0001
vn -0.6517 -0.7400 0.1662
vn -0.5829 -0.8125 0.0001
vn -0.1428 -0.8662 0.4789
vn -0.4361 -0.7830 0.4435
vn -0.6948 -0.6235 0.3585
vn -0.0648 -0.3771 0.9239
vn -0.3736 -0.3073 0.8752
vn -0.6408 -0.2075 0.7392
vn -0.3487 -0.9372 -0.0001
vn -0.4106 -0.8924 -0.1872
vn -0.1592 -0.9738 -0.1626
vn -0.4361 -0.7831 -0.4433
vn -0.1428 -0.8662 -0.4789
vn -0.3735 -0.3074 -0.8752
vn -0.0648 -0.3772 -0.9239
vn -0.5829 -0.8125 -0.0001
vn -0.6517 -0.7401 -0.1662
vn -0.6948 -0.6235 -0.3585
vn -0.6408 -0.2076 -0.7391
vn 0.1592 0.9738 0.1627
vn 0.4105 0.8924 0.1872
vn 0.3487 0.9372 0.0001
vn 0.6519 0.7399 0.1662
vn 0.5829 0.8125 0.0001
vn 0.8667 0.4776 0.1440
vn 0.8100 0.5864 0.0001
vn 0.1428 0.8662 0.4790
vn 0.4361 0.7831 0.4435
vn 0.6949 0.6234 0.3586
vn 0.8901 0.3313 0.3130
vn 0.0648 0.3772 0.9238
vn 0.3735 0.3074 0.8752
vn 0.6408 0.2075 0.7392
vn 0.8328 0.0954 0.5453
vn 0.3488 0.9372 -0.0001
vn 0.4106 0.8924 -0.1872
vn 0.1592 0.9738 -0.1626
vn 0.4361 0.7830 -0.4435
vn 0.1428 0.8661 -0.4790
vn 0.3735 0.3073 -0.8752
vn 0.0648 0.3771 -0.9239
vn 0.5830 0.8125 -0.0001
vn 0.6519 0.7399 -0.1662
vn 0.6949 0.6233 -0.3586
vn 0.6408 0.2074 -0.7391
vn 0.8100 0.5865 -0.0000
vn 0.8667 0.4776 -0.1440
vn 0.8901 0.3312 -0.3130
vn 0.8327 0.0955 -0.5454
vn 0.1528 0.9748 -0.1626
vn -0.1114 0.9760 -0.1872
vn -0.0387 0.9993 -0.0001
vn -0.3882 0.9065 -0.1662
vn -0.3001 0.9539 -0.0001
vn 0.1347 0.8674 -0.4790
vn -0.1699 0.8800 -0.4435
vn -0.4656 0.8091 -0.3586
vn 0.0562 0.3785 -0.9239
vn -0.2589 0.4086 -0.8752
vn -0.5441 0.3971 -0.7391
vn -0.0386 0.9993 0.0001
vn -0.1114 0.9760 0.1872
vn 0.1528 0.9748 0.1627
vn -0.1698 0.8801 0.4435
vn 0.1348 0.8674 0.4790
vn -0.2589 0.4087 0.8752
vn 0.0562 0.3786 0.9238
vn -0.3001 0.9539 0.0001
vn -0.3882 0.9065 0.1662
vn -0.4656 0.8091 0.3585
vn -0.5440 0.3972 0.7391
vn -0.1545 -0.9803 -0.1230
vn 0.0411 -0.9909 -0.1281
vn 0.0386 -0.9993 -0.0001
vn 0.2675 -0.9555 -0.1246
vn 0.3002 -0.9539 -0.0001
vn 0.5353 -0.8374 -0.1106
vn 0.5865 -0.8100 -0.0001
vn -0.1508 -0.9558 -0.2524
vn 0.0264 -0.9713 -0.2363
vn 0.2324 -0.9467 -0.2232
vn 0.4721 -0.8552 -0.2141
vn -0.1442 -0.9126 -0.3827
vn 0.0144 -0.9258 -0.3777
vn 0.2033 -0.9108 -0.3592
vn 0.4028 -0.8561 -0.3237
vn 0.0386 -0.9993 0.0001
vn 0.0411 -0.9909 0.1281
vn -0.1545 -0.9803 0.1230
vn 0.0264 -0.9713 0.2363
vn -0.1508 -0.9558 0.2524
vn 0.0144 -0.9258 0.3778
vn -0.1443 -0.9125 0.3827
vn 0.3002 -0.9539 0.0001
vn 0.2675 -0.9555 0.1246
vn 0.2323 -0.9467 0.2232
vn 0.2034 -0.9108 0.3593
vn 0.5864 -0.8100 0.0001
vn 0.5353 -0.8374 0.1106
vn 0.4721 -0.8552 0.2141
vn 0.4028 -0.8561 0.3238
vn -0.1594 -0.9795 0.1230
vn -0.3485 -0.9285 0.1281
vn -0.5525 -0.8242 0.1246
vn -0.5830 -0.8125 0.0001
vn -0.1551 -0.9551 0.2524
vn -0.3283 -0.9146 0.2363
vn -0.5162 -0.8268 0.2232
vn -0.1478 -0.9120 0.3827
vn -0.3027 -0.8750 0.3777
vn -0.4774 -0.8019 0.3592
vn -0.3484 -0.9285 -0.1281
vn -0.1593 -0.9795 -0.1230
vn -0.3283 -0.9146 -0.2363
vn -0.1551 -0.9551 -0.2524
vn -0.3027 -0.8750 -0.3777
vn -0.1479 -0.9120 -0.3827
vn -0.5830 -0.8125 -0.0001
vn -0.5525 -0.8242 -0.1246
vn -0.5163 -0.8268 -0.2232
vn -0.4775 -0.8018 -0.3592
vn 0.1593 0.9795 0.1230
vn 0.3484 0.9285 0.1281
vn 0.3486 0.9373 0.0001
vn 0.5526 0.8241 0.1246
vn 0.5830 0.8124 0.0001
vn 0.7701 0.6283 0.1106
vn 0.1551 0.9551 0.2525
vn 0.3283 0.9145 0.2363
vn 0.5164 0.8267 0.2233
vn 0.7155 0.6650 0.2142
vn 0.1479 0.9120 0.3827
vn 0.3027 0.8750 0.3778
vn 0.4776 0.8018 0.3593
vn 0.6501 0.6874 0.3238
vn 0.3486 0.9373 -0.0001
vn 0.3485 0.9285 -0.1281
vn 0.1593 0.9795 -0.1230
vn 0.3283 0.9145 -0.2363
vn 0.1551 0.9551 -0.2525
vn 0.3027 0.8751 -0.3777
vn 0.1479 0.9120 -0.3827
vn 0.5831 0.8124 -0.0001
vn 0.5526 0.8241 -0.1246
vn 0.5164 0.8268 -0.2232
vn 0.4776 0.8018 -0.3592
vn 0.8100 0.5864 -0.0001
vn 0.7700 0.6284 -0.1106
vn 0.7154 0.6651 -0.2141
vn 0.6500 0.6875 -0.3238
vn 0.1544 0.9803 -0.1230
vn -0.0411 0.9909 -0.1280
vn -0.0386 0.9993 -0.0001
vn -0.2677 0.9554 -0.1245
vn -0.3002 0.9539 -0.0001
vn 0.1508 0.9558 -0.2525
vn -0.0263 0.9713 -0.2363
vn -0.2325 0.9466 -0.2233
vn 0.1442 0.9126 -0.3827
vn -0.0143 0.9258 -0.3777
vn -0.2034 0.9108 -0.3592
vn -0.0411 0.9909 0.1281
vn 0.1544 0.9803 0.1230
vn -0.0263 0.9713 0.2363
vn 0.1508 0.9558 0.2525
vn -0.0143 0.9258 0.3777
vn 0.1443 0.9125 0.3827
vn -0.3002 0.9539 0.0001
vn -0.2677 0.9554 0.1246
vn -0.2324 0.9466 0.2233
vn -0.2034 0.9108 0.3593
vn 0.9450 -0.2959 0.1393
vn 0.8745 -0.4663 0.1335
vn 0.9373 -0.3486 0.0001
vn 0.7452 -0.6555 0.1222
vn 0.8125 -0.5830 0.0001
vn 0.8315 -0.4565 0.3165
vn 0.7560 -0.5878 0.2880
vn 0.6419 -0.7236 0.2539
vn 0.6170 -0.6078 0.4998
vn 0.5573 -0.7000 0.4466
vn 0.4837 -0.7820 0.3930
vn 0.9373 -0.3486 -0.0001
vn 0.8745 -0.4663 -0.1335
vn 0.9450 -0.2959 -0.1394
vn 0.7560 -0.5878 -0.2880
vn 0.8315 -0.4565 -0.3165
vn 0.5573 -0.7000 -0.4466
vn 0.6170 -0.6079 -0.4998
vn 0.8125 -0.5830 -0.0001
vn 0.7452 -0.6555 -0.1222
vn 0.6419 -0.7236 -0.2539
vn 0.4837 -0.7820 -0.3930
vn 0.9470 -0.2894 -0.1395
vn 0.9847 -0.0970 -0.1444
vn 0.9993 0.0387 -0.0001
vn 0.9754 0.1665 -0.1446
vn 0.9539 0.3003 -0.0001
vn 0.8339 -0.4518 -0.3170
vn 0.9055 -0.2696 -0.3276
vn 0.9450 -0.0142 -0.3269
vn 0.6196 -0.6041 -0.5012
vn 0.7185 -0.4477 -0.5322
vn 0.7989 -0.2388 -0.5521
vn 0.9993 0.0387 0.0001
vn 0.9847 -0.0970 0.1444
vn 0.9470 -0.2895 0.1395
vn 0.9055 -0.2696 0.3276
vn 0.8339 -0.4518 0.3170
vn 0.7185 -0.4477 0.5322
vn 0.6196 -0.6041 0.5012
vn 0.9538 0.3003 0.0001
vn 0.9754 0.1665 0.1446
vn 0.9450 -0.0142 0.3268
vn 0.7988 -0.2389 0.5522
vn 0.9901 -0.0140 -0.1394
vn 0.9764 0.1700 -0.1335
vn 0.9993 0.0386 -0.0001
vn 0.9126 0.3902 -0.1222
vn 0.9539 0.3001 -0.0000
vn 0.9325 0.1741 -0.3165
vn 0.9017 0.3224 -0.2880
vn 0.8356 0.4871 -0.2539
vn 0.7760 0.3848 -0.4998
vn 0.7480 0.4910 -0.4466
vn 0.7037 0.5920 -0.3929
vn 0.9993 0.0386 0.0001
vn 0.9764 0.1700 0.1335
vn 0.9901 -0.0140 0.1394
vn 0.9017 0.3224 0.2880
vn 0.9325 0.1741 0.3165
vn 0.7480 0.4910 0.4466
vn 0.7760 0.3848 0.4998
vn 0.9539 0.3002 0.0001
vn 0.9126 0.3902 0.1222
vn 0.8357 0.4870 0.2539
vn 0.7038 0.5919 0.3929
vn 0.9900 -0.0207 0.1395
vn 0.9658 -0.2152 0.1445
vn 0.9372 -0.3488 0.0001
vn 0.8746 -0.4627 0.1446
vn 0.9332 0.1689 0.3171
vn 0.9444 -0.0266 0.3276
vn 0.9022 -0.2815 0.3268
vn 0.7772 0.3804 0.5012
vn 0.8224 0.2010 0.5322
vn 0.8335 -0.0226 0.5521
vn 0.9372 -0.3488 -0.0001
vn 0.9658 -0.2152 -0.1445
vn 0.9900 -0.0207 -0.1395
vn 0.9444 -0.0265 -0.3276
vn 0.9332 0.1689 -0.3171
vn 0.8224 0.2010 -0.5322
vn 0.7772 0.3804 -0.5012
vn 0.8125 -0.5830 -0.0000
vn 0.8747 -0.4627 -0.1446
vn 0.9022 -0.2815 -0.3268
vn 0.8335 -0.0227 -0.5521
vn -0.0849 0.7138 0.6952
vn -0.1761 0.5717 0.8014
vn 0.0889 0.5759 0.8127
vn -0.2584 0.3268 0.9091
vn 0.0406 0.2791 0.9594
vn -0.3421 0.6935 0.6341
vn -0.4454 0.5493 0.7070
vn -0.5391 0.3490 0.7665
vn 0.0954 0.5748 0.8127
vn 0.3457 0.4882 0.8013
vn 0.3035 0.6517 0.6952
vn 0.5946 0.3828 0.7070
vn 0.5415 0.5520 0.6341
vn 0.0486 0.2778 0.9594
vn 0.3475 0.2299 0.9091
vn 0.6212 0.1633 0.7665
vn 0.3031 0.6557 0.6915
vn 0.3177 0.7369 0.5967
vn 0.1271 0.7784 0.6147
vn 0.3105 0.8033 0.5082
vn 0.1385 0.8515 0.5057
vn 0.5403 0.5564 0.6312
vn 0.5247 0.6505 0.5491
vn 0.4997 0.7229 0.4771
vn 0.1222 0.7792 0.6147
vn -0.0718 0.7992 0.5967
vn -0.0833 0.7175 0.6916
vn -0.2954 0.7818 0.5491
vn -0.3395 0.6973 0.6313
vn 0.1342 0.8522 0.5057
vn -0.0441 0.8601 0.5082
vn -0.2490 0.8428 0.4772
vn -0.0832 0.7175 -0.6916
vn -0.0718 0.7992 -0.5967
vn 0.1223 0.7792 -0.6147
vn -0.0441 0.8602 -0.5081
vn 0.1342 0.8522 -0.5056
vn -0.3396 0.6973 -0.6313
vn -0.2955 0.7818 -0.5491
vn -0.2491 0.8428 -0.4771
vn 0.1271 0.7784 -0.6147
vn 0.3178 0.7368 -0.5967
vn 0.3031 0.6557 -0.6916
vn 0.5247 0.6505 -0.5491
vn 0.5403 0.5564 -0.6312
vn 0.1386 0.8515 -0.5056
vn 0.3105 0.8033 -0.5082
vn 0.4997 0.7229 -0.4771
vn 0.3034 0.6517 -0.6952
vn 0.3457 0.4881 -0.8014
vn 0.0953 0.5748 -0.8127
vn 0.3475 0.2298 -0.9091
vn 0.0486 0.2778 -0.9594
vn 0.5416 0.5519 -0.6341
vn 0.5947 0.3827 -0.7070
vn 0.6212 0.1631 -0.7665
vn 0.0889 0.5759 -0.8127
vn -0.1761 0.5717 -0.8014
vn -0.0848 0.7138 -0.6952
vn -0.4454 0.5493 -0.7070
vn -0.3422 0.6934 -0.6341
vn 0.0406 0.2791 -0.9594
vn -0.2584 0.3268 -0.9091
vn -0.5392 0.3489 -0.7665
vn -0.3034 -0.6517 -0.6952
vn -0.3458 -0.4881 -0.8014
vn -0.0954 -0.5748 -0.8127
vn -0.3476 -0.2298 -0.9090
vn -0.0486 -0.2778 -0.9594
vn -0.5415 -0.5520 -0.6341
vn -0.5946 -0.3828 -0.7071
vn -0.6212 -0.1632 -0.7665
vn -0.0889 -0.5759 -0.8127
vn 0.1761 -0.5716 -0.8014
vn 0.0848 -0.7138 -0.6952
vn 0.4455 -0.5493 -0.7070
vn 0.3421 -0.6935 -0.6341
vn -0.0406 -0.2791 -0.9594
vn 0.2584 -0.3268 -0.9091
vn 0.5392 -0.3490 -0.7665
vn 0.0832 -0.7175 -0.6916
vn 0.0718 -0.7993 -0.5967
vn -0.1222 -0.7792 -0.6147
vn 0.0441 -0.8601 -0.5082
vn -0.1342 -0.8522 -0.5057
vn 0.3395 -0.6973 -0.6312
vn 0.2953 -0.7818 -0.5491
vn 0.2489 -0.8428 -0.4772
vn -0.1272 -0.7784 -0.6147
vn -0.3177 -0.7369 -0.5967
vn -0.3030 -0.6557 -0.6916
vn -0.5247 -0.6505 -0.5491
vn -0.5403 -0.5565 -0.6312
vn -0.1386 -0.8515 -0.5057
vn -0.3105 -0.8033 -0.5082
vn -0.4996 -0.7230 -0.4772
vn -0.3031 -0.6557 0.6915
vn -0.3177 -0.7369 0.5967
vn -0.1271 -0.7784 0.6147
vn -0.3105 -0.8033 0.5082
vn -0.1386 -0.8515 0.5057
vn -0.5402 -0.5565 0.6313
vn -0.5246 -0.6506 0.5491
vn -0.4996 -0.7229 0.4772
vn -0.1223 -0.7792 0.6147
vn 0.0718 -0.7993 0.5967
vn 0.0833 -0.7175 0.6915
vn 0.2953 -0.7819 0.5491
vn 0.3395 -0.6973 0.6313
vn -0.1343 -0.8522 0.5057
vn 0.0442 -0.8601 0.5082
vn 0.2490 -0.8428 0.4772
vn 0.0849 -0.7138 0.6952
vn 0.1761 -0.5717 0.8013
vn -0.0889 -0.5759 0.8127
vn 0.2584 -0.3269 0.9090
vn -0.0406 -0.2791 0.9594
vn 0.3422 -0.6934 0.6341
vn 0.4453 -0.5493 0.7071
vn 0.5391 -0.3491 0.7665
vn -0.0954 -0.5748 0.8127
vn -0.3458 -0.4882 0.8013
vn -0.3035 -0.6517 0.6952
vn -0.5946 -0.3829 0.7070
vn -0.5415 -0.5520 0.6341
vn -0.0486 -0.2778 0.9594
vn -0.3476 -0.2298 0.9090
vn -0.6211 -0.1633 0.7665
vn -0.9874 0.1580 -0.0048
vn -0.9874 0.1580 0.0048
vn -0.9874 0.1581 0.0048
vn -0.9874 0.1582 -0.0048
vn -0.9874 0.1582 0.0048
vn -0.9874 0.1580 0.0049
vn 0.0023 -0.0004 -1.0000
vn -0.0023 0.0003 -1.0000
vn -0.0023 0.0004 -1.0000
vn 0.0023 -0.0003 -1.0000
vn 0.0023 -0.0003 1.0000
vn -0.0023 0.0004 1.0000
vn -0.0023 0.0003 1.0000
vn 0.0023 -0.0004 1.0000
vn 0.9874 -0.1582 0.0048
vn 0.9874 -0.1582 -0.0048
vn 0.9874 -0.1580 -0.0048
vn 0.9874 -0.1580 0.0048
vn 0.9874 -0.1582 -0.0049
vn -0.1144 -0.6994 -0.7055
vn -0.1097 -0.7001 0.7055
vn 0.1143 0.6994 0.7055
vn 0.1098 0.7001 0.7055
vn 0.1144 0.6994 -0.7055
vn 0.1093 0.6970 -0.7087
vn 0.1097 0.7002 -0.7055
vn -0.9455 0.2925 -0.1427
vn -0.9043 0.2799 -0.3222
vn -0.9682 0.1551 -0.1961
vn -0.8095 0.2534 -0.5295
vn -0.8832 0.1414 -0.4472
vn -0.6352 0.2138 -0.7422
vn -0.6982 0.1118 -0.7071
vn -0.8319 0.4538 -0.3193
vn -0.7833 0.4171 -0.4609
vn -0.6986 0.3690 -0.6130
vn -0.5598 0.3065 -0.7698
vn -0.6175 0.6050 -0.5026
vn -0.5821 0.5454 -0.6030
vn -0.5316 0.4831 -0.6957
vn -0.4752 0.4040 -0.7817
vn -0.9683 0.1550 -0.1961
vn -0.9465 0.0164 -0.3222
vn -0.9896 0.0173 -0.1427
vn -0.8744 -0.1517 -0.4609
vn -0.9320 -0.1713 -0.3193
vn -0.7233 -0.3364 -0.6030
vn -0.7755 -0.3820 -0.5026
vn -0.8482 0.0120 -0.5296
vn -0.7789 -0.1324 -0.6130
vn -0.6558 -0.2929 -0.6957
vn -0.6982 0.1117 -0.7072
vn -0.6702 -0.0048 -0.7422
vn -0.6276 -0.1164 -0.7698
vn -0.5776 -0.2354 -0.7817
vn -0.9905 0.0173 -0.1361
vn -0.9981 0.0135 0.0599
vn -0.9682 0.1550 0.1962
vn -0.9479 0.0053 0.3186
vn -0.8832 0.1414 0.4472
vn -0.7932 -0.0189 0.6086
vn -0.6982 0.1118 0.7072
vn -0.9337 -0.1716 -0.3143
vn -0.9768 -0.1753 -0.1231
vn -0.9753 -0.1748 0.1354
vn -0.8656 -0.1783 0.4679
vn -0.7777 -0.3831 -0.4985
vn -0.8546 -0.4021 -0.3285
vn -0.9034 -0.4145 -0.1097
vn -0.8832 -0.4110 0.2259
vn -0.9524 0.2988 0.0598
vn -0.9464 0.2928 -0.1361
vn -0.8732 0.4716 -0.1231
vn -0.8334 0.4546 -0.3143
vn -0.6864 0.6488 -0.3285
vn -0.6192 0.6067 -0.4984
vn -0.8831 0.1414 0.4473
vn -0.9021 0.2909 0.3186
vn -0.8719 0.4705 0.1354
vn -0.7288 0.6759 -0.1094
vn -0.6982 0.1118 0.7071
vn -0.7477 0.2656 0.6086
vn -0.7667 0.4396 0.4679
vn -0.7108 0.6661 0.2259
vn -0.9896 0.0173 0.1427
vn -0.9465 0.0164 0.3222
vn -0.9683 0.1550 0.1961
vn -0.8482 0.0120 0.5295
vn -0.6702 -0.0048 0.7422
vn -0.6982 0.1117 0.7071
vn -0.9320 -0.1713 0.3193
vn -0.8744 -0.1516 0.4608
vn -0.7789 -0.1324 0.6130
vn -0.6276 -0.1164 0.7698
vn -0.7755 -0.3820 0.5027
vn -0.7233 -0.3365 0.6031
vn -0.6558 -0.2930 0.6957
vn -0.5776 -0.2354 0.7816
vn -0.9682 0.1551 0.1961
vn -0.9043 0.2800 0.3222
vn -0.9455 0.2925 0.1428
vn -0.7833 0.4171 0.4609
vn -0.8319 0.4538 0.3193
vn -0.5821 0.5455 0.6031
vn -0.6175 0.6050 0.5026
vn -0.8832 0.1415 0.4472
vn -0.8095 0.2534 0.5295
vn -0.6986 0.3690 0.6130
vn -0.5316 0.4831 0.6957
vn -0.6352 0.2138 0.7422
vn -0.5598 0.3065 0.7698
vn -0.4752 0.4040 0.7816
vn -0.9464 0.2928 0.1361
vn -0.9524 0.2988 -0.0598
vn -0.9682 0.1551 -0.1962
vn -0.9021 0.2909 -0.3186
vn -0.8831 0.1415 -0.4473
vn -0.7477 0.2656 -0.6086
vn -0.8334 0.4545 0.3143
vn -0.8732 0.4716 0.1230
vn -0.8719 0.4706 -0.1354
vn -0.7667 0.4397 -0.4678
vn -0.6192 0.6067 0.4985
vn -0.6864 0.6488 0.3284
vn -0.7289 0.6758 0.1095
vn -0.7108 0.6661 -0.2259
vn -0.9682 0.1550 -0.1962
vn -0.9981 0.0135 -0.0598
vn -0.9905 0.0173 0.1361
vn -0.9768 -0.1753 0.1230
vn -0.9337 -0.1716 0.3143
vn -0.8546 -0.4021 0.3285
vn -0.7777 -0.3831 0.4985
vn -0.8832 0.1414 -0.4473
vn -0.9479 0.0053 -0.3187
vn -0.9753 -0.1748 -0.1354
vn -0.9034 -0.4145 0.1096
vn -0.6982 0.1118 -0.7072
vn -0.7932 -0.0188 -0.6086
vn -0.8656 -0.1783 -0.4679
vn -0.8832 -0.4110 -0.2259
vn 0.0289 0.1601 -0.9867
vn 0.2905 0.1431 -0.9461
vn 0.1937 -0.0310 -0.9806
vn 0.5463 0.0809 -0.8337
vn 0.4416 -0.0706 -0.8944
vn 0.7933 0.0189 -0.6086
vn 0.6982 -0.1117 -0.7071
vn 0.0797 0.4723 -0.8778
vn 0.3731 0.3894 -0.8421
vn 0.6369 0.2612 -0.7254
vn 0.8656 0.1784 -0.4678
vn 0.1504 0.9116 -0.3826
vn 0.4546 0.8136 -0.3625
vn 0.7093 0.6350 -0.3061
vn 0.8832 0.4110 -0.2259
vn 0.1936 -0.0311 -0.9806
vn 0.2313 -0.2266 -0.9461
vn -0.0225 -0.1611 -0.9867
vn 0.2329 -0.4864 -0.8422
vn -0.0717 -0.4735 -0.8778
vn 0.1779 -0.9148 -0.3626
vn -0.1418 -0.9129 -0.3827
vn 0.4416 -0.0708 -0.8944
vn 0.4937 -0.2474 -0.8337
vn 0.5234 -0.4469 -0.7255
vn 0.4756 -0.8247 -0.3062
vn 0.6982 -0.1118 -0.7071
vn 0.7477 -0.2656 -0.6086
vn 0.7667 -0.4397 -0.4679
vn 0.7107 -0.6662 -0.2259
vn -0.0289 -0.1601 -0.9867
vn -0.2905 -0.1431 -0.9461
vn -0.1936 0.0310 -0.9806
vn -0.5462 -0.0809 -0.8337
vn -0.4416 0.0706 -0.8944
vn -0.0797 -0.4722 -0.8779
vn -0.3731 -0.3893 -0.8422
vn -0.6368 -0.2612 -0.7254
vn -0.1504 -0.9115 -0.3827
vn -0.4546 -0.8135 -0.3626
vn -0.7093 -0.6350 -0.3062
vn -0.2314 0.2267 -0.9461
vn 0.0225 0.1611 -0.9867
vn -0.2329 0.4864 -0.8421
vn 0.0717 0.4736 -0.8778
vn -0.1779 0.9149 -0.3625
vn 0.1417 0.9130 -0.3826
vn -0.4416 0.0708 -0.8944
vn -0.4937 0.2474 -0.8337
vn -0.5235 0.4470 -0.7254
vn -0.4756 0.8247 -0.3062
vn -0.0225 -0.1611 0.9867
vn 0.2314 -0.2267 0.9461
vn 0.1937 -0.0311 0.9806
vn 0.4936 -0.2474 0.8337
vn 0.4415 -0.0708 0.8945
vn 0.7477 -0.2656 0.6086
vn 0.6982 -0.1118 0.7072
vn -0.0717 -0.4735 0.8779
vn 0.2329 -0.4863 0.8422
vn 0.5234 -0.4469 0.7255
vn 0.7666 -0.4397 0.4679
vn -0.1418 -0.9129 0.3827
vn 0.1779 -0.9148 0.3625
vn 0.4755 -0.8247 0.3063
vn 0.7107 -0.6662 0.2259
vn 0.1937 -0.0309 0.9806
vn 0.2905 0.1431 0.9461
vn 0.0289 0.1600 0.9867
vn 0.3731 0.3894 0.8421
vn 0.0797 0.4723 0.8778
vn 0.4546 0.8136 0.3624
vn 0.1504 0.9116 0.3825
vn 0.4415 -0.0706 0.8945
vn 0.5462 0.0809 0.8337
vn 0.6368 0.2612 0.7254
vn 0.7092 0.6350 0.3062
vn 0.7933 0.0189 0.6086
vn 0.8656 0.1783 0.4679
vn 0.8832 0.4110 0.2259
vn 0.0225 0.1611 0.9867
vn -0.2314 0.2266 0.9461
vn -0.1937 0.0311 0.9806
vn -0.4937 0.2473 0.8337
vn -0.4415 0.0708 0.8945
vn 0.0717 0.4736 0.8778
vn -0.2329 0.4864 0.8421
vn -0.5234 0.4469 0.7254
vn 0.1418 0.9130 0.3826
vn -0.1778 0.9149 0.3624
vn -0.4755 0.8247 0.3062
vn -0.1937 0.0310 0.9806
vn -0.2905 -0.1431 0.9461
vn -0.0289 -0.1601 0.9867
vn -0.3731 -0.3893 0.8421
vn -0.0797 -0.4722 0.8779
vn -0.4547 -0.8135 0.3625
vn -0.1504 -0.9116 0.3827
vn -0.4415 0.0707 0.8945
vn -0.5462 -0.0808 0.8338
vn -0.6367 -0.2611 0.7255
vn -0.7092 -0.6350 0.3063
vn -0.0170 -0.1219 0.9924
vn 0.1746 -0.1577 0.9719
vn 0.1936 -0.0311 0.9806
vn 0.3903 -0.1887 0.9011
vn 0.4416 -0.0708 0.8944
vn 0.6352 -0.2138 0.7422
vn 0.6982 -0.1118 0.7071
vn -0.0378 -0.2497 0.9676
vn 0.1400 -0.2617 0.9549
vn 0.3390 -0.2803 0.8981
vn 0.5599 -0.3065 0.7698
vn -0.0587 -0.3782 0.9239
vn 0.0988 -0.3983 0.9119
vn 0.2836 -0.4092 0.8673
vn 0.4752 -0.4040 0.7816
vn 0.2151 0.0953 0.9719
vn 0.0219 0.1211 0.9924
vn 0.2147 0.2049 0.9549
vn 0.0421 0.2490 0.9676
vn 0.2182 0.3476 0.9119
vn 0.0623 0.3776 0.9239
vn 0.4416 -0.0706 0.8944
vn 0.4297 0.0574 0.9011
vn 0.4096 0.1605 0.8980
vn 0.3972 0.3002 0.8673
vn 0.6702 0.0048 0.7422
vn 0.6276 0.1164 0.7698
vn 0.5776 0.2354 0.7816
vn 0.0170 0.1219 0.9924
vn -0.1745 0.1577 0.9719
vn -0.1936 0.0311 0.9806
vn -0.3903 0.1887 0.9011
vn -0.4416 0.0708 0.8944
vn 0.0378 0.2497 0.9676
vn -0.1400 0.2617 0.9549
vn -0.3390 0.2803 0.8980
vn 0.0587 0.3782 0.9239
vn -0.0988 0.3984 0.9119
vn -0.2837 0.4092 0.8672
vn -0.1937 0.0309 0.9806
vn -0.2151 -0.0953 0.9719
vn -0.0219 -0.1211 0.9924
vn -0.2147 -0.2049 0.9549
vn -0.0421 -0.2490 0.9676
vn -0.2183 -0.3476 0.9119
vn -0.0623 -0.3776 0.9239
vn -0.4416 0.0706 0.8944
vn -0.4297 -0.0574 0.9011
vn -0.4096 -0.1605 0.8980
vn -0.3972 -0.3002 0.8672
vn 0.0219 0.1211 -0.9924
vn 0.2151 0.0953 -0.9719
vn 0.1937 -0.0309 -0.9806
vn 0.4298 0.0574 -0.9011
vn 0.4416 -0.0707 -0.8944
vn 0.6702 0.0048 -0.7422
vn 0.0421 0.2490 -0.9676
vn 0.2148 0.2049 -0.9549
vn 0.4097 0.1605 -0.8980
vn 0.6275 0.1164 -0.7698
vn 0.0624 0.3776 -0.9239
vn 0.2183 0.3476 -0.9119
vn 0.3973 0.3002 -0.8672
vn 0.5776 0.2354 -0.7817
vn 0.1937 -0.0311 -0.9806
vn 0.1746 -0.1577 -0.9719
vn -0.0170 -0.1219 -0.9924
vn 0.1400 -0.2617 -0.9549
vn -0.0378 -0.2496 -0.9676
vn 0.0989 -0.3983 -0.9119
vn -0.0587 -0.3782 -0.9239
vn 0.3904 -0.1887 -0.9011
vn 0.3391 -0.2804 -0.8980
vn 0.2837 -0.4092 -0.8672
vn 0.6352 -0.2138 -0.7422
vn 0.5598 -0.3065 -0.7698
vn 0.4752 -0.4040 -0.7817
vn -0.0219 -0.1211 -0.9924
vn -0.2151 -0.0953 -0.9719
vn -0.1937 0.0309 -0.9806
vn -0.4297 -0.0574 -0.9011
vn -0.0421 -0.2490 -0.9676
vn -0.2147 -0.2049 -0.9549
vn -0.4096 -0.1605 -0.8980
vn -0.0623 -0.3776 -0.9239
vn -0.2183 -0.3476 -0.9119
vn -0.3973 -0.3001 -0.8672
vn -0.1937 0.0310 -0.9806
vn -0.1746 0.1577 -0.9719
vn 0.0170 0.1218 -0.9924
vn -0.1401 0.2617 -0.9549
vn 0.0378 0.2496 -0.9676
vn -0.0989 0.3983 -0.9119
vn 0.0587 0.3782 -0.9239
vn -0.3904 0.1887 -0.9011
vn -0.3391 0.2804 -0.8980
vn -0.2838 0.4092 -0.8672
vn 0.9896 -0.0173 0.1428
vn 0.9465 -0.0164 0.3222
vn 0.9683 -0.1550 0.1961
vn 0.8482 -0.0120 0.5295
vn 0.8832 -0.1414 0.4472
vn 0.9320 0.1713 0.3193
vn 0.8744 0.1517 0.4609
vn 0.7789 0.1324 0.6130
vn 0.7755 0.3820 0.5026
vn 0.7233 0.3365 0.6030
vn 0.6558 0.2929 0.6958
vn 0.9682 -0.1551 0.1961
vn 0.9043 -0.2800 0.3222
vn 0.9455 -0.2925 0.1427
vn 0.7834 -0.4171 0.4609
vn 0.8320 -0.4537 0.3193
vn 0.5821 -0.5455 0.6031
vn 0.6175 -0.6050 0.5027
vn 0.8832 -0.1415 0.4472
vn 0.8096 -0.2534 0.5295
vn 0.6987 -0.3690 0.6130
vn 0.5316 -0.4831 0.6957
vn 0.9464 -0.2928 0.1361
vn 0.9524 -0.2988 -0.0599
vn 0.9682 -0.1551 -0.1962
vn 0.9021 -0.2909 -0.3186
vn 0.8831 -0.1414 -0.4473
vn 0.8335 -0.4545 0.3143
vn 0.8732 -0.4715 0.1230
vn 0.8719 -0.4706 -0.1354
vn 0.6192 -0.6067 0.4985
vn 0.6863 -0.6489 0.3285
vn 0.7288 -0.6759 0.1096
vn 0.9682 -0.1550 -0.1962
vn 0.9981 -0.0135 -0.0598
vn 0.9905 -0.0173 0.1361
vn 0.9768 0.1754 0.1231
vn 0.9337 0.1716 0.3143
vn 0.8546 0.4022 0.3285
vn 0.7777 0.3831 0.4985
vn 0.8832 -0.1414 -0.4473
vn 0.9479 -0.0053 -0.3186
vn 0.9752 0.1749 -0.1354
vn 0.9034 0.4145 0.1095
vn 0.9682 -0.1551 0.1962
vn 0.9524 -0.2988 0.0598
vn 0.9464 -0.2928 -0.1361
vn 0.8732 -0.4716 -0.1230
vn 0.8335 -0.4545 -0.3143
vn 0.6864 -0.6489 -0.3285
vn 0.6192 -0.6067 -0.4985
vn 0.8831 -0.1415 0.4473
vn 0.9021 -0.2909 0.3186
vn 0.8719 -0.4705 0.1354
vn 0.7288 -0.6759 -0.1096
vn 0.9455 -0.2925 -0.1428
vn 0.9043 -0.2799 -0.3222
vn 0.9682 -0.1551 -0.1961
vn 0.8096 -0.2534 -0.5295
vn 0.8832 -0.1414 -0.4472
vn 0.8320 -0.4537 -0.3193
vn 0.7833 -0.4171 -0.4609
vn 0.6986 -0.3690 -0.6130
vn 0.6175 -0.6050 -0.5026
vn 0.5821 -0.5455 -0.6030
vn 0.5316 -0.4831 -0.6957
vn 0.9683 -0.1550 -0.1961
vn 0.9465 -0.0164 -0.3222
vn 0.9896 -0.0173 -0.1427
vn 0.8744 0.1517 -0.4609
vn 0.9320 0.1713 -0.3193
vn 0.7233 0.3364 -0.6031
vn 0.7755 0.3820 -0.5026
vn 0.8482 -0.0120 -0.5296
vn 0.7789 0.1324 -0.6130
vn 0.6558 0.2930 -0.6958
vn 0.9905 -0.0173 -0.1361
vn 0.9981 -0.0135 0.0598
vn 0.9683 -0.1549 0.1962
vn 0.9479 -0.0053 0.3186
vn 0.9337 0.1716 -0.3143
vn 0.9768 0.1754 -0.1231
vn 0.9752 0.1748 0.1354
vn 0.7777 0.3831 -0.4985
vn 0.8546 0.4022 -0.3285
vn 0.9034 0.4145 -0.1095
vn -0.3025 -0.6519 -0.6953
vn -0.2892 -0.5580 -0.7779
vn -0.0996 -0.6066 -0.7888
vn -0.2577 -0.4733 -0.8423
vn -0.0821 -0.4989 -0.8628
vn -0.5397 -0.5529 -0.6348
vn -0.4969 -0.4765 -0.7253
vn -0.4498 -0.4112 -0.7928
vn -0.0947 -0.6074 -0.7887
vn 0.1005 -0.6204 -0.7778
vn 0.0838 -0.7138 -0.6953
vn 0.3233 -0.6078 -0.7253
vn 0.3401 -0.6937 -0.6348
vn -0.0778 -0.4996 -0.8628
vn 0.0971 -0.5301 -0.8423
vn 0.2990 -0.5310 -0.7928
vn 0.0843 -0.7175 -0.6914
vn 0.1343 -0.8331 -0.5366
vn -0.1253 -0.8030 -0.5827
vn 0.1593 -0.9461 -0.2820
vn -0.1476 -0.9480 -0.2820
vn 0.3416 -0.6969 -0.6306
vn 0.4082 -0.7814 -0.4720
vn 0.4590 -0.8497 -0.2594
vn -0.1317 -0.8020 -0.5827
vn -0.3877 -0.7495 -0.5366
vn -0.3041 -0.6553 -0.6914
vn -0.6318 -0.6149 -0.4720
vn -0.5421 -0.5554 -0.6306
vn -0.1557 -0.9467 -0.2820
vn -0.4468 -0.8491 -0.2819
vn -0.7013 -0.6640 -0.2594
vn -0.3041 -0.6553 0.6914
vn -0.3876 -0.7495 0.5367
vn -0.1317 -0.8020 0.5827
vn -0.4467 -0.8491 0.2820
vn -0.1557 -0.9466 0.2822
vn -0.5421 -0.5554 0.6306
vn -0.6317 -0.6149 0.4720
vn -0.7013 -0.6640 0.2595
vn -0.1252 -0.8030 0.5827
vn 0.1343 -0.8330 0.5367
vn 0.0843 -0.7175 0.6914
vn 0.4081 -0.7814 0.4720
vn 0.3416 -0.6969 0.6306
vn -0.1477 -0.9479 0.2822
vn 0.1593 -0.9461 0.2820
vn 0.4589 -0.8498 0.2595
vn 0.0839 -0.7138 0.6953
vn 0.1005 -0.6204 0.7779
vn -0.0947 -0.6074 0.7887
vn 0.0970 -0.5302 0.8423
vn -0.0778 -0.4996 0.8627
vn 0.3401 -0.6938 0.6349
vn 0.3232 -0.6078 0.7253
vn 0.2988 -0.5311 0.7928
vn -0.0996 -0.6066 0.7887
vn -0.2892 -0.5580 0.7779
vn -0.3025 -0.6519 0.6953
vn -0.4968 -0.4765 0.7253
vn -0.5397 -0.5529 0.6348
vn -0.0821 -0.4990 0.8627
vn -0.2577 -0.4734 0.8423
vn -0.4497 -0.4113 0.7928
vn -0.0838 0.7138 0.6953
vn -0.1004 0.6204 0.7779
vn 0.0948 0.6074 0.7887
vn -0.0970 0.5302 0.8423
vn 0.0778 0.4996 0.8627
vn -0.3401 0.6937 0.6348
vn -0.3232 0.6078 0.7253
vn -0.2989 0.5311 0.7928
vn 0.0997 0.6066 0.7887
vn 0.2892 0.5580 0.7778
vn 0.3025 0.6519 0.6953
vn 0.4968 0.4765 0.7253
vn 0.5397 0.5529 0.6348
vn 0.0821 0.4989 0.8627
vn 0.2577 0.4734 0.8423
vn 0.4497 0.4112 0.7929
vn 0.3041 0.6553 0.6914
vn 0.3876 0.7495 0.5366
vn 0.1317 0.8020 0.5827
vn 0.4467 0.8491 0.2819
vn 0.1557 0.9467 0.2820
vn 0.5421 0.5554 0.6306
vn 0.6318 0.6149 0.4719
vn 0.7014 0.6639 0.2593
vn 0.1253 0.8030 0.5827
vn -0.1342 0.8331 0.5366
vn -0.0842 0.7175 0.6914
vn -0.4082 0.7814 0.4719
vn -0.3416 0.6968 0.6306
vn 0.1476 0.9480 0.2820
vn -0.1592 0.9461 0.2819
vn -0.4590 0.8497 0.2593
vn -0.0842 0.7175 -0.6915
vn -0.1342 0.8331 -0.5366
vn 0.1252 0.8030 -0.5827
vn -0.1592 0.9461 -0.2819
vn 0.1477 0.9480 -0.2820
vn -0.3417 0.6969 -0.6306
vn -0.4081 0.7815 -0.4719
vn -0.4590 0.8498 -0.2593
vn 0.1317 0.8020 -0.5827
vn 0.3876 0.7495 -0.5366
vn 0.3040 0.6554 -0.6914
vn 0.6318 0.6149 -0.4720
vn 0.5421 0.5554 -0.6306
vn 0.1557 0.9467 -0.2820
vn 0.4467 0.8491 -0.2819
vn 0.7014 0.6639 -0.2593
vn 0.3025 0.6520 -0.6953
vn 0.2892 0.5580 -0.7778
vn 0.0996 0.6066 -0.7888
vn 0.2577 0.4733 -0.8424
vn 0.0821 0.4989 -0.8628
vn 0.5398 0.5529 -0.6348
vn 0.4969 0.4765 -0.7253
vn 0.4498 0.4112 -0.7929
vn 0.0948 0.6074 -0.7888
vn -0.1005 0.6204 -0.7779
vn -0.0837 0.7138 -0.6953
vn -0.3234 0.6078 -0.7253
vn -0.3402 0.6937 -0.6348
vn 0.0778 0.4996 -0.8628
vn -0.0970 0.5301 -0.8424
vn -0.2990 0.5310 -0.7928
vn -0.9874 0.1581 -0.0000
vt 0.932635 0.017781
vt 0.944247 0.006089
vt 0.944247 0.609127
vt 0.932632 0.597433
vt 0.950219 0.017779
vt 0.961830 0.006088
vt 0.961829 0.609123
vt 0.950214 0.597427
vt 0.765754 0.002525
vt 0.790235 0.002544
vt 0.790235 0.615317
vt 0.765757 0.615298
vt 0.759680 0.615266
vt 0.735204 0.615259
vt 0.735205 0.002529
vt 0.759685 0.002536
vt 0.851611 0.583168
vt 0.826895 0.583180
vt 0.826895 0.003251
vt 0.851612 0.003240
vt 0.796258 0.003242
vt 0.820968 0.003238
vt 0.820964 0.583209
vt 0.796238 0.583216
vt 0.985385 0.017775
vt 0.996999 0.006088
vt 0.996998 0.609117
vt 0.985386 0.597418
vt 0.967804 0.175944
vt 0.979414 0.164253
vt 0.979414 0.767213
vt 0.967801 0.755520
vt 0.932183 0.616813
vt 0.950064 0.616575
vt 0.950062 0.640982
vt 0.932144 0.640710
vt 0.752551 0.653636
vt 0.734654 0.653382
vt 0.734650 0.629487
vt 0.752552 0.629232
vt 0.934444 0.646906
vt 0.952374 0.646633
vt 0.952377 0.671040
vt 0.934506 0.670800
vt 0.793464 0.644144
vt 0.775556 0.643880
vt 0.775574 0.619987
vt 0.793464 0.619740
vt 0.932437 0.598165
vt 0.931885 0.597742
vt 0.931988 0.597048
vt 0.931379 0.597374
vt 0.931408 0.596727
vt 0.930879 0.597054
vt 0.930847 0.596478
vt 0.932251 0.598782
vt 0.931790 0.598357
vt 0.931349 0.597966
vt 0.930902 0.597606
vt 0.932050 0.599316
vt 0.931675 0.598922
vt 0.931300 0.598534
vt 0.930916 0.598151
vt 0.931991 0.018165
vt 0.931888 0.017472
vt 0.932439 0.017049
vt 0.931793 0.016857
vt 0.932254 0.016432
vt 0.931678 0.016292
vt 0.932053 0.015899
vt 0.931411 0.018487
vt 0.931382 0.017840
vt 0.931352 0.017247
vt 0.931303 0.016680
vt 0.930850 0.018736
vt 0.930882 0.018160
vt 0.930905 0.017608
vt 0.930919 0.017063
vt 0.944427 0.004972
vt 0.945006 0.004263
vt 0.944892 0.005171
vt 0.945526 0.003658
vt 0.945486 0.004391
vt 0.946003 0.003139
vt 0.946059 0.003722
vt 0.944583 0.003999
vt 0.945083 0.003474
vt 0.945530 0.003019
vt 0.945939 0.002628
vt 0.944673 0.003156
vt 0.945109 0.002780
vt 0.945507 0.002455
vt 0.945870 0.002173
vt 0.944891 0.610045
vt 0.945005 0.610952
vt 0.944427 0.610243
vt 0.945083 0.611741
vt 0.944582 0.611216
vt 0.945108 0.612436
vt 0.944673 0.612060
vt 0.945485 0.610824
vt 0.945526 0.611557
vt 0.945530 0.612197
vt 0.945507 0.612761
vt 0.946059 0.611493
vt 0.946003 0.612076
vt 0.945939 0.612588
vt 0.945870 0.613043
vt 0.950018 0.598159
vt 0.949466 0.597737
vt 0.949569 0.597043
vt 0.948961 0.597368
vt 0.948989 0.596721
vt 0.948460 0.597048
vt 0.948429 0.596472
vt 0.949832 0.598776
vt 0.949371 0.598351
vt 0.948930 0.597961
vt 0.948484 0.597600
vt 0.949631 0.599310
vt 0.949256 0.598916
vt 0.948881 0.598528
vt 0.948497 0.598145
vt 0.949575 0.018163
vt 0.949472 0.017469
vt 0.950023 0.017047
vt 0.949377 0.016855
vt 0.949838 0.016430
vt 0.949262 0.016290
vt 0.949637 0.015896
vt 0.948995 0.018485
vt 0.948966 0.017838
vt 0.948936 0.017245
vt 0.948887 0.016677
vt 0.948434 0.018734
vt 0.948465 0.018157
vt 0.948489 0.017605
vt 0.948503 0.017060
vt 0.962011 0.004972
vt 0.962589 0.004263
vt 0.962475 0.005170
vt 0.963109 0.003658
vt 0.963069 0.004390
vt 0.963585 0.003139
vt 0.963642 0.003722
vt 0.962166 0.003999
vt 0.962666 0.003474
vt 0.963113 0.003019
vt 0.963521 0.002628
vt 0.962256 0.003155
vt 0.962692 0.002780
vt 0.963090 0.002455
vt 0.963453 0.002173
vt 0.962474 0.610041
vt 0.962587 0.610949
vt 0.962009 0.610239
vt 0.962665 0.611738
vt 0.962164 0.611213
vt 0.962691 0.612433
vt 0.962255 0.612057
vt 0.963068 0.610821
vt 0.963108 0.611554
vt 0.963112 0.612193
vt 0.963089 0.612758
vt 0.963642 0.611489
vt 0.963585 0.612073
vt 0.963521 0.612585
vt 0.963452 0.613040
vt 0.765760 0.615909
vt 0.765118 0.615790
vt 0.765109 0.615214
vt 0.764537 0.615527
vt 0.764506 0.614960
vt 0.763951 0.615089
vt 0.763907 0.614507
vt 0.765752 0.616339
vt 0.765134 0.616222
vt 0.764586 0.615973
vt 0.764046 0.615578
vt 0.765734 0.616634
vt 0.765144 0.616547
vt 0.764636 0.616334
vt 0.764174 0.615992
vt 0.765106 0.002609
vt 0.765115 0.002033
vt 0.765757 0.001915
vt 0.765132 0.001602
vt 0.765751 0.001486
vt 0.765143 0.001276
vt 0.765734 0.001188
vt 0.764504 0.002863
vt 0.764534 0.002296
vt 0.764584 0.001850
vt 0.764634 0.001489
vt 0.763903 0.003317
vt 0.763948 0.002734
vt 0.764043 0.002244
vt 0.764171 0.001831
vt 0.790233 0.001933
vt 0.790875 0.002052
vt 0.790884 0.002628
vt 0.791456 0.002315
vt 0.791487 0.002882
vt 0.792042 0.002753
vt 0.792086 0.003335
vt 0.790241 0.001503
vt 0.790858 0.001620
vt 0.791407 0.001869
vt 0.791947 0.002264
vt 0.790258 0.001207
vt 0.790848 0.001294
vt 0.791357 0.001508
vt 0.791819 0.001850
vt 0.790882 0.615233
vt 0.790874 0.615809
vt 0.790232 0.615927
vt 0.790857 0.616240
vt 0.790238 0.616355
vt 0.790846 0.616566
vt 0.790255 0.616653
vt 0.791485 0.614979
vt 0.791454 0.615546
vt 0.791405 0.615992
vt 0.791355 0.616353
vt 0.792086 0.614525
vt 0.792041 0.615108
vt 0.791945 0.615597
vt 0.791817 0.616011
vt 0.759683 0.001927
vt 0.760323 0.002045
vt 0.760332 0.002621
vt 0.760903 0.002307
vt 0.760934 0.002873
vt 0.761488 0.002744
vt 0.761533 0.003326
vt 0.759690 0.001499
vt 0.760306 0.001615
vt 0.760853 0.001862
vt 0.761393 0.002256
vt 0.759707 0.001204
vt 0.760295 0.001290
vt 0.760803 0.001502
vt 0.761265 0.001843
vt 0.760329 0.615182
vt 0.760320 0.615760
vt 0.759677 0.615878
vt 0.760303 0.616192
vt 0.759684 0.616308
vt 0.760293 0.616519
vt 0.759701 0.616607
vt 0.760932 0.614927
vt 0.760902 0.615496
vt 0.760853 0.615942
vt 0.760803 0.616304
vt 0.761533 0.614473
vt 0.761488 0.615057
vt 0.761394 0.615547
vt 0.761266 0.615961
vt 0.735206 0.615868
vt 0.734566 0.615750
vt 0.734557 0.615175
vt 0.733986 0.615488
vt 0.733955 0.614922
vt 0.733401 0.615051
vt 0.733356 0.614470
vt 0.735199 0.616296
vt 0.734583 0.616180
vt 0.734036 0.615933
vt 0.733496 0.615539
vt 0.735182 0.616591
vt 0.734593 0.616505
vt 0.734086 0.616293
vt 0.733624 0.615952
vt 0.734556 0.002613
vt 0.734565 0.002036
vt 0.735208 0.001917
vt 0.734582 0.001604
vt 0.735202 0.001487
vt 0.734592 0.001276
vt 0.735184 0.001188
vt 0.733953 0.002868
vt 0.733983 0.002299
vt 0.734032 0.001853
vt 0.734082 0.001491
vt 0.733352 0.003323
vt 0.733396 0.002739
vt 0.733491 0.002248
vt 0.733619 0.001834
vt 0.851614 0.002539
vt 0.852259 0.002527
vt 0.852259 0.003210
vt 0.852825 0.002461
vt 0.852837 0.003106
vt 0.853341 0.002332
vt 0.853391 0.002907
vt 0.851622 0.001859
vt 0.852239 0.001860
vt 0.852771 0.001838
vt 0.853241 0.001787
vt 0.851632 0.001188
vt 0.852201 0.001199
vt 0.852684 0.001223
vt 0.853094 0.001257
vt 0.852258 0.583198
vt 0.852259 0.583881
vt 0.851614 0.583869
vt 0.852239 0.584547
vt 0.851622 0.584549
vt 0.852201 0.585208
vt 0.851632 0.585219
vt 0.852836 0.583301
vt 0.852825 0.583946
vt 0.852770 0.584570
vt 0.852683 0.585184
vt 0.853391 0.583501
vt 0.853341 0.584075
vt 0.853240 0.584620
vt 0.853093 0.585150
vt 0.826893 0.583881
vt 0.826247 0.583893
vt 0.826248 0.583210
vt 0.825681 0.583959
vt 0.825669 0.583314
vt 0.825165 0.584088
vt 0.825115 0.583513
vt 0.826885 0.584561
vt 0.826268 0.584560
vt 0.825736 0.584582
vt 0.825266 0.584633
vt 0.826875 0.585231
vt 0.826305 0.585221
vt 0.825823 0.585197
vt 0.825413 0.585163
vt 0.826249 0.003222
vt 0.826248 0.002539
vt 0.826893 0.002550
vt 0.826268 0.001872
vt 0.826885 0.001871
vt 0.826305 0.001212
vt 0.826874 0.001201
vt 0.825670 0.003119
vt 0.825682 0.002473
vt 0.825736 0.001850
vt 0.825823 0.001235
vt 0.825115 0.002919
vt 0.825166 0.002345
vt 0.825266 0.001799
vt 0.825413 0.001269
vt 0.796236 0.583916
vt 0.795591 0.583928
vt 0.795591 0.583245
vt 0.795024 0.583994
vt 0.795012 0.583349
vt 0.794509 0.584123
vt 0.794458 0.583549
vt 0.796228 0.584596
vt 0.795611 0.584595
vt 0.795079 0.584617
vt 0.794609 0.584668
vt 0.796217 0.585266
vt 0.795648 0.585255
vt 0.795166 0.585232
vt 0.794756 0.585198
vt 0.795612 0.003213
vt 0.795611 0.002530
vt 0.796256 0.002541
vt 0.795631 0.001863
vt 0.796248 0.001862
vt 0.795668 0.001202
vt 0.796238 0.001192
vt 0.795033 0.003110
vt 0.795045 0.002464
vt 0.795099 0.001841
vt 0.795186 0.001226
vt 0.794478 0.002910
vt 0.794529 0.002335
vt 0.794629 0.001790
vt 0.794776 0.001260
vt 0.820970 0.002537
vt 0.821614 0.002525
vt 0.821614 0.003208
vt 0.822180 0.002460
vt 0.822192 0.003104
vt 0.822696 0.002331
vt 0.822746 0.002905
vt 0.820978 0.001858
vt 0.821594 0.001859
vt 0.822126 0.001837
vt 0.822595 0.001786
vt 0.820988 0.001188
vt 0.821557 0.001199
vt 0.822039 0.001222
vt 0.822448 0.001257
vt 0.821612 0.583239
vt 0.821612 0.583923
vt 0.820966 0.583911
vt 0.821592 0.584590
vt 0.820974 0.584591
vt 0.821555 0.585251
vt 0.820985 0.585262
vt 0.822190 0.583342
vt 0.822179 0.583988
vt 0.822125 0.584612
vt 0.822037 0.585228
vt 0.822746 0.583542
vt 0.822695 0.584117
vt 0.822595 0.584663
vt 0.822448 0.585194
vt 0.985190 0.598150
vt 0.984639 0.597727
vt 0.984742 0.597033
vt 0.984133 0.597358
vt 0.984161 0.596712
vt 0.983632 0.597039
vt 0.983601 0.596463
vt 0.985004 0.598767
vt 0.984543 0.598341
vt 0.984102 0.597951
vt 0.983656 0.597591
vt 0.984803 0.599301
vt 0.984428 0.598907
vt 0.984053 0.598519
vt 0.983670 0.598136
vt 0.984741 0.018159
vt 0.984638 0.017465
vt 0.985190 0.017043
vt 0.984543 0.016851
vt 0.985004 0.016427
vt 0.984429 0.016286
vt 0.984803 0.015893
vt 0.984161 0.018481
vt 0.984132 0.017834
vt 0.984102 0.017241
vt 0.984053 0.016673
vt 0.983600 0.018730
vt 0.983632 0.018154
vt 0.983656 0.017601
vt 0.983669 0.017057
vt 0.997180 0.004971
vt 0.997758 0.004262
vt 0.997644 0.005170
vt 0.998278 0.003658
vt 0.998238 0.004390
vt 0.998755 0.003139
vt 0.998811 0.003722
vt 0.997335 0.003998
vt 0.997836 0.003474
vt 0.998282 0.003019
vt 0.998690 0.002628
vt 0.997426 0.003155
vt 0.997861 0.002779
vt 0.998259 0.002455
vt 0.998622 0.002173
vt 0.997643 0.610035
vt 0.997757 0.610943
vt 0.997178 0.610233
vt 0.997834 0.611732
vt 0.997334 0.611207
vt 0.997860 0.612427
vt 0.997424 0.612051
vt 0.998237 0.610814
vt 0.998278 0.611548
vt 0.998281 0.612187
vt 0.998258 0.612752
vt 0.998811 0.611483
vt 0.998755 0.612067
vt 0.998690 0.612579
vt 0.998622 0.613034
vt 0.967605 0.756252
vt 0.967054 0.755830
vt 0.967157 0.755136
vt 0.966548 0.755461
vt 0.966577 0.754814
vt 0.966048 0.755141
vt 0.966016 0.754565
vt 0.967419 0.756869
vt 0.966958 0.756444
vt 0.966518 0.756054
vt 0.966071 0.755693
vt 0.967219 0.757403
vt 0.966844 0.757009
vt 0.966468 0.756621
vt 0.966085 0.756238
vt 0.967160 0.176328
vt 0.967057 0.175635
vt 0.967608 0.175212
vt 0.966961 0.175021
vt 0.967422 0.174596
vt 0.966847 0.174455
vt 0.967222 0.174062
vt 0.966580 0.176650
vt 0.966551 0.176003
vt 0.966521 0.175410
vt 0.966472 0.174843
vt 0.966018 0.176899
vt 0.966050 0.176323
vt 0.966074 0.175771
vt 0.966088 0.175226
vt 0.979594 0.163137
vt 0.980173 0.162428
vt 0.980059 0.163335
vt 0.980693 0.161823
vt 0.980653 0.162555
vt 0.981170 0.161304
vt 0.981226 0.161887
vt 0.979750 0.162164
vt 0.980250 0.161639
vt 0.980697 0.161184
vt 0.981105 0.160793
vt 0.979840 0.161320
vt 0.980276 0.160944
vt 0.980674 0.160620
vt 0.981037 0.160338
vt 0.980058 0.768130
vt 0.980172 0.769038
vt 0.979594 0.768329
vt 0.980250 0.769826
vt 0.979749 0.769301
vt 0.980275 0.770521
vt 0.979839 0.770145
vt 0.980652 0.768909
vt 0.980693 0.769642
vt 0.980696 0.770282
vt 0.980673 0.770846
vt 0.981226 0.769578
vt 0.981170 0.770161
vt 0.981105 0.770673
vt 0.981037 0.771128
vt 0.932213 0.641348
vt 0.931666 0.641328
vt 0.931552 0.640708
vt 0.931253 0.641313
vt 0.931135 0.640717
vt 0.930939 0.641307
vt 0.930848 0.640735
vt 0.932433 0.641905
vt 0.931913 0.641874
vt 0.931495 0.641832
vt 0.931153 0.641791
vt 0.932829 0.642427
vt 0.932320 0.642401
vt 0.931873 0.642326
vt 0.931486 0.642217
vt 0.931590 0.616813
vt 0.931706 0.616193
vt 0.932253 0.616175
vt 0.931955 0.615649
vt 0.932475 0.615619
vt 0.932363 0.615124
vt 0.932872 0.615099
vt 0.931174 0.616804
vt 0.931293 0.616207
vt 0.931538 0.615689
vt 0.931917 0.615197
vt 0.930885 0.616785
vt 0.930979 0.616212
vt 0.931195 0.615729
vt 0.931530 0.615304
vt 0.950094 0.615931
vt 0.950758 0.615935
vt 0.950749 0.616568
vt 0.951406 0.615949
vt 0.951415 0.616553
vt 0.952053 0.615974
vt 0.952074 0.616535
vt 0.950200 0.615375
vt 0.950816 0.615389
vt 0.951419 0.615432
vt 0.952019 0.615503
vt 0.950384 0.614866
vt 0.950928 0.614895
vt 0.951456 0.614976
vt 0.951975 0.615105
vt 0.950748 0.640991
vt 0.950755 0.641625
vt 0.950091 0.641628
vt 0.950813 0.642172
vt 0.950196 0.642186
vt 0.950925 0.642667
vt 0.950379 0.642696
vt 0.951414 0.641006
vt 0.951405 0.641611
vt 0.951417 0.642130
vt 0.951454 0.642586
vt 0.952074 0.641024
vt 0.952053 0.641586
vt 0.952019 0.642058
vt 0.951975 0.642457
vt 0.752582 0.628588
vt 0.753245 0.628591
vt 0.753238 0.629224
vt 0.753895 0.628605
vt 0.753904 0.629210
vt 0.754542 0.628631
vt 0.754562 0.629192
vt 0.752687 0.628030
vt 0.753303 0.628044
vt 0.753907 0.628087
vt 0.754508 0.628160
vt 0.752871 0.627521
vt 0.753416 0.627550
vt 0.753944 0.627631
vt 0.754465 0.627761
vt 0.753237 0.653645
vt 0.753244 0.654278
vt 0.752581 0.654281
vt 0.753302 0.654825
vt 0.752686 0.654838
vt 0.753414 0.655319
vt 0.752870 0.655348
vt 0.753903 0.653659
vt 0.753894 0.654264
vt 0.753906 0.654782
vt 0.753943 0.655238
vt 0.754562 0.653677
vt 0.754542 0.654238
vt 0.754507 0.654710
vt 0.754463 0.655109
vt 0.734724 0.654021
vt 0.734176 0.654002
vt 0.734060 0.653380
vt 0.733762 0.653988
vt 0.733643 0.653389
vt 0.733447 0.653983
vt 0.733353 0.653408
vt 0.734945 0.654578
vt 0.734425 0.654548
vt 0.734007 0.654507
vt 0.733663 0.654467
vt 0.735343 0.655098
vt 0.734833 0.655074
vt 0.734386 0.655000
vt 0.733999 0.654892
vt 0.734058 0.629487
vt 0.734173 0.628869
vt 0.734719 0.628849
vt 0.734421 0.628324
vt 0.734940 0.628293
vt 0.734827 0.627798
vt 0.735336 0.627773
vt 0.733644 0.629478
vt 0.733762 0.628883
vt 0.734004 0.628366
vt 0.734381 0.627873
vt 0.733357 0.629459
vt 0.733448 0.628889
vt 0.733662 0.628407
vt 0.733995 0.627982
vt 0.934577 0.671438
vt 0.934030 0.671419
vt 0.933914 0.670801
vt 0.933619 0.671405
vt 0.933500 0.670811
vt 0.933306 0.671400
vt 0.933213 0.670831
vt 0.934798 0.671993
vt 0.934279 0.671963
vt 0.933862 0.671922
vt 0.933520 0.671882
vt 0.935194 0.672512
vt 0.934686 0.672487
vt 0.934240 0.672414
vt 0.933854 0.672306
vt 0.933852 0.646909
vt 0.933965 0.646287
vt 0.934513 0.646267
vt 0.934214 0.645740
vt 0.934734 0.645709
vt 0.934621 0.645213
vt 0.935131 0.645187
vt 0.933434 0.646901
vt 0.933552 0.646302
vt 0.933795 0.645782
vt 0.934174 0.645288
vt 0.933144 0.646882
vt 0.933236 0.646308
vt 0.933452 0.645823
vt 0.933786 0.645396
vt 0.952403 0.645988
vt 0.953067 0.645991
vt 0.953060 0.646624
vt 0.953717 0.646005
vt 0.953727 0.646610
vt 0.954366 0.646030
vt 0.954386 0.646592
vt 0.952508 0.645429
vt 0.953125 0.645443
vt 0.953730 0.645486
vt 0.954332 0.645558
vt 0.952692 0.644919
vt 0.953237 0.644948
vt 0.953767 0.645029
vt 0.954288 0.645158
vt 0.953063 0.671048
vt 0.953070 0.671681
vt 0.952407 0.671684
vt 0.953129 0.672227
vt 0.952513 0.672241
vt 0.953241 0.672720
vt 0.952697 0.672750
vt 0.953728 0.671062
vt 0.953719 0.671666
vt 0.953732 0.672184
vt 0.953769 0.672639
vt 0.954386 0.671080
vt 0.954366 0.671641
vt 0.954332 0.672112
vt 0.954288 0.672510
vt 0.793494 0.619096
vt 0.794157 0.619099
vt 0.794150 0.619732
vt 0.794807 0.619114
vt 0.794815 0.619718
vt 0.795454 0.619139
vt 0.795475 0.619700
vt 0.793599 0.618539
vt 0.794215 0.618553
vt 0.794819 0.618596
vt 0.795420 0.618667
vt 0.793783 0.618029
vt 0.794327 0.618059
vt 0.794856 0.618140
vt 0.795376 0.618269
vt 0.794150 0.644152
vt 0.794157 0.644785
vt 0.793494 0.644789
vt 0.794215 0.645333
vt 0.793599 0.645346
vt 0.794327 0.645827
vt 0.793783 0.645856
vt 0.794816 0.644167
vt 0.794807 0.644772
vt 0.794819 0.645290
vt 0.794856 0.645746
vt 0.795475 0.644185
vt 0.795454 0.644746
vt 0.795421 0.645218
vt 0.795377 0.645617
vt 0.775625 0.644518
vt 0.775078 0.644498
vt 0.774963 0.643880
vt 0.774666 0.644484
vt 0.774549 0.643889
vt 0.774353 0.644478
vt 0.774262 0.643907
vt 0.775846 0.645075
vt 0.775326 0.645044
vt 0.774909 0.645002
vt 0.774567 0.644961
vt 0.776242 0.645596
vt 0.775733 0.645570
vt 0.775286 0.645495
vt 0.774900 0.645386
vt 0.774982 0.619988
vt 0.775097 0.619367
vt 0.775644 0.619348
vt 0.775346 0.618822
vt 0.775866 0.618791
vt 0.775754 0.618296
vt 0.776263 0.618272
vt 0.774565 0.619978
vt 0.774684 0.619381
vt 0.774928 0.618862
vt 0.775307 0.618370
vt 0.774275 0.619959
vt 0.774369 0.619385
vt 0.774585 0.618902
vt 0.774920 0.618477
vt 0.876660 0.019904
vt 0.888789 0.006838
vt 0.888790 0.757011
vt 0.876666 0.743925
vt 0.895428 0.019877
vt 0.907556 0.006816
vt 0.907556 0.757069
vt 0.895428 0.743975
vt 0.629967 0.759495
vt 0.603881 0.759532
vt 0.603904 0.002720
vt 0.629975 0.002655
vt 0.636732 0.002699
vt 0.662805 0.002656
vt 0.662798 0.759417
vt 0.636716 0.759486
vt 0.702448 0.003536
vt 0.728902 0.003469
vt 0.728900 0.727774
vt 0.702442 0.727852
vt 0.669476 0.003547
vt 0.695919 0.003467
vt 0.695915 0.727766
vt 0.669445 0.727870
vt 0.914196 0.019904
vt 0.926325 0.006838
vt 0.926326 0.757012
vt 0.914202 0.743927
vt 0.857901 0.743844
vt 0.857886 0.019909
vt 0.870017 0.006840
vt 0.870020 0.756923
vt 0.813668 0.614091
vt 0.795752 0.613822
vt 0.795785 0.589928
vt 0.813670 0.589685
vt 0.822785 0.619981
vt 0.840662 0.619737
vt 0.840662 0.644143
vt 0.822739 0.643875
vt 0.817059 0.644144
vt 0.799146 0.643882
vt 0.799171 0.619986
vt 0.817059 0.619739
vt 0.819386 0.589931
vt 0.837270 0.589690
vt 0.837267 0.614097
vt 0.819350 0.613826
vt 0.876428 0.744751
vt 0.875802 0.744267
vt 0.875928 0.743464
vt 0.875211 0.743846
vt 0.875231 0.743082
vt 0.874611 0.743486
vt 0.874548 0.742792
vt 0.876210 0.745440
vt 0.875695 0.744964
vt 0.875189 0.744529
vt 0.874665 0.744130
vt 0.875979 0.746027
vt 0.875571 0.745594
vt 0.875148 0.745171
vt 0.874702 0.744752
vt 0.875921 0.020364
vt 0.875796 0.019562
vt 0.876422 0.019078
vt 0.875690 0.018865
vt 0.876205 0.018390
vt 0.875567 0.018235
vt 0.875975 0.017803
vt 0.875226 0.020746
vt 0.875206 0.019983
vt 0.875184 0.019300
vt 0.875143 0.018658
vt 0.874544 0.021034
vt 0.874607 0.020342
vt 0.874660 0.019698
vt 0.874697 0.019077
vt 0.888998 0.005545
vt 0.889679 0.004715
vt 0.889539 0.005780
vt 0.890296 0.003997
vt 0.890248 0.004867
vt 0.890857 0.003368
vt 0.890938 0.004067
vt 0.889180 0.004405
vt 0.889766 0.003785
vt 0.890288 0.003236
vt 0.890766 0.002758
vt 0.889277 0.003421
vt 0.889781 0.002962
vt 0.890246 0.002564
vt 0.890672 0.002218
vt 0.889541 0.758070
vt 0.889680 0.759136
vt 0.888999 0.758305
vt 0.889766 0.760066
vt 0.889180 0.759446
vt 0.889781 0.760890
vt 0.889277 0.760430
vt 0.890249 0.758984
vt 0.890296 0.759855
vt 0.890288 0.760616
vt 0.890246 0.761288
vt 0.890938 0.759784
vt 0.890857 0.760484
vt 0.890766 0.761093
vt 0.890672 0.761634
vt 0.895190 0.744801
vt 0.894563 0.744317
vt 0.894689 0.743514
vt 0.893973 0.743895
vt 0.893993 0.743131
vt 0.893373 0.743535
vt 0.893309 0.742842
vt 0.894972 0.745491
vt 0.894456 0.745014
vt 0.893951 0.744579
vt 0.893426 0.744180
vt 0.894741 0.746078
vt 0.894332 0.745645
vt 0.893909 0.745222
vt 0.893463 0.744802
vt 0.894690 0.020337
vt 0.894565 0.019535
vt 0.895191 0.019051
vt 0.894458 0.018838
vt 0.894974 0.018363
vt 0.894335 0.018209
vt 0.894744 0.017777
vt 0.893994 0.020719
vt 0.893975 0.019956
vt 0.893953 0.019273
vt 0.893912 0.018631
vt 0.893312 0.021007
vt 0.893375 0.020315
vt 0.893429 0.019671
vt 0.893466 0.019050
vt 0.907766 0.005523
vt 0.908447 0.004693
vt 0.908307 0.005758
vt 0.909063 0.003976
vt 0.909015 0.004846
vt 0.909624 0.003347
vt 0.909705 0.004046
vt 0.907948 0.004383
vt 0.908534 0.003764
vt 0.909056 0.003215
vt 0.909533 0.002738
vt 0.908045 0.003400
vt 0.908549 0.002941
vt 0.909014 0.002544
vt 0.909439 0.002198
vt 0.908307 0.758129
vt 0.908446 0.759196
vt 0.907765 0.758364
vt 0.908532 0.760126
vt 0.907946 0.759506
vt 0.908547 0.760950
vt 0.908042 0.760491
vt 0.909016 0.759044
vt 0.909062 0.759915
vt 0.909055 0.760677
vt 0.909012 0.761349
vt 0.909705 0.759845
vt 0.909624 0.760545
vt 0.909533 0.761155
vt 0.909438 0.761696
vt 0.629982 0.001978
vt 0.630703 0.002105
vt 0.630719 0.002761
vt 0.631378 0.002391
vt 0.631432 0.003054
vt 0.632085 0.002884
vt 0.632158 0.003584
vt 0.629987 0.001509
vt 0.630673 0.001622
vt 0.631304 0.001880
vt 0.631949 0.002311
vt 0.629999 0.001189
vt 0.630648 0.001260
vt 0.631229 0.001472
vt 0.631778 0.001838
vt 0.630715 0.759387
vt 0.630700 0.760046
vt 0.629975 0.760174
vt 0.630671 0.760531
vt 0.629981 0.760646
vt 0.630648 0.760895
vt 0.629995 0.760970
vt 0.631430 0.759092
vt 0.631377 0.759757
vt 0.631304 0.760270
vt 0.631230 0.760680
vt 0.632158 0.758559
vt 0.632085 0.759261
vt 0.631950 0.759836
vt 0.631780 0.760311
vt 0.603874 0.760211
vt 0.603151 0.760083
vt 0.603135 0.759426
vt 0.602475 0.759797
vt 0.602421 0.759133
vt 0.601768 0.759303
vt 0.601695 0.758603
vt 0.603868 0.760680
vt 0.603181 0.760567
vt 0.602549 0.760308
vt 0.601904 0.759877
vt 0.603855 0.761001
vt 0.603205 0.760929
vt 0.602624 0.760717
vt 0.602075 0.760350
vt 0.603157 0.002828
vt 0.603171 0.002169
vt 0.603896 0.002040
vt 0.603200 0.001683
vt 0.603890 0.001568
vt 0.603223 0.001320
vt 0.603876 0.001245
vt 0.602441 0.003123
vt 0.602494 0.002458
vt 0.602567 0.001945
vt 0.602641 0.001535
vt 0.601713 0.003656
vt 0.601786 0.002954
vt 0.601921 0.002379
vt 0.602091 0.001904
vt 0.636710 0.760164
vt 0.635986 0.760037
vt 0.635970 0.759380
vt 0.635310 0.759751
vt 0.635256 0.759087
vt 0.634602 0.759256
vt 0.634528 0.758554
vt 0.636705 0.760635
vt 0.636017 0.760522
vt 0.635384 0.760263
vt 0.634738 0.759831
vt 0.636692 0.760956
vt 0.636041 0.760884
vt 0.635459 0.760672
vt 0.634909 0.760305
vt 0.635985 0.002807
vt 0.635999 0.002149
vt 0.636724 0.002021
vt 0.636029 0.001663
vt 0.636718 0.001549
vt 0.636052 0.001300
vt 0.636704 0.001225
vt 0.635270 0.003102
vt 0.635323 0.002437
vt 0.635396 0.001925
vt 0.635470 0.001516
vt 0.634544 0.003633
vt 0.634617 0.002933
vt 0.634751 0.002359
vt 0.634921 0.001884
vt 0.662812 0.001978
vt 0.663534 0.002105
vt 0.663550 0.002763
vt 0.664209 0.002392
vt 0.664263 0.003055
vt 0.664915 0.002886
vt 0.664989 0.003585
vt 0.662817 0.001509
vt 0.663503 0.001622
vt 0.664135 0.001881
vt 0.664780 0.002312
vt 0.662830 0.001188
vt 0.663479 0.001261
vt 0.664060 0.001473
vt 0.664609 0.001839
vt 0.663546 0.759309
vt 0.663531 0.759968
vt 0.662807 0.760097
vt 0.663502 0.760453
vt 0.662813 0.760567
vt 0.663479 0.760816
vt 0.662827 0.760891
vt 0.664260 0.759015
vt 0.664208 0.759679
vt 0.664134 0.760192
vt 0.664060 0.760601
vt 0.664989 0.758482
vt 0.664915 0.759184
vt 0.664780 0.759759
vt 0.664609 0.760233
vt 0.702425 0.728634
vt 0.701698 0.728647
vt 0.701708 0.727867
vt 0.701046 0.728729
vt 0.701024 0.727979
vt 0.700451 0.728896
vt 0.700364 0.728221
vt 0.702418 0.729386
vt 0.701728 0.729397
vt 0.701127 0.729439
vt 0.700593 0.729517
vt 0.702421 0.730123
vt 0.701791 0.730133
vt 0.701249 0.730128
vt 0.700785 0.730109
vt 0.701715 0.003523
vt 0.701702 0.002744
vt 0.702429 0.002755
vt 0.701730 0.001994
vt 0.702419 0.002003
vt 0.701791 0.001259
vt 0.702419 0.001267
vt 0.701031 0.003413
vt 0.701050 0.002664
vt 0.701129 0.001955
vt 0.701250 0.001266
vt 0.700370 0.003172
vt 0.700456 0.002498
vt 0.700597 0.001878
vt 0.700787 0.001286
vt 0.728919 0.002687
vt 0.729646 0.002674
vt 0.729635 0.003454
vt 0.730298 0.002593
vt 0.730319 0.003342
vt 0.730892 0.002425
vt 0.730979 0.003100
vt 0.728925 0.001935
vt 0.729615 0.001924
vt 0.730217 0.001883
vt 0.730750 0.001805
vt 0.728923 0.001199
vt 0.729553 0.001189
vt 0.730094 0.001194
vt 0.730558 0.001213
vt 0.729634 0.727787
vt 0.729647 0.728566
vt 0.728920 0.728556
vt 0.729618 0.729316
vt 0.728929 0.729307
vt 0.729558 0.730051
vt 0.728929 0.730043
vt 0.730318 0.727897
vt 0.730298 0.728646
vt 0.730219 0.729356
vt 0.730098 0.730045
vt 0.730979 0.728138
vt 0.730893 0.728813
vt 0.730752 0.729433
vt 0.730562 0.730024
vt 0.669429 0.728652
vt 0.668701 0.728665
vt 0.668712 0.727885
vt 0.668048 0.728747
vt 0.668027 0.727996
vt 0.667452 0.728915
vt 0.667365 0.728238
vt 0.669422 0.729405
vt 0.668732 0.729416
vt 0.668130 0.729458
vt 0.667595 0.729536
vt 0.669425 0.730142
vt 0.668795 0.730152
vt 0.668253 0.730148
vt 0.667788 0.730129
vt 0.668743 0.003534
vt 0.668730 0.002755
vt 0.669457 0.002766
vt 0.668758 0.002006
vt 0.669447 0.002014
vt 0.668818 0.001271
vt 0.669446 0.001278
vt 0.668059 0.003424
vt 0.668079 0.002675
vt 0.668158 0.001966
vt 0.668278 0.001278
vt 0.667400 0.003183
vt 0.667485 0.002510
vt 0.667625 0.001890
vt 0.667814 0.001299
vt 0.695935 0.002686
vt 0.696662 0.002673
vt 0.696651 0.003452
vt 0.697313 0.002591
vt 0.697335 0.003340
vt 0.697908 0.002424
vt 0.697995 0.003098
vt 0.695942 0.001935
vt 0.696631 0.001924
vt 0.697232 0.001882
vt 0.697765 0.001803
vt 0.695939 0.001199
vt 0.696568 0.001189
vt 0.697109 0.001193
vt 0.697573 0.001212
vt 0.696649 0.727779
vt 0.696662 0.728559
vt 0.695935 0.728548
vt 0.696634 0.729309
vt 0.695944 0.729300
vt 0.696574 0.730044
vt 0.695945 0.730036
vt 0.697334 0.727889
vt 0.697314 0.728639
vt 0.697235 0.729348
vt 0.697114 0.730037
vt 0.697995 0.728130
vt 0.697909 0.728805
vt 0.697768 0.729425
vt 0.697578 0.730017
vt 0.913964 0.744753
vt 0.913338 0.744269
vt 0.913463 0.743466
vt 0.912747 0.743847
vt 0.912767 0.743083
vt 0.912147 0.743487
vt 0.912084 0.742794
vt 0.913746 0.745442
vt 0.913231 0.744966
vt 0.912725 0.744531
vt 0.912201 0.744132
vt 0.913515 0.746029
vt 0.913107 0.745596
vt 0.912683 0.745173
vt 0.912238 0.744753
vt 0.913457 0.020364
vt 0.913332 0.019562
vt 0.913958 0.019079
vt 0.913226 0.018865
vt 0.913741 0.018390
vt 0.913103 0.018236
vt 0.913511 0.017803
vt 0.912762 0.020746
vt 0.912742 0.019983
vt 0.912720 0.019300
vt 0.912679 0.018658
vt 0.912080 0.021035
vt 0.912143 0.020342
vt 0.912196 0.019698
vt 0.912233 0.019077
vt 0.926534 0.005545
vt 0.927215 0.004715
vt 0.927075 0.005780
vt 0.927831 0.003997
vt 0.927784 0.004867
vt 0.928393 0.003368
vt 0.928474 0.004067
vt 0.926716 0.004405
vt 0.927302 0.003785
vt 0.927824 0.003236
vt 0.928302 0.002759
vt 0.926813 0.003421
vt 0.927317 0.002962
vt 0.927782 0.002564
vt 0.928208 0.002218
vt 0.927077 0.758072
vt 0.927216 0.759138
vt 0.926535 0.758307
vt 0.927302 0.760068
vt 0.926716 0.759448
vt 0.927317 0.760891
vt 0.926812 0.760432
vt 0.927785 0.758986
vt 0.927832 0.759856
vt 0.927824 0.760618
vt 0.927782 0.761290
vt 0.928474 0.759786
vt 0.928393 0.760486
vt 0.928302 0.761095
vt 0.928207 0.761636
vt 0.870770 0.757982
vt 0.870909 0.759047
vt 0.870228 0.758217
vt 0.870995 0.759976
vt 0.870410 0.759357
vt 0.871010 0.760800
vt 0.870506 0.760341
vt 0.871478 0.758895
vt 0.871525 0.759765
vt 0.871517 0.760526
vt 0.871475 0.761198
vt 0.872167 0.759695
vt 0.872085 0.760394
vt 0.871995 0.761004
vt 0.871900 0.761544
vt 0.857663 0.744669
vt 0.857037 0.744186
vt 0.857162 0.743384
vt 0.856447 0.743764
vt 0.856466 0.743001
vt 0.855848 0.743405
vt 0.855785 0.742713
vt 0.857445 0.745358
vt 0.856930 0.744882
vt 0.856425 0.744447
vt 0.855901 0.744049
vt 0.857214 0.745945
vt 0.856806 0.745512
vt 0.856383 0.745089
vt 0.855938 0.744670
vt 0.857147 0.020369
vt 0.857022 0.019566
vt 0.857648 0.019083
vt 0.856915 0.018869
vt 0.857431 0.018394
vt 0.856792 0.018239
vt 0.857201 0.017807
vt 0.856451 0.020751
vt 0.856431 0.019987
vt 0.856410 0.019304
vt 0.856369 0.018662
vt 0.855768 0.021041
vt 0.855831 0.020347
vt 0.855885 0.019703
vt 0.855922 0.019081
vt 0.870226 0.005545
vt 0.870908 0.004715
vt 0.870768 0.005780
vt 0.871524 0.003997
vt 0.871477 0.004868
vt 0.872086 0.003368
vt 0.872167 0.004068
vt 0.870409 0.004405
vt 0.870995 0.003785
vt 0.871517 0.003236
vt 0.871995 0.002758
vt 0.870506 0.003421
vt 0.871010 0.002962
vt 0.871475 0.002564
vt 0.871901 0.002218
vt 0.813700 0.589041
vt 0.814363 0.589045
vt 0.814356 0.589677
vt 0.815012 0.589059
vt 0.815021 0.589663
vt 0.815659 0.589084
vt 0.815679 0.589645
vt 0.813805 0.588484
vt 0.814421 0.588498
vt 0.815025 0.588541
vt 0.815625 0.588613
vt 0.813990 0.587974
vt 0.814533 0.588004
vt 0.815062 0.588085
vt 0.815582 0.588215
vt 0.814354 0.614099
vt 0.814361 0.614732
vt 0.813697 0.614736
vt 0.814419 0.615280
vt 0.813802 0.615293
vt 0.814531 0.615775
vt 0.813986 0.615804
vt 0.815020 0.614113
vt 0.815011 0.614718
vt 0.815023 0.615237
vt 0.815060 0.615694
vt 0.815679 0.614131
vt 0.815659 0.614693
vt 0.815625 0.615165
vt 0.815581 0.615564
vt 0.795822 0.614461
vt 0.795274 0.614441
vt 0.795160 0.613821
vt 0.794862 0.614426
vt 0.794744 0.613830
vt 0.794548 0.614420
vt 0.794457 0.613848
vt 0.796042 0.615018
vt 0.795522 0.614986
vt 0.795105 0.614944
vt 0.794762 0.614903
vt 0.796438 0.615539
vt 0.795929 0.615513
vt 0.795482 0.615438
vt 0.795095 0.615329
vt 0.795191 0.589928
vt 0.795308 0.589308
vt 0.795855 0.589289
vt 0.795557 0.588763
vt 0.796077 0.588733
vt 0.795965 0.588238
vt 0.796474 0.588213
vt 0.794776 0.589918
vt 0.794895 0.589322
vt 0.795139 0.588804
vt 0.795518 0.588311
vt 0.794487 0.589899
vt 0.794581 0.589326
vt 0.794797 0.588843
vt 0.795131 0.588419
vt 0.822808 0.644515
vt 0.822260 0.644495
vt 0.822145 0.643874
vt 0.821847 0.644480
vt 0.821730 0.643882
vt 0.821532 0.644474
vt 0.821440 0.643900
vt 0.823029 0.645072
vt 0.822508 0.645041
vt 0.822090 0.644999
vt 0.821747 0.644959
vt 0.823426 0.645593
vt 0.822916 0.645568
vt 0.822469 0.645493
vt 0.822081 0.645385
vt 0.822193 0.619981
vt 0.822309 0.619362
vt 0.822855 0.619343
vt 0.822557 0.618817
vt 0.823076 0.618787
vt 0.822964 0.618293
vt 0.823473 0.618268
vt 0.821777 0.619971
vt 0.821896 0.619376
vt 0.822140 0.618859
vt 0.822518 0.618366
vt 0.821490 0.619951
vt 0.821583 0.619381
vt 0.821798 0.618898
vt 0.822132 0.618474
vt 0.840692 0.619092
vt 0.841356 0.619096
vt 0.841348 0.619729
vt 0.842005 0.619110
vt 0.842014 0.619715
vt 0.842652 0.619135
vt 0.842673 0.619697
vt 0.840798 0.618536
vt 0.841414 0.618550
vt 0.842017 0.618592
vt 0.842618 0.618664
vt 0.840982 0.618026
vt 0.841526 0.618056
vt 0.842054 0.618136
vt 0.842574 0.618265
vt 0.841349 0.644152
vt 0.841355 0.644785
vt 0.840691 0.644789
vt 0.841413 0.645333
vt 0.840796 0.645346
vt 0.841525 0.645828
vt 0.840980 0.645857
vt 0.842014 0.644167
vt 0.842005 0.644771
vt 0.842018 0.645290
vt 0.842055 0.645746
vt 0.842673 0.644185
vt 0.842653 0.644746
vt 0.842619 0.645218
vt 0.842575 0.645617
vt 0.817089 0.619094
vt 0.817752 0.619098
vt 0.817745 0.619731
vt 0.818401 0.619112
vt 0.818410 0.619717
vt 0.819049 0.619137
vt 0.819070 0.619699
vt 0.817194 0.618537
vt 0.817810 0.618551
vt 0.818414 0.618594
vt 0.819015 0.618666
vt 0.817378 0.618028
vt 0.817922 0.618057
vt 0.818451 0.618138
vt 0.818971 0.618267
vt 0.817746 0.644153
vt 0.817752 0.644786
vt 0.817089 0.644789
vt 0.817810 0.645333
vt 0.817194 0.645347
vt 0.817923 0.645828
vt 0.817378 0.645857
vt 0.818411 0.644167
vt 0.818402 0.644772
vt 0.818414 0.645290
vt 0.818452 0.645746
vt 0.819070 0.644185
vt 0.819050 0.644747
vt 0.819016 0.645218
vt 0.818972 0.645617
vt 0.799215 0.644520
vt 0.798668 0.644500
vt 0.798554 0.643880
vt 0.798256 0.644485
vt 0.798138 0.643889
vt 0.797942 0.644480
vt 0.797850 0.643908
vt 0.799436 0.645077
vt 0.798916 0.645046
vt 0.798499 0.645004
vt 0.798156 0.644963
vt 0.799833 0.645598
vt 0.799323 0.645572
vt 0.798876 0.645498
vt 0.798490 0.645389
vt 0.798578 0.619987
vt 0.798694 0.619367
vt 0.799241 0.619348
vt 0.798943 0.618822
vt 0.799463 0.618792
vt 0.799351 0.618296
vt 0.799860 0.618272
vt 0.798163 0.619977
vt 0.798281 0.619380
vt 0.798525 0.618863
vt 0.798905 0.618370
vt 0.797873 0.619958
vt 0.797967 0.619385
vt 0.798183 0.618902
vt 0.798518 0.618478
vt 0.819419 0.614465
vt 0.818872 0.614445
vt 0.818758 0.613825
vt 0.818459 0.614430
vt 0.818341 0.613834
vt 0.818145 0.614424
vt 0.818054 0.613852
vt 0.819639 0.615022
vt 0.819119 0.614990
vt 0.818701 0.614948
vt 0.818359 0.614907
vt 0.820035 0.615543
vt 0.819526 0.615517
vt 0.819079 0.615442
vt 0.818692 0.615333
vt 0.818793 0.589931
vt 0.818909 0.589311
vt 0.819457 0.589293
vt 0.819159 0.588767
vt 0.819678 0.588737
vt 0.819567 0.588242
vt 0.820076 0.588217
vt 0.818378 0.589922
vt 0.818497 0.589325
vt 0.818741 0.588807
vt 0.819120 0.588315
vt 0.818088 0.589903
vt 0.818182 0.589330
vt 0.818398 0.588847
vt 0.818733 0.588422
vt 0.837300 0.589046
vt 0.837963 0.589050
vt 0.837956 0.589682
vt 0.838612 0.589064
vt 0.838621 0.589668
vt 0.839259 0.589090
vt 0.839279 0.589650
vt 0.837406 0.588489
vt 0.838022 0.588504
vt 0.838625 0.588547
vt 0.839225 0.588619
vt 0.837590 0.587980
vt 0.838134 0.588010
vt 0.838662 0.588091
vt 0.839182 0.588220
vt 0.837953 0.614105
vt 0.837960 0.614739
vt 0.837296 0.614742
vt 0.838018 0.615286
vt 0.837401 0.615300
vt 0.838130 0.615781
vt 0.837585 0.615810
vt 0.838619 0.614120
vt 0.838610 0.614725
vt 0.838622 0.615243
vt 0.838659 0.615700
vt 0.839279 0.614138
vt 0.839259 0.614700
vt 0.839224 0.615172
vt 0.839180 0.615571
vt 0.599320 0.809105
vt 0.001183 0.809105
vt 0.001183 0.001183
vt 0.599320 0.001183
s 1
usemtl FRAME_01_Mat
f 170/1/1 179/2/2 188/3/3 161/4/4
f 206/5/3 215/6/4 224/7/1 197/8/2
f 242/9/5 251/10/6 260/11/7 233/12/8
f 278/13/9 287/14/10 296/15/11 269/16/12
f 314/17/5 323/18/13 332/19/14 305/20/8
f 350/21/15 359/22/10 368/23/16 341/24/12
f 386/25/17 395/26/18 404/27/19 377/28/20
f 422/29/19 431/30/20 440/31/17 413/32/18
f 458/33/21 467/34/22 476/35/23 449/36/24
f 494/37/25 503/38/26 512/39/27 485/40/28
f 530/41/29 539/42/30 548/43/31 521/44/32
f 566/45/33 575/46/34 584/47/35 557/48/36
f 161/4/4 164/49/37 165/50/38 162/51/39
f 162/51/39 165/50/38 166/52/40 163/53/41
f 163/53/41 166/52/40 96/54/42 95/55/43
f 164/49/37 167/56/44 168/57/45 165/50/38
f 165/50/38 168/57/45 169/58/46 166/52/40
f 166/52/40 169/58/46 97/59/47 96/54/42
f 167/56/44 92/60/48 93/61/49 168/57/45
f 168/57/45 93/61/49 94/62/50 169/58/46
f 169/58/46 94/62/50 91/63/51 97/59/47
f 170/1/1 173/64/52 174/65/53 171/66/54
f 171/66/54 174/65/53 175/67/55 172/68/56
f 172/68/56 175/67/55 103/69/57 102/70/58
f 173/64/52 176/71/59 177/72/60 174/65/53
f 174/65/53 177/72/60 178/73/61 175/67/55
f 175/67/55 178/73/61 104/74/62 103/69/57
f 176/71/59 108/75/63 109/76/64 177/72/60
f 177/72/60 109/76/64 110/77/65 178/73/61
f 178/73/61 110/77/65 101/78/66 104/74/62
f 179/2/2 182/79/67 183/80/68 180/81/69
f 180/81/69 183/80/68 184/82/70 181/83/71
f 181/83/71 184/82/70 116/84/72 115/85/73
f 182/79/67 185/86/74 186/87/75 183/80/68
f 183/80/68 186/87/75 187/88/76 184/82/70
f 184/82/70 187/88/76 117/89/77 116/84/72
f 185/86/74 112/90/78 113/91/79 186/87/75
f 186/87/75 113/91/79 114/92/80 187/88/76
f 187/88/76 114/92/80 111/93/81 117/89/77
f 188/3/3 191/94/82 192/95/83 189/96/84
f 189/96/84 192/95/83 193/97/85 190/98/86
f 190/98/86 193/97/85 83/99/87 82/100/88
f 191/94/82 194/101/89 195/102/90 192/95/83
f 192/95/83 195/102/90 196/103/91 193/97/85
f 193/97/85 196/103/91 84/104/92 83/99/87
f 194/101/89 88/105/93 89/106/94 195/102/90
f 195/102/90 89/106/94 90/107/95 196/103/91
f 196/103/91 90/107/95 81/108/96 84/104/92
f 197/8/2 200/109/97 201/110/98 198/111/99
f 198/111/99 201/110/98 202/112/100 199/113/71
f 199/113/71 202/112/100 136/114/101 135/115/102
f 200/109/97 203/116/103 204/117/104 201/110/98
f 201/110/98 204/117/104 205/118/105 202/112/100
f 202/112/100 205/118/105 137/119/106 136/114/101
f 203/116/103 132/120/107 133/121/108 204/117/104
f 204/117/104 133/121/108 134/122/109 205/118/105
f 205/118/105 134/122/109 131/123/110 137/119/106
f 206/5/3 209/124/111 210/125/112 207/126/113
f 207/126/113 210/125/112 211/127/114 208/128/115
f 208/128/115 211/127/114 143/129/116 142/130/117
f 209/124/111 212/131/118 213/132/119 210/125/112
f 210/125/112 213/132/119 214/133/120 211/127/114
f 211/127/114 214/133/120 144/134/121 143/129/116
f 212/131/118 148/135/93 149/136/122 213/132/119
f 213/132/119 149/136/122 150/137/123 214/133/120
f 214/133/120 150/137/123 141/138/124 144/134/121
f 215/6/4 218/139/125 219/140/126 216/141/39
f 216/141/39 219/140/126 220/142/127 217/143/128
f 217/143/128 220/142/127 156/144/129 155/145/130
f 218/139/125 221/146/131 222/147/132 219/140/126
f 219/140/126 222/147/132 223/148/133 220/142/127
f 220/142/127 223/148/133 157/149/134 156/144/129
f 221/146/131 152/150/135 153/151/136 222/147/132
f 222/147/132 153/151/136 154/152/137 223/148/133
f 223/148/133 154/152/137 151/153/138 157/149/134
f 224/7/1 227/154/139 228/155/140 225/156/141
f 225/156/141 228/155/140 229/157/142 226/158/143
f 226/158/143 229/157/142 123/159/144 122/160/145
f 227/154/139 230/161/146 231/162/147 228/155/140
f 228/155/140 231/162/147 232/163/148 229/157/142
f 229/157/142 232/163/148 124/164/149 123/159/144
f 230/161/146 128/165/150 129/166/151 231/162/147
f 231/162/147 129/166/151 130/167/152 232/163/148
f 232/163/148 130/167/152 121/168/153 124/164/149
f 233/12/8 236/169/154 237/170/155 234/171/156
f 234/171/156 237/170/155 238/172/157 235/173/158
f 235/173/158 238/172/157 23/174/159 22/175/160
f 236/169/154 239/176/161 240/177/162 237/170/155
f 237/170/155 240/177/162 241/178/163 238/172/157
f 238/172/157 241/178/163 24/179/164 23/174/159
f 239/176/161 28/180/165 29/181/166 240/177/162
f 240/177/162 29/181/166 30/182/167 241/178/163
f 241/178/163 30/182/167 21/183/168 24/179/164
f 242/9/5 245/184/169 246/185/170 243/186/171
f 243/186/171 246/185/170 247/187/172 244/188/173
f 244/188/173 247/187/172 36/189/174 35/190/175
f 245/184/169 248/191/176 249/192/177 246/185/170
f 246/185/170 249/192/177 250/193/178 247/187/172
f 247/187/172 250/193/178 37/194/179 36/189/174
f 248/191/176 32/195/180 33/196/181 249/192/177
f 249/192/177 33/196/181 34/197/182 250/193/178
f 250/193/178 34/197/182 31/198/183 37/194/179
f 251/10/6 254/199/184 255/200/185 252/201/186
f 252/201/186 255/200/185 256/202/187 253/203/188
f 253/203/188 256/202/187 89/204/94 88/205/93
f 254/199/184 257/206/189 258/207/190 255/200/185
f 255/200/185 258/207/190 259/208/191 256/202/187
f 256/202/187 259/208/191 90/209/95 89/204/94
f 257/206/189 85/210/192 86/211/193 258/207/190
f 258/207/190 86/211/193 87/212/194 259/208/191
f 259/208/191 87/212/194 81/213/96 90/209/95
f 260/11/7 263/214/195 264/215/196 261/216/197
f 261/216/197 264/215/196 265/217/198 262/218/199
f 262/218/199 265/217/198 119/219/200 118/220/201
f 263/214/195 266/221/202 267/222/203 264/215/196
f 264/215/196 267/222/203 268/223/204 265/217/198
f 265/217/198 268/223/204 120/224/205 119/219/200
f 266/221/202 115/225/73 116/226/72 267/222/203
f 267/222/203 116/226/72 117/227/77 268/223/204
f 268/223/204 117/227/77 111/228/81 120/224/205
f 269/16/12 272/229/206 273/230/207 270/231/208
f 270/231/208 273/230/207 274/232/209 271/233/210
f 271/233/210 274/232/209 3/234/211 2/235/212
f 272/229/206 275/236/213 276/237/214 273/230/207
f 273/230/207 276/237/214 277/238/215 274/232/209
f 274/232/209 277/238/215 4/239/216 3/234/211
f 275/236/213 8/240/217 9/241/218 276/237/214
f 276/237/214 9/241/218 10/242/219 277/238/215
f 277/238/215 10/242/219 1/243/220 4/239/216
f 278/13/9 281/244/221 282/245/222 279/246/223
f 279/246/223 282/245/222 283/247/224 280/248/225
f 280/248/225 283/247/224 16/249/226 15/250/227
f 281/244/221 284/251/228 285/252/229 282/245/222
f 282/245/222 285/252/229 286/253/230 283/247/224
f 283/247/224 286/253/230 17/254/231 16/249/226
f 284/251/228 12/255/232 13/256/233 285/252/229
f 285/252/229 13/256/233 14/257/234 286/253/230
f 286/253/230 14/257/234 11/258/235 17/254/231
f 287/14/10 290/259/236 291/260/237 288/261/238
f 288/261/238 291/260/237 292/262/239 289/263/240
f 289/263/240 292/262/239 129/264/151 128/265/150
f 290/259/236 293/266/241 294/267/242 291/260/237
f 291/260/237 294/267/242 295/268/243 292/262/239
f 292/262/239 295/268/243 130/269/152 129/264/151
f 293/266/241 125/270/244 126/271/245 294/267/242
f 294/267/242 126/271/245 127/272/246 295/268/243
f 295/268/243 127/272/246 121/273/153 130/269/152
f 296/15/11 299/274/247 300/275/248 297/276/249
f 297/276/249 300/275/248 301/277/250 298/278/251
f 298/278/251 301/277/250 159/279/252 158/280/253
f 299/274/247 302/281/254 303/282/255 300/275/248
f 300/275/248 303/282/255 304/283/256 301/277/250
f 301/277/250 304/283/256 160/284/257 159/279/252
f 302/281/254 155/285/130 156/286/129 303/282/255
f 303/282/255 156/286/129 157/287/134 304/283/256
f 304/283/256 157/287/134 151/288/138 160/284/257
f 305/20/8 308/289/258 309/290/259 306/291/260
f 306/291/260 309/290/259 310/292/261 307/293/262
f 307/293/262 310/292/261 63/294/263 62/295/264
f 308/289/258 311/296/265 312/297/266 309/290/259
f 309/290/259 312/297/266 313/298/267 310/292/261
f 310/292/261 313/298/267 64/299/268 63/294/263
f 311/296/265 68/300/269 69/301/270 312/297/266
f 312/297/266 69/301/270 70/302/271 313/298/267
f 313/298/267 70/302/271 61/303/272 64/299/268
f 314/17/5 317/304/273 318/305/274 315/306/275
f 315/306/275 318/305/274 319/307/276 316/308/277
f 316/308/277 319/307/276 76/309/278 75/310/279
f 317/304/273 320/311/280 321/312/281 318/305/274
f 318/305/274 321/312/281 322/313/282 319/307/276
f 319/307/276 322/313/282 77/314/283 76/309/278
f 320/311/280 72/315/284 73/316/285 321/312/281
f 321/312/281 73/316/285 74/317/286 322/313/282
f 322/313/282 74/317/286 71/318/287 77/314/283
f 323/18/13 326/319/288 327/320/289 324/321/186
f 324/321/186 327/320/289 328/322/290 325/323/291
f 325/323/291 328/322/290 149/324/122 148/325/93
f 326/319/288 329/326/292 330/327/293 327/320/289
f 327/320/289 330/327/293 331/328/294 328/322/290
f 328/322/290 331/328/294 150/329/123 149/324/122
f 329/326/292 145/330/295 146/331/296 330/327/293
f 330/327/293 146/331/296 147/332/297 331/328/294
f 331/328/294 147/332/297 141/333/124 150/329/123
f 332/19/14 335/334/195 336/335/298 333/336/299
f 333/336/299 336/335/298 337/337/300 334/338/301
f 334/338/301 337/337/300 139/339/302 138/340/303
f 335/334/195 338/341/304 339/342/305 336/335/298
f 336/335/298 339/342/305 340/343/306 337/337/300
f 337/337/300 340/343/306 140/344/307 139/339/302
f 338/341/304 135/345/102 136/346/101 339/342/305
f 339/342/305 136/346/101 137/347/106 340/343/306
f 340/343/306 137/347/106 131/348/110 140/344/307
f 341/24/12 344/349/308 345/350/309 342/351/310
f 342/351/310 345/350/309 346/352/311 343/353/312
f 343/353/312 346/352/311 43/354/313 42/355/212
f 344/349/308 347/356/314 348/357/315 345/350/309
f 345/350/309 348/357/315 349/358/316 346/352/311
f 346/352/311 349/358/316 44/359/317 43/354/313
f 347/356/314 48/360/318 49/361/319 348/357/315
f 348/357/315 49/361/319 50/362/320 349/358/316
f 349/358/316 50/362/320 41/363/321 44/359/317
f 350/21/15 353/364/322 354/365/323 351/366/324
f 351/366/324 354/365/323 355/367/325 352/368/326
f 352/368/326 355/367/325 56/369/327 55/370/328
f 353/364/322 356/371/329 357/372/330 354/365/323
f 354/365/323 357/372/330 358/373/331 355/367/325
f 355/367/325 358/373/331 57/374/332 56/369/327
f 356/371/329 52/375/333 53/376/334 357/372/330
f 357/372/330 53/376/334 54/377/335 358/373/331
f 358/373/331 54/377/335 51/378/336 57/374/332
f 359/22/10 362/379/337 363/380/338 360/381/339
f 360/381/339 363/380/338 364/382/340 361/383/341
f 361/383/341 364/382/340 109/384/64 108/385/63
f 362/379/337 365/386/342 366/387/343 363/380/338
f 363/380/338 366/387/343 367/388/344 364/382/340
f 364/382/340 367/388/344 110/389/65 109/384/64
f 365/386/342 105/390/345 106/391/346 366/387/343
f 366/387/343 106/391/346 107/392/347 367/388/344
f 367/388/344 107/392/347 101/393/66 110/389/65
f 368/23/16 371/394/247 372/395/348 369/396/349
f 369/396/349 372/395/348 373/397/350 370/398/351
f 370/398/351 373/397/350 99/399/352 98/400/353
f 371/394/247 374/401/354 375/402/355 372/395/348
f 372/395/348 375/402/355 376/403/356 373/397/350
f 373/397/350 376/403/356 100/404/357 99/399/352
f 374/401/354 95/405/43 96/406/42 375/402/355
f 375/402/355 96/406/42 97/407/47 376/403/356
f 376/403/356 97/407/47 91/408/51 100/404/357
f 377/28/20 380/409/358 381/410/359 378/411/360
f 378/411/360 381/410/359 382/412/361 379/413/362
f 379/413/362 382/412/361 73/414/285 72/415/284
f 380/409/358 383/416/363 384/417/364 381/410/359
f 381/410/359 384/417/364 385/418/365 382/412/361
f 382/412/361 385/418/365 74/419/286 73/414/285
f 383/416/363 78/420/366 79/421/367 384/417/364
f 384/417/364 79/421/367 80/422/368 385/418/365
f 385/418/365 80/422/368 71/423/287 74/419/286
f 386/25/17 389/424/369 390/425/370 387/426/371
f 387/426/371 390/425/370 391/427/372 388/428/373
f 388/428/373 391/427/372 66/429/374 65/430/375
f 389/424/369 392/431/376 393/432/377 390/425/370
f 390/425/370 393/432/377 394/433/378 391/427/372
f 391/427/372 394/433/378 67/434/379 66/429/374
f 392/431/376 62/435/264 63/436/263 393/432/377
f 393/432/377 63/436/263 64/437/268 394/433/378
f 394/433/378 64/437/268 61/438/272 67/434/379
f 395/26/18 398/439/380 399/440/381 396/441/382
f 396/441/382 399/440/381 400/442/383 397/443/384
f 397/443/384 400/442/383 13/444/233 12/445/232
f 398/439/380 401/446/385 402/447/386 399/440/381
f 399/440/381 402/447/386 403/448/387 400/442/383
f 400/442/383 403/448/387 14/449/234 13/444/233
f 401/446/385 18/450/388 19/451/389 402/447/386
f 402/447/386 19/451/389 20/452/390 403/448/387
f 403/448/387 20/452/390 11/453/235 14/449/234
f 404/27/19 407/454/391 408/455/392 405/456/393
f 405/456/393 408/455/392 409/457/394 406/458/395
f 406/458/395 409/457/394 6/459/396 5/460/397
f 407/454/391 410/461/398 411/462/399 408/455/392
f 408/455/392 411/462/399 412/463/400 409/457/394
f 409/457/394 412/463/400 7/464/401 6/459/396
f 410/461/398 2/465/212 3/466/211 411/462/399
f 411/462/399 3/466/211 4/467/216 412/463/400
f 412/463/400 4/467/216 1/468/220 7/464/401
f 413/32/18 416/469/402 417/470/403 414/471/404
f 414/471/404 417/470/403 418/472/405 415/473/406
f 415/473/406 418/472/405 53/474/334 52/475/333
f 416/469/402 419/476/407 420/477/408 417/470/403
f 417/470/403 420/477/408 421/478/409 418/472/405
f 418/472/405 421/478/409 54/479/335 53/474/334
f 419/476/407 58/480/410 59/481/411 420/477/408
f 420/477/408 59/481/411 60/482/412 421/478/409
f 421/478/409 60/482/412 51/483/336 54/479/335
f 422/29/19 425/484/413 426/485/414 423/486/415
f 423/486/415 426/485/414 427/487/416 424/488/417
f 424/488/417 427/487/416 46/489/418 45/490/419
f 425/484/413 428/491/420 429/492/421 426/485/414
f 426/485/414 429/492/421 430/493/422 427/487/416
f 427/487/416 430/493/422 47/494/423 46/489/418
f 428/491/420 42/495/212 43/496/313 429/492/421
f 429/492/421 43/496/313 44/497/317 430/493/422
f 430/493/422 44/497/317 41/498/321 47/494/423
f 431/30/20 434/499/424 435/500/425 432/501/426
f 432/501/426 435/500/425 436/502/427 433/503/362
f 433/503/362 436/502/427 33/504/181 32/505/180
f 434/499/424 437/506/428 438/507/429 435/500/425
f 435/500/425 438/507/429 439/508/430 436/502/427
f 436/502/427 439/508/430 34/509/182 33/504/181
f 437/506/428 38/510/431 39/511/432 438/507/429
f 438/507/429 39/511/432 40/512/433 439/508/430
f 439/508/430 40/512/433 31/513/183 34/509/182
f 440/31/17 443/514/434 444/515/435 441/516/436
f 441/516/436 444/515/435 445/517/437 442/518/438
f 442/518/438 445/517/437 26/519/439 25/520/440
f 443/514/434 446/521/441 447/522/442 444/515/435
f 444/515/435 447/522/442 448/523/443 445/517/437
f 445/517/437 448/523/443 27/524/444 26/519/439
f 446/521/441 22/525/160 23/526/159 447/522/442
f 447/522/442 23/526/159 24/527/164 448/523/443
f 448/523/443 24/527/164 21/528/168 27/524/444
f 449/36/24 452/529/445 453/530/446 450/531/447
f 450/531/447 453/530/446 454/532/448 451/533/449
f 451/533/449 454/532/448 86/534/193 85/535/192
f 452/529/445 455/536/450 456/537/451 453/530/446
f 453/530/446 456/537/451 457/538/452 454/532/448
f 454/532/448 457/538/452 87/539/194 86/534/193
f 455/536/450 82/540/88 83/541/87 456/537/451
f 456/537/451 83/541/87 84/542/92 457/538/452
f 457/538/452 84/542/92 81/543/96 87/539/194
f 458/33/21 461/544/453 462/545/454 459/546/455
f 459/546/455 462/545/454 463/547/456 460/548/457
f 460/548/457 463/547/456 39/549/432 38/550/431
f 461/544/453 464/551/458 465/552/459 462/545/454
f 462/545/454 465/552/459 466/553/460 463/547/456
f 463/547/456 466/553/460 40/554/433 39/549/432
f 464/551/458 35/555/175 36/556/174 465/552/459
f 465/552/459 36/556/174 37/557/179 466/553/460
f 466/553/460 37/557/179 31/558/183 40/554/433
f 467/34/22 470/559/461 471/560/462 468/561/463
f 468/561/463 471/560/462 472/562/464 469/563/465
f 469/563/465 472/562/464 49/564/319 48/565/318
f 470/559/461 473/566/466 474/567/467 471/560/462
f 471/560/462 474/567/467 475/568/468 472/562/464
f 472/562/464 475/568/468 50/569/320 49/564/319
f 473/566/466 45/570/419 46/571/418 474/567/467
f 474/567/467 46/571/418 47/572/423 475/568/468
f 475/568/468 47/572/423 41/573/321 50/569/320
f 476/35/23 479/574/469 480/575/470 477/576/471
f 477/576/471 480/575/470 481/577/472 478/578/473
f 478/578/473 481/577/472 93/579/49 92/580/48
f 479/574/469 482/581/474 483/582/475 480/575/470
f 480/575/470 483/582/475 484/583/476 481/577/472
f 481/577/472 484/583/476 94/584/50 93/579/49
f 482/581/474 98/585/353 99/586/352 483/582/475
f 483/582/475 99/586/352 100/587/357 484/583/476
f 484/583/476 100/587/357 91/588/51 94/584/50
f 485/40/28 488/589/477 489/590/478 486/591/479
f 486/591/479 489/590/478 490/592/480 487/593/481
f 487/593/481 490/592/480 106/594/346 105/595/345
f 488/589/477 491/596/482 492/597/483 489/590/478
f 489/590/478 492/597/483 493/598/484 490/592/480
f 490/592/480 493/598/484 107/599/347 106/594/346
f 491/596/482 102/600/58 103/601/57 492/597/483
f 492/597/483 103/601/57 104/602/62 493/598/484
f 493/598/484 104/602/62 101/603/66 107/599/347
f 494/37/25 497/604/485 498/605/486 495/606/487
f 495/606/487 498/605/486 499/607/488 496/608/489
f 496/608/489 499/607/488 59/609/411 58/610/410
f 497/604/485 500/611/490 501/612/491 498/605/486
f 498/605/486 501/612/491 502/613/492 499/607/488
f 499/607/488 502/613/492 60/614/412 59/609/411
f 500/611/490 55/615/328 56/616/327 501/612/491
f 501/612/491 56/616/327 57/617/332 502/613/492
f 502/613/492 57/617/332 51/618/336 60/614/412
f 503/38/26 506/619/493 507/620/494 504/621/495
f 504/621/495 507/620/494 508/622/496 505/623/497
f 505/623/497 508/622/496 29/624/166 28/625/165
f 506/619/493 509/626/498 510/627/499 507/620/494
f 507/620/494 510/627/499 511/628/500 508/622/496
f 508/622/496 511/628/500 30/629/167 29/624/166
f 509/626/498 25/630/440 26/631/439 510/627/499
f 510/627/499 26/631/439 27/632/444 511/628/500
f 511/628/500 27/632/444 21/633/168 30/629/167
f 512/39/27 515/634/501 516/635/502 513/636/503
f 513/636/503 516/635/502 517/637/504 514/638/505
f 514/638/505 517/637/504 113/639/79 112/640/78
f 515/634/501 518/641/506 519/642/507 516/635/502
f 516/635/502 519/642/507 520/643/508 517/637/504
f 517/637/504 520/643/508 114/644/80 113/639/79
f 518/641/506 118/645/201 119/646/200 519/642/507
f 519/642/507 119/646/200 120/647/205 520/643/508
f 520/643/508 120/647/205 111/648/81 114/644/80
f 521/44/32 524/649/509 525/650/510 522/651/511
f 522/651/511 525/650/510 526/652/512 523/653/513
f 523/653/513 526/652/512 126/654/245 125/655/244
f 524/649/509 527/656/514 528/657/515 525/650/510
f 525/650/510 528/657/515 529/658/516 526/652/512
f 526/652/512 529/658/516 127/659/246 126/654/245
f 527/656/514 122/660/145 123/661/144 528/657/515
f 528/657/515 123/661/144 124/662/149 529/658/516
f 529/658/516 124/662/149 121/663/153 127/659/246
f 530/41/29 533/664/517 534/665/518 531/666/519
f 531/666/519 534/665/518 535/667/520 532/668/521
f 532/668/521 535/667/520 19/669/389 18/670/388
f 533/664/517 536/671/522 537/672/523 534/665/518
f 534/665/518 537/672/523 538/673/524 535/667/520
f 535/667/520 538/673/524 20/674/390 19/669/389
f 536/671/522 15/675/227 16/676/226 537/672/523
f 537/672/523 16/676/226 17/677/231 538/673/524
f 538/673/524 17/677/231 11/678/235 20/674/390
f 539/42/30 542/679/525 543/680/526 540/681/527
f 540/681/527 543/680/526 544/682/528 541/683/529
f 541/683/529 544/682/528 69/684/270 68/685/269
f 542/679/525 545/686/530 546/687/531 543/680/526
f 543/680/526 546/687/531 547/688/532 544/682/528
f 544/682/528 547/688/532 70/689/271 69/684/270
f 545/686/530 65/690/375 66/691/374 546/687/531
f 546/687/531 66/691/374 67/692/379 547/688/532
f 547/688/532 67/692/379 61/693/272 70/689/271
f 548/43/31 551/694/533 552/695/534 549/696/535
f 549/696/535 552/695/534 553/697/536 550/698/537
f 550/698/537 553/697/536 133/699/108 132/700/107
f 551/694/533 554/701/538 555/702/539 552/695/534
f 552/695/534 555/702/539 556/703/540 553/697/536
f 553/697/536 556/703/540 134/704/109 133/699/108
f 554/701/538 138/705/303 139/706/302 555/702/539
f 555/702/539 139/706/302 140/707/307 556/703/540
f 556/703/540 140/707/307 131/708/110 134/704/109
f 557/48/36 560/709/541 561/710/542 558/711/543
f 558/711/543 561/710/542 562/712/544 559/713/545
f 559/713/545 562/712/544 146/714/296 145/715/295
f 560/709/541 563/716/546 564/717/547 561/710/542
f 561/710/542 564/717/547 565/718/548 562/712/544
f 562/712/544 565/718/548 147/719/297 146/714/296
f 563/716/546 142/720/117 143/721/116 564/717/547
f 564/717/547 143/721/116 144/722/121 565/718/548
f 565/718/548 144/722/121 141/723/124 147/719/297
f 566/45/33 569/724/549 570/725/550 567/726/551
f 567/726/551 570/725/550 571/727/552 568/728/553
f 568/728/553 571/727/552 79/729/367 78/730/366
f 569/724/549 572/731/554 573/732/555 570/725/550
f 570/725/550 573/732/555 574/733/556 571/727/552
f 571/727/552 574/733/556 80/734/368 79/729/367
f 572/731/554 75/735/279 76/736/278 573/732/555
f 573/732/555 76/736/278 77/737/283 574/733/556
f 574/733/556 77/737/283 71/738/287 80/734/368
f 575/46/34 578/739/557 579/740/558 576/741/559
f 576/741/559 579/740/558 580/742/560 577/743/561
f 577/743/561 580/742/560 9/744/218 8/745/217
f 578/739/557 581/746/562 582/747/563 579/740/558
f 579/740/558 582/747/563 583/748/564 580/742/560
f 580/742/560 583/748/564 10/749/219 9/744/218
f 581/746/562 5/750/397 6/751/396 582/747/563
f 582/747/563 6/751/396 7/752/401 583/748/564
f 583/748/564 7/752/401 1/753/220 10/749/219
f 584/47/35 587/754/565 588/755/566 585/756/567
f 585/756/567 588/755/566 589/757/568 586/758/569
f 586/758/569 589/757/568 153/759/136 152/760/135
f 587/754/565 590/761/570 591/762/571 588/755/566
f 588/755/566 591/762/571 592/763/572 589/757/568
f 589/757/568 592/763/572 154/764/137 153/759/136
f 590/761/570 158/765/253 159/766/252 591/762/571
f 591/762/571 159/766/252 160/767/257 592/763/572
f 592/763/572 160/767/257 151/768/138 154/764/137
f 170/1/1 161/4/4 162/51/39 173/64/52
f 173/64/52 162/51/39 163/53/41 176/71/59
f 176/71/59 163/53/41 95/55/43 108/75/63
f 179/2/2 170/1/1 171/66/54 182/79/67
f 182/79/67 171/66/54 172/68/56 185/86/74
f 185/86/74 172/68/56 102/70/58 112/90/78
f 188/3/3 179/2/2 180/81/69 191/94/82
f 191/94/82 180/81/69 181/83/71 194/101/89
f 194/101/89 181/83/71 115/85/73 88/105/93
f 161/4/4 188/3/3 189/96/84 164/49/37
f 164/49/37 189/96/84 190/98/86 167/56/44
f 167/56/44 190/98/86 82/100/88 92/60/48
f 206/5/3 197/8/2 198/111/99 209/124/111
f 209/124/111 198/111/99 199/113/71 212/131/118
f 212/131/118 199/113/71 135/115/102 148/135/93
f 215/6/4 206/5/3 207/126/113 218/139/125
f 218/139/125 207/126/113 208/128/115 221/146/131
f 221/146/131 208/128/115 142/130/117 152/150/135
f 224/7/1 215/6/4 216/141/39 227/154/139
f 227/154/139 216/141/39 217/143/128 230/161/146
f 230/161/146 217/143/128 155/145/130 128/165/150
f 197/8/2 224/7/1 225/156/141 200/109/97
f 200/109/97 225/156/141 226/158/143 203/116/103
f 203/116/103 226/158/143 122/160/145 132/120/107
f 242/9/5 233/12/8 234/171/156 245/184/169
f 245/184/169 234/171/156 235/173/158 248/191/176
f 248/191/176 235/173/158 22/175/160 32/195/180
f 251/10/6 242/9/5 243/186/171 254/199/184
f 254/199/184 243/186/171 244/188/173 257/206/189
f 257/206/189 244/188/173 35/190/175 85/210/192
f 260/11/7 251/10/6 252/201/186 263/214/195
f 263/214/195 252/201/186 253/203/188 266/221/202
f 266/221/202 253/203/188 88/205/93 115/225/73
f 233/12/8 260/11/7 261/216/197 236/169/154
f 236/169/154 261/216/197 262/218/199 239/176/161
f 239/176/161 262/218/199 118/220/201 28/180/165
f 278/13/9 269/16/12 270/231/208 281/244/221
f 281/244/221 270/231/208 271/233/210 284/251/228
f 284/251/228 271/233/210 2/235/212 12/255/232
f 287/14/10 278/13/9 279/246/223 290/259/236
f 290/259/236 279/246/223 280/248/225 293/266/241
f 293/266/241 280/248/225 15/250/227 125/270/244
f 296/15/11 287/14/10 288/261/238 299/274/247
f 299/274/247 288/261/238 289/263/240 302/281/254
f 302/281/254 289/263/240 128/265/150 155/285/130
f 269/16/12 296/15/11 297/276/249 272/229/206
f 272/229/206 297/276/249 298/278/251 275/236/213
f 275/236/213 298/278/251 158/280/253 8/240/217
f 314/17/5 305/20/8 306/291/260 317/304/273
f 317/304/273 306/291/260 307/293/262 320/311/280
f 320/311/280 307/293/262 62/295/264 72/315/284
f 323/18/13 314/17/5 315/306/275 326/319/288
f 326/319/288 315/306/275 316/308/277 329/326/292
f 329/326/292 316/308/277 75/310/279 145/330/295
f 332/19/14 323/18/13 324/321/186 335/334/195
f 335/334/195 324/321/186 325/323/291 338/341/304
f 338/341/304 325/323/291 148/325/93 135/345/102
f 305/20/8 332/19/14 333/336/299 308/289/258
f 308/289/258 333/336/299 334/338/301 311/296/265
f 311/296/265 334/338/301 138/340/303 68/300/269
f 350/21/15 341/24/12 342/351/310 353/364/322
f 353/364/322 342/351/310 343/353/312 356/371/329
f 356/371/329 343/353/312 42/355/212 52/375/333
f 359/22/10 350/21/15 351/366/324 362/379/337
f 362/379/337 351/366/324 352/368/326 365/386/342
f 365/386/342 352/368/326 55/370/328 105/390/345
f 368/23/16 359/22/10 360/381/339 371/394/247
f 371/394/247 360/381/339 361/383/341 374/401/354
f 374/401/354 361/383/341 108/385/63 95/405/43
f 341/24/12 368/23/16 369/396/349 344/349/308
f 344/349/308 369/396/349 370/398/351 347/356/314
f 347/356/314 370/398/351 98/400/353 48/360/318
f 386/25/17 377/28/20 378/411/360 389/424/369
f 389/424/369 378/411/360 379/413/362 392/431/376
f 392/431/376 379/413/362 72/415/284 62/435/264
f 395/26/18 386/25/17 387/426/371 398/439/380
f 398/439/380 387/426/371 388/428/373 401/446/385
f 401/446/385 388/428/373 65/430/375 18/450/388
f 404/27/19 395/26/18 396/441/382 407/454/391
f 407/454/391 396/441/382 397/443/384 410/461/398
f 410/461/398 397/443/384 12/445/232 2/465/212
f 377/28/20 404/27/19 405/456/393 380/409/358
f 380/409/358 405/456/393 406/458/395 383/416/363
f 383/416/363 406/458/395 5/460/397 78/420/366
f 422/29/19 413/32/18 414/471/404 425/484/413
f 425/484/413 414/471/404 415/473/406 428/491/420
f 428/491/420 415/473/406 52/475/333 42/495/212
f 431/30/20 422/29/19 423/486/415 434/499/424
f 434/499/424 423/486/415 424/488/417 437/506/428
f 437/506/428 424/488/417 45/490/419 38/510/431
f 440/31/17 431/30/20 432/501/426 443/514/434
f 443/514/434 432/501/426 433/503/362 446/521/441
f 446/521/441 433/503/362 32/505/180 22/525/160
f 413/32/18 440/31/17 441/516/436 416/469/402
f 416/469/402 441/516/436 442/518/438 419/476/407
f 419/476/407 442/518/438 25/520/440 58/480/410
f 458/33/21 449/36/24 450/531/447 461/544/453
f 461/544/453 450/531/447 451/533/449 464/551/458
f 464/551/458 451/533/449 85/535/192 35/555/175
f 467/34/22 458/33/21 459/546/455 470/559/461
f 470/559/461 459/546/455 460/548/457 473/566/466
f 473/566/466 460/548/457 38/550/431 45/570/419
f 476/35/23 467/34/22 468/561/463 479/574/469
f 479/574/469 468/561/463 469/563/465 482/581/474
f 482/581/474 469/563/465 48/565/318 98/585/353
f 449/36/24 476/35/23 477/576/471 452/529/445
f 452/529/445 477/576/471 478/578/473 455/536/450
f 455/536/450 478/578/473 92/580/48 82/540/88
f 494/37/25 485/40/28 486/591/479 497/604/485
f 497/604/485 486/591/479 487/593/481 500/611/490
f 500/611/490 487/593/481 105/595/345 55/615/328
f 503/38/26 494/37/25 495/606/487 506/619/493
f 506/619/493 495/606/487 496/608/489 509/626/498
f 509/626/498 496/608/489 58/610/410 25/630/440
f 512/39/27 503/38/26 504/621/495 515/634/501
f 515/634/501 504/621/495 505/623/497 518/641/506
f 518/641/506 505/623/497 28/625/165 118/645/201
f 485/40/28 512/39/27 513/636/503 488/589/477
f 488/589/477 513/636/503 514/638/505 491/596/482
f 491/596/482 514/638/505 112/640/78 102/600/58
f 530/41/29 521/44/32 522/651/511 533/664/517
f 533/664/517 522/651/511 523/653/513 536/671/522
f 536/671/522 523/653/513 125/655/244 15/675/227
f 539/42/30 530/41/29 531/666/519 542/679/525
f 542/679/525 531/666/519 532/668/521 545/686/530
f 545/686/530 532/668/521 18/670/388 65/690/375
f 548/43/31 539/42/30 540/681/527 551/694/533
f 551/694/533 540/681/527 541/683/529 554/701/538
f 554/701/538 541/683/529 68/685/269 138/705/303
f 521/44/32 548/43/31 549/696/535 524/649/509
f 524/649/509 549/696/535 550/698/537 527/656/514
f 527/656/514 550/698/537 132/700/107 122/660/145
f 566/45/33 557/48/36 558/711/543 569/724/549
f 569/724/549 558/711/543 559/713/545 572/731/554
f 572/731/554 559/713/545 145/715/295 75/735/279
f 575/46/34 566/45/33 567/726/551 578/739/557
f 578/739/557 567/726/551 568/728/553 581/746/562
f 581/746/562 568/728/553 78/730/366 5/750/397
f 584/47/35 575/46/34 576/741/559 587/754/565
f 587/754/565 576/741/559 577/743/561 590/761/570
f 590/761/570 577/743/561 8/745/217 158/765/253
f 557/48/36 584/47/35 585/756/567 560/709/541
f 560/709/541 585/756/567 586/758/569 563/716/546
f 563/716/546 586/758/569 152/760/135 142/720/117
f 762/769/573 771/770/574 780/771/575 753/772/576
f 798/773/577 807/774/576 816/775/573 789/776/578
f 834/777/579 843/778/580 852/779/581 825/780/582
f 870/781/583 879/782/584 888/783/585 861/784/586
f 906/785/583 915/786/584 924/787/585 897/788/586
f 942/789/579 951/790/580 960/791/581 933/792/582
f 978/793/587 987/794/588 996/795/589 969/796/590
f 1014/797/591 1023/798/589 1032/799/590 1005/800/587
f 1050/801/29 1059/802/30 1068/803/592 1041/804/32
f 1086/805/593 1095/806/34 1104/807/35 1077/808/36
f 1122/809/21 1131/810/594 1140/811/595 1113/812/24
f 1158/813/596 1167/814/26 1176/815/597 1149/816/598
f 753/772/576 756/817/599 757/818/600 754/819/601
f 754/819/601 757/818/600 758/820/602 755/821/603
f 755/821/603 758/820/602 735/822/604 734/823/605
f 756/817/599 759/824/606 760/825/607 757/818/600
f 757/818/600 760/825/607 761/826/608 758/820/602
f 758/820/602 761/826/608 736/827/609 735/822/604
f 759/824/606 740/828/610 741/829/611 760/825/607
f 760/825/607 741/829/611 742/830/612 761/826/608
f 761/826/608 742/830/612 733/831/613 736/827/609
f 762/769/573 765/832/614 766/833/615 763/834/616
f 763/834/616 766/833/615 767/835/617 764/836/618
f 764/836/618 767/835/617 748/837/619 747/838/620
f 765/832/614 768/839/603 769/840/621 766/833/615
f 766/833/615 769/840/621 770/841/622 767/835/617
f 767/835/617 770/841/622 749/842/623 748/837/619
f 768/839/603 744/843/624 745/844/625 769/840/621
f 769/840/621 745/844/625 746/845/626 770/841/622
f 770/841/622 746/845/626 743/846/627 749/842/623
f 771/770/574 774/847/628 775/848/629 772/849/630
f 772/849/630 775/848/629 776/850/631 773/851/632
f 773/851/632 776/850/631 695/852/633 694/853/634
f 774/847/628 777/854/635 778/855/636 775/848/629
f 775/848/629 778/855/636 779/856/637 776/850/631
f 776/850/631 779/856/637 696/857/638 695/852/633
f 777/854/635 700/858/639 701/859/640 778/855/636
f 778/855/636 701/859/640 702/860/641 779/856/637
f 779/856/637 702/860/641 693/861/642 696/857/638
f 780/771/575 783/862/630 784/863/643 781/864/644
f 781/864/644 784/863/643 785/865/645 782/866/646
f 782/866/646 785/865/645 708/867/647 707/868/648
f 783/862/630 786/869/649 787/870/650 784/863/643
f 784/863/643 787/870/650 788/871/651 785/865/645
f 785/865/645 788/871/651 709/872/652 708/867/647
f 786/869/649 704/873/653 705/874/654 787/870/650
f 787/870/650 705/874/654 706/875/655 788/871/651
f 788/871/651 706/875/655 703/876/656 709/872/652
f 789/776/578 792/877/657 793/878/658 790/879/659
f 790/879/659 793/878/658 794/880/660 791/881/632
f 791/881/632 794/880/660 715/882/661 714/883/662
f 792/877/657 795/884/663 796/885/664 793/878/658
f 793/878/658 796/885/664 797/886/665 794/880/660
f 794/880/660 797/886/665 716/887/666 715/882/661
f 795/884/663 720/888/667 721/889/668 796/885/664
f 796/885/664 721/889/668 722/890/669 797/886/665
f 797/886/665 722/890/669 713/891/670 716/887/666
f 798/773/577 801/892/671 802/893/672 799/894/673
f 799/894/673 802/893/672 803/895/674 800/896/675
f 800/896/675 803/895/674 728/897/676 727/898/677
f 801/892/671 804/899/678 805/900/679 802/893/672
f 802/893/672 805/900/679 806/901/680 803/895/674
f 803/895/674 806/901/680 729/902/681 728/897/676
f 804/899/678 724/903/653 725/904/682 805/900/679
f 805/900/679 725/904/682 726/905/683 806/901/680
f 806/901/680 726/905/683 723/906/684 729/902/681
f 807/774/576 810/907/685 811/908/686 808/909/687
f 808/909/687 811/908/686 812/910/688 809/911/689
f 809/911/689 812/910/688 675/912/690 674/913/605
f 810/907/685 813/914/691 814/915/692 811/908/686
f 811/908/686 814/915/692 815/916/693 812/910/688
f 812/910/688 815/916/693 676/917/694 675/912/690
f 813/914/691 680/918/695 681/919/696 814/915/692
f 814/915/692 681/919/696 682/920/697 815/916/693
f 815/916/693 682/920/697 673/921/698 676/917/694
f 816/775/573 819/922/699 820/923/700 817/924/701
f 817/924/701 820/923/700 821/925/702 818/926/703
f 818/926/703 821/925/702 688/927/704 687/928/705
f 819/922/699 822/929/706 823/930/707 820/923/700
f 820/923/700 823/930/707 824/931/708 821/925/702
f 821/925/702 824/931/708 689/932/709 688/927/704
f 822/929/706 684/933/710 685/934/711 823/930/707
f 823/930/707 685/934/711 686/935/712 824/931/708
f 824/931/708 686/935/712 683/936/713 689/932/709
f 825/780/582 828/937/714 829/938/715 826/939/716
f 826/939/716 829/938/715 830/940/717 827/941/718
f 827/941/718 830/940/717 595/942/719 594/943/720
f 828/937/714 831/944/721 832/945/722 829/938/715
f 829/938/715 832/945/722 833/946/723 830/940/717
f 830/940/717 833/946/723 596/947/724 595/942/719
f 831/944/721 600/948/725 601/949/726 832/945/722
f 832/945/722 601/949/726 602/950/727 833/946/723
f 833/946/723 602/950/727 593/951/728 596/947/724
f 834/777/579 837/952/729 838/953/730 835/954/731
f 835/954/731 838/953/730 839/955/732 836/956/733
f 836/956/733 839/955/732 608/957/734 607/958/735
f 837/952/729 840/959/736 841/960/737 838/953/730
f 838/953/730 841/960/737 842/961/738 839/955/732
f 839/955/732 842/961/738 609/962/739 608/957/734
f 840/959/736 604/963/740 605/964/741 841/960/737
f 841/960/737 605/964/741 606/965/742 842/961/738
f 842/961/738 606/965/742 603/966/743 609/962/739
f 843/778/580 846/967/744 847/968/745 844/969/746
f 844/969/746 847/968/745 848/970/747 845/971/748
f 845/971/748 848/970/747 685/972/711 684/973/710
f 846/967/744 849/974/749 850/975/750 847/968/745
f 847/968/745 850/975/750 851/976/751 848/970/747
f 848/970/747 851/976/751 686/977/712 685/972/711
f 849/974/749 690/978/752 691/979/753 850/975/750
f 850/975/750 691/979/753 692/980/754 851/976/751
f 851/976/751 692/980/754 683/981/713 686/977/712
f 852/779/581 855/982/746 856/983/755 853/984/756
f 853/984/756 856/983/755 857/985/757 854/986/758
f 854/986/758 857/985/757 678/987/759 677/988/760
f 855/982/746 858/989/761 859/990/762 856/983/755
f 856/983/755 859/990/762 860/991/763 857/985/757
f 857/985/757 860/991/763 679/992/764 678/987/759
f 858/989/761 674/993/605 675/994/690 859/990/762
f 859/990/762 675/994/690 676/995/694 860/991/763
f 860/991/763 676/995/694 673/996/698 679/992/764
f 861/784/586 864/997/765 865/998/766 862/999/767
f 862/999/767 865/998/766 866/1000/768 863/1001/769
f 863/1001/769 866/1000/768 615/1002/770 614/1003/771
f 864/997/765 867/1004/772 868/1005/773 865/998/766
f 865/998/766 868/1005/773 869/1006/774 866/1000/768
f 866/1000/768 869/1006/774 616/1007/775 615/1002/770
f 867/1004/772 620/1008/776 621/1009/777 868/1005/773
f 868/1005/773 621/1009/777 622/1010/778 869/1006/774
f 869/1006/774 622/1010/778 613/1011/779 616/1007/775
f 870/781/583 873/1012/780 874/1013/781 871/1014/782
f 871/1014/782 874/1013/781 875/1015/783 872/1016/784
f 872/1016/784 875/1015/783 628/1017/785 627/1018/786
f 873/1012/780 876/1019/787 877/1020/788 874/1013/781
f 874/1013/781 877/1020/788 878/1021/789 875/1015/783
f 875/1015/783 878/1021/789 629/1022/790 628/1017/785
f 876/1019/787 624/1023/771 625/1024/791 877/1020/788
f 877/1020/788 625/1024/791 626/1025/792 878/1021/789
f 878/1021/789 626/1025/792 623/1026/793 629/1022/790
f 879/782/584 882/1027/794 883/1028/795 880/1029/796
f 880/1029/796 883/1028/795 884/1030/797 881/1031/798
f 881/1031/798 884/1030/797 705/1032/654 704/1033/653
f 882/1027/794 885/1034/799 886/1035/800 883/1028/795
f 883/1028/795 886/1035/800 887/1036/801 884/1030/797
f 884/1030/797 887/1036/801 706/1037/655 705/1032/654
f 885/1034/799 710/1038/802 711/1039/803 886/1035/800
f 886/1035/800 711/1039/803 712/1040/804 887/1036/801
f 887/1036/801 712/1040/804 703/1041/656 706/1037/655
f 888/783/585 891/1042/805 892/1043/806 889/1044/807
f 889/1044/807 892/1043/806 893/1045/808 890/1046/809
f 890/1046/809 893/1045/808 698/1047/810 697/1048/811
f 891/1042/805 894/1049/812 895/1050/813 892/1043/806
f 892/1043/806 895/1050/813 896/1051/814 893/1045/808
f 893/1045/808 896/1051/814 699/1052/815 698/1047/810
f 894/1049/812 694/1053/634 695/1054/633 895/1050/813
f 895/1050/813 695/1054/633 696/1055/638 896/1051/814
f 896/1051/814 696/1055/638 693/1056/642 699/1052/815
f 897/788/586 900/1057/816 901/1058/817 898/1059/818
f 898/1059/818 901/1058/817 902/1060/819 899/1061/820
f 899/1061/820 902/1060/819 635/1062/821 634/1063/822
f 900/1057/816 903/1064/823 904/1065/824 901/1058/817
f 901/1058/817 904/1065/824 905/1066/825 902/1060/819
f 902/1060/819 905/1066/825 636/1067/826 635/1062/821
f 903/1064/823 640/1068/827 641/1069/828 904/1065/824
f 904/1065/824 641/1069/828 642/1070/829 905/1066/825
f 905/1066/825 642/1070/829 633/1071/830 636/1067/826
f 906/785/583 909/1072/780 910/1073/831 907/1074/832
f 907/1074/832 910/1073/831 911/1075/833 908/1076/834
f 908/1076/834 911/1075/833 648/1077/835 647/1078/836
f 909/1072/780 912/1079/837 913/1080/838 910/1073/831
f 910/1073/831 913/1080/838 914/1081/839 911/1075/833
f 911/1075/833 914/1081/839 649/1082/840 648/1077/835
f 912/1079/837 644/1083/822 645/1084/841 913/1080/838
f 913/1080/838 645/1084/841 646/1085/842 914/1081/839
f 914/1081/839 646/1085/842 643/1086/843 649/1082/840
f 915/786/584 918/1087/844 919/1088/845 916/1089/846
f 916/1089/846 919/1088/845 920/1090/847 917/1091/848
f 917/1091/848 920/1090/847 725/1092/682 724/1093/653
f 918/1087/844 921/1094/849 922/1095/850 919/1088/845
f 919/1088/845 922/1095/850 923/1096/851 920/1090/847
f 920/1090/847 923/1096/851 726/1097/683 725/1092/682
f 921/1094/849 730/1098/852 731/1099/853 922/1095/850
f 922/1095/850 731/1099/853 732/1100/854 923/1096/851
f 923/1096/851 732/1100/854 723/1101/684 726/1097/683
f 924/787/585 927/1102/855 928/1103/856 925/1104/857
f 925/1104/857 928/1103/856 929/1105/858 926/1106/859
f 926/1106/859 929/1105/858 718/1107/860 717/1108/861
f 927/1102/855 930/1109/862 931/1110/863 928/1103/856
f 928/1103/856 931/1110/863 932/1111/864 929/1105/858
f 929/1105/858 932/1111/864 719/1112/865 718/1107/860
f 930/1109/862 714/1113/662 715/1114/661 931/1110/863
f 931/1110/863 715/1114/661 716/1115/666 932/1111/864
f 932/1111/864 716/1115/666 713/1116/670 719/1112/865
f 933/792/582 936/1117/866 937/1118/867 934/1119/868
f 934/1119/868 937/1118/867 938/1120/869 935/1121/870
f 935/1121/870 938/1120/869 655/1122/871 654/1123/720
f 936/1117/866 939/1124/872 940/1125/873 937/1118/867
f 937/1118/867 940/1125/873 941/1126/874 938/1120/869
f 938/1120/869 941/1126/874 656/1127/875 655/1122/871
f 939/1124/872 660/1128/876 661/1129/877 940/1125/873
f 940/1125/873 661/1129/877 662/1130/878 941/1126/874
f 941/1126/874 662/1130/878 653/1131/879 656/1127/875
f 942/789/579 945/1132/880 946/1133/881 943/1134/882
f 943/1134/882 946/1133/881 947/1135/883 944/1136/884
f 944/1136/884 947/1135/883 668/1137/885 667/1138/886
f 945/1132/880 948/1139/736 949/1140/887 946/1133/881
f 946/1133/881 949/1140/887 950/1141/888 947/1135/883
f 947/1135/883 950/1141/888 669/1142/889 668/1137/885
f 948/1139/736 664/1143/740 665/1144/890 949/1140/887
f 949/1140/887 665/1144/890 666/1145/891 950/1141/888
f 950/1141/888 666/1145/891 663/1146/892 669/1142/889
f 951/790/580 954/1147/893 955/1148/894 952/1149/895
f 952/1149/895 955/1148/894 956/1150/896 953/1151/748
f 953/1151/748 956/1150/896 745/1152/625 744/1153/624
f 954/1147/893 957/1154/897 958/1155/898 955/1148/894
f 955/1148/894 958/1155/898 959/1156/899 956/1150/896
f 956/1150/896 959/1156/899 746/1157/626 745/1152/625
f 957/1154/897 750/1158/900 751/1159/901 958/1155/898
f 958/1155/898 751/1159/901 752/1160/902 959/1156/899
f 959/1156/899 752/1160/902 743/1161/627 746/1157/626
f 960/791/581 963/1162/903 964/1163/904 961/1164/905
f 961/1164/905 964/1163/904 965/1165/906 962/1166/907
f 962/1166/907 965/1165/906 738/1167/908 737/1168/909
f 963/1162/903 966/1169/761 967/1170/910 964/1163/904
f 964/1163/904 967/1170/910 968/1171/911 965/1165/906
f 965/1165/906 968/1171/911 739/1172/912 738/1167/908
f 966/1169/761 734/1173/605 735/1174/604 967/1170/910
f 967/1170/910 735/1174/604 736/1175/609 968/1171/911
f 968/1171/911 736/1175/609 733/1176/613 739/1172/912
f 969/796/590 972/1177/913 973/1178/914 970/1179/915
f 970/1179/915 973/1178/914 974/1180/916 971/1181/917
f 971/1181/917 974/1180/916 645/1182/841 644/1183/822
f 972/1177/913 975/1184/918 976/1185/919 973/1178/914
f 973/1178/914 976/1185/919 977/1186/920 974/1180/916
f 974/1180/916 977/1186/920 646/1187/842 645/1182/841
f 975/1184/918 650/1188/921 651/1189/922 976/1185/919
f 976/1185/919 651/1189/922 652/1190/923 977/1186/920
f 977/1186/920 652/1190/923 643/1191/843 646/1187/842
f 978/793/587 981/1192/924 982/1193/925 979/1194/926
f 979/1194/926 982/1193/925 983/1195/927 980/1196/928
f 980/1196/928 983/1195/927 638/1197/929 637/1198/930
f 981/1192/924 984/1199/931 985/1200/932 982/1193/925
f 982/1193/925 985/1200/932 986/1201/933 983/1195/927
f 983/1195/927 986/1201/933 639/1202/934 638/1197/929
f 984/1199/931 634/1203/822 635/1204/821 985/1200/932
f 985/1200/932 635/1204/821 636/1205/826 986/1201/933
f 986/1201/933 636/1205/826 633/1206/830 639/1202/934
f 987/794/588 990/1207/935 991/1208/936 988/1209/937
f 988/1209/937 991/1208/936 992/1210/938 989/1211/939
f 989/1211/939 992/1210/938 605/1212/741 604/1213/740
f 990/1207/935 993/1214/940 994/1215/941 991/1208/936
f 991/1208/936 994/1215/941 995/1216/942 992/1210/938
f 992/1210/938 995/1216/942 606/1217/742 605/1212/741
f 993/1214/940 610/1218/943 611/1219/944 994/1215/941
f 994/1215/941 611/1219/944 612/1220/945 995/1216/942
f 995/1216/942 612/1220/945 603/1221/743 606/1217/742
f 996/795/589 999/1222/946 1000/1223/947 997/1224/948
f 997/1224/948 1000/1223/947 1001/1225/949 998/1226/950
f 998/1226/950 1001/1225/949 598/1227/951 597/1228/952
f 999/1222/946 1002/1229/953 1003/1230/954 1000/1223/947
f 1000/1223/947 1003/1230/954 1004/1231/955 1001/1225/949
f 1001/1225/949 1004/1231/955 599/1232/956 598/1227/951
f 1002/1229/953 594/1233/720 595/1234/719 1003/1230/954
f 1003/1230/954 595/1234/719 596/1235/724 1004/1231/955
f 1004/1231/955 596/1235/724 593/1236/728 599/1232/956
f 1005/800/587 1008/1237/957 1009/1238/958 1006/1239/959
f 1006/1239/959 1009/1238/958 1010/1240/960 1007/1241/961
f 1007/1241/961 1010/1240/960 618/1242/962 617/1243/963
f 1008/1237/957 1011/1244/964 1012/1245/965 1009/1238/958
f 1009/1238/958 1012/1245/965 1013/1246/966 1010/1240/960
f 1010/1240/960 1013/1246/966 619/1247/967 618/1242/962
f 1011/1244/964 614/1248/771 615/1249/770 1012/1245/965
f 1012/1245/965 615/1249/770 616/1250/775 1013/1246/966
f 1013/1246/966 616/1250/775 613/1251/779 619/1247/967
f 1014/797/591 1017/1252/968 1018/1253/969 1015/1254/970
f 1015/1254/970 1018/1253/969 1019/1255/971 1016/1256/972
f 1016/1256/972 1019/1255/971 665/1257/890 664/1258/740
f 1017/1252/968 1020/1259/973 1021/1260/974 1018/1253/969
f 1018/1253/969 1021/1260/974 1022/1261/975 1019/1255/971
f 1019/1255/971 1022/1261/975 666/1262/891 665/1257/890
f 1020/1259/973 670/1263/976 671/1264/977 1021/1260/974
f 1021/1260/974 671/1264/977 672/1265/978 1022/1261/975
f 1022/1261/975 672/1265/978 663/1266/892 666/1262/891
f 1023/798/589 1026/1267/979 1027/1268/980 1024/1269/981
f 1024/1269/981 1027/1268/980 1028/1270/982 1025/1271/983
f 1025/1271/983 1028/1270/982 658/1272/984 657/1273/985
f 1026/1267/979 1029/1274/972 1030/1275/986 1027/1268/980
f 1027/1268/980 1030/1275/986 1031/1276/987 1028/1270/982
f 1028/1270/982 1031/1276/987 659/1277/988 658/1272/984
f 1029/1274/972 654/1278/720 655/1279/871 1030/1275/986
f 1030/1275/986 655/1279/871 656/1280/875 1031/1276/987
f 1031/1276/987 656/1280/875 653/1281/879 659/1277/988
f 1032/799/590 1035/1282/989 1036/1283/990 1033/1284/991
f 1033/1284/991 1036/1283/990 1037/1285/992 1034/1286/917
f 1034/1286/917 1037/1285/992 625/1287/791 624/1288/771
f 1035/1282/989 1038/1289/993 1039/1290/994 1036/1283/990
f 1036/1283/990 1039/1290/994 1040/1291/995 1037/1285/992
f 1037/1285/992 1040/1291/995 626/1292/792 625/1287/791
f 1038/1289/993 630/1293/996 631/1294/997 1039/1290/994
f 1039/1290/994 631/1294/997 632/1295/998 1040/1291/995
f 1040/1291/995 632/1295/998 623/1296/793 626/1292/792
f 1041/804/32 1044/1297/999 1045/1298/1000 1042/1299/1001
f 1042/1299/1001 1045/1298/1000 1046/1300/1002 1043/1301/1003
f 1043/1301/1003 1046/1300/1002 751/1302/901 750/1303/900
f 1044/1297/999 1047/1304/1004 1048/1305/1005 1045/1298/1000
f 1045/1298/1000 1048/1305/1005 1049/1306/1006 1046/1300/1002
f 1046/1300/1002 1049/1306/1006 752/1307/902 751/1302/901
f 1047/1304/1004 747/1308/620 748/1309/619 1048/1305/1005
f 1048/1305/1005 748/1309/619 749/1310/623 1049/1306/1006
f 1049/1306/1006 749/1310/623 743/1311/627 752/1307/902
f 1050/801/29 1053/1312/1007 1054/1313/1008 1051/1314/1009
f 1051/1314/1009 1054/1313/1008 1055/1315/1010 1052/1316/1011
f 1052/1316/1011 1055/1315/1010 671/1317/977 670/1318/976
f 1053/1312/1007 1056/1319/1012 1057/1320/1013 1054/1313/1008
f 1054/1313/1008 1057/1320/1013 1058/1321/1014 1055/1315/1010
f 1055/1315/1010 1058/1321/1014 672/1322/978 671/1317/977
f 1056/1319/1012 667/1323/886 668/1324/885 1057/1320/1013
f 1057/1320/1013 668/1324/885 669/1325/889 1058/1321/1014
f 1058/1321/1014 669/1325/889 663/1326/892 672/1322/978
f 1059/802/30 1062/1327/1015 1063/1328/1016 1060/1329/1017
f 1060/1329/1017 1063/1328/1016 1064/1330/1018 1061/1331/1019
f 1061/1331/1019 1064/1330/1018 621/1332/777 620/1333/776
f 1062/1327/1015 1065/1334/1020 1066/1335/1021 1063/1328/1016
f 1063/1328/1016 1066/1335/1021 1067/1336/1022 1064/1330/1018
f 1064/1330/1018 1067/1336/1022 622/1337/778 621/1332/777
f 1065/1334/1020 617/1338/963 618/1339/962 1066/1335/1021
f 1066/1335/1021 618/1339/962 619/1340/967 1067/1336/1022
f 1067/1336/1022 619/1340/967 613/1341/779 622/1337/778
f 1068/803/592 1071/1342/1023 1072/1343/1024 1069/1344/1025
f 1069/1344/1025 1072/1343/1024 1073/1345/1026 1070/1346/1027
f 1070/1346/1027 1073/1345/1026 701/1347/640 700/1348/639
f 1071/1342/1023 1074/1349/1028 1075/1350/1029 1072/1343/1024
f 1072/1343/1024 1075/1350/1029 1076/1351/1030 1073/1345/1026
f 1073/1345/1026 1076/1351/1030 702/1352/641 701/1347/640
f 1074/1349/1028 697/1353/811 698/1354/810 1075/1350/1029
f 1075/1350/1029 698/1354/810 699/1355/815 1076/1351/1030
f 1076/1351/1030 699/1355/815 693/1356/642 702/1352/641
f 1077/808/36 1080/1357/1031 1081/1358/1032 1078/1359/1033
f 1078/1359/1033 1081/1358/1032 1082/1360/1034 1079/1361/1035
f 1079/1361/1035 1082/1360/1034 691/1362/753 690/1363/752
f 1080/1357/1031 1083/1364/1036 1084/1365/1037 1081/1358/1032
f 1081/1358/1032 1084/1365/1037 1085/1366/1038 1082/1360/1034
f 1082/1360/1034 1085/1366/1038 692/1367/754 691/1362/753
f 1083/1364/1036 687/1368/705 688/1369/704 1084/1365/1037
f 1084/1365/1037 688/1369/704 689/1370/709 1085/1366/1038
f 1085/1366/1038 689/1370/709 683/1371/713 692/1367/754
f 1086/805/593 1089/1372/1039 1090/1373/1040 1087/1374/1041
f 1087/1374/1041 1090/1373/1040 1091/1375/1042 1088/1376/1043
f 1088/1376/1043 1091/1375/1042 611/1377/944 610/1378/943
f 1089/1372/1039 1092/1379/1044 1093/1380/1045 1090/1373/1040
f 1090/1373/1040 1093/1380/1045 1094/1381/1046 1091/1375/1042
f 1091/1375/1042 1094/1381/1046 612/1382/945 611/1377/944
f 1092/1379/1044 607/1383/735 608/1384/734 1093/1380/1045
f 1093/1380/1045 608/1384/734 609/1385/739 1094/1381/1046
f 1094/1381/1046 609/1385/739 603/1386/743 612/1382/945
f 1095/806/34 1098/1387/1047 1099/1388/1048 1096/1389/1049
f 1096/1389/1049 1099/1388/1048 1100/1390/1050 1097/1391/1051
f 1097/1391/1051 1100/1390/1050 641/1392/828 640/1393/827
f 1098/1387/1047 1101/1394/1052 1102/1395/1053 1099/1388/1048
f 1099/1388/1048 1102/1395/1053 1103/1396/1054 1100/1390/1050
f 1100/1390/1050 1103/1396/1054 642/1397/829 641/1392/828
f 1101/1394/1052 637/1398/930 638/1399/929 1102/1395/1053
f 1102/1395/1053 638/1399/929 639/1400/934 1103/1396/1054
f 1103/1396/1054 639/1400/934 633/1401/830 642/1397/829
f 1104/807/35 1107/1402/1055 1108/1403/1056 1105/1404/1057
f 1105/1404/1057 1108/1403/1056 1109/1405/1058 1106/1406/1059
f 1106/1406/1059 1109/1405/1058 721/1407/668 720/1408/667
f 1107/1402/1055 1110/1409/1060 1111/1410/1061 1108/1403/1056
f 1108/1403/1056 1111/1410/1061 1112/1411/1062 1109/1405/1058
f 1109/1405/1058 1112/1411/1062 722/1412/669 721/1407/668
f 1110/1409/1060 717/1413/861 718/1414/860 1111/1410/1061
f 1111/1410/1061 718/1414/860 719/1415/865 1112/1411/1062
f 1112/1411/1062 719/1415/865 713/1416/670 722/1412/669
f 1113/812/24 1116/1417/1063 1117/1418/1064 1114/1419/1065
f 1114/1419/1065 1117/1418/1064 1118/1420/1066 1115/1421/1067
f 1115/1421/1067 1118/1420/1066 731/1422/853 730/1423/852
f 1116/1417/1063 1119/1424/1068 1120/1425/1069 1117/1418/1064
f 1117/1418/1064 1120/1425/1069 1121/1426/1070 1118/1420/1066
f 1118/1420/1066 1121/1426/1070 732/1427/854 731/1422/853
f 1119/1424/1068 727/1428/677 728/1429/676 1120/1425/1069
f 1120/1425/1069 728/1429/676 729/1430/681 1121/1426/1070
f 1121/1426/1070 729/1430/681 723/1431/684 732/1427/854
f 1122/809/21 1125/1432/1071 1126/1433/1072 1123/1434/1073
f 1123/1434/1073 1126/1433/1072 1127/1435/1074 1124/1436/1075
f 1124/1436/1075 1127/1435/1074 651/1437/922 650/1438/921
f 1125/1432/1071 1128/1439/1076 1129/1440/1077 1126/1433/1072
f 1126/1433/1072 1129/1440/1077 1130/1441/1078 1127/1435/1074
f 1127/1435/1074 1130/1441/1078 652/1442/923 651/1437/922
f 1128/1439/1076 647/1443/836 648/1444/835 1129/1440/1077
f 1129/1440/1077 648/1444/835 649/1445/840 1130/1441/1078
f 1130/1441/1078 649/1445/840 643/1446/843 652/1442/923
f 1131/810/594 1134/1447/1079 1135/1448/1080 1132/1449/1081
f 1132/1449/1081 1135/1448/1080 1136/1450/1082 1133/1451/1083
f 1133/1451/1083 1136/1450/1082 601/1452/726 600/1453/725
f 1134/1447/1079 1137/1454/1084 1138/1455/1085 1135/1448/1080
f 1135/1448/1080 1138/1455/1085 1139/1456/1086 1136/1450/1082
f 1136/1450/1082 1139/1456/1086 602/1457/727 601/1452/726
f 1137/1454/1084 597/1458/952 598/1459/951 1138/1455/1085
f 1138/1455/1085 598/1459/951 599/1460/956 1139/1456/1086
f 1139/1456/1086 599/1460/956 593/1461/728 602/1457/727
f 1140/811/595 1143/1462/1087 1144/1463/1088 1141/1464/1089
f 1141/1464/1089 1144/1463/1088 1145/1465/1090 1142/1466/1091
f 1142/1466/1091 1145/1465/1090 681/1467/696 680/1468/695
f 1143/1462/1087 1146/1469/1092 1147/1470/1093 1144/1463/1088
f 1144/1463/1088 1147/1470/1093 1148/1471/1094 1145/1465/1090
f 1145/1465/1090 1148/1471/1094 682/1472/697 681/1467/696
f 1146/1469/1092 677/1473/760 678/1474/759 1147/1470/1093
f 1147/1470/1093 678/1474/759 679/1475/764 1148/1471/1094
f 1148/1471/1094 679/1475/764 673/1476/698 682/1472/697
f 1149/816/598 1152/1477/1095 1153/1478/1096 1150/1479/1097
f 1150/1479/1097 1153/1478/1096 1154/1480/1098 1151/1481/1099
f 1151/1481/1099 1154/1480/1098 711/1482/803 710/1483/802
f 1152/1477/1095 1155/1484/1100 1156/1485/1101 1153/1478/1096
f 1153/1478/1096 1156/1485/1101 1157/1486/1102 1154/1480/1098
f 1154/1480/1098 1157/1486/1102 712/1487/804 711/1482/803
f 1155/1484/1100 707/1488/648 708/1489/647 1156/1485/1101
f 1156/1485/1101 708/1489/647 709/1490/652 1157/1486/1102
f 1157/1486/1102 709/1490/652 703/1491/656 712/1487/804
f 1158/813/596 1161/1492/1103 1162/1493/1104 1159/1494/1105
f 1159/1494/1105 1162/1493/1104 1163/1495/1106 1160/1496/1107
f 1160/1496/1107 1163/1495/1106 631/1497/997 630/1498/996
f 1161/1492/1103 1164/1499/1108 1165/1500/1109 1162/1493/1104
f 1162/1493/1104 1165/1500/1109 1166/1501/1110 1163/1495/1106
f 1163/1495/1106 1166/1501/1110 632/1502/998 631/1497/997
f 1164/1499/1108 627/1503/786 628/1504/785 1165/1500/1109
f 1165/1500/1109 628/1504/785 629/1505/790 1166/1501/1110
f 1166/1501/1110 629/1505/790 623/1506/793 632/1502/998
f 1167/814/26 1170/1507/1111 1171/1508/1112 1168/1509/1113
f 1168/1509/1113 1171/1508/1112 1172/1510/1114 1169/1511/1115
f 1169/1511/1115 1172/1510/1114 661/1512/877 660/1513/876
f 1170/1507/1111 1173/1514/1116 1174/1515/1117 1171/1508/1112
f 1171/1508/1112 1174/1515/1117 1175/1516/1118 1172/1510/1114
f 1172/1510/1114 1175/1516/1118 662/1517/878 661/1512/877
f 1173/1514/1116 657/1518/985 658/1519/984 1174/1515/1117
f 1174/1515/1117 658/1519/984 659/1520/988 1175/1516/1118
f 1175/1516/1118 659/1520/988 653/1521/879 662/1517/878
f 1176/815/597 1179/1522/1119 1180/1523/1120 1177/1524/1121
f 1177/1524/1121 1180/1523/1120 1181/1525/1122 1178/1526/1123
f 1178/1526/1123 1181/1525/1122 741/1527/611 740/1528/610
f 1179/1522/1119 1182/1529/1124 1183/1530/1125 1180/1523/1120
f 1180/1523/1120 1183/1530/1125 1184/1531/1126 1181/1525/1122
f 1181/1525/1122 1184/1531/1126 742/1532/612 741/1527/611
f 1182/1529/1124 737/1533/909 738/1534/908 1183/1530/1125
f 1183/1530/1125 738/1534/908 739/1535/912 1184/1531/1126
f 1184/1531/1126 739/1535/912 733/1536/613 742/1532/612
f 762/769/573 753/772/576 754/819/601 765/832/614
f 765/832/614 754/819/601 755/821/603 768/839/603
f 768/839/603 755/821/603 734/823/605 744/843/624
f 771/770/574 762/769/573 763/834/616 774/847/628
f 774/847/628 763/834/616 764/836/618 777/854/635
f 777/854/635 764/836/618 747/838/620 700/858/639
f 780/771/575 771/770/574 772/849/630 783/862/630
f 783/862/630 772/849/630 773/851/632 786/869/649
f 786/869/649 773/851/632 694/853/634 704/873/653
f 753/772/576 780/771/575 781/864/644 756/817/599
f 756/817/599 781/864/644 782/866/646 759/824/606
f 759/824/606 782/866/646 707/868/648 740/828/610
f 798/773/577 789/776/578 790/879/659 801/892/671
f 801/892/671 790/879/659 791/881/632 804/899/678
f 804/899/678 791/881/632 714/883/662 724/903/653
f 807/774/576 798/773/577 799/894/673 810/907/685
f 810/907/685 799/894/673 800/896/675 813/914/691
f 813/914/691 800/896/675 727/898/677 680/918/695
f 816/775/573 807/774/576 808/909/687 819/922/699
f 819/922/699 808/909/687 809/911/689 822/929/706
f 822/929/706 809/911/689 674/913/605 684/933/710
f 789/776/578 816/775/573 817/924/701 792/877/657
f 792/877/657 817/924/701 818/926/703 795/884/663
f 795/884/663 818/926/703 687/928/705 720/888/667
f 834/777/579 825/780/582 826/939/716 837/952/729
f 837/952/729 826/939/716 827/941/718 840/959/736
f 840/959/736 827/941/718 594/943/720 604/963/740
f 843/778/580 834/777/579 835/954/731 846/967/744
f 846/967/744 835/954/731 836/956/733 849/974/749
f 849/974/749 836/956/733 607/958/735 690/978/752
f 852/779/581 843/778/580 844/969/746 855/982/746
f 855/982/746 844/969/746 845/971/748 858/989/761
f 858/989/761 845/971/748 684/973/710 674/993/605
f 825/780/582 852/779/581 853/984/756 828/937/714
f 828/937/714 853/984/756 854/986/758 831/944/721
f 831/944/721 854/986/758 677/988/760 600/948/725
f 870/781/583 861/784/586 862/999/767 873/1012/780
f 873/1012/780 862/999/767 863/1001/769 876/1019/787
f 876/1019/787 863/1001/769 614/1003/771 624/1023/771
f 879/782/584 870/781/583 871/1014/782 882/1027/794
f 882/1027/794 871/1014/782 872/1016/784 885/1034/799
f 885/1034/799 872/1016/784 627/1018/786 710/1038/802
f 888/783/585 879/782/584 880/1029/796 891/1042/805
f 891/1042/805 880/1029/796 881/1031/798 894/1049/812
f 894/1049/812 881/1031/798 704/1033/653 694/1053/634
f 861/784/586 888/783/585 889/1044/807 864/997/765
f 864/997/765 889/1044/807 890/1046/809 867/1004/772
f 867/1004/772 890/1046/809 697/1048/811 620/1008/776
f 906/785/583 897/788/586 898/1059/818 909/1072/780
f 909/1072/780 898/1059/818 899/1061/820 912/1079/837
f 912/1079/837 899/1061/820 634/1063/822 644/1083/822
f 915/786/584 906/785/583 907/1074/832 918/1087/844
f 918/1087/844 907/1074/832 908/1076/834 921/1094/849
f 921/1094/849 908/1076/834 647/1078/836 730/1098/852
f 924/787/585 915/786/584 916/1089/846 927/1102/855
f 927/1102/855 916/1089/846 917/1091/848 930/1109/862
f 930/1109/862 917/1091/848 724/1093/653 714/1113/662
f 897/788/586 924/787/585 925/1104/857 900/1057/816
f 900/1057/816 925/1104/857 926/1106/859 903/1064/823
f 903/1064/823 926/1106/859 717/1108/861 640/1068/827
f 942/789/579 933/792/582 934/1119/868 945/1132/880
f 945/1132/880 934/1119/868 935/1121/870 948/1139/736
f 948/1139/736 935/1121/870 654/1123/720 664/1143/740
f 951/790/580 942/789/579 943/1134/882 954/1147/893
f 954/1147/893 943/1134/882 944/1136/884 957/1154/897
f 957/1154/897 944/1136/884 667/1138/886 750/1158/900
f 960/791/581 951/790/580 952/1149/895 963/1162/903
f 963/1162/903 952/1149/895 953/1151/748 966/1169/761
f 966/1169/761 953/1151/748 744/1153/624 734/1173/605
f 933/792/582 960/791/581 961/1164/905 936/1117/866
f 936/1117/866 961/1164/905 962/1166/907 939/1124/872
f 939/1124/872 962/1166/907 737/1168/909 660/1128/876
f 978/793/587 969/796/590 970/1179/915 981/1192/924
f 981/1192/924 970/1179/915 971/1181/917 984/1199/931
f 984/1199/931 971/1181/917 644/1183/822 634/1203/822
f 987/794/588 978/793/587 979/1194/926 990/1207/935
f 990/1207/935 979/1194/926 980/1196/928 993/1214/940
f 993/1214/940 980/1196/928 637/1198/930 610/1218/943
f 996/795/589 987/794/588 988/1209/937 999/1222/946
f 999/1222/946 988/1209/937 989/1211/939 1002/1229/953
f 1002/1229/953 989/1211/939 604/1213/740 594/1233/720
f 969/796/590 996/795/589 997/1224/948 972/1177/913
f 972/1177/913 997/1224/948 998/1226/950 975/1184/918
f 975/1184/918 998/1226/950 597/1228/952 650/1188/921
f 1014/797/591 1005/800/587 1006/1239/959 1017/1252/968
f 1017/1252/968 1006/1239/959 1007/1241/961 1020/1259/973
f 1020/1259/973 1007/1241/961 617/1243/963 670/1263/976
f 1023/798/589 1014/797/591 1015/1254/970 1026/1267/979
f 1026/1267/979 1015/1254/970 1016/1256/972 1029/1274/972
f 1029/1274/972 1016/1256/972 664/1258/740 654/1278/720
f 1032/799/590 1023/798/589 1024/1269/981 1035/1282/989
f 1035/1282/989 1024/1269/981 1025/1271/983 1038/1289/993
f 1038/1289/993 1025/1271/983 657/1273/985 630/1293/996
f 1005/800/587 1032/799/590 1033/1284/991 1008/1237/957
f 1008/1237/957 1033/1284/991 1034/1286/917 1011/1244/964
f 1011/1244/964 1034/1286/917 624/1288/771 614/1248/771
f 1050/801/29 1041/804/32 1042/1299/1001 1053/1312/1007
f 1053/1312/1007 1042/1299/1001 1043/1301/1003 1056/1319/1012
f 1056/1319/1012 1043/1301/1003 750/1303/900 667/1323/886
f 1059/802/30 1050/801/29 1051/1314/1009 1062/1327/1015
f 1062/1327/1015 1051/1314/1009 1052/1316/1011 1065/1334/1020
f 1065/1334/1020 1052/1316/1011 670/1318/976 617/1338/963
f 1068/803/592 1059/802/30 1060/1329/1017 1071/1342/1023
f 1071/1342/1023 1060/1329/1017 1061/1331/1019 1074/1349/1028
f 1074/1349/1028 1061/1331/1019 620/1333/776 697/1353/811
f 1041/804/32 1068/803/592 1069/1344/1025 1044/1297/999
f 1044/1297/999 1069/1344/1025 1070/1346/1027 1047/1304/1004
f 1047/1304/1004 1070/1346/1027 700/1348/639 747/1308/620
f 1086/805/593 1077/808/36 1078/1359/1033 1089/1372/1039
f 1089/1372/1039 1078/1359/1033 1079/1361/1035 1092/1379/1044
f 1092/1379/1044 1079/1361/1035 690/1363/752 607/1383/735
f 1095/806/34 1086/805/593 1087/1374/1041 1098/1387/1047
f 1098/1387/1047 1087/1374/1041 1088/1376/1043 1101/1394/1052
f 1101/1394/1052 1088/1376/1043 610/1378/943 637/1398/930
f 1104/807/35 1095/806/34 1096/1389/1049 1107/1402/1055
f 1107/1402/1055 1096/1389/1049 1097/1391/1051 1110/1409/1060
f 1110/1409/1060 1097/1391/1051 640/1393/827 717/1413/861
f 1077/808/36 1104/807/35 1105/1404/1057 1080/1357/1031
f 1080/1357/1031 1105/1404/1057 1106/1406/1059 1083/1364/1036
f 1083/1364/1036 1106/1406/1059 720/1408/667 687/1368/705
f 1122/809/21 1113/812/24 1114/1419/1065 1125/1432/1071
f 1125/1432/1071 1114/1419/1065 1115/1421/1067 1128/1439/1076
f 1128/1439/1076 1115/1421/1067 730/1423/852 647/1443/836
f 1131/810/594 1122/809/21 1123/1434/1073 1134/1447/1079
f 1134/1447/1079 1123/1434/1073 1124/1436/1075 1137/1454/1084
f 1137/1454/1084 1124/1436/1075 650/1438/921 597/1458/952
f 1140/811/595 1131/810/594 1132/1449/1081 1143/1462/1087
f 1143/1462/1087 1132/1449/1081 1133/1451/1083 1146/1469/1092
f 1146/1469/1092 1133/1451/1083 600/1453/725 677/1473/760
f 1113/812/24 1140/811/595 1141/1464/1089 1116/1417/1063
f 1116/1417/1063 1141/1464/1089 1142/1466/1091 1119/1424/1068
f 1119/1424/1068 1142/1466/1091 680/1468/695 727/1428/677
f 1158/813/596 1149/816/598 1150/1479/1097 1161/1492/1103
f 1161/1492/1103 1150/1479/1097 1151/1481/1099 1164/1499/1108
f 1164/1499/1108 1151/1481/1099 710/1483/802 627/1503/786
f 1167/814/26 1158/813/596 1159/1494/1105 1170/1507/1111
f 1170/1507/1111 1159/1494/1105 1160/1496/1107 1173/1514/1116
f 1173/1514/1116 1160/1496/1107 630/1498/996 657/1518/985
f 1176/815/597 1167/814/26 1168/1509/1113 1179/1522/1119
f 1179/1522/1119 1168/1509/1113 1169/1511/1115 1182/1529/1124
f 1182/1529/1124 1169/1511/1115 660/1513/876 737/1533/909
f 1149/816/598 1176/815/597 1177/1524/1121 1152/1477/1095
f 1152/1477/1095 1177/1524/1121 1178/1526/1123 1155/1484/1100
f 1155/1484/1100 1178/1526/1123 740/1528/610 707/1488/648
f 1185/1537/1127 1186/1538/1127 1188/1539/1127 1187/1540/1127
