# Blender 4.0.2
# www.blender.org
mtllib pendant.mtl
o LIGHT_PENDANT
v -0.015233 2.640745 -0.220807
v -0.012756 2.640745 -0.221300
v -0.010656 2.640745 -0.222703
v -0.009252 2.640745 -0.224803
v -0.008760 2.640745 -0.227280
v -0.009252 2.640745 -0.229757
v -0.010656 2.640745 -0.231857
v -0.012756 2.640745 -0.233260
v -0.015233 2.640745 -0.233753
v -0.017710 2.640745 -0.233260
v -0.019810 2.640745 -0.231857
v -0.021213 2.640745 -0.229757
v -0.021706 2.640745 -0.227280
v -0.021213 2.640745 -0.224803
v -0.019810 2.640745 -0.222703
v -0.017710 2.640745 -0.221300
v -0.015233 2.604666 -0.227280
v -0.014147 2.604666 -0.224659
v -0.015233 2.604666 -0.224443
v -0.013227 2.604666 -0.225274
v -0.012612 2.604666 -0.226194
v -0.012396 2.604666 -0.227280
v -0.012612 2.604666 -0.228366
v -0.013227 2.604666 -0.229286
v -0.014147 2.604666 -0.229901
v -0.015233 2.604666 -0.230117
v -0.016318 2.604666 -0.229901
v -0.017239 2.604666 -0.229286
v -0.017854 2.604666 -0.228366
v -0.018070 2.604666 -0.227280
v -0.017854 2.604666 -0.226194
v -0.017239 2.604666 -0.225274
v -0.016318 2.604666 -0.224659
v -0.013848 2.603368 -0.223937
v -0.013803 2.603261 -0.223827
v -0.013834 2.603292 -0.223904
v -0.015233 2.603261 -0.223543
v -0.015233 2.603368 -0.223662
v -0.015233 2.603292 -0.223626
v -0.012674 2.603368 -0.224721
v -0.012590 2.603261 -0.224637
v -0.012649 2.603292 -0.224696
v -0.011890 2.603368 -0.225895
v -0.011780 2.603261 -0.225850
v -0.011857 2.603292 -0.225882
v -0.011614 2.603368 -0.227280
v -0.011495 2.603261 -0.227280
v -0.011579 2.603292 -0.227280
v -0.011890 2.603368 -0.228665
v -0.011780 2.603261 -0.228710
v -0.011857 2.603292 -0.228678
v -0.012674 2.603368 -0.229839
v -0.012590 2.603261 -0.229923
v -0.012649 2.603292 -0.229864
v -0.013848 2.603368 -0.230623
v -0.013803 2.603261 -0.230733
v -0.013834 2.603292 -0.230656
v -0.015233 2.603368 -0.230898
v -0.015233 2.603261 -0.231017
v -0.015233 2.603292 -0.230934
v -0.016617 2.603368 -0.230623
v -0.016663 2.603261 -0.230733
v -0.016631 2.603292 -0.230656
v -0.017791 2.603368 -0.229839
v -0.017875 2.603261 -0.229923
v -0.017817 2.603292 -0.229864
v -0.018576 2.603368 -0.228665
v -0.018686 2.603261 -0.228710
v -0.018609 2.603292 -0.228678
v -0.018851 2.603368 -0.227280
v -0.018970 2.603261 -0.227280
v -0.018887 2.603292 -0.227280
v -0.018576 2.603368 -0.225895
v -0.018686 2.603261 -0.225850
v -0.018609 2.603292 -0.225882
v -0.017791 2.603368 -0.224721
v -0.017875 2.603261 -0.224637
v -0.017817 2.603292 -0.224696
v -0.016617 2.603368 -0.223937
v -0.016663 2.603261 -0.223827
v -0.016631 2.603292 -0.223904
v -0.013871 2.639527 -0.230567
v -0.013818 2.639634 -0.230695
v -0.013855 2.639602 -0.230605
v -0.013818 2.638953 -0.230695
v -0.013871 2.639060 -0.230567
v -0.013855 2.638985 -0.230605
v -0.012717 2.639527 -0.229796
v -0.012619 2.639634 -0.229893
v -0.012688 2.639602 -0.229825
v -0.012619 2.638953 -0.229893
v -0.012717 2.639060 -0.229796
v -0.012688 2.638985 -0.229825
v -0.011946 2.639527 -0.228641
v -0.011818 2.639634 -0.228694
v -0.011907 2.639602 -0.228657
v -0.011818 2.638953 -0.228694
v -0.011946 2.639060 -0.228641
v -0.011907 2.638985 -0.228657
v -0.011675 2.639527 -0.227280
v -0.011537 2.639634 -0.227280
v -0.011634 2.639602 -0.227280
v -0.011537 2.638953 -0.227280
v -0.011675 2.639060 -0.227280
v -0.011634 2.638985 -0.227280
v -0.011946 2.639527 -0.225919
v -0.011818 2.639634 -0.225866
v -0.011907 2.639602 -0.225903
v -0.011818 2.638953 -0.225866
v -0.011946 2.639060 -0.225919
v -0.011907 2.638985 -0.225903
v -0.012717 2.639527 -0.224764
v -0.012619 2.639634 -0.224667
v -0.012688 2.639602 -0.224735
v -0.012619 2.638953 -0.224667
v -0.012717 2.639060 -0.224764
v -0.012688 2.638985 -0.224735
v -0.013871 2.639527 -0.223993
v -0.013818 2.639634 -0.223865
v -0.013855 2.639602 -0.223955
v -0.013818 2.638953 -0.223865
v -0.013871 2.639060 -0.223993
v -0.013855 2.638985 -0.223955
v -0.015233 2.639060 -0.223722
v -0.015233 2.638953 -0.223584
v -0.015233 2.638985 -0.223681
v -0.015233 2.639527 -0.223722
v -0.015233 2.639634 -0.223584
v -0.015233 2.639602 -0.223681
v -0.017129 2.638846 -0.222703
v -0.017076 2.638953 -0.222831
v -0.017113 2.638922 -0.222741
v -0.017657 2.639634 -0.221427
v -0.017710 2.639741 -0.221300
v -0.017694 2.639665 -0.221338
v -0.018736 2.638846 -0.223777
v -0.018638 2.638953 -0.223875
v -0.018706 2.638922 -0.223806
v -0.019712 2.639634 -0.222801
v -0.019810 2.639741 -0.222703
v -0.019780 2.639665 -0.222732
v -0.019810 2.638846 -0.225384
v -0.019682 2.638953 -0.225437
v -0.019771 2.638922 -0.225400
v -0.021085 2.639634 -0.224856
v -0.021213 2.639741 -0.224803
v -0.021175 2.639665 -0.224819
v -0.020187 2.638846 -0.227280
v -0.020048 2.638953 -0.227280
v -0.020145 2.638922 -0.227280
v -0.021567 2.639634 -0.227280
v -0.021706 2.639741 -0.227280
v -0.021664 2.639665 -0.227280
v -0.019810 2.638846 -0.229176
v -0.019682 2.638953 -0.229123
v -0.019771 2.638922 -0.229160
v -0.021085 2.639634 -0.229704
v -0.021213 2.639741 -0.229757
v -0.021175 2.639665 -0.229741
v -0.018736 2.638846 -0.230783
v -0.018638 2.638953 -0.230685
v -0.018706 2.638922 -0.230754
v -0.019712 2.639634 -0.231759
v -0.019810 2.639741 -0.231857
v -0.019780 2.639665 -0.231828
v -0.017129 2.638846 -0.231857
v -0.017076 2.638953 -0.231729
v -0.017113 2.638922 -0.231819
v -0.017657 2.639634 -0.233132
v -0.017710 2.639741 -0.233260
v -0.017694 2.639665 -0.233222
v -0.015233 2.638846 -0.232234
v -0.015233 2.638953 -0.232096
v -0.015233 2.638922 -0.232192
v -0.015233 2.639634 -0.233615
v -0.015233 2.639741 -0.233753
v -0.015233 2.639665 -0.233711
v -0.013337 2.638846 -0.231857
v -0.013390 2.638953 -0.231729
v -0.013353 2.638922 -0.231819
v -0.012809 2.639634 -0.233132
v -0.012756 2.639741 -0.233260
v -0.012772 2.639665 -0.233222
v -0.011730 2.638846 -0.230783
v -0.011827 2.638953 -0.230685
v -0.011759 2.638922 -0.230754
v -0.010753 2.639634 -0.231759
v -0.010656 2.639741 -0.231857
v -0.010685 2.639665 -0.231828
v -0.010656 2.638846 -0.229176
v -0.010784 2.638953 -0.229123
v -0.010694 2.638922 -0.229160
v -0.009380 2.639634 -0.229704
v -0.009252 2.639741 -0.229757
v -0.009291 2.639665 -0.229741
v -0.010279 2.638846 -0.227280
v -0.010417 2.638953 -0.227280
v -0.010320 2.638922 -0.227280
v -0.008898 2.639634 -0.227280
v -0.008760 2.639741 -0.227280
v -0.008801 2.639665 -0.227280
v -0.010656 2.638846 -0.225384
v -0.010784 2.638953 -0.225437
v -0.010694 2.638922 -0.225400
v -0.009380 2.639634 -0.224856
v -0.009252 2.639741 -0.224803
v -0.009291 2.639665 -0.224819
v -0.011730 2.638846 -0.223777
v -0.011827 2.638953 -0.223875
v -0.011759 2.638922 -0.223806
v -0.010753 2.639634 -0.222801
v -0.010656 2.639741 -0.222703
v -0.010685 2.639665 -0.222732
v -0.013337 2.638846 -0.222703
v -0.013390 2.638953 -0.222831
v -0.013353 2.638922 -0.222741
v -0.012809 2.639634 -0.221427
v -0.012756 2.639741 -0.221300
v -0.012772 2.639665 -0.221338
v -0.015233 2.639741 -0.220807
v -0.015233 2.639634 -0.220945
v -0.015233 2.639665 -0.220848
v -0.015233 2.638953 -0.222464
v -0.015233 2.638846 -0.222326
v -0.015233 2.638922 -0.222367
v -0.015233 2.638953 -0.230976
v -0.015233 2.639060 -0.230838
v -0.015233 2.638985 -0.230879
v -0.015233 2.639527 -0.230838
v -0.015233 2.639634 -0.230976
v -0.015233 2.639602 -0.230879
v -0.016647 2.638953 -0.230695
v -0.016594 2.639060 -0.230567
v -0.016610 2.638985 -0.230605
v -0.016594 2.639527 -0.230567
v -0.016647 2.639634 -0.230695
v -0.016610 2.639602 -0.230605
v -0.017846 2.638953 -0.229893
v -0.017748 2.639060 -0.229796
v -0.017778 2.638985 -0.229825
v -0.017748 2.639527 -0.229796
v -0.017846 2.639634 -0.229893
v -0.017778 2.639602 -0.229825
v -0.018647 2.638953 -0.228694
v -0.018520 2.639060 -0.228641
v -0.018558 2.638985 -0.228657
v -0.018520 2.639527 -0.228641
v -0.018647 2.639634 -0.228694
v -0.018558 2.639602 -0.228657
v -0.018929 2.638953 -0.227280
v -0.018790 2.639060 -0.227280
v -0.018832 2.638985 -0.227280
v -0.018790 2.639527 -0.227280
v -0.018929 2.639634 -0.227280
v -0.018832 2.639602 -0.227280
v -0.018647 2.638953 -0.225866
v -0.018520 2.639060 -0.225919
v -0.018558 2.638985 -0.225903
v -0.018520 2.639527 -0.225919
v -0.018647 2.639634 -0.225866
v -0.018558 2.639602 -0.225903
v -0.017846 2.638953 -0.224667
v -0.017748 2.639060 -0.224764
v -0.017778 2.638985 -0.224735
v -0.017748 2.639527 -0.224764
v -0.017846 2.639634 -0.224667
v -0.017778 2.639602 -0.224735
v -0.016647 2.638953 -0.223865
v -0.016594 2.639060 -0.223993
v -0.016610 2.638985 -0.223955
v -0.016647 2.639634 -0.223865
v -0.016594 2.639527 -0.223993
v -0.016610 2.639602 -0.223955
v -0.013390 2.603261 -0.222831
v -0.013337 2.603368 -0.222703
v -0.013353 2.603292 -0.222741
v -0.015233 2.603368 -0.222326
v -0.015233 2.603261 -0.222464
v -0.015233 2.603292 -0.222367
v -0.011827 2.603261 -0.223875
v -0.011730 2.603368 -0.223777
v -0.011759 2.603292 -0.223806
v -0.010784 2.603261 -0.225437
v -0.010656 2.603368 -0.225384
v -0.010694 2.603292 -0.225400
v -0.010417 2.603261 -0.227280
v -0.010279 2.603368 -0.227280
v -0.010320 2.603292 -0.227280
v -0.010784 2.603261 -0.229123
v -0.010656 2.603368 -0.229176
v -0.010694 2.603292 -0.229160
v -0.011827 2.603261 -0.230685
v -0.011730 2.603368 -0.230783
v -0.011759 2.603292 -0.230754
v -0.013390 2.603261 -0.231729
v -0.013337 2.603368 -0.231857
v -0.013353 2.603292 -0.231819
v -0.015233 2.603261 -0.232096
v -0.015233 2.603368 -0.232234
v -0.015233 2.603292 -0.232192
v -0.017076 2.603261 -0.231729
v -0.017129 2.603368 -0.231857
v -0.017113 2.603292 -0.231819
v -0.018638 2.603261 -0.230685
v -0.018736 2.603368 -0.230783
v -0.018706 2.603292 -0.230754
v -0.019682 2.603261 -0.229123
v -0.019810 2.603368 -0.229176
v -0.019771 2.603292 -0.229160
v -0.020048 2.603261 -0.227280
v -0.020187 2.603368 -0.227280
v -0.020145 2.603292 -0.227280
v -0.019682 2.603261 -0.225437
v -0.019810 2.603368 -0.225384
v -0.019771 2.603292 -0.225400
v -0.018638 2.603261 -0.223875
v -0.018736 2.603368 -0.223777
v -0.018706 2.603292 -0.223806
v -0.017076 2.603261 -0.222831
v -0.017129 2.603368 -0.222703
v -0.017113 2.603292 -0.222741
v -0.013894 2.604666 -0.224047
v -0.013848 2.604559 -0.223937
v -0.013862 2.604635 -0.223970
v -0.015233 2.604559 -0.223662
v -0.015233 2.604666 -0.223781
v -0.015233 2.604635 -0.223697
v -0.012758 2.604666 -0.224805
v -0.012674 2.604559 -0.224721
v -0.012699 2.604635 -0.224747
v -0.012000 2.604666 -0.225941
v -0.011890 2.604559 -0.225895
v -0.011923 2.604635 -0.225909
v -0.011733 2.604666 -0.227280
v -0.011614 2.604559 -0.227280
v -0.011650 2.604635 -0.227280
v -0.012000 2.604666 -0.228619
v -0.011890 2.604559 -0.228665
v -0.011923 2.604635 -0.228651
v -0.012758 2.604666 -0.229754
v -0.012674 2.604559 -0.229839
v -0.012699 2.604635 -0.229813
v -0.013894 2.604666 -0.230513
v -0.013848 2.604559 -0.230623
v -0.013862 2.604635 -0.230590
v -0.015233 2.604666 -0.230779
v -0.015233 2.604559 -0.230898
v -0.015233 2.604635 -0.230863
v -0.016572 2.604666 -0.230513
v -0.016617 2.604559 -0.230623
v -0.016604 2.604635 -0.230590
v -0.017707 2.604666 -0.229754
v -0.017791 2.604559 -0.229839
v -0.017766 2.604635 -0.229813
v -0.018466 2.604666 -0.228619
v -0.018576 2.604559 -0.228665
v -0.018543 2.604635 -0.228651
v -0.018732 2.604666 -0.227280
v -0.018851 2.604559 -0.227280
v -0.018815 2.604635 -0.227280
v -0.018466 2.604666 -0.225941
v -0.018576 2.604559 -0.225895
v -0.018543 2.604635 -0.225909
v -0.017707 2.604666 -0.224805
v -0.017791 2.604559 -0.224721
v -0.017766 2.604635 -0.224747
v -0.016572 2.604666 -0.224047
v -0.016617 2.604559 -0.223937
v -0.016604 2.604635 -0.223970
v -0.015233 1.904518 -0.228326
v -0.015233 2.606888 -0.228326
v -0.014493 1.904518 -0.228020
v -0.014493 2.606888 -0.228020
v -0.014186 1.904518 -0.227280
v -0.014186 2.606888 -0.227280
v -0.014493 1.904518 -0.226540
v -0.014493 2.606888 -0.226540
v -0.015233 1.904518 -0.226233
v -0.015233 2.606888 -0.226233
v -0.015973 1.904518 -0.226540
v -0.015973 2.606888 -0.226540
v -0.016279 1.904518 -0.227280
v -0.016279 2.606888 -0.227280
v -0.015973 1.904518 -0.228020
v -0.015973 2.606888 -0.228020
v -0.015233 1.895991 -0.233688
v -0.012780 1.895991 -0.233200
v -0.010701 1.895991 -0.231811
v -0.009312 1.895991 -0.229732
v -0.008824 1.895991 -0.227280
v -0.009312 1.895991 -0.224827
v -0.010701 1.895991 -0.222748
v -0.012780 1.895991 -0.221359
v -0.015233 1.895991 -0.220871
v -0.017685 1.895991 -0.221359
v -0.019764 1.895991 -0.222748
v -0.021153 1.895991 -0.224827
v -0.021641 1.895991 -0.227280
v -0.021153 1.895991 -0.229732
v -0.019764 1.895991 -0.231811
v -0.017685 1.895991 -0.233200
v -0.015233 1.906554 -0.227280
v -0.014158 1.906554 -0.229875
v -0.015233 1.906554 -0.230089
v -0.013247 1.906554 -0.229266
v -0.012638 1.906554 -0.228355
v -0.012424 1.906554 -0.227280
v -0.012638 1.906554 -0.226205
v -0.013247 1.906554 -0.225294
v -0.014158 1.906554 -0.224685
v -0.015233 1.906554 -0.224471
v -0.016308 1.906554 -0.224685
v -0.017219 1.906554 -0.225294
v -0.017828 1.906554 -0.226205
v -0.018042 1.906554 -0.227280
v -0.017828 1.906554 -0.228355
v -0.017219 1.906554 -0.229266
v -0.016308 1.906554 -0.229875
v -0.013862 1.907852 -0.230589
v -0.013817 1.907959 -0.230698
v -0.013848 1.907928 -0.230622
v -0.015233 1.907959 -0.230980
v -0.015233 1.907852 -0.230862
v -0.015233 1.907928 -0.230898
v -0.012700 1.907852 -0.229813
v -0.012616 1.907959 -0.229896
v -0.012675 1.907928 -0.229838
v -0.011923 1.907852 -0.228651
v -0.011814 1.907959 -0.228696
v -0.011890 1.907928 -0.228664
v -0.011650 1.907852 -0.227280
v -0.011533 1.907959 -0.227280
v -0.011615 1.907928 -0.227280
v -0.011923 1.907852 -0.225909
v -0.011814 1.907959 -0.225864
v -0.011890 1.907928 -0.225895
v -0.012700 1.907852 -0.224747
v -0.012616 1.907959 -0.224663
v -0.012675 1.907928 -0.224722
v -0.013862 1.907852 -0.223970
v -0.013817 1.907959 -0.223861
v -0.013848 1.907928 -0.223937
v -0.015233 1.907852 -0.223697
v -0.015233 1.907959 -0.223580
v -0.015233 1.907928 -0.223662
v -0.016604 1.907852 -0.223970
v -0.016649 1.907959 -0.223861
v -0.016617 1.907928 -0.223937
v -0.017766 1.907852 -0.224747
v -0.017849 1.907959 -0.224663
v -0.017791 1.907928 -0.224722
v -0.018542 1.907852 -0.225909
v -0.018651 1.907959 -0.225864
v -0.018575 1.907928 -0.225895
v -0.018815 1.907852 -0.227280
v -0.018933 1.907959 -0.227280
v -0.018850 1.907928 -0.227280
v -0.018542 1.907852 -0.228651
v -0.018651 1.907959 -0.228696
v -0.018575 1.907928 -0.228664
v -0.017766 1.907852 -0.229813
v -0.017849 1.907959 -0.229896
v -0.017791 1.907928 -0.229838
v -0.016604 1.907852 -0.230589
v -0.016649 1.907959 -0.230698
v -0.016617 1.907928 -0.230622
v -0.013885 1.897210 -0.224026
v -0.013832 1.897103 -0.223899
v -0.013869 1.897135 -0.223988
v -0.013832 1.897783 -0.223899
v -0.013885 1.897676 -0.224026
v -0.013869 1.897752 -0.223988
v -0.012742 1.897210 -0.224789
v -0.012645 1.897103 -0.224692
v -0.012713 1.897135 -0.224760
v -0.012645 1.897783 -0.224692
v -0.012742 1.897676 -0.224789
v -0.012713 1.897752 -0.224760
v -0.011979 1.897210 -0.225932
v -0.011852 1.897103 -0.225880
v -0.011941 1.897135 -0.225916
v -0.011852 1.897783 -0.225880
v -0.011979 1.897676 -0.225932
v -0.011941 1.897752 -0.225916
v -0.011711 1.897210 -0.227280
v -0.011574 1.897103 -0.227280
v -0.011669 1.897135 -0.227280
v -0.011574 1.897783 -0.227280
v -0.011711 1.897676 -0.227280
v -0.011669 1.897752 -0.227280
v -0.011979 1.897210 -0.228628
v -0.011852 1.897103 -0.228680
v -0.011941 1.897135 -0.228643
v -0.011852 1.897783 -0.228680
v -0.011979 1.897676 -0.228628
v -0.011941 1.897752 -0.228643
v -0.012742 1.897210 -0.229770
v -0.012645 1.897103 -0.229867
v -0.012713 1.897135 -0.229799
v -0.012645 1.897783 -0.229867
v -0.012742 1.897676 -0.229770
v -0.012713 1.897752 -0.229799
v -0.013885 1.897210 -0.230534
v -0.013832 1.897103 -0.230660
v -0.013869 1.897135 -0.230572
v -0.013832 1.897783 -0.230660
v -0.013885 1.897676 -0.230534
v -0.013869 1.897752 -0.230572
v -0.015233 1.897676 -0.230802
v -0.015233 1.897783 -0.230939
v -0.015233 1.897752 -0.230843
v -0.015233 1.897210 -0.230802
v -0.015233 1.897103 -0.230939
v -0.015233 1.897135 -0.230843
v -0.017110 1.897890 -0.231811
v -0.017057 1.897783 -0.231685
v -0.017094 1.897815 -0.231773
v -0.017633 1.897103 -0.233074
v -0.017685 1.896996 -0.233200
v -0.017669 1.897072 -0.233162
v -0.018701 1.897890 -0.230748
v -0.018604 1.897783 -0.230651
v -0.018672 1.897815 -0.230719
v -0.019667 1.897103 -0.231714
v -0.019764 1.896996 -0.231811
v -0.019735 1.897072 -0.231782
v -0.019764 1.897890 -0.229157
v -0.019638 1.897783 -0.229104
v -0.019726 1.897815 -0.229141
v -0.021027 1.897103 -0.229680
v -0.021153 1.896996 -0.229732
v -0.021115 1.897072 -0.229716
v -0.020137 1.897890 -0.227280
v -0.020000 1.897783 -0.227280
v -0.020096 1.897815 -0.227280
v -0.021504 1.897103 -0.227280
v -0.021641 1.896996 -0.227280
v -0.021600 1.897072 -0.227280
v -0.019764 1.897890 -0.225403
v -0.019638 1.897783 -0.225455
v -0.019726 1.897815 -0.225419
v -0.021027 1.897103 -0.224880
v -0.021153 1.896996 -0.224827
v -0.021115 1.897072 -0.224843
v -0.018701 1.897890 -0.223812
v -0.018604 1.897783 -0.223908
v -0.018672 1.897815 -0.223841
v -0.019667 1.897103 -0.222845
v -0.019764 1.896996 -0.222748
v -0.019735 1.897072 -0.222777
v -0.017110 1.897890 -0.222748
v -0.017057 1.897783 -0.222875
v -0.017094 1.897815 -0.222787
v -0.017633 1.897103 -0.221486
v -0.017685 1.896996 -0.221359
v -0.017669 1.897072 -0.221397
v -0.015233 1.897890 -0.222375
v -0.015233 1.897783 -0.222512
v -0.015233 1.897815 -0.222416
v -0.015233 1.897103 -0.221008
v -0.015233 1.896996 -0.220871
v -0.015233 1.897072 -0.220912
v -0.013356 1.897890 -0.222748
v -0.013408 1.897783 -0.222875
v -0.013372 1.897815 -0.222787
v -0.012833 1.897103 -0.221486
v -0.012780 1.896996 -0.221359
v -0.012796 1.897072 -0.221397
v -0.011765 1.897890 -0.223812
v -0.011861 1.897783 -0.223908
v -0.011794 1.897815 -0.223841
v -0.010798 1.897103 -0.222845
v -0.010701 1.896996 -0.222748
v -0.010730 1.897072 -0.222777
v -0.010701 1.897890 -0.225403
v -0.010828 1.897783 -0.225455
v -0.010739 1.897815 -0.225419
v -0.009439 1.897103 -0.224880
v -0.009312 1.896996 -0.224827
v -0.009350 1.897072 -0.224843
v -0.010328 1.897890 -0.227280
v -0.010465 1.897783 -0.227280
v -0.010369 1.897815 -0.227280
v -0.008961 1.897103 -0.227280
v -0.008824 1.896996 -0.227280
v -0.008865 1.897072 -0.227280
v -0.010701 1.897890 -0.229157
v -0.010828 1.897783 -0.229104
v -0.010739 1.897815 -0.229141
v -0.009439 1.897103 -0.229680
v -0.009312 1.896996 -0.229732
v -0.009350 1.897072 -0.229716
v -0.011765 1.897890 -0.230748
v -0.011861 1.897783 -0.230651
v -0.011794 1.897815 -0.230719
v -0.010798 1.897103 -0.231714
v -0.010701 1.896996 -0.231811
v -0.010730 1.897072 -0.231782
v -0.013356 1.897890 -0.231811
v -0.013408 1.897783 -0.231685
v -0.013372 1.897815 -0.231773
v -0.012833 1.897103 -0.233074
v -0.012780 1.896996 -0.233200
v -0.012796 1.897072 -0.233162
v -0.015233 1.896996 -0.233688
v -0.015233 1.897103 -0.233551
v -0.015233 1.897072 -0.233647
v -0.015233 1.897783 -0.232048
v -0.015233 1.897890 -0.232184
v -0.015233 1.897815 -0.232143
v -0.015233 1.897783 -0.223621
v -0.015233 1.897676 -0.223758
v -0.015233 1.897752 -0.223716
v -0.015233 1.897210 -0.223758
v -0.015233 1.897103 -0.223621
v -0.015233 1.897135 -0.223716
v -0.016633 1.897783 -0.223899
v -0.016581 1.897676 -0.224026
v -0.016596 1.897752 -0.223988
v -0.016581 1.897210 -0.224026
v -0.016633 1.897103 -0.223899
v -0.016596 1.897135 -0.223988
v -0.017820 1.897783 -0.224692
v -0.017723 1.897676 -0.224789
v -0.017752 1.897752 -0.224760
v -0.017723 1.897210 -0.224789
v -0.017820 1.897103 -0.224692
v -0.017752 1.897135 -0.224760
v -0.018613 1.897783 -0.225880
v -0.018487 1.897676 -0.225932
v -0.018525 1.897752 -0.225916
v -0.018487 1.897210 -0.225932
v -0.018613 1.897103 -0.225880
v -0.018525 1.897135 -0.225916
v -0.018892 1.897783 -0.227280
v -0.018755 1.897676 -0.227280
v -0.018796 1.897752 -0.227280
v -0.018755 1.897210 -0.227280
v -0.018892 1.897103 -0.227280
v -0.018796 1.897135 -0.227280
v -0.018613 1.897783 -0.228680
v -0.018487 1.897676 -0.228628
v -0.018525 1.897752 -0.228643
v -0.018487 1.897210 -0.228628
v -0.018613 1.897103 -0.228680
v -0.018525 1.897135 -0.228643
v -0.017820 1.897783 -0.229867
v -0.017723 1.897676 -0.229770
v -0.017752 1.897752 -0.229799
v -0.017723 1.897210 -0.229770
v -0.017820 1.897103 -0.229867
v -0.017752 1.897135 -0.229799
v -0.016633 1.897783 -0.230660
v -0.016581 1.897676 -0.230534
v -0.016596 1.897752 -0.230572
v -0.016633 1.897103 -0.230660
v -0.016581 1.897210 -0.230534
v -0.016596 1.897135 -0.230572
v -0.013408 1.907959 -0.231685
v -0.013356 1.907852 -0.231811
v -0.013372 1.907928 -0.231773
v -0.015233 1.907852 -0.232184
v -0.015233 1.907959 -0.232048
v -0.015233 1.907928 -0.232143
v -0.011861 1.907959 -0.230651
v -0.011765 1.907852 -0.230748
v -0.011794 1.907928 -0.230719
v -0.010828 1.907959 -0.229104
v -0.010701 1.907852 -0.229157
v -0.010739 1.907928 -0.229141
v -0.010465 1.907959 -0.227280
v -0.010328 1.907852 -0.227280
v -0.010369 1.907928 -0.227280
v -0.010828 1.907959 -0.225455
v -0.010701 1.907852 -0.225403
v -0.010739 1.907928 -0.225419
v -0.011861 1.907959 -0.223908
v -0.011765 1.907852 -0.223812
v -0.011794 1.907928 -0.223841
v -0.013408 1.907959 -0.222875
v -0.013356 1.907852 -0.222748
v -0.013372 1.907928 -0.222787
v -0.015233 1.907959 -0.222512
v -0.015233 1.907852 -0.222375
v -0.015233 1.907928 -0.222416
v -0.017057 1.907959 -0.222875
v -0.017110 1.907852 -0.222748
v -0.017094 1.907928 -0.222787
v -0.018604 1.907959 -0.223908
v -0.018701 1.907852 -0.223812
v -0.018672 1.907928 -0.223841
v -0.019638 1.907959 -0.225455
v -0.019764 1.907852 -0.225403
v -0.019726 1.907928 -0.225419
v -0.020000 1.907959 -0.227280
v -0.020137 1.907852 -0.227280
v -0.020096 1.907928 -0.227280
v -0.019638 1.907959 -0.229104
v -0.019764 1.907852 -0.229157
v -0.019726 1.907928 -0.229141
v -0.018604 1.907959 -0.230651
v -0.018701 1.907852 -0.230748
v -0.018672 1.907928 -0.230719
v -0.017057 1.907959 -0.231685
v -0.017110 1.907852 -0.231811
v -0.017094 1.907928 -0.231773
v -0.013907 1.906554 -0.230481
v -0.013862 1.906661 -0.230589
v -0.013875 1.906585 -0.230557
v -0.015233 1.906661 -0.230862
v -0.015233 1.906554 -0.230744
v -0.015233 1.906585 -0.230827
v -0.012783 1.906554 -0.229730
v -0.012700 1.906661 -0.229813
v -0.012725 1.906585 -0.229788
v -0.012032 1.906554 -0.228606
v -0.011923 1.906661 -0.228651
v -0.011956 1.906585 -0.228637
v -0.011768 1.906554 -0.227280
v -0.011650 1.906661 -0.227280
v -0.011686 1.906585 -0.227280
v -0.012032 1.906554 -0.225954
v -0.011923 1.906661 -0.225909
v -0.011956 1.906585 -0.225922
v -0.012783 1.906554 -0.224830
v -0.012700 1.906661 -0.224747
v -0.012725 1.906585 -0.224772
v -0.013907 1.906554 -0.224079
v -0.013862 1.906661 -0.223970
v -0.013875 1.906585 -0.224003
v -0.015233 1.906554 -0.223815
v -0.015233 1.906661 -0.223697
v -0.015233 1.906585 -0.223733
v -0.016559 1.906554 -0.224079
v -0.016604 1.906661 -0.223970
v -0.016590 1.906585 -0.224003
v -0.017683 1.906554 -0.224830
v -0.017766 1.906661 -0.224747
v -0.017741 1.906585 -0.224772
v -0.018434 1.906554 -0.225954
v -0.018542 1.906661 -0.225909
v -0.018510 1.906585 -0.225922
v -0.018697 1.906554 -0.227280
v -0.018815 1.906661 -0.227280
v -0.018780 1.906585 -0.227280
v -0.018434 1.906554 -0.228606
v -0.018542 1.906661 -0.228651
v -0.018510 1.906585 -0.228637
v -0.017683 1.906554 -0.229730
v -0.017766 1.906661 -0.229813
v -0.017741 1.906585 -0.229788
v -0.016559 1.906554 -0.230481
v -0.016604 1.906661 -0.230589
v -0.016590 1.906585 -0.230557
v -0.039735 2.640336 0.284578
v -0.039735 2.642336 0.286578
v -0.041735 2.642336 0.284578
v -0.039735 2.640922 0.285992
v -0.040890 2.641181 0.285732
v -0.041149 2.642336 0.285992
v -0.041149 2.640922 0.284578
v -0.041735 2.696423 0.284578
v -0.039735 2.696423 0.286578
v -0.041149 2.696423 0.285992
v -0.039735 2.640336 -0.268851
v -0.041735 2.642336 -0.268851
v -0.039735 2.642336 -0.270851
v -0.041149 2.640922 -0.268851
v -0.040890 2.641181 -0.270006
v -0.041149 2.642336 -0.270266
v -0.039735 2.640922 -0.270266
v -0.039735 2.696423 -0.270851
v -0.041735 2.696423 -0.268851
v -0.041149 2.696423 -0.270266
v 0.009270 2.640336 0.284578
v 0.011270 2.642336 0.284578
v 0.009270 2.642336 0.286578
v 0.010684 2.640922 0.284578
v 0.010424 2.641181 0.285732
v 0.010684 2.642336 0.285992
v 0.009270 2.640922 0.285992
v 0.009270 2.696423 0.286578
v 0.011270 2.696423 0.284578
v 0.010684 2.696423 0.285992
v 0.009270 2.640336 -0.268851
v 0.009270 2.642336 -0.270851
v 0.011270 2.642336 -0.268851
v 0.009270 2.640922 -0.270266
v 0.010424 2.641181 -0.270006
v 0.010684 2.642336 -0.270266
v 0.010684 2.640922 -0.268851
v 0.011270 2.696423 -0.268851
v 0.009270 2.696423 -0.270851
v 0.010684 2.696423 -0.270266
v -0.013193 2.654301 0.204968
v -0.012729 2.654303 0.205893
v -0.012790 2.654304 0.206927
v -0.013360 2.654303 0.207791
v -0.014285 2.654301 0.208255
v -0.015319 2.654297 0.208194
v -0.016183 2.654294 0.207624
v -0.016647 2.654292 0.206698
v -0.016586 2.654291 0.205665
v -0.016016 2.654292 0.204801
v -0.015090 2.654294 0.204337
v -0.014057 2.654297 0.204398
v -0.013037 2.606739 0.204109
v -0.012573 2.606700 0.205034
v -0.012634 2.606654 0.206066
v -0.013204 2.606614 0.206930
v -0.014130 2.606590 0.207393
v -0.015163 2.606589 0.207332
v -0.016028 2.606612 0.206763
v -0.016491 2.606652 0.205838
v -0.016430 2.606698 0.204806
v -0.015861 2.606738 0.203942
v -0.014935 2.606761 0.203479
v -0.013902 2.606762 0.203540
v -0.012934 2.574280 0.201812
v -0.012470 2.574186 0.202733
v -0.012531 2.574080 0.203761
v -0.013100 2.573991 0.204621
v -0.014026 2.573941 0.205082
v -0.015059 2.573944 0.205021
v -0.015924 2.574000 0.204454
v -0.016388 2.574093 0.203534
v -0.016327 2.574199 0.202506
v -0.015758 2.574289 0.201646
v -0.014832 2.574339 0.201184
v -0.013799 2.574335 0.201245
v -0.012879 2.550998 0.198672
v -0.012415 2.550859 0.199587
v -0.012475 2.550704 0.200609
v -0.013045 2.550573 0.201464
v -0.013970 2.550502 0.201923
v -0.015004 2.550510 0.201862
v -0.015868 2.550594 0.201299
v -0.016332 2.550733 0.200384
v -0.016272 2.550888 0.199362
v -0.015702 2.551019 0.198508
v -0.014777 2.551090 0.198049
v -0.013743 2.551082 0.198109
v -0.012867 2.530951 0.195278
v -0.012403 2.530812 0.196193
v -0.012464 2.530657 0.197215
v -0.013033 2.530527 0.198070
v -0.013958 2.530457 0.198529
v -0.014992 2.530467 0.198469
v -0.015857 2.530553 0.197906
v -0.016321 2.530692 0.196991
v -0.016260 2.530847 0.195969
v -0.015691 2.530977 0.195114
v -0.014765 2.531046 0.194655
v -0.013732 2.531036 0.194715
v -0.012895 2.508244 0.192227
v -0.012431 2.508151 0.193148
v -0.012492 2.508047 0.194176
v -0.013061 2.507962 0.195036
v -0.013987 2.507916 0.195498
v -0.015020 2.507924 0.195438
v -0.015885 2.507983 0.194872
v -0.016349 2.508076 0.193951
v -0.016288 2.508180 0.192923
v -0.015719 2.508265 0.192062
v -0.014794 2.508310 0.191601
v -0.013760 2.508302 0.191661
v -0.012960 2.477014 0.190128
v -0.012495 2.476993 0.191053
v -0.012556 2.476971 0.192086
v -0.013125 2.476953 0.192951
v -0.014050 2.476945 0.193415
v -0.015084 2.476949 0.193354
v -0.015949 2.476963 0.192785
v -0.016413 2.476984 0.191860
v -0.016352 2.477006 0.190827
v -0.015783 2.477023 0.189962
v -0.014858 2.477031 0.189498
v -0.013824 2.477028 0.189559
v -0.013005 2.457904 0.190590
v -0.012541 2.457961 0.191514
v -0.012601 2.458026 0.192545
v -0.013170 2.458082 0.193408
v -0.014095 2.458113 0.193872
v -0.015129 2.458112 0.193811
v -0.015994 2.458079 0.193243
v -0.016458 2.458022 0.192320
v -0.016398 2.457957 0.191288
v -0.015829 2.457901 0.190425
v -0.014904 2.457869 0.189962
v -0.013870 2.457870 0.190022
v -0.013060 2.438281 0.192590
v -0.012595 2.438380 0.193510
v -0.012656 2.438492 0.194537
v -0.013224 2.438587 0.195397
v -0.014150 2.438640 0.195859
v -0.015183 2.438637 0.195798
v -0.016048 2.438578 0.195233
v -0.016513 2.438479 0.194313
v -0.016452 2.438366 0.193285
v -0.015884 2.438271 0.192426
v -0.014958 2.438218 0.191964
v -0.013925 2.438221 0.192024
v -0.013121 2.418318 0.194911
v -0.012657 2.418403 0.195832
v -0.012717 2.418500 0.196861
v -0.013286 2.418582 0.197722
v -0.014211 2.418628 0.198184
v -0.015245 2.418626 0.198124
v -0.016109 2.418576 0.197557
v -0.016574 2.418491 0.196636
v -0.016514 2.418394 0.195607
v -0.015945 2.418312 0.194746
v -0.015020 2.418266 0.194284
v -0.013986 2.418268 0.194344
v -0.013187 2.398158 0.196350
v -0.012723 2.398175 0.197275
v -0.012783 2.398195 0.198308
v -0.013353 2.398214 0.199173
v -0.014278 2.398227 0.199637
v -0.015311 2.398229 0.199577
v -0.016176 2.398221 0.199008
v -0.016640 2.398204 0.198082
v -0.016580 2.398183 0.197049
v -0.016011 2.398164 0.196185
v -0.015086 2.398151 0.195720
v -0.014052 2.398149 0.195781
v -0.013256 2.377942 0.195718
v -0.012792 2.377838 0.196637
v -0.012853 2.377724 0.197665
v -0.013422 2.377630 0.198524
v -0.014348 2.377582 0.198986
v -0.015381 2.377592 0.198925
v -0.016246 2.377658 0.198360
v -0.016710 2.377762 0.197440
v -0.016649 2.377876 0.196413
v -0.016079 2.377970 0.195553
v -0.015154 2.378018 0.195092
v -0.014120 2.378008 0.195152
v -0.013326 2.357629 0.191795
v -0.012862 2.357482 0.192709
v -0.012923 2.357319 0.193730
v -0.013492 2.357185 0.194584
v -0.014418 2.357115 0.195042
v -0.015452 2.357127 0.194982
v -0.016316 2.357220 0.194420
v -0.016780 2.357367 0.193506
v -0.016719 2.357530 0.192486
v -0.016149 2.357664 0.191632
v -0.015223 2.357734 0.191173
v -0.014190 2.357722 0.191233
v -0.013407 2.330301 0.188345
v -0.012943 2.330267 0.189269
v -0.013004 2.330230 0.190302
v -0.013573 2.330201 0.191167
v -0.014499 2.330187 0.191630
v -0.015532 2.330192 0.191570
v -0.016397 2.330215 0.191001
v -0.016861 2.330249 0.190076
v -0.016800 2.330285 0.189043
v -0.016231 2.330315 0.188179
v -0.015305 2.330329 0.187715
v -0.014272 2.330324 0.187776
v -0.013493 2.296837 0.190163
v -0.013029 2.296924 0.191084
v -0.013089 2.297022 0.192113
v -0.013658 2.297105 0.192974
v -0.014584 2.297151 0.193436
v -0.015617 2.297148 0.193376
v -0.016482 2.297096 0.192809
v -0.016947 2.297010 0.191888
v -0.016886 2.296912 0.190859
v -0.016317 2.296829 0.189998
v -0.015392 2.296783 0.189536
v -0.014358 2.296786 0.189596
v -0.013583 2.260581 0.195083
v -0.013119 2.260717 0.195998
v -0.013179 2.260870 0.197020
v -0.013748 2.260999 0.197876
v -0.014673 2.261070 0.198335
v -0.015707 2.261064 0.198275
v -0.016571 2.260982 0.197712
v -0.017036 2.260846 0.196797
v -0.016976 2.260693 0.195775
v -0.016407 2.260564 0.194919
v -0.015482 2.260493 0.194460
v -0.014448 2.260499 0.194520
v -0.013676 2.224724 0.200944
v -0.013212 2.224863 0.201859
v -0.013272 2.225021 0.202881
v -0.013841 2.225154 0.203735
v -0.014766 2.225227 0.204194
v -0.015800 2.225220 0.204134
v -0.016665 2.225136 0.203571
v -0.017129 2.224997 0.202657
v -0.017069 2.224839 0.201635
v -0.016500 2.224706 0.200781
v -0.015575 2.224633 0.200322
v -0.014541 2.224640 0.200382
v -0.013772 2.192508 0.205595
v -0.013308 2.192596 0.206516
v -0.013368 2.192697 0.207545
v -0.013937 2.192783 0.208405
v -0.014862 2.192831 0.208867
v -0.015896 2.192829 0.208807
v -0.016761 2.192776 0.208240
v -0.017225 2.192688 0.207319
v -0.017165 2.192587 0.206291
v -0.016596 2.192501 0.205430
v -0.015670 2.192453 0.204968
v -0.014637 2.192455 0.205029
v -0.013870 2.167191 0.206900
v -0.013406 2.167153 0.207824
v -0.013467 2.167114 0.208857
v -0.014036 2.167083 0.209721
v -0.014962 2.167069 0.210185
v -0.015995 2.167076 0.210124
v -0.016860 2.167102 0.209555
v -0.017324 2.167140 0.208630
v -0.017263 2.167179 0.207598
v -0.016693 2.167210 0.206734
v -0.015768 2.167223 0.206270
v -0.014734 2.167217 0.206331
v -0.014071 2.129406 0.202028
v -0.013607 2.129217 0.202934
v -0.013669 2.129009 0.203946
v -0.014240 2.128839 0.204793
v -0.015165 2.128751 0.205248
v -0.016199 2.128769 0.205189
v -0.017063 2.128889 0.204631
v -0.017526 2.129078 0.203725
v -0.017464 2.129286 0.202713
v -0.016894 2.129457 0.201865
v -0.015968 2.129544 0.201411
v -0.014935 2.129526 0.201470
v -0.014275 2.098032 0.193092
v -0.013813 2.097730 0.193967
v -0.013875 2.097397 0.194946
v -0.014446 2.097122 0.195764
v -0.015372 2.096979 0.196204
v -0.016406 2.097005 0.196147
v -0.017269 2.097195 0.195608
v -0.017732 2.097497 0.194733
v -0.017669 2.097830 0.193754
v -0.017098 2.098105 0.192936
v -0.016172 2.098248 0.192496
v -0.015139 2.098222 0.192553
v -0.014480 2.070594 0.182139
v -0.014018 2.070240 0.182995
v -0.014081 2.069849 0.183951
v -0.014652 2.069525 0.184752
v -0.015578 2.069356 0.185182
v -0.016612 2.069386 0.185126
v -0.017475 2.069608 0.184600
v -0.017937 2.069963 0.183744
v -0.017874 2.070354 0.182787
v -0.017303 2.070678 0.181987
v -0.016376 2.070847 0.181557
v -0.015343 2.070816 0.181613
v -0.014681 2.044621 0.171222
v -0.014218 2.044294 0.172088
v -0.014281 2.043934 0.173057
v -0.014852 2.043636 0.173867
v -0.015779 2.043481 0.174303
v -0.016812 2.043509 0.174247
v -0.017675 2.043715 0.173713
v -0.018138 2.044041 0.172847
v -0.018075 2.044401 0.171878
v -0.017504 2.044699 0.171068
v -0.016577 2.044854 0.170632
v -0.015544 2.044826 0.170688
v -0.014874 2.017664 0.162431
v -0.014411 2.017449 0.163331
v -0.014473 2.017212 0.164337
v -0.015043 2.017017 0.165179
v -0.015969 2.016916 0.165631
v -0.017002 2.016937 0.165572
v -0.017866 2.017073 0.165018
v -0.018329 2.017289 0.164118
v -0.018267 2.017526 0.163112
v -0.017697 2.017721 0.162270
v -0.016771 2.017822 0.161818
v -0.015738 2.017801 0.161877
v -0.015054 1.987358 0.157896
v -0.014590 1.987288 0.158819
v -0.014652 1.987211 0.159850
v -0.015222 1.987148 0.160712
v -0.016147 1.987115 0.161174
v -0.017181 1.987121 0.161113
v -0.018045 1.987165 0.160545
v -0.018509 1.987235 0.159622
v -0.018447 1.987312 0.158592
v -0.017878 1.987375 0.157730
v -0.016952 1.987408 0.157267
v -0.015918 1.987402 0.157328
v -0.014987 1.959617 0.157879
v -0.014524 1.959682 0.158803
v -0.014586 1.959747 0.159834
v -0.015157 1.959795 0.160697
v -0.016083 1.959813 0.161159
v -0.017116 1.959797 0.161098
v -0.017980 1.959750 0.160529
v -0.018443 1.959686 0.159606
v -0.018381 1.959621 0.158574
v -0.017810 1.959573 0.157712
v -0.016885 1.959555 0.157249
v -0.015851 1.959571 0.157310
v -0.014554 1.939686 0.160438
v -0.014094 1.939874 0.161346
v -0.014159 1.940066 0.162362
v -0.014731 1.940210 0.163212
v -0.015658 1.940269 0.163670
v -0.016691 1.940226 0.163612
v -0.017553 1.940092 0.163054
v -0.018013 1.939904 0.162146
v -0.017948 1.939712 0.161131
v -0.017376 1.939568 0.160281
v -0.016449 1.939509 0.159823
v -0.015416 1.939552 0.159881
v -0.013925 1.924272 0.164373
v -0.013468 1.924534 0.165264
v -0.013535 1.924803 0.166261
v -0.014110 1.925006 0.167098
v -0.015037 1.925089 0.167550
v -0.016070 1.925029 0.167496
v -0.016930 1.924843 0.166951
v -0.017387 1.924581 0.166060
v -0.017320 1.924312 0.165063
v -0.016745 1.924109 0.164226
v -0.015817 1.924026 0.163774
v -0.014785 1.924086 0.163828
v -0.013271 1.910117 0.168469
v -0.012813 1.910350 0.169367
v -0.012879 1.910587 0.170373
v -0.013453 1.910767 0.171216
v -0.014380 1.910839 0.171670
v -0.015412 1.910786 0.171615
v -0.016273 1.910621 0.171064
v -0.016732 1.910389 0.170165
v -0.016666 1.910151 0.169160
v -0.016092 1.909972 0.168317
v -0.015165 1.909899 0.167862
v -0.014132 1.909952 0.167918
v -0.012759 1.893883 0.171554
v -0.012297 1.893998 0.172473
v -0.012360 1.894115 0.173499
v -0.012931 1.894203 0.174359
v -0.013857 1.894237 0.174820
v -0.014890 1.894209 0.174760
v -0.015754 1.894126 0.174195
v -0.016216 1.894011 0.173275
v -0.016153 1.893893 0.172249
v -0.015582 1.893806 0.171390
v -0.014656 1.893771 0.170928
v -0.013623 1.893800 0.170988
v -0.012552 1.872172 0.172473
v -0.012088 1.872152 0.173398
v -0.012149 1.872130 0.174431
v -0.012719 1.872111 0.175295
v -0.013645 1.872101 0.175759
v -0.014678 1.872102 0.175698
v -0.015543 1.872115 0.175128
v -0.016006 1.872135 0.174202
v -0.015945 1.872157 0.173169
v -0.015375 1.872176 0.172305
v -0.014449 1.872186 0.171842
v -0.013416 1.872185 0.171903
v -0.039735 2.640336 0.280039
v -0.039735 2.640336 -0.264313
v -0.041149 2.640922 -0.264313
v -0.041149 2.640922 0.280039
v -0.041735 2.642336 0.280039
v -0.041735 2.642336 -0.264313
v 0.009270 2.640336 -0.264313
v 0.009270 2.640336 0.280039
v 0.010684 2.640922 0.280039
v 0.010684 2.640922 -0.264313
v 0.011270 2.642336 -0.264313
v 0.011270 2.642336 0.280039
v -0.041735 2.696423 -0.264313
v -0.041735 2.696423 0.280039
v 0.011270 2.696423 0.280039
v 0.011270 2.696423 -0.264313
v 0.010684 2.644824 -0.270266
v 0.010684 2.693935 -0.270266
v 0.011270 2.693935 -0.268851
v 0.011270 2.644824 -0.268851
v -0.041735 2.644824 -0.268851
v -0.041735 2.693935 -0.268851
v -0.041149 2.693935 -0.270266
v -0.041149 2.644824 -0.270266
v -0.039735 2.693935 -0.270851
v -0.039735 2.644824 -0.270851
v -0.041735 2.693935 0.284578
v -0.041735 2.644824 0.284578
v -0.041149 2.644824 0.285992
v -0.041149 2.693935 0.285992
v -0.039735 2.644824 0.286578
v -0.039735 2.693935 0.286578
v 0.009270 2.644824 -0.270851
v 0.009270 2.693935 -0.270851
v 0.009270 2.693935 0.286578
v 0.009270 2.644824 0.286578
v 0.010684 2.693935 0.285992
v 0.010684 2.644824 0.285992
v 0.011270 2.644824 0.284578
v 0.011270 2.693935 0.284578
v -0.041735 2.693935 -0.264313
v -0.041735 2.644824 -0.264313
v -0.041735 2.644824 0.280039
v -0.041735 2.693935 0.280039
v 0.011270 2.644824 0.280039
v 0.011270 2.693935 0.280039
v 0.011270 2.644824 -0.264313
v 0.011270 2.693935 -0.264313
v 0.004979 2.644824 0.286578
v -0.035445 2.644824 0.286578
v 0.004979 2.693935 0.286578
v -0.035445 2.693935 0.286578
v 0.004979 2.644824 -0.270851
v -0.035445 2.644824 -0.270851
v -0.035445 2.693935 -0.270851
v 0.004979 2.693935 -0.270851
v -0.035445 2.640336 -0.264313
v 0.004979 2.640336 -0.264313
v 0.004979 2.640336 0.280039
v -0.035445 2.640336 0.280039
v 0.004979 2.696423 -0.270851
v -0.035445 2.696423 -0.270851
v -0.035445 2.696423 0.286578
v 0.004979 2.696423 0.286578
v -0.035445 2.642336 0.286578
v 0.004979 2.642336 0.286578
v 0.004979 2.640922 0.285992
v -0.035445 2.640922 0.285992
v -0.035445 2.640336 0.284578
v 0.004979 2.640336 0.284578
v 0.004979 2.642336 -0.270851
v -0.035445 2.642336 -0.270851
v -0.035445 2.640922 -0.270266
v 0.004979 2.640922 -0.270266
v -0.035445 2.640336 -0.268851
v 0.004979 2.640336 -0.268851
v -0.018736 2.603909 -0.223777
v -0.018736 2.638305 -0.223777
v -0.017129 2.603909 -0.222703
v -0.017129 2.638305 -0.222703
v -0.015233 2.603909 -0.222326
v -0.015233 2.638305 -0.222326
v -0.019810 2.638305 -0.225384
v -0.019810 2.603909 -0.225384
v -0.020187 2.638305 -0.227280
v -0.020187 2.603909 -0.227280
v -0.019810 2.638305 -0.229176
v -0.019810 2.603909 -0.229176
v -0.018736 2.603909 -0.230783
v -0.018736 2.638305 -0.230783
v -0.017129 2.638305 -0.231857
v -0.017129 2.603909 -0.231857
v -0.015233 2.638305 -0.232234
v -0.015233 2.603909 -0.232234
v -0.013337 2.638305 -0.231857
v -0.013337 2.603909 -0.231857
v -0.011730 2.638305 -0.230783
v -0.011730 2.603909 -0.230783
v -0.010656 2.638305 -0.229176
v -0.010656 2.603909 -0.229176
v -0.010279 2.638305 -0.227280
v -0.010279 2.603909 -0.227280
v -0.010656 2.638305 -0.225384
v -0.010656 2.603909 -0.225384
v -0.011730 2.638305 -0.223777
v -0.011730 2.603909 -0.223777
v -0.013337 2.638305 -0.222703
v -0.013337 2.603909 -0.222703
v -0.013356 1.907269 -0.231811
v -0.013356 1.898473 -0.231811
v -0.011765 1.898473 -0.230748
v -0.011765 1.907269 -0.230748
v -0.010701 1.907269 -0.229157
v -0.010701 1.898473 -0.229157
v -0.010328 1.907269 -0.227280
v -0.010328 1.898473 -0.227280
v -0.010701 1.898473 -0.225403
v -0.010701 1.907269 -0.225403
v -0.011765 1.907269 -0.223812
v -0.011765 1.898473 -0.223812
v -0.013356 1.907269 -0.222748
v -0.013356 1.898473 -0.222748
v -0.015233 1.907269 -0.222375
v -0.015233 1.898473 -0.222375
v -0.017110 1.898473 -0.222748
v -0.017110 1.907269 -0.222748
v -0.018701 1.898473 -0.223812
v -0.018701 1.907269 -0.223812
v -0.019764 1.898473 -0.225403
v -0.019764 1.907269 -0.225403
v -0.020137 1.907269 -0.227280
v -0.020137 1.898473 -0.227280
v -0.019764 1.898473 -0.229157
v -0.019764 1.907269 -0.229157
v -0.015233 1.907269 -0.232184
v -0.015233 1.898473 -0.232184
v -0.017110 1.898473 -0.231811
v -0.017110 1.907269 -0.231811
v -0.018701 1.907269 -0.230748
v -0.018701 1.898473 -0.230748
v -0.015233 2.640745 0.245867
v -0.012756 2.640745 0.245374
v -0.010656 2.640745 0.243971
v -0.009252 2.640745 0.241871
v -0.008760 2.640745 0.239394
v -0.009252 2.640745 0.236917
v -0.010656 2.640745 0.234817
v -0.012756 2.640745 0.233414
v -0.015233 2.640745 0.232921
v -0.017710 2.640745 0.233414
v -0.019810 2.640745 0.234817
v -0.021213 2.640745 0.236917
v -0.021706 2.640745 0.239394
v -0.021213 2.640745 0.241871
v -0.019810 2.640745 0.243971
v -0.017710 2.640745 0.245374
v -0.015233 2.604666 0.239394
v -0.014147 2.604666 0.242015
v -0.015233 2.604666 0.242231
v -0.013227 2.604666 0.241400
v -0.012612 2.604666 0.240480
v -0.012396 2.604666 0.239394
v -0.012612 2.604666 0.238308
v -0.013227 2.604666 0.237388
v -0.014147 2.604666 0.236773
v -0.015233 2.604666 0.236557
v -0.016318 2.604666 0.236773
v -0.017239 2.604666 0.237388
v -0.017854 2.604666 0.238308
v -0.018070 2.604666 0.239394
v -0.017854 2.604666 0.240480
v -0.017239 2.604666 0.241400
v -0.016318 2.604666 0.242015
v -0.013848 2.603368 0.242737
v -0.013803 2.603261 0.242847
v -0.013834 2.603292 0.242770
v -0.015233 2.603261 0.243131
v -0.015233 2.603368 0.243012
v -0.015233 2.603292 0.243048
v -0.012674 2.603368 0.241953
v -0.012590 2.603261 0.242037
v -0.012649 2.603292 0.241978
v -0.011890 2.603368 0.240779
v -0.011780 2.603261 0.240824
v -0.011857 2.603292 0.240792
v -0.011614 2.603368 0.239394
v -0.011495 2.603261 0.239394
v -0.011579 2.603292 0.239394
v -0.011890 2.603368 0.238009
v -0.011780 2.603261 0.237964
v -0.011857 2.603292 0.237996
v -0.012674 2.603368 0.236835
v -0.012590 2.603261 0.236751
v -0.012649 2.603292 0.236810
v -0.013848 2.603368 0.236051
v -0.013803 2.603261 0.235941
v -0.013834 2.603292 0.236018
v -0.015233 2.603368 0.235776
v -0.015233 2.603261 0.235657
v -0.015233 2.603292 0.235740
v -0.016617 2.603368 0.236051
v -0.016663 2.603261 0.235941
v -0.016631 2.603292 0.236018
v -0.017791 2.603368 0.236835
v -0.017875 2.603261 0.236751
v -0.017817 2.603292 0.236810
v -0.018576 2.603368 0.238009
v -0.018686 2.603261 0.237964
v -0.018609 2.603292 0.237996
v -0.018851 2.603368 0.239394
v -0.018970 2.603261 0.239394
v -0.018887 2.603292 0.239394
v -0.018576 2.603368 0.240779
v -0.018686 2.603261 0.240824
v -0.018609 2.603292 0.240792
v -0.017791 2.603368 0.241953
v -0.017875 2.603261 0.242037
v -0.017817 2.603292 0.241978
v -0.016617 2.603368 0.242737
v -0.016663 2.603261 0.242847
v -0.016631 2.603292 0.242770
v -0.013871 2.639527 0.236107
v -0.013818 2.639634 0.235979
v -0.013855 2.639602 0.236069
v -0.013818 2.638953 0.235979
v -0.013871 2.639060 0.236107
v -0.013855 2.638985 0.236069
v -0.012717 2.639527 0.236878
v -0.012619 2.639634 0.236780
v -0.012688 2.639602 0.236849
v -0.012619 2.638953 0.236780
v -0.012717 2.639060 0.236878
v -0.012688 2.638985 0.236849
v -0.011946 2.639527 0.238032
v -0.011818 2.639634 0.237980
v -0.011907 2.639602 0.238017
v -0.011818 2.638953 0.237980
v -0.011946 2.639060 0.238032
v -0.011907 2.638985 0.238017
v -0.011675 2.639527 0.239394
v -0.011537 2.639634 0.239394
v -0.011634 2.639602 0.239394
v -0.011537 2.638953 0.239394
v -0.011675 2.639060 0.239394
v -0.011634 2.638985 0.239394
v -0.011946 2.639527 0.240755
v -0.011818 2.639634 0.240808
v -0.011907 2.639602 0.240771
v -0.011818 2.638953 0.240808
v -0.011946 2.639060 0.240755
v -0.011907 2.638985 0.240771
v -0.012717 2.639527 0.241910
v -0.012619 2.639634 0.242007
v -0.012688 2.639602 0.241939
v -0.012619 2.638953 0.242007
v -0.012717 2.639060 0.241910
v -0.012688 2.638985 0.241939
v -0.013871 2.639527 0.242681
v -0.013818 2.639634 0.242809
v -0.013855 2.639602 0.242719
v -0.013818 2.638953 0.242809
v -0.013871 2.639060 0.242681
v -0.013855 2.638985 0.242719
v -0.015233 2.639060 0.242952
v -0.015233 2.638953 0.243090
v -0.015233 2.638985 0.242993
v -0.015233 2.639527 0.242952
v -0.015233 2.639634 0.243090
v -0.015233 2.639602 0.242993
v -0.017129 2.638846 0.243971
v -0.017076 2.638953 0.243843
v -0.017113 2.638922 0.243932
v -0.017657 2.639634 0.245246
v -0.017710 2.639741 0.245374
v -0.017694 2.639665 0.245336
v -0.018736 2.638846 0.242897
v -0.018638 2.638953 0.242799
v -0.018706 2.638922 0.242868
v -0.019712 2.639634 0.243873
v -0.019810 2.639741 0.243971
v -0.019780 2.639665 0.243942
v -0.019810 2.638846 0.241290
v -0.019682 2.638953 0.241237
v -0.019771 2.638922 0.241274
v -0.021085 2.639634 0.241818
v -0.021213 2.639741 0.241871
v -0.021175 2.639665 0.241855
v -0.020187 2.638846 0.239394
v -0.020048 2.638953 0.239394
v -0.020145 2.638922 0.239394
v -0.021567 2.639634 0.239394
v -0.021706 2.639741 0.239394
v -0.021664 2.639665 0.239394
v -0.019810 2.638846 0.237498
v -0.019682 2.638953 0.237551
v -0.019771 2.638922 0.237514
v -0.021085 2.639634 0.236970
v -0.021213 2.639741 0.236917
v -0.021175 2.639665 0.236933
v -0.018736 2.638846 0.235891
v -0.018638 2.638953 0.235989
v -0.018706 2.638922 0.235920
v -0.019712 2.639634 0.234915
v -0.019810 2.639741 0.234817
v -0.019780 2.639665 0.234846
v -0.017129 2.638846 0.234817
v -0.017076 2.638953 0.234945
v -0.017113 2.638922 0.234855
v -0.017657 2.639634 0.233541
v -0.017710 2.639741 0.233414
v -0.017694 2.639665 0.233452
v -0.015233 2.638846 0.234440
v -0.015233 2.638953 0.234578
v -0.015233 2.638922 0.234481
v -0.015233 2.639634 0.233059
v -0.015233 2.639741 0.232921
v -0.015233 2.639665 0.232962
v -0.013337 2.638846 0.234817
v -0.013390 2.638953 0.234945
v -0.013353 2.638922 0.234855
v -0.012809 2.639634 0.233541
v -0.012756 2.639741 0.233414
v -0.012772 2.639665 0.233452
v -0.011730 2.638846 0.235891
v -0.011827 2.638953 0.235989
v -0.011759 2.638922 0.235920
v -0.010753 2.639634 0.234915
v -0.010656 2.639741 0.234817
v -0.010685 2.639665 0.234846
v -0.010656 2.638846 0.237498
v -0.010784 2.638953 0.237551
v -0.010694 2.638922 0.237514
v -0.009380 2.639634 0.236970
v -0.009252 2.639741 0.236917
v -0.009291 2.639665 0.236933
v -0.010279 2.638846 0.239394
v -0.010417 2.638953 0.239394
v -0.010320 2.638922 0.239394
v -0.008898 2.639634 0.239394
v -0.008760 2.639741 0.239394
v -0.008801 2.639665 0.239394
v -0.010656 2.638846 0.241290
v -0.010784 2.638953 0.241237
v -0.010694 2.638922 0.241274
v -0.009380 2.639634 0.241818
v -0.009252 2.639741 0.241871
v -0.009291 2.639665 0.241855
v -0.011730 2.638846 0.242897
v -0.011827 2.638953 0.242799
v -0.011759 2.638922 0.242868
v -0.010753 2.639634 0.243873
v -0.010656 2.639741 0.243971
v -0.010685 2.639665 0.243942
v -0.013337 2.638846 0.243971
v -0.013390 2.638953 0.243843
v -0.013353 2.638922 0.243932
v -0.012809 2.639634 0.245246
v -0.012756 2.639741 0.245374
v -0.012772 2.639665 0.245336
v -0.015233 2.639741 0.245867
v -0.015233 2.639634 0.245729
v -0.015233 2.639665 0.245825
v -0.015233 2.638953 0.244210
v -0.015233 2.638846 0.244348
v -0.015233 2.638922 0.244306
v -0.015233 2.638953 0.235698
v -0.015233 2.639060 0.235836
v -0.015233 2.638985 0.235795
v -0.015233 2.639527 0.235836
v -0.015233 2.639634 0.235698
v -0.015233 2.639602 0.235795
v -0.016647 2.638953 0.235979
v -0.016594 2.639060 0.236107
v -0.016610 2.638985 0.236069
v -0.016594 2.639527 0.236107
v -0.016647 2.639634 0.235979
v -0.016610 2.639602 0.236069
v -0.017846 2.638953 0.236780
v -0.017748 2.639060 0.236878
v -0.017778 2.638985 0.236849
v -0.017748 2.639527 0.236878
v -0.017846 2.639634 0.236780
v -0.017778 2.639602 0.236849
v -0.018647 2.638953 0.237980
v -0.018520 2.639060 0.238032
v -0.018558 2.638985 0.238017
v -0.018520 2.639527 0.238032
v -0.018647 2.639634 0.237980
v -0.018558 2.639602 0.238017
v -0.018929 2.638953 0.239394
v -0.018790 2.639060 0.239394
v -0.018832 2.638985 0.239394
v -0.018790 2.639527 0.239394
v -0.018929 2.639634 0.239394
v -0.018832 2.639602 0.239394
v -0.018647 2.638953 0.240808
v -0.018520 2.639060 0.240755
v -0.018558 2.638985 0.240771
v -0.018520 2.639527 0.240755
v -0.018647 2.639634 0.240808
v -0.018558 2.639602 0.240771
v -0.017846 2.638953 0.242007
v -0.017748 2.639060 0.241910
v -0.017778 2.638985 0.241939
v -0.017748 2.639527 0.241910
v -0.017846 2.639634 0.242007
v -0.017778 2.639602 0.241939
v -0.016647 2.638953 0.242809
v -0.016594 2.639060 0.242681
v -0.016610 2.638985 0.242719
v -0.016647 2.639634 0.242809
v -0.016594 2.639527 0.242681
v -0.016610 2.639602 0.242719
v -0.013390 2.603261 0.243843
v -0.013337 2.603368 0.243971
v -0.013353 2.603292 0.243932
v -0.015233 2.603368 0.244348
v -0.015233 2.603261 0.244210
v -0.015233 2.603292 0.244306
v -0.011827 2.603261 0.242799
v -0.011730 2.603368 0.242897
v -0.011759 2.603292 0.242868
v -0.010784 2.603261 0.241237
v -0.010656 2.603368 0.241290
v -0.010694 2.603292 0.241274
v -0.010417 2.603261 0.239394
v -0.010279 2.603368 0.239394
v -0.010320 2.603292 0.239394
v -0.010784 2.603261 0.237551
v -0.010656 2.603368 0.237498
v -0.010694 2.603292 0.237514
v -0.011827 2.603261 0.235989
v -0.011730 2.603368 0.235891
v -0.011759 2.603292 0.235920
v -0.013390 2.603261 0.234945
v -0.013337 2.603368 0.234817
v -0.013353 2.603292 0.234855
v -0.015233 2.603261 0.234578
v -0.015233 2.603368 0.234440
v -0.015233 2.603292 0.234481
v -0.017076 2.603261 0.234945
v -0.017129 2.603368 0.234817
v -0.017113 2.603292 0.234855
v -0.018638 2.603261 0.235989
v -0.018736 2.603368 0.235891
v -0.018706 2.603292 0.235920
v -0.019682 2.603261 0.237551
v -0.019810 2.603368 0.237498
v -0.019771 2.603292 0.237514
v -0.020048 2.603261 0.239394
v -0.020187 2.603368 0.239394
v -0.020145 2.603292 0.239394
v -0.019682 2.603261 0.241237
v -0.019810 2.603368 0.241290
v -0.019771 2.603292 0.241274
v -0.018638 2.603261 0.242799
v -0.018736 2.603368 0.242897
v -0.018706 2.603292 0.242868
v -0.017076 2.603261 0.243843
v -0.017129 2.603368 0.243971
v -0.017113 2.603292 0.243932
v -0.013894 2.604666 0.242627
v -0.013848 2.604559 0.242737
v -0.013862 2.604635 0.242704
v -0.015233 2.604559 0.243012
v -0.015233 2.604666 0.242893
v -0.015233 2.604635 0.242977
v -0.012758 2.604666 0.241868
v -0.012674 2.604559 0.241953
v -0.012699 2.604635 0.241927
v -0.012000 2.604666 0.240733
v -0.011890 2.604559 0.240779
v -0.011923 2.604635 0.240765
v -0.011733 2.604666 0.239394
v -0.011614 2.604559 0.239394
v -0.011650 2.604635 0.239394
v -0.012000 2.604666 0.238055
v -0.011890 2.604559 0.238009
v -0.011923 2.604635 0.238023
v -0.012758 2.604666 0.236919
v -0.012674 2.604559 0.236835
v -0.012699 2.604635 0.236861
v -0.013894 2.604666 0.236161
v -0.013848 2.604559 0.236051
v -0.013862 2.604635 0.236084
v -0.015233 2.604666 0.235894
v -0.015233 2.604559 0.235776
v -0.015233 2.604635 0.235811
v -0.016572 2.604666 0.236161
v -0.016617 2.604559 0.236051
v -0.016604 2.604635 0.236084
v -0.017707 2.604666 0.236919
v -0.017791 2.604559 0.236835
v -0.017766 2.604635 0.236861
v -0.018466 2.604666 0.238055
v -0.018576 2.604559 0.238009
v -0.018543 2.604635 0.238023
v -0.018732 2.604666 0.239394
v -0.018851 2.604559 0.239394
v -0.018815 2.604635 0.239394
v -0.018466 2.604666 0.240733
v -0.018576 2.604559 0.240779
v -0.018543 2.604635 0.240765
v -0.017707 2.604666 0.241868
v -0.017791 2.604559 0.241953
v -0.017766 2.604635 0.241927
v -0.016572 2.604666 0.242627
v -0.016617 2.604559 0.242737
v -0.016604 2.604635 0.242704
v -0.015233 1.904518 0.238347
v -0.015233 2.606888 0.238347
v -0.014493 1.904518 0.238654
v -0.014493 2.606888 0.238654
v -0.014186 1.904518 0.239394
v -0.014186 2.606888 0.239394
v -0.014493 1.904518 0.240134
v -0.014493 2.606888 0.240134
v -0.015233 1.904518 0.240441
v -0.015233 2.606888 0.240441
v -0.015973 1.904518 0.240134
v -0.015973 2.606888 0.240134
v -0.016279 1.904518 0.239394
v -0.016279 2.606888 0.239394
v -0.015973 1.904518 0.238654
v -0.015973 2.606888 0.238654
v -0.015233 1.895991 0.232986
v -0.012780 1.895991 0.233473
v -0.010701 1.895991 0.234863
v -0.009312 1.895991 0.236942
v -0.008824 1.895991 0.239394
v -0.009312 1.895991 0.241847
v -0.010701 1.895991 0.243926
v -0.012780 1.895991 0.245315
v -0.015233 1.895991 0.245803
v -0.017685 1.895991 0.245315
v -0.019764 1.895991 0.243926
v -0.021153 1.895991 0.241847
v -0.021641 1.895991 0.239394
v -0.021153 1.895991 0.236942
v -0.019764 1.895991 0.234863
v -0.017685 1.895991 0.233473
v -0.015233 1.906554 0.239394
v -0.014158 1.906554 0.236799
v -0.015233 1.906554 0.236585
v -0.013247 1.906554 0.237408
v -0.012638 1.906554 0.238319
v -0.012424 1.906554 0.239394
v -0.012638 1.906554 0.240469
v -0.013247 1.906554 0.241380
v -0.014158 1.906554 0.241989
v -0.015233 1.906554 0.242203
v -0.016308 1.906554 0.241989
v -0.017219 1.906554 0.241380
v -0.017828 1.906554 0.240469
v -0.018042 1.906554 0.239394
v -0.017828 1.906554 0.238319
v -0.017219 1.906554 0.237408
v -0.016308 1.906554 0.236799
v -0.013862 1.907852 0.236084
v -0.013817 1.907959 0.235976
v -0.013848 1.907928 0.236052
v -0.015233 1.907959 0.235694
v -0.015233 1.907852 0.235812
v -0.015233 1.907928 0.235776
v -0.012700 1.907852 0.236861
v -0.012616 1.907959 0.236778
v -0.012675 1.907928 0.236836
v -0.011923 1.907852 0.238023
v -0.011814 1.907959 0.237978
v -0.011890 1.907928 0.238010
v -0.011650 1.907852 0.239394
v -0.011533 1.907959 0.239394
v -0.011615 1.907928 0.239394
v -0.011923 1.907852 0.240765
v -0.011814 1.907959 0.240810
v -0.011890 1.907928 0.240779
v -0.012700 1.907852 0.241927
v -0.012616 1.907959 0.242010
v -0.012675 1.907928 0.241952
v -0.013862 1.907852 0.242704
v -0.013817 1.907959 0.242813
v -0.013848 1.907928 0.242736
v -0.015233 1.907852 0.242976
v -0.015233 1.907959 0.243094
v -0.015233 1.907928 0.243012
v -0.016604 1.907852 0.242704
v -0.016649 1.907959 0.242813
v -0.016617 1.907928 0.242736
v -0.017766 1.907852 0.241927
v -0.017849 1.907959 0.242010
v -0.017791 1.907928 0.241952
v -0.018542 1.907852 0.240765
v -0.018651 1.907959 0.240810
v -0.018575 1.907928 0.240779
v -0.018815 1.907852 0.239394
v -0.018933 1.907959 0.239394
v -0.018850 1.907928 0.239394
v -0.018542 1.907852 0.238023
v -0.018651 1.907959 0.237978
v -0.018575 1.907928 0.238010
v -0.017766 1.907852 0.236861
v -0.017849 1.907959 0.236778
v -0.017791 1.907928 0.236836
v -0.016604 1.907852 0.236084
v -0.016649 1.907959 0.235976
v -0.016617 1.907928 0.236052
v -0.013885 1.897210 0.242648
v -0.013832 1.897103 0.242775
v -0.013869 1.897135 0.242686
v -0.013832 1.897783 0.242775
v -0.013885 1.897676 0.242648
v -0.013869 1.897752 0.242686
v -0.012742 1.897210 0.241885
v -0.012645 1.897103 0.241981
v -0.012713 1.897135 0.241914
v -0.012645 1.897783 0.241981
v -0.012742 1.897676 0.241885
v -0.012713 1.897752 0.241914
v -0.011979 1.897210 0.240742
v -0.011852 1.897103 0.240794
v -0.011941 1.897135 0.240758
v -0.011852 1.897783 0.240794
v -0.011979 1.897676 0.240742
v -0.011941 1.897752 0.240758
v -0.011711 1.897210 0.239394
v -0.011574 1.897103 0.239394
v -0.011669 1.897135 0.239394
v -0.011574 1.897783 0.239394
v -0.011711 1.897676 0.239394
v -0.011669 1.897752 0.239394
v -0.011979 1.897210 0.238046
v -0.011852 1.897103 0.237994
v -0.011941 1.897135 0.238030
v -0.011852 1.897783 0.237994
v -0.011979 1.897676 0.238046
v -0.011941 1.897752 0.238030
v -0.012742 1.897210 0.236904
v -0.012645 1.897103 0.236807
v -0.012713 1.897135 0.236874
v -0.012645 1.897783 0.236807
v -0.012742 1.897676 0.236904
v -0.012713 1.897752 0.236874
v -0.013885 1.897210 0.236140
v -0.013832 1.897103 0.236014
v -0.013869 1.897135 0.236102
v -0.013832 1.897783 0.236014
v -0.013885 1.897676 0.236140
v -0.013869 1.897752 0.236102
v -0.015233 1.897676 0.235872
v -0.015233 1.897783 0.235735
v -0.015233 1.897752 0.235831
v -0.015233 1.897210 0.235872
v -0.015233 1.897103 0.235735
v -0.015233 1.897135 0.235831
v -0.017110 1.897890 0.234863
v -0.017057 1.897783 0.234989
v -0.017094 1.897815 0.234901
v -0.017633 1.897103 0.233600
v -0.017685 1.896996 0.233473
v -0.017669 1.897072 0.233511
v -0.018701 1.897890 0.235926
v -0.018604 1.897783 0.236023
v -0.018672 1.897815 0.235955
v -0.019667 1.897103 0.234959
v -0.019764 1.896996 0.234863
v -0.019735 1.897072 0.234892
v -0.019764 1.897890 0.237517
v -0.019638 1.897783 0.237570
v -0.019726 1.897815 0.237533
v -0.021027 1.897103 0.236994
v -0.021153 1.896996 0.236942
v -0.021115 1.897072 0.236957
v -0.020137 1.897890 0.239394
v -0.020000 1.897783 0.239394
v -0.020096 1.897815 0.239394
v -0.021504 1.897103 0.239394
v -0.021641 1.896996 0.239394
v -0.021600 1.897072 0.239394
v -0.019764 1.897890 0.241271
v -0.019638 1.897783 0.241219
v -0.019726 1.897815 0.241255
v -0.021027 1.897103 0.241794
v -0.021153 1.896996 0.241847
v -0.021115 1.897072 0.241831
v -0.018701 1.897890 0.242862
v -0.018604 1.897783 0.242765
v -0.018672 1.897815 0.242833
v -0.019667 1.897103 0.243829
v -0.019764 1.896996 0.243926
v -0.019735 1.897072 0.243896
v -0.017110 1.897890 0.243925
v -0.017057 1.897783 0.243799
v -0.017094 1.897815 0.243887
v -0.017633 1.897103 0.245188
v -0.017685 1.896996 0.245315
v -0.017669 1.897072 0.245277
v -0.015233 1.897890 0.244299
v -0.015233 1.897783 0.244162
v -0.015233 1.897815 0.244258
v -0.015233 1.897103 0.245666
v -0.015233 1.896996 0.245803
v -0.015233 1.897072 0.245761
v -0.013356 1.897890 0.243925
v -0.013408 1.897783 0.243799
v -0.013372 1.897815 0.243887
v -0.012833 1.897103 0.245188
v -0.012780 1.896996 0.245315
v -0.012796 1.897072 0.245277
v -0.011765 1.897890 0.242862
v -0.011861 1.897783 0.242765
v -0.011794 1.897815 0.242833
v -0.010798 1.897103 0.243829
v -0.010701 1.896996 0.243926
v -0.010730 1.897072 0.243896
v -0.010701 1.897890 0.241271
v -0.010828 1.897783 0.241219
v -0.010739 1.897815 0.241255
v -0.009439 1.897103 0.241794
v -0.009312 1.896996 0.241847
v -0.009350 1.897072 0.241831
v -0.010328 1.897890 0.239394
v -0.010465 1.897783 0.239394
v -0.010369 1.897815 0.239394
v -0.008961 1.897103 0.239394
v -0.008824 1.896996 0.239394
v -0.008865 1.897072 0.239394
v -0.010701 1.897890 0.237517
v -0.010828 1.897783 0.237570
v -0.010739 1.897815 0.237533
v -0.009439 1.897103 0.236994
v -0.009312 1.896996 0.236942
v -0.009350 1.897072 0.236957
v -0.011765 1.897890 0.235926
v -0.011861 1.897783 0.236023
v -0.011794 1.897815 0.235955
v -0.010798 1.897103 0.234959
v -0.010701 1.896996 0.234863
v -0.010730 1.897072 0.234892
v -0.013356 1.897890 0.234863
v -0.013408 1.897783 0.234989
v -0.013372 1.897815 0.234901
v -0.012833 1.897103 0.233600
v -0.012780 1.896996 0.233473
v -0.012796 1.897072 0.233511
v -0.015233 1.896996 0.232986
v -0.015233 1.897103 0.233123
v -0.015233 1.897072 0.233027
v -0.015233 1.897783 0.234626
v -0.015233 1.897890 0.234489
v -0.015233 1.897815 0.234531
v -0.015233 1.897783 0.243053
v -0.015233 1.897676 0.242916
v -0.015233 1.897752 0.242957
v -0.015233 1.897210 0.242916
v -0.015233 1.897103 0.243053
v -0.015233 1.897135 0.242957
v -0.016633 1.897783 0.242775
v -0.016581 1.897676 0.242648
v -0.016596 1.897752 0.242686
v -0.016581 1.897210 0.242648
v -0.016633 1.897103 0.242775
v -0.016596 1.897135 0.242686
v -0.017820 1.897783 0.241981
v -0.017723 1.897676 0.241885
v -0.017752 1.897752 0.241914
v -0.017723 1.897210 0.241885
v -0.017820 1.897103 0.241981
v -0.017752 1.897135 0.241914
v -0.018613 1.897783 0.240794
v -0.018487 1.897676 0.240742
v -0.018525 1.897752 0.240758
v -0.018487 1.897210 0.240742
v -0.018613 1.897103 0.240794
v -0.018525 1.897135 0.240758
v -0.018892 1.897783 0.239394
v -0.018755 1.897676 0.239394
v -0.018796 1.897752 0.239394
v -0.018755 1.897210 0.239394
v -0.018892 1.897103 0.239394
v -0.018796 1.897135 0.239394
v -0.018613 1.897783 0.237994
v -0.018487 1.897676 0.238046
v -0.018525 1.897752 0.238030
v -0.018487 1.897210 0.238046
v -0.018613 1.897103 0.237994
v -0.018525 1.897135 0.238030
v -0.017820 1.897783 0.236807
v -0.017723 1.897676 0.236904
v -0.017752 1.897752 0.236874
v -0.017723 1.897210 0.236904
v -0.017820 1.897103 0.236807
v -0.017752 1.897135 0.236874
v -0.016633 1.897783 0.236014
v -0.016581 1.897676 0.236140
v -0.016596 1.897752 0.236102
v -0.016633 1.897103 0.236014
v -0.016581 1.897210 0.236140
v -0.016596 1.897135 0.236102
v -0.013408 1.907959 0.234989
v -0.013356 1.907852 0.234863
v -0.013372 1.907928 0.234901
v -0.015233 1.907852 0.234489
v -0.015233 1.907959 0.234626
v -0.015233 1.907928 0.234531
v -0.011861 1.907959 0.236023
v -0.011765 1.907852 0.235926
v -0.011794 1.907928 0.235955
v -0.010828 1.907959 0.237570
v -0.010701 1.907852 0.237517
v -0.010739 1.907928 0.237533
v -0.010465 1.907959 0.239394
v -0.010328 1.907852 0.239394
v -0.010369 1.907928 0.239394
v -0.010828 1.907959 0.241219
v -0.010701 1.907852 0.241271
v -0.010739 1.907928 0.241255
v -0.011861 1.907959 0.242765
v -0.011765 1.907852 0.242862
v -0.011794 1.907928 0.242833
v -0.013408 1.907959 0.243799
v -0.013356 1.907852 0.243925
v -0.013372 1.907928 0.243887
v -0.015233 1.907959 0.244162
v -0.015233 1.907852 0.244299
v -0.015233 1.907928 0.244258
v -0.017057 1.907959 0.243799
v -0.017110 1.907852 0.243925
v -0.017094 1.907928 0.243887
v -0.018604 1.907959 0.242765
v -0.018701 1.907852 0.242862
v -0.018672 1.907928 0.242833
v -0.019638 1.907959 0.241219
v -0.019764 1.907852 0.241271
v -0.019726 1.907928 0.241255
v -0.020000 1.907959 0.239394
v -0.020137 1.907852 0.239394
v -0.020096 1.907928 0.239394
v -0.019638 1.907959 0.237570
v -0.019764 1.907852 0.237517
v -0.019726 1.907928 0.237533
v -0.018604 1.907959 0.236023
v -0.018701 1.907852 0.235926
v -0.018672 1.907928 0.235955
v -0.017057 1.907959 0.234989
v -0.017110 1.907852 0.234863
v -0.017094 1.907928 0.234901
v -0.013907 1.906554 0.236193
v -0.013862 1.906661 0.236084
v -0.013875 1.906585 0.236117
v -0.015233 1.906661 0.235812
v -0.015233 1.906554 0.235930
v -0.015233 1.906585 0.235847
v -0.012783 1.906554 0.236944
v -0.012700 1.906661 0.236861
v -0.012725 1.906585 0.236886
v -0.012032 1.906554 0.238068
v -0.011923 1.906661 0.238023
v -0.011956 1.906585 0.238037
v -0.011768 1.906554 0.239394
v -0.011650 1.906661 0.239394
v -0.011686 1.906585 0.239394
v -0.012032 1.906554 0.240720
v -0.011923 1.906661 0.240765
v -0.011956 1.906585 0.240751
v -0.012783 1.906554 0.241844
v -0.012700 1.906661 0.241927
v -0.012725 1.906585 0.241902
v -0.013907 1.906554 0.242595
v -0.013862 1.906661 0.242704
v -0.013875 1.906585 0.242671
v -0.015233 1.906554 0.242859
v -0.015233 1.906661 0.242976
v -0.015233 1.906585 0.242941
v -0.016559 1.906554 0.242595
v -0.016604 1.906661 0.242704
v -0.016590 1.906585 0.242671
v -0.017683 1.906554 0.241844
v -0.017766 1.906661 0.241927
v -0.017741 1.906585 0.241902
v -0.018434 1.906554 0.240720
v -0.018542 1.906661 0.240765
v -0.018510 1.906585 0.240751
v -0.018697 1.906554 0.239394
v -0.018815 1.906661 0.239394
v -0.018780 1.906585 0.239394
v -0.018434 1.906554 0.238068
v -0.018542 1.906661 0.238023
v -0.018510 1.906585 0.238037
v -0.017683 1.906554 0.236944
v -0.017766 1.906661 0.236861
v -0.017741 1.906585 0.236886
v -0.016559 1.906554 0.236193
v -0.016604 1.906661 0.236084
v -0.016590 1.906585 0.236117
v -0.018736 2.603909 0.242897
v -0.018736 2.638305 0.242897
v -0.017129 2.603909 0.243971
v -0.017129 2.638305 0.243971
v -0.015233 2.603909 0.244348
v -0.015233 2.638305 0.244348
v -0.019810 2.638305 0.241290
v -0.019810 2.603909 0.241290
v -0.020187 2.638305 0.239394
v -0.020187 2.603909 0.239394
v -0.019810 2.638305 0.237498
v -0.019810 2.603909 0.237498
v -0.018736 2.603909 0.235891
v -0.018736 2.638305 0.235891
v -0.017129 2.638305 0.234817
v -0.017129 2.603909 0.234817
v -0.015233 2.638305 0.234440
v -0.015233 2.603909 0.234440
v -0.013337 2.638305 0.234817
v -0.013337 2.603909 0.234817
v -0.011730 2.638305 0.235891
v -0.011730 2.603909 0.235891
v -0.010656 2.638305 0.237498
v -0.010656 2.603909 0.237498
v -0.010279 2.638305 0.239394
v -0.010279 2.603909 0.239394
v -0.010656 2.638305 0.241290
v -0.010656 2.603909 0.241290
v -0.011730 2.638305 0.242897
v -0.011730 2.603909 0.242897
v -0.013337 2.638305 0.243971
v -0.013337 2.603909 0.243971
v -0.013356 1.907269 0.234863
v -0.013356 1.898473 0.234863
v -0.011765 1.898473 0.235926
v -0.011765 1.907269 0.235926
v -0.010701 1.907269 0.237517
v -0.010701 1.898473 0.237517
v -0.010328 1.907269 0.239394
v -0.010328 1.898473 0.239394
v -0.010701 1.898473 0.241271
v -0.010701 1.907269 0.241271
v -0.011765 1.907269 0.242862
v -0.011765 1.898473 0.242862
v -0.013356 1.907269 0.243925
v -0.013356 1.898473 0.243925
v -0.015233 1.907269 0.244299
v -0.015233 1.898473 0.244299
v -0.017110 1.898473 0.243925
v -0.017110 1.907269 0.243925
v -0.018701 1.898473 0.242862
v -0.018701 1.907269 0.242862
v -0.019764 1.898473 0.241271
v -0.019764 1.907269 0.241271
v -0.020137 1.907269 0.239394
v -0.020137 1.898473 0.239394
v -0.019764 1.898473 0.237517
v -0.019764 1.907269 0.237517
v -0.015233 1.907269 0.234489
v -0.015233 1.898473 0.234489
v -0.017110 1.898473 0.234863
v -0.017110 1.907269 0.234863
v -0.018701 1.907269 0.235926
v -0.018701 1.898473 0.235926
v -0.023426 1.896058 -0.300100
v -0.006720 1.896058 -0.300100
v -0.006720 1.896058 0.304978
v -0.023426 1.896058 0.305648
v -0.023426 1.896058 -0.099227
v -0.006720 1.896058 -0.099227
v 0.037333 1.827797 0.484505
v 0.051242 1.830940 0.476217
v -0.018947 1.872257 0.367247
v 0.002239 1.848456 0.430020
v -0.018947 1.835330 0.367247
v 0.002239 1.811529 0.430020
v 0.012601 1.874352 0.361721
v 0.031922 1.852646 0.418969
v -0.003173 1.873304 0.364484
v 0.017080 1.850551 0.424495
v 0.009987 1.859131 -0.166184
v 0.009987 1.859131 -0.233142
v 0.009987 1.896058 -0.233142
v 0.009987 1.896058 -0.166184
v -0.006720 1.896058 -0.233142
v -0.006720 1.896058 -0.166184
v -0.023426 1.896058 -0.233142
v -0.023426 1.896058 -0.166184
v -0.169964 2.064761 -0.735231
v -0.160178 2.072537 -0.755865
v 0.087440 1.896058 -0.542924
v 0.095912 1.896058 -0.509852
v 0.026461 1.896058 -0.299032
v 0.041984 1.896058 -0.294159
v -0.185668 1.965581 0.143752
v -0.172183 1.967664 0.134663
v -0.066709 1.891432 0.324981
v -0.054177 1.894192 0.313774
v 0.142494 1.728422 0.746597
v 0.127667 1.726311 0.752165
v -0.039405 1.858253 0.306791
v -0.040684 1.860539 0.303640
v -0.040132 1.860145 0.303474
v -0.039928 1.859250 0.305027
v -0.040294 1.860342 0.303937
v -0.040684 1.895344 0.303640
v -0.039444 1.895182 0.306808
v -0.040132 1.895044 0.303474
v -0.039918 1.895468 0.304958
v -0.040294 1.895194 0.303937
v -0.039115 1.859131 -0.300100
v -0.040132 1.860155 -0.300100
v -0.039834 1.859431 -0.300100
v -0.039115 1.896058 -0.300100
v -0.040132 1.895034 -0.300100
v -0.039834 1.895758 -0.300100
v 0.008951 1.859131 0.304474
v 0.009987 1.860162 0.304474
v 0.009683 1.859433 0.304474
v 0.008951 1.896058 0.304474
v 0.009987 1.895027 0.304474
v 0.009683 1.895756 0.304474
v 0.010229 1.860131 -0.301070
v 0.010064 1.858662 -0.297599
v 0.009668 1.860563 -0.301048
v 0.009989 1.859287 -0.299286
v 0.009998 1.859531 -0.299835
v 0.010063 1.859242 -0.299204
v 0.009964 1.860347 -0.300662
v 0.009668 1.895359 -0.301048
v 0.010064 1.895589 -0.297599
v 0.010229 1.895058 -0.301070
v 0.010048 1.895564 -0.299252
v 0.009985 1.895588 -0.299801
v 0.009937 1.895628 -0.299072
v 0.009964 1.895208 -0.300662
v -0.160169 2.090354 -0.802423
v -0.159736 2.089983 -0.804254
v -0.160448 2.090010 -0.804282
v -0.159732 2.090383 -0.803330
v -0.160099 2.090516 -0.804100
v -0.160076 2.089997 -0.804654
v -0.160528 2.090408 -0.803362
v -0.160169 2.053428 -0.802423
v -0.160448 2.055201 -0.804282
v -0.159736 2.055187 -0.804254
v -0.160474 2.054148 -0.803486
v -0.160098 2.054507 -0.804154
v -0.160076 2.055194 -0.804654
v -0.159777 2.054133 -0.803465
v -0.187116 2.029712 -0.739503
v -0.187843 2.030415 -0.738623
v -0.187769 2.031158 -0.740489
v -0.187694 2.029856 -0.739070
v -0.187825 2.030191 -0.739576
v -0.187954 2.030786 -0.739562
v -0.187608 2.030270 -0.740130
v -0.187843 2.065283 -0.738623
v -0.187116 2.066638 -0.739503
v -0.187769 2.065968 -0.740489
v -0.187650 2.066128 -0.738938
v -0.187827 2.066215 -0.739523
v -0.187661 2.066529 -0.740005
v -0.187954 2.065625 -0.739562
v 0.130653 1.669100 0.808458
v 0.129951 1.669110 0.808434
v 0.130367 1.668760 0.806561
v 0.130289 1.669105 0.808834
v 0.130308 1.668591 0.808269
v 0.129939 1.668718 0.807490
v 0.130730 1.668708 0.807516
v 0.129951 1.703917 0.808434
v 0.130653 1.703908 0.808458
v 0.130367 1.705687 0.806561
v 0.130289 1.703912 0.808834
v 0.130307 1.704601 0.808323
v 0.130677 1.704966 0.807642
v 0.129984 1.704973 0.807623
v 0.157570 1.729206 0.741766
v 0.156834 1.729910 0.742675
v 0.157507 1.728485 0.743638
v 0.157420 1.729772 0.742227
v 0.157553 1.729445 0.742728
v 0.157337 1.729366 0.743289
v 0.157684 1.728846 0.742707
v 0.157570 1.694376 0.741766
v 0.157507 1.693678 0.743638
v 0.156834 1.692983 0.742675
v 0.157684 1.694027 0.742707
v 0.157555 1.693429 0.742674
v 0.157390 1.693108 0.743163
v 0.157376 1.693510 0.742096
v -0.040132 1.860145 -0.099227
v -0.039122 1.859131 -0.099227
v -0.039836 1.859428 -0.099227
v -0.039122 1.896058 -0.099227
v -0.040132 1.895043 -0.099227
v -0.039836 1.895761 -0.099227
v 0.008952 1.859131 -0.099210
v 0.009987 1.860156 -0.099227
v 0.009684 1.859431 -0.099222
v 0.009987 1.895033 -0.099227
v 0.008952 1.896058 -0.099210
v 0.009684 1.895758 -0.099222
v 0.023424 1.823595 0.492794
v 0.024333 1.824765 0.492375
v 0.023690 1.824377 0.492671
v 0.065152 1.833037 0.467928
v 0.064284 1.833887 0.468445
v 0.064897 1.833719 0.468079
v 0.064284 1.796960 0.468445
v 0.065152 1.798202 0.467928
v 0.064897 1.797405 0.468079
v 0.024328 1.787831 0.492364
v 0.023424 1.788788 0.492794
v 0.023689 1.788069 0.492668
v -0.202318 1.962466 0.060128
v -0.201786 1.962466 0.059963
v -0.201283 1.960465 0.062520
v -0.202170 1.962471 0.059665
v -0.201963 1.961717 0.060330
v -0.201396 1.961289 0.061076
v -0.202008 1.961289 0.061266
v -0.202237 1.995443 0.060536
v -0.201192 1.995556 0.062956
v -0.201706 1.995460 0.060371
v -0.201919 1.995709 0.061824
v -0.201863 1.995901 0.060803
v -0.201237 1.995727 0.061613
v -0.202089 1.995456 0.060073
v -0.199554 1.964413 0.150253
v -0.200571 1.963689 0.149533
v -0.200009 1.962999 0.151355
v -0.200266 1.964259 0.149971
v -0.200258 1.963942 0.150478
v -0.200399 1.963343 0.150477
v -0.199923 1.963879 0.150967
v -0.199767 1.930130 0.149407
v -0.200209 1.930834 0.150566
v -0.200769 1.931524 0.148744
v -0.200200 1.930267 0.150036
v -0.200479 1.930581 0.149610
v -0.200598 1.931179 0.149689
v -0.200477 1.930649 0.149017
v 0.084891 1.895058 -0.599686
v 0.085232 1.896058 -0.596929
v 0.085427 1.895058 -0.599700
v 0.084861 1.895765 -0.598358
v 0.085169 1.895635 -0.599324
v 0.085528 1.895765 -0.598376
v 0.085148 1.895058 -0.600092
v 0.084891 1.860131 -0.599686
v 0.085427 1.860131 -0.599700
v 0.085232 1.859131 -0.596929
v 0.085148 1.860131 -0.600092
v 0.085169 1.859554 -0.599324
v 0.085528 1.859424 -0.598376
v 0.084861 1.859424 -0.598358
v 0.112580 1.860149 -0.509559
v 0.111785 1.859131 -0.510501
v 0.112529 1.860131 -0.511485
v 0.112384 1.859429 -0.509983
v 0.112528 1.859558 -0.510522
v 0.112355 1.859424 -0.511054
v 0.112666 1.860140 -0.510525
v 0.111785 1.896058 -0.510501
v 0.112580 1.895040 -0.509559
v 0.112529 1.895058 -0.511485
v 0.112384 1.895760 -0.509983
v 0.112528 1.895631 -0.510522
v 0.112666 1.895049 -0.510525
v 0.112355 1.895765 -0.511054
v -0.006718 1.860109 -0.299781
v -0.005699 1.859131 -0.300100
v -0.006420 1.859417 -0.300007
v -0.024447 1.859131 -0.300100
v -0.023425 1.860109 -0.299781
v -0.023725 1.859417 -0.300007
v -0.023425 1.860103 0.305965
v -0.024452 1.859131 0.305648
v -0.023726 1.859416 0.305741
v -0.005694 1.859131 0.304474
v -0.006719 1.860103 0.304791
v -0.006419 1.859416 0.304567
v -0.178320 2.074380 -0.760042
v -0.178793 2.073867 -0.761447
v -0.178655 2.074455 -0.761036
v -0.169424 2.082112 -0.783324
v -0.168951 2.082626 -0.781919
v -0.169285 2.082700 -0.782913
v -0.168951 2.045699 -0.781919
v -0.169424 2.047302 -0.783324
v -0.169285 2.046394 -0.782913
v -0.178793 2.039057 -0.761447
v -0.178320 2.037454 -0.760042
v -0.178655 2.038149 -0.761036
v 0.138996 1.676657 0.785733
v 0.139477 1.677176 0.787159
v 0.139336 1.676585 0.786742
v 0.148684 1.685602 0.764937
v 0.148202 1.685083 0.763510
v 0.148543 1.685011 0.764519
v 0.148202 1.722010 0.763510
v 0.148684 1.720409 0.764937
v 0.148543 1.721317 0.764519
v 0.139477 1.711983 0.787159
v 0.138996 1.713584 0.785733
v 0.139336 1.712891 0.786741
v -0.005698 1.859131 -0.099227
v -0.006719 1.860107 -0.098908
v -0.006420 1.859417 -0.099133
v -0.023425 1.860107 -0.098908
v -0.024448 1.859131 -0.099227
v -0.023725 1.859417 -0.099133
v 0.052104 1.794208 0.475703
v 0.051244 1.794977 0.476531
v 0.051495 1.794353 0.476158
v 0.037334 1.791835 0.484820
v 0.036472 1.790676 0.485019
v 0.037081 1.791096 0.484748
v 0.046763 1.853699 0.413443
v 0.045839 1.854610 0.413788
v 0.046492 1.854398 0.413544
v 0.027394 1.875334 0.359130
v 0.028375 1.874362 0.358959
v 0.028088 1.875076 0.359009
v 0.045839 1.817684 0.413788
v 0.046763 1.818857 0.413443
v 0.046492 1.818082 0.413544
v 0.028375 1.839510 0.358959
v 0.027394 1.838408 0.359130
v 0.028088 1.838758 0.359009
v -0.201688 1.984977 0.089868
v -0.200657 1.985393 0.091444
v -0.201384 1.985536 0.090337
v -0.200088 1.974570 0.121783
v -0.201120 1.974156 0.120196
v -0.200816 1.974714 0.120670
v -0.200789 1.950567 0.090871
v -0.201808 1.952268 0.089333
v -0.201511 1.951334 0.089777
v -0.201280 1.941723 0.119535
v -0.200262 1.940022 0.121074
v -0.200984 1.940789 0.119977
v -0.003172 1.837346 0.364800
v -0.004145 1.836313 0.364655
v -0.003457 1.836642 0.364627
v 0.016163 1.813495 0.424836
v 0.017081 1.814590 0.424809
v 0.016812 1.813869 0.424687
v 0.013574 1.837490 0.361551
v 0.012602 1.838393 0.362037
v 0.012886 1.837728 0.361764
v 0.031923 1.816685 0.419284
v 0.032839 1.815849 0.418627
v 0.032191 1.816040 0.418961
v -0.039120 1.896058 -0.166184
v -0.040132 1.895042 -0.166184
v -0.039836 1.895760 -0.166184
v -0.040132 1.895039 -0.233142
v -0.039118 1.896058 -0.233142
v -0.039835 1.895759 -0.233142
v -0.039118 1.859131 -0.233142
v -0.040132 1.860150 -0.233142
v -0.039835 1.859429 -0.233142
v -0.040132 1.860147 -0.166184
v -0.039120 1.859131 -0.166184
v -0.039836 1.859429 -0.166184
v 0.103124 1.859131 -0.538694
v 0.103593 1.860131 -0.540571
v 0.103455 1.859424 -0.540021
v 0.094363 1.860131 -0.570614
v 0.093894 1.859131 -0.568736
v 0.094226 1.859424 -0.570064
v 0.093894 1.896058 -0.568736
v 0.094363 1.895058 -0.570614
v 0.094226 1.895765 -0.570064
v 0.103593 1.895058 -0.540571
v 0.103124 1.896058 -0.538694
v 0.103455 1.895765 -0.540021
v -0.023425 1.860110 -0.232823
v -0.024445 1.859131 -0.233142
v -0.023724 1.859418 -0.233049
v -0.024446 1.859131 -0.166184
v -0.023425 1.860109 -0.165865
v -0.023724 1.859418 -0.166091
v -0.005700 1.859131 -0.233142
v -0.006718 1.860110 -0.232823
v -0.006421 1.859418 -0.233049
v -0.006718 1.860109 -0.165866
v -0.005700 1.859131 -0.166184
v -0.006421 1.859418 -0.166091
v -0.150392 2.044453 -0.776499
v -0.150695 2.042542 -0.774282
v -0.150481 2.043452 -0.775850
v -0.179751 2.021086 -0.714598
v -0.179174 2.020557 -0.715920
v -0.179582 2.020505 -0.714985
v -0.179153 2.057459 -0.715858
v -0.179751 2.055956 -0.714598
v -0.179576 2.056823 -0.714967
v -0.151006 2.079826 -0.775205
v -0.150392 2.079249 -0.776499
v -0.150572 2.079859 -0.776120
v -0.154922 2.030545 -0.739941
v -0.156168 2.030758 -0.740532
v -0.154601 2.030361 -0.742340
v -0.155411 2.030733 -0.740488
v -0.155229 2.030320 -0.741023
v -0.155316 2.030292 -0.741318
v -0.154964 2.030242 -0.741178
v -0.170003 2.028856 -0.735030
v -0.171526 2.028467 -0.736829
v -0.169357 2.029282 -0.736237
v -0.170582 2.028490 -0.736081
v -0.170299 2.028633 -0.736114
v -0.170373 2.028607 -0.736415
v -0.169938 2.029110 -0.735757
v 0.108881 1.896058 -0.498885
v 0.109731 1.895039 -0.498165
v 0.109482 1.895759 -0.498376
v 0.075421 1.895058 -0.561811
v 0.076161 1.896058 -0.560648
v 0.075638 1.895765 -0.561471
v 0.075799 1.859131 -0.559201
v 0.075421 1.860131 -0.561811
v 0.075532 1.859424 -0.561047
v 0.109731 1.860150 -0.498165
v 0.108956 1.859131 -0.499187
v 0.109504 1.859430 -0.498465
v 0.096896 1.860131 -0.513788
v 0.096181 1.860131 -0.515044
v 0.098341 1.859131 -0.515442
v 0.096787 1.860131 -0.514558
v 0.097137 1.859554 -0.514757
v 0.097201 1.859424 -0.515045
v 0.097418 1.859424 -0.514665
v 0.081320 1.860131 -0.518445
v 0.080846 1.859131 -0.520673
v 0.082520 1.860131 -0.519129
v 0.081284 1.859424 -0.519509
v 0.081561 1.859554 -0.519418
v 0.081624 1.859424 -0.519703
v 0.081772 1.860131 -0.519047
v 0.013488 1.896058 -0.309980
v 0.012637 1.895058 -0.310699
v 0.012886 1.895765 -0.310488
v 0.056623 1.859131 -0.289876
v 0.057589 1.860152 -0.289615
v 0.057306 1.859430 -0.289691
v 0.056628 1.896058 -0.289895
v 0.057589 1.895037 -0.289615
v 0.057307 1.895759 -0.289697
v 0.013456 1.859131 -0.309852
v 0.012637 1.860131 -0.310699
v 0.012877 1.859424 -0.310450
v 0.042150 1.860131 -0.294826
v 0.042648 1.859131 -0.292694
v 0.040926 1.860131 -0.294046
v 0.042198 1.859424 -0.293810
v 0.041906 1.859554 -0.293858
v 0.041826 1.859424 -0.293573
v 0.041691 1.860131 -0.294196
v 0.026182 1.860131 -0.297915
v 0.026921 1.860131 -0.296755
v 0.024713 1.859131 -0.296163
v 0.026298 1.860131 -0.297173
v 0.025936 1.859554 -0.296942
v 0.025856 1.859424 -0.296662
v 0.025648 1.859424 -0.296989
v -0.157739 1.968542 0.128602
v -0.156808 1.967544 0.128202
v -0.157080 1.968273 0.128323
v -0.197282 1.961297 0.155522
v -0.196563 1.962546 0.154823
v -0.197069 1.962098 0.155327
v -0.156866 1.934046 0.127908
v -0.157794 1.932952 0.128302
v -0.157138 1.933288 0.128020
v -0.196765 1.928222 0.154002
v -0.197479 1.929100 0.154745
v -0.197272 1.928407 0.154517
v -0.171379 1.932903 0.135826
v -0.172756 1.933131 0.135542
v -0.171742 1.932788 0.133207
v -0.171994 1.933148 0.135433
v -0.171995 1.932737 0.134748
v -0.172181 1.932713 0.134440
v -0.171749 1.932633 0.134552
v -0.185137 1.931399 0.144406
v -0.187187 1.931098 0.142837
v -0.184821 1.931811 0.143065
v -0.185999 1.931073 0.143442
v -0.185751 1.931228 0.143324
v -0.185936 1.931208 0.143017
v -0.185258 1.931681 0.143693
v -0.078417 1.888829 0.335358
v -0.079172 1.887606 0.336012
v -0.078949 1.888401 0.335825
v -0.079263 1.854013 0.335650
v -0.078413 1.853039 0.335124
v -0.079015 1.853290 0.335491
v -0.044213 1.897969 0.300111
v -0.043588 1.897149 0.299253
v -0.043771 1.897827 0.299504
v -0.043590 1.862378 0.299244
v -0.044038 1.860988 0.300373
v -0.043721 1.861532 0.299575
v -0.051525 1.856949 0.317989
v -0.049795 1.855499 0.318550
v -0.051843 1.856514 0.319316
v -0.050848 1.856013 0.318306
v -0.051091 1.856101 0.318504
v -0.050970 1.855896 0.318675
v -0.051404 1.856656 0.318695
v -0.064194 1.855262 0.327098
v -0.065522 1.853905 0.328458
v -0.065563 1.855526 0.326833
v -0.065009 1.854473 0.327519
v -0.065131 1.854674 0.327347
v -0.065379 1.854539 0.327465
v -0.064953 1.855263 0.327217
v 0.113299 1.724862 0.755988
v 0.112337 1.723705 0.756244
v 0.112619 1.724483 0.756169
v 0.112337 1.688899 0.756244
v 0.113298 1.687937 0.755984
v 0.112619 1.688178 0.756168
v 0.151406 1.736008 0.726592
v 0.151999 1.735465 0.725260
v 0.151825 1.736058 0.725650
v 0.151999 1.700634 0.725260
v 0.151406 1.699081 0.726592
v 0.151825 1.699745 0.725650
v 0.128573 1.690494 0.752058
v 0.127024 1.688944 0.753327
v 0.127342 1.690715 0.751514
v 0.127726 1.689591 0.752447
v 0.127644 1.689818 0.752228
v 0.127378 1.689651 0.752299
v 0.127827 1.690520 0.752046
v 0.141565 1.692316 0.747251
v 0.142194 1.692798 0.746019
v 0.143716 1.691286 0.747151
v 0.142135 1.692519 0.746750
v 0.142490 1.691902 0.746729
v 0.142761 1.691820 0.746578
v 0.142568 1.691673 0.746956
v -0.007727 1.871563 -0.296047
v -0.006707 1.870586 -0.296366
v -0.007005 1.871277 -0.296140
v -0.023413 1.870586 -0.296366
v -0.022392 1.871563 -0.296047
v -0.023114 1.871277 -0.296140
v -0.022387 1.871563 0.308527
v -0.023413 1.870591 0.308210
v -0.023112 1.871279 0.308434
v -0.006707 1.870591 0.308210
v -0.007732 1.871563 0.308527
v -0.007007 1.871279 0.308434
v -0.006707 1.870587 -0.095492
v -0.007728 1.871563 -0.095174
v -0.007006 1.871278 -0.095267
v -0.022390 1.871563 -0.095174
v -0.023413 1.870587 -0.095492
v -0.023113 1.871278 -0.095267
v 0.051255 1.805481 0.479955
v 0.050395 1.806251 0.480783
v 0.051004 1.806106 0.480328
v 0.038208 1.803498 0.488045
v 0.037346 1.802339 0.488244
v 0.037599 1.803078 0.488316
v 0.017093 1.825091 0.428233
v 0.018012 1.826186 0.428206
v 0.017362 1.825811 0.428355
v 0.031018 1.828022 0.423364
v 0.031934 1.827186 0.422707
v 0.031666 1.827831 0.423030
v -0.023413 1.870585 -0.162450
v -0.022392 1.871563 -0.162131
v -0.023114 1.871277 -0.162225
v -0.007726 1.871563 -0.162131
v -0.006707 1.870585 -0.162450
v -0.007005 1.871277 -0.162225
v -0.002187 1.848874 0.368367
v -0.003160 1.847842 0.368222
v -0.002875 1.848545 0.368395
v 0.012614 1.848889 0.365459
v 0.011642 1.849793 0.365945
v 0.012330 1.849555 0.365732
v -0.022393 1.871563 -0.229089
v -0.023413 1.870585 -0.229408
v -0.023114 1.871277 -0.229183
v -0.006707 1.870585 -0.229408
v -0.007725 1.871563 -0.229089
v -0.007005 1.871277 -0.229183
v -0.154911 2.041024 -0.736524
v -0.155832 2.041897 -0.735906
v -0.156156 2.041288 -0.737099
v -0.155176 2.041679 -0.736197
v -0.155479 2.041744 -0.736722
v -0.156063 2.041860 -0.736621
v -0.155400 2.041238 -0.737063
v -0.169991 2.039336 -0.731614
v -0.169346 2.039812 -0.732804
v -0.169069 2.040416 -0.731597
v -0.169927 2.039615 -0.732333
v -0.169770 2.040146 -0.732071
v -0.169276 2.040382 -0.732318
v -0.169719 2.040055 -0.731473
v 0.042150 1.871207 -0.294826
v 0.040926 1.871207 -0.294046
v 0.041168 1.872207 -0.295018
v 0.041692 1.871207 -0.294195
v 0.041595 1.871785 -0.294346
v 0.040997 1.871915 -0.294331
v 0.041862 1.871915 -0.294882
v 0.096896 1.871207 -0.513788
v 0.095937 1.872207 -0.514074
v 0.096181 1.871207 -0.515044
v 0.096615 1.871915 -0.513871
v 0.096631 1.871785 -0.514469
v 0.096109 1.871915 -0.514760
v 0.096788 1.871207 -0.514558
v 0.026182 1.871207 -0.297915
v 0.027165 1.872207 -0.297726
v 0.026921 1.871207 -0.296755
v 0.026470 1.871915 -0.297860
v 0.026457 1.871785 -0.297275
v 0.026993 1.871915 -0.297039
v 0.026297 1.871207 -0.297173
v 0.081320 1.871207 -0.518445
v 0.082520 1.871207 -0.519129
v 0.082279 1.872207 -0.518157
v 0.081772 1.871207 -0.519048
v 0.081865 1.871785 -0.518884
v 0.082450 1.871915 -0.518844
v 0.081601 1.871915 -0.518361
v -0.049784 1.866403 0.323418
v -0.050098 1.865997 0.324762
v -0.050457 1.867184 0.324464
v -0.049659 1.866150 0.324143
v -0.049741 1.866679 0.324400
v -0.050135 1.866702 0.324883
v -0.049913 1.866989 0.323933
v -0.169639 1.942357 0.141255
v -0.170332 1.943143 0.142268
v -0.171010 1.942614 0.140988
v -0.169778 1.942947 0.141755
v -0.170210 1.943019 0.141302
v -0.170747 1.943128 0.141565
v -0.170257 1.942573 0.140849
v -0.062449 1.864745 0.332543
v -0.063823 1.864979 0.332262
v -0.062810 1.865931 0.332246
v -0.063203 1.864776 0.332676
v -0.063067 1.865327 0.332796
v -0.063459 1.865615 0.332466
v -0.062487 1.865449 0.332665
v -0.183396 1.940853 0.149834
v -0.183075 1.941294 0.148511
v -0.182400 1.941823 0.149794
v -0.183518 1.941122 0.149118
v -0.183252 1.941593 0.149435
v -0.182813 1.941809 0.149089
v -0.183041 1.941496 0.150025
v 0.128585 1.701024 0.755491
v 0.127354 1.701219 0.754939
v 0.128275 1.702313 0.754911
v 0.127839 1.701037 0.755475
v 0.127921 1.701641 0.755490
v 0.127622 1.701941 0.755055
v 0.128503 1.701797 0.755447
v 0.141577 1.702847 0.750684
v 0.141286 1.704138 0.750097
v 0.142205 1.703303 0.749444
v 0.141504 1.703621 0.750636
v 0.141993 1.703612 0.750290
v 0.141943 1.703939 0.749787
v 0.142146 1.703037 0.750179
v -0.006752 1.865227 -0.298833
v -0.023468 1.865322 -0.299378
v -0.023412 1.865221 0.306953
v -0.006706 1.865314 0.305235
v -0.007482 1.859319 -0.300584
v -0.006722 1.859499 -0.300024
v -0.007296 1.859131 -0.299524
v -0.007000 1.859359 -0.300388
v -0.007015 1.859238 -0.300077
v -0.006889 1.859239 -0.299767
v -0.007389 1.859186 -0.300073
v -0.022990 1.859319 -0.300584
v -0.022850 1.859131 -0.299524
v -0.023428 1.859499 -0.300057
v -0.022920 1.859186 -0.300073
v -0.023221 1.859234 -0.300074
v -0.023257 1.859239 -0.299783
v -0.023340 1.859340 -0.300348
v -0.022662 1.858947 0.306135
v -0.023425 1.859499 0.305727
v -0.022850 1.859131 0.305072
v -0.023174 1.859154 0.305896
v -0.023137 1.859155 0.305641
v -0.023256 1.859239 0.305391
v -0.022756 1.859077 0.305622
v -0.007155 1.858947 0.304961
v -0.007296 1.859131 0.303897
v -0.006719 1.859499 0.304519
v -0.007225 1.859077 0.304448
v -0.006932 1.859160 0.304446
v -0.006889 1.859239 0.304200
v -0.006839 1.859177 0.304651
v -0.155023 2.030112 -0.740657
v -0.155608 2.029671 -0.740506
v -0.155780 2.030200 -0.741064
v -0.155227 2.029842 -0.740666
v -0.155382 2.029955 -0.740903
v -0.155710 2.029903 -0.740867
v -0.155329 2.030143 -0.741004
v -0.170104 2.028412 -0.735743
v -0.169756 2.028636 -0.736513
v -0.169605 2.028105 -0.735948
v -0.170074 2.028549 -0.736188
v -0.169998 2.028326 -0.736131
v -0.169722 2.028332 -0.736334
v -0.169968 2.028173 -0.735789
v 0.042048 1.859447 -0.294415
v 0.041342 1.859447 -0.293965
v 0.041481 1.859102 -0.294525
v 0.041783 1.859447 -0.294051
v 0.041728 1.859248 -0.294139
v 0.041383 1.859203 -0.294129
v 0.041882 1.859203 -0.294447
v 0.096999 1.859447 -0.514199
v 0.096446 1.859102 -0.514364
v 0.096587 1.859447 -0.514923
v 0.096837 1.859203 -0.514247
v 0.096846 1.859248 -0.514591
v 0.096545 1.859203 -0.514759
v 0.096936 1.859447 -0.514643
v 0.026079 1.859447 -0.297504
v 0.026646 1.859102 -0.297395
v 0.026505 1.859447 -0.296835
v 0.026245 1.859203 -0.297472
v 0.026237 1.859248 -0.297135
v 0.026546 1.859203 -0.296999
v 0.026145 1.859447 -0.297076
v 0.081422 1.859447 -0.518856
v 0.082115 1.859447 -0.519250
v 0.081975 1.859102 -0.518690
v 0.081683 1.859447 -0.519203
v 0.081737 1.859248 -0.519109
v 0.082074 1.859203 -0.519086
v 0.081584 1.859203 -0.518808
v -0.051433 1.856306 0.317908
v -0.051622 1.856038 0.318663
v -0.051915 1.855867 0.318180
v -0.051371 1.856146 0.318309
v -0.051474 1.855950 0.318265
v -0.051711 1.855836 0.318501
v -0.051578 1.856025 0.317967
v -0.171746 1.932551 0.135047
v -0.172278 1.932140 0.135241
v -0.172534 1.932659 0.134891
v -0.171916 1.932285 0.135068
v -0.172143 1.932419 0.134863
v -0.172473 1.932361 0.134957
v -0.172097 1.932652 0.134820
v -0.065472 1.854883 0.326752
v -0.064987 1.854542 0.326415
v -0.064690 1.854713 0.326896
v -0.065334 1.854630 0.326634
v -0.065103 1.854569 0.326852
v -0.064781 1.854511 0.326735
v -0.065125 1.854752 0.326974
v -0.185504 1.931046 0.143626
v -0.185317 1.931260 0.142862
v -0.185067 1.930741 0.143216
v -0.185567 1.931178 0.143220
v -0.185489 1.930959 0.143185
v -0.185258 1.930962 0.142930
v -0.185390 1.930811 0.143470
v 0.127439 1.690074 0.751374
v 0.128016 1.689667 0.751422
v 0.128191 1.689843 0.751797
v 0.127585 1.689801 0.751369
v 0.127797 1.689722 0.751710
v 0.128181 1.689651 0.751710
v 0.127744 1.689973 0.751733
v 0.142291 1.692146 0.745883
v 0.141947 1.691773 0.746708
v 0.141802 1.691600 0.746322
v 0.142262 1.691938 0.746352
v 0.142189 1.691714 0.746411
v 0.141917 1.691552 0.746663
v 0.142160 1.691816 0.746079
v 0.041342 1.865655 -0.293965
v 0.042048 1.865655 -0.294415
v 0.041783 1.865655 -0.294052
v 0.096999 1.865655 -0.514199
v 0.096587 1.865655 -0.514923
v 0.096936 1.865655 -0.514642
v 0.026079 1.865655 -0.297504
v 0.026505 1.865655 -0.296835
v 0.026146 1.865655 -0.297076
v 0.082114 1.865655 -0.519250
v 0.081422 1.865655 -0.518856
v 0.081683 1.865655 -0.519203
v -0.155104 2.036598 -0.742403
v -0.155861 2.036772 -0.742834
v -0.155410 2.036747 -0.742782
v -0.169837 2.035208 -0.738283
v -0.170184 2.034910 -0.737492
v -0.170167 2.035095 -0.737977
v 0.127450 1.696537 0.749691
v 0.128204 1.696385 0.750093
v 0.127756 1.696398 0.750059
v 0.141960 1.698314 0.745003
v 0.142303 1.698621 0.744196
v 0.142287 1.698436 0.744683
v -0.051306 1.861279 0.319649
v -0.051119 1.861518 0.318889
v -0.051050 1.861370 0.319300
v -0.171432 1.937763 0.136028
v -0.172218 1.937899 0.135877
v -0.171786 1.937881 0.135796
v -0.065158 1.860095 0.327733
v -0.064374 1.859955 0.327882
v -0.064805 1.859975 0.327965
v -0.185000 1.936501 0.143848
v -0.185189 1.936258 0.144607
v -0.185257 1.936408 0.144196
v 0.051652 1.830480 0.477429
v 0.037739 1.827342 0.485706
v 0.065541 1.832599 0.469082
v 0.065287 1.833281 0.469235
v 0.064675 1.833448 0.469603
v 0.064675 1.796521 0.469603
v 0.065287 1.796967 0.469235
v 0.065541 1.797764 0.469082
v 0.023823 1.823147 0.493975
v 0.024089 1.823929 0.493853
v 0.024732 1.824317 0.493557
v 0.024727 1.787383 0.493547
v 0.024088 1.787621 0.493850
v 0.023823 1.788340 0.493975
v 0.037738 1.791381 0.486016
v 0.037486 1.790641 0.485948
v 0.036878 1.790220 0.486222
v 0.052515 1.793746 0.476921
v 0.051904 1.793893 0.477371
v 0.051651 1.794519 0.477739
v 0.038612 1.803044 0.489242
v 0.038003 1.802624 0.489512
v 0.037750 1.801885 0.489440
v 0.051663 1.805023 0.481164
v 0.051411 1.805648 0.481536
v 0.050802 1.805793 0.481991
v -0.040684 1.862392 0.303640
v -0.040684 1.893491 0.303640
v -0.040294 1.862256 0.303937
v -0.040294 1.893280 0.303937
v -0.040132 1.893043 0.303474
v -0.040132 1.862146 0.303474
v 0.010229 1.892917 -0.301070
v 0.010229 1.862272 -0.301070
v 0.009964 1.893197 -0.300662
v 0.009964 1.862358 -0.300662
v 0.009668 1.862487 -0.301048
v 0.009668 1.893435 -0.301048
v -0.159736 2.088064 -0.804254
v -0.159736 2.057107 -0.804254
v -0.160076 2.088068 -0.804654
v -0.160076 2.057123 -0.804654
v -0.160448 2.057095 -0.804282
v -0.160448 2.088116 -0.804282
v -0.187769 2.064189 -0.740489
v -0.187769 2.032937 -0.740489
v -0.187954 2.063834 -0.739562
v -0.187954 2.032578 -0.739562
v -0.187843 2.032245 -0.738623
v -0.187843 2.063452 -0.738623
v 0.130653 1.670900 0.808458
v 0.130653 1.702108 0.808458
v 0.130289 1.670930 0.808834
v 0.130289 1.702088 0.808834
v 0.129951 1.702119 0.808434
v 0.129951 1.670907 0.808434
v 0.157507 1.726798 0.743638
v 0.157507 1.695365 0.743638
v 0.157684 1.727166 0.742707
v 0.157684 1.695706 0.742707
v 0.157570 1.696064 0.741766
v 0.157570 1.727517 0.741766
v -0.202316 1.963444 0.060140
v -0.202239 1.994465 0.060524
v -0.202167 1.963491 0.059678
v -0.202092 1.994437 0.060061
v -0.201708 1.994442 0.060358
v -0.201784 1.963484 0.059976
v -0.200206 1.931319 0.150578
v -0.200012 1.962514 0.151343
v -0.200595 1.931671 0.149701
v -0.200402 1.962851 0.150465
v -0.200574 1.963178 0.149520
v -0.200766 1.932035 0.148757
v 0.085427 1.892652 -0.599700
v 0.085427 1.862537 -0.599700
v 0.085148 1.892674 -0.600092
v 0.085148 1.862515 -0.600092
v 0.084891 1.862481 -0.599686
v 0.084891 1.892708 -0.599686
v 0.112580 1.892686 -0.509559
v 0.112580 1.862502 -0.509559
v 0.112666 1.892660 -0.510525
v 0.112666 1.862529 -0.510525
v 0.112529 1.862545 -0.511485
v 0.112529 1.892644 -0.511485
v -0.040132 1.892993 -0.099227
v -0.040132 1.862196 -0.099227
v -0.043590 1.864199 0.299245
v -0.043588 1.895328 0.299253
v -0.040132 1.893069 -0.300100
v -0.040132 1.862120 -0.300100
v -0.179751 2.022968 -0.714598
v -0.179751 2.054074 -0.714598
v -0.040132 1.893006 -0.233142
v -0.040132 1.862183 -0.233142
v 0.009987 1.862226 0.304474
v 0.009987 1.892962 0.304474
v 0.028375 1.841451 0.358959
v 0.028375 1.872421 0.358959
v 0.009987 1.862330 -0.099227
v 0.009987 1.892859 -0.099227
v 0.012637 1.862364 -0.310699
v 0.012637 1.892825 -0.310699
v -0.150392 2.077344 -0.776499
v -0.150392 2.046358 -0.776499
v -0.169424 2.080273 -0.783324
v -0.169424 2.049140 -0.783324
v -0.178793 2.040858 -0.761447
v -0.178793 2.072066 -0.761447
v 0.112337 1.690645 0.756244
v 0.112337 1.721958 0.756244
v 0.139477 1.710233 0.787159
v 0.139477 1.678926 0.787159
v 0.148684 1.687315 0.764937
v 0.148684 1.718696 0.764937
v 0.151999 1.733758 0.725260
v 0.151999 1.702341 0.725260
v -0.040132 1.862208 -0.166184
v -0.040132 1.892981 -0.166184
v 0.057589 1.892782 -0.289615
v 0.057589 1.862407 -0.289615
v 0.023424 1.821903 0.492794
v 0.023424 1.790481 0.492794
v -0.079175 1.886474 0.336000
v -0.079260 1.855145 0.335663
v 0.065152 1.799985 0.467928
v 0.065152 1.831254 0.467928
v 0.046763 1.851849 0.413443
v 0.046763 1.820706 0.413443
v -0.201805 1.953077 0.089347
v -0.201691 1.984168 0.089855
v -0.156863 1.935277 0.127919
v -0.156810 1.966314 0.128191
v -0.201276 1.942375 0.119548
v -0.201123 1.973504 0.120183
v -0.197285 1.960798 0.155510
v -0.197476 1.929599 0.154757
v 0.094363 1.862549 -0.570614
v 0.094363 1.892640 -0.570614
v 0.075421 1.892757 -0.561811
v 0.075421 1.862432 -0.561811
v 0.109731 1.862463 -0.498165
v 0.109731 1.892726 -0.498165
v 0.103593 1.892637 -0.540571
v 0.103593 1.862552 -0.540571
v 0.065541 1.830861 0.469082
v 0.065541 1.799503 0.469082
v 0.023823 1.790053 0.493975
v 0.023823 1.821434 0.493975
v -0.196544 1.992251 0.068169
v -0.196160 1.992571 0.069282
v -0.196196 1.992450 0.070503
v -0.196283 1.957302 0.070082
v -0.196308 1.958070 0.068772
v -0.196622 1.959199 0.067774
v -0.199696 1.962803 0.151834
v -0.199595 1.963674 0.151468
v -0.199210 1.964198 0.150778
v -0.199422 1.929911 0.149935
v -0.199864 1.930053 0.150551
v -0.199895 1.930635 0.151047
v -0.197449 1.948523 0.095738
v -0.197384 1.983355 0.096413
v -0.198430 1.973536 0.124308
v -0.198759 1.938996 0.123576
v -0.196620 1.960241 0.067787
v -0.196547 1.991209 0.068157
v -0.199699 1.962316 0.151822
v -0.199892 1.931121 0.151059
v -0.006720 1.896058 0.303570
v -0.023426 1.896058 0.304241
v -0.039918 1.895469 0.303549
v -0.039404 1.858256 0.305375
v -0.040132 1.860145 0.302070
v 0.008951 1.896058 0.303066
v 0.009683 1.895756 0.303066
v 0.009987 1.895027 0.303066
v -0.039442 1.895185 0.305392
v -0.040132 1.895044 0.302070
v 0.008951 1.859131 0.303066
v 0.009683 1.859433 0.303066
v 0.009987 1.860162 0.303066
v -0.023425 1.860103 0.304558
v -0.023726 1.859416 0.304334
v -0.024452 1.859131 0.304241
v -0.005694 1.859131 0.303066
v -0.006419 1.859416 0.303159
v -0.006719 1.860103 0.303383
v -0.022387 1.871563 0.307119
v -0.023112 1.871279 0.307026
v -0.023413 1.870591 0.306802
v -0.006707 1.870591 0.306802
v -0.007007 1.871279 0.307026
v -0.007732 1.871563 0.307119
v -0.039928 1.859251 0.303617
v 0.009987 1.892962 0.303066
v 0.009987 1.862227 0.303066
v -0.040132 1.893043 0.302070
v -0.040132 1.862146 0.302070
v -0.040132 1.860145 -0.098034
v 0.009684 1.895758 -0.098026
v 0.009987 1.895033 -0.098031
v -0.039123 1.896055 -0.098024
v 0.008952 1.859131 -0.098015
v -0.023725 1.859417 -0.097934
v -0.024448 1.859131 -0.098027
v -0.006420 1.859417 -0.097938
v -0.006719 1.860107 -0.097713
v -0.023113 1.871278 -0.094071
v -0.023413 1.870587 -0.094296
v -0.007006 1.871278 -0.094071
v -0.007728 1.871563 -0.093978
v -0.039837 1.859428 -0.098029
v 0.009987 1.862330 -0.098031
v -0.040132 1.892993 -0.098034
v -0.006720 1.896058 -0.098029
v -0.023426 1.896058 -0.098027
v -0.039837 1.895760 -0.098029
v -0.039122 1.859129 -0.098024
v 0.008952 1.896058 -0.098015
v -0.040132 1.895043 -0.098034
v 0.009684 1.859431 -0.098026
v 0.009987 1.860156 -0.098031
v -0.023425 1.860107 -0.097709
v -0.005698 1.859131 -0.098031
v -0.022390 1.871563 -0.093978
v -0.006707 1.870587 -0.094296
v 0.009987 1.892859 -0.098031
v -0.040132 1.862196 -0.098034
v -0.023852 1.896548 -0.301364
v -0.007165 1.896570 -0.301424
v -0.039522 1.859600 -0.301308
v -0.040240 1.859899 -0.301305
v -0.040538 1.860622 -0.301304
v -0.040538 1.895502 -0.301304
v -0.040240 1.896226 -0.301305
v -0.039521 1.896526 -0.301307
v 0.009597 1.859196 -0.298983
v 0.009597 1.859777 -0.300589
v 0.009203 1.861097 -0.302428
v 0.009203 1.895893 -0.302428
v 0.009582 1.896099 -0.300637
v 0.009596 1.896124 -0.298985
v -0.007149 1.860604 -0.301060
v -0.006852 1.859913 -0.301288
v -0.006131 1.859628 -0.301384
v -0.024874 1.859623 -0.301368
v -0.024151 1.859908 -0.301273
v -0.023851 1.860599 -0.301045
v -0.008157 1.872058 -0.297324
v -0.007435 1.871772 -0.297418
v -0.007137 1.871081 -0.297644
v -0.023839 1.871076 -0.297630
v -0.023539 1.871767 -0.297404
v -0.022818 1.872054 -0.297312
v 0.009203 1.863021 -0.302428
v 0.009203 1.893970 -0.302428
v -0.040538 1.893536 -0.301304
v -0.040538 1.862587 -0.301304
vn -0.0000 0.9996 0.0290
vn 0.0111 0.9996 0.0268
vn 0.0087 0.9997 0.0207
vn 0.0001 0.9997 0.0224
vn -0.0000 0.0770 -0.9970
vn -0.3812 0.0770 -0.9213
vn -0.3813 -0.0770 -0.9212
vn -0.0001 -0.0769 -0.9970
vn -1.0000 -0.0000 -0.0000
vn -0.9977 -0.0672 -0.0000
vn -0.9218 -0.0671 0.3817
vn -0.9239 -0.0000 0.3827
vn 0.3821 0.0669 0.9217
vn 0.3827 -0.0000 0.9239
vn 0.7071 -0.0000 0.7071
vn 0.7055 0.0671 0.7056
vn 0.9239 -0.0000 0.3827
vn 0.9217 0.0673 0.3820
vn 1.0000 -0.0000 -0.0000
vn 0.9977 0.0672 -0.0000
vn 0.9239 -0.0000 -0.3827
vn 0.9218 0.0670 -0.3817
vn 0.7071 -0.0000 -0.7071
vn 0.7058 0.0669 -0.7053
vn 0.3827 -0.0000 -0.9239
vn 0.3821 0.0669 -0.9217
vn -0.0000 -0.0000 -1.0000
vn -0.0000 0.0670 -0.9978
vn -0.0000 0.9996 -0.0290
vn -0.0108 0.9996 -0.0268
vn -0.0087 0.9997 -0.0207
vn -0.0000 0.9997 -0.0224
vn -0.0212 0.9996 -0.0205
vn -0.0159 0.9997 -0.0159
vn -0.0277 0.9996 -0.0111
vn -0.0208 0.9997 -0.0086
vn -0.0292 0.9996 -0.0000
vn -0.0227 0.9997 -0.0000
vn -0.0270 0.9996 0.0111
vn -0.0209 0.9997 0.0086
vn -0.0208 0.9996 0.0205
vn -0.0160 0.9997 0.0159
vn -0.0165 -0.9997 -0.0166
vn -0.0215 -0.9997 -0.0090
vn 0.0271 -0.9996 0.0115
vn 0.0203 -0.9996 0.0211
vn 0.0092 -0.9997 0.0217
vn 0.0168 -0.9997 0.0165
vn -0.0207 -0.9996 -0.0211
vn -0.0117 -0.9996 -0.0276
vn -0.0000 -0.0284 -0.9996
vn 0.3827 -0.0284 -0.9234
vn 0.3824 -0.0281 -0.9236
vn -0.0000 -0.0280 -0.9996
vn -0.0001 -0.9997 0.0234
vn -0.0000 -0.9996 -0.0299
vn 0.0088 -0.9997 -0.0217
vn -0.0000 -0.9997 -0.0235
vn -0.0000 -0.9996 0.0299
vn -0.0113 -0.9996 0.0276
vn -0.0088 -0.9997 -0.0217
vn 0.0113 -0.9996 0.0276
vn -0.0093 -0.9997 0.0216
vn 0.0117 -0.9996 -0.0276
vn 0.0165 -0.9997 -0.0166
vn -0.0204 -0.9996 0.0211
vn -0.0169 -0.9997 0.0166
vn 0.0207 -0.9996 -0.0211
vn 0.0215 -0.9997 -0.0090
vn -0.0271 -0.9996 0.0115
vn -0.0215 -0.9997 0.0090
vn 0.0271 -0.9996 -0.0115
vn 0.0229 -0.9997 -0.0000
vn -0.0301 -0.9995 -0.0000
vn -0.0229 -0.9997 -0.0000
vn 0.0301 -0.9995 -0.0000
vn 0.0215 -0.9997 0.0090
vn -0.0271 -0.9996 -0.0115
vn -0.0000 -0.0000 1.0000
vn -0.0000 -0.0385 0.9993
vn 0.3824 -0.0384 0.9232
vn 0.7064 -0.0385 0.7068
vn 0.9231 -0.0385 0.3826
vn 0.9993 -0.0383 -0.0000
vn 0.9232 -0.0383 -0.3823
vn 0.7066 -0.0384 -0.7065
vn 0.3824 -0.0385 -0.9232
vn -0.0000 -0.0384 -0.9993
vn -0.0051 -0.9999 -0.0134
vn 0.0001 -0.9999 -0.0145
vn -0.0001 -1.0000 -0.0084
vn -0.0033 -1.0000 -0.0077
vn -0.0100 -0.9999 -0.0103
vn -0.0060 -1.0000 -0.0059
vn -0.0133 -0.9999 -0.0056
vn -0.0077 -1.0000 -0.0032
vn -0.0144 -0.9999 -0.0000
vn -0.0082 -1.0000 -0.0000
vn -0.0134 -0.9999 0.0055
vn -0.0078 -1.0000 0.0032
vn -0.0103 -0.9999 0.0103
vn -0.0063 -1.0000 0.0059
vn -0.0000 0.0670 0.9978
vn -0.0055 -0.9999 0.0134
vn -0.0035 -1.0000 0.0077
vn 0.3813 0.0770 0.9213
vn 0.7048 0.0770 0.7052
vn 0.7048 -0.0770 0.7052
vn 0.3813 -0.0769 0.9213
vn -0.0112 0.9996 0.0268
vn -0.0087 0.9997 0.0207
vn -0.7071 -0.0000 -0.7071
vn -0.7067 -0.0384 -0.7065
vn -0.9232 -0.0382 -0.3823
vn -0.9239 -0.0000 -0.3827
vn 0.0208 0.9996 0.0205
vn 0.0159 0.9997 0.0159
vn -0.0000 -0.9999 0.0145
vn 0.0001 -1.0000 0.0084
vn 0.0108 0.9996 -0.0268
vn 0.0087 0.9997 -0.0207
vn -0.3827 -0.0000 0.9239
vn -0.3824 -0.0384 0.9232
vn 0.0276 0.9996 -0.0111
vn 0.0211 0.9996 -0.0205
vn 0.0159 0.9997 -0.0159
vn 0.0208 0.9997 -0.0086
vn -0.7058 0.0669 -0.7052
vn -0.9218 0.0670 -0.3817
vn 0.0055 -0.9999 0.0134
vn 0.0033 -1.0000 0.0077
vn -0.3827 -0.0000 -0.9239
vn -0.3824 -0.0384 -0.9232
vn -0.0000 0.0769 0.9970
vn -0.0000 -0.0768 0.9970
vn -0.9217 0.0672 0.3821
vn -0.7071 -0.0000 0.7071
vn -0.7055 0.0671 0.7056
vn 0.9970 0.0772 -0.0000
vn 0.9212 0.0769 -0.3814
vn 0.9212 -0.0768 -0.3815
vn 0.9971 -0.0766 -0.0000
vn -0.9231 -0.0385 0.3826
vn -0.7064 -0.0385 0.7068
vn 0.0292 0.9996 -0.0000
vn 0.0227 0.9997 -0.0000
vn 0.0102 -0.9999 0.0103
vn 0.0060 -1.0000 0.0059
vn 0.0270 0.9996 0.0111
vn 0.0209 0.9997 0.0086
vn 0.0134 -0.9999 -0.0055
vn 0.0144 -0.9999 -0.0000
vn 0.0082 -1.0000 -0.0000
vn 0.0077 -1.0000 -0.0032
vn 0.0100 -0.9999 -0.0103
vn 0.0063 -1.0000 -0.0059
vn 0.0052 -0.9999 -0.0134
vn 0.0035 -1.0000 -0.0077
vn -0.7048 0.0770 -0.7052
vn -0.7048 -0.0770 -0.7052
vn -0.9211 0.0771 -0.3816
vn -0.9212 -0.0768 -0.3814
vn -0.9970 0.0772 -0.0000
vn -0.9971 -0.0765 -0.0000
vn -0.9212 0.0769 0.3814
vn -0.9212 -0.0768 0.3815
vn -0.7050 0.0769 0.7050
vn -0.7048 -0.0770 0.7052
vn -0.3812 0.0770 0.9213
vn -0.3813 -0.0769 0.9212
vn 0.0001 -1.0000 -0.0000
vn -0.0000 -1.0000 -0.0000
vn -0.0329 -0.9989 -0.0329
vn -0.0178 -0.9989 -0.0430
vn -0.9977 0.0672 -0.0000
vn 0.7050 0.0769 -0.7050
vn 0.3812 0.0771 -0.9213
vn 0.3813 -0.0770 -0.9212
vn 0.7048 -0.0770 -0.7052
vn 0.9211 0.0770 0.3817
vn 0.9212 -0.0768 0.3814
vn -0.9993 -0.0383 -0.0000
vn 0.0134 -0.9999 0.0056
vn 0.0078 -1.0000 0.0032
vn -0.3821 0.0669 -0.9217
vn -0.3821 0.0670 0.9217
vn -0.7071 -0.0282 -0.7066
vn -0.3827 -0.0283 -0.9234
vn -0.3824 -0.0281 -0.9236
vn -0.7067 -0.0281 -0.7070
vn -0.9996 -0.0284 -0.0000
vn -0.9236 -0.0282 -0.3823
vn -0.9235 -0.0281 -0.3826
vn -0.9996 -0.0282 -0.0000
vn -0.9235 -0.0284 0.3826
vn -0.9236 -0.0281 0.3824
vn -0.7066 -0.0285 0.7070
vn -0.7071 -0.0279 0.7066
vn -0.3823 -0.0284 0.9236
vn -0.3827 -0.0280 0.9234
vn -0.0000 -0.0283 0.9996
vn -0.0000 -0.0281 0.9996
vn 0.3823 -0.0283 0.9236
vn 0.3827 -0.0281 0.9235
vn 0.7066 -0.0285 0.7071
vn 0.7072 -0.0279 0.7065
vn 0.9235 -0.0284 0.3826
vn 0.9236 -0.0280 0.3824
vn 0.9996 -0.0284 -0.0000
vn 0.9996 -0.0282 -0.0000
vn 0.9236 -0.0282 -0.3823
vn 0.9235 -0.0281 -0.3826
vn 0.7071 -0.0282 -0.7066
vn 0.7067 -0.0281 -0.7069
vn 0.0001 -0.9989 -0.0465
vn 0.0180 -0.9989 -0.0430
vn -0.0001 -1.0000 -0.0000
vn -0.0463 -0.9989 -0.0000
vn -0.0428 -0.9989 -0.0179
vn -0.0428 -0.9989 0.0178
vn -0.0323 -0.9989 0.0329
vn -0.0176 -0.9989 0.0430
vn -0.0001 -0.9989 0.0465
vn 0.0174 -0.9989 0.0430
vn 0.0323 -0.9989 0.0329
vn 0.0428 -0.9989 0.0178
vn 0.0463 -0.9989 -0.0000
vn 0.0428 -0.9989 -0.0178
vn 0.0329 -0.9989 -0.0329
vn 0.3818 -0.0670 0.9218
vn -0.0001 -0.0670 0.9978
vn -0.0001 -0.7487 0.6629
vn 0.2535 -0.7488 0.6125
vn 0.2328 0.7935 0.5623
vn 0.0005 0.7934 0.6087
vn 0.4301 0.7936 0.4304
vn 0.7056 -0.0670 0.7054
vn 0.4679 -0.7492 0.4688
vn 0.5623 0.7935 0.2329
vn 0.9218 -0.0671 0.3818
vn 0.6119 -0.7492 0.2536
vn 0.6086 0.7935 -0.0000
vn 0.9977 -0.0672 -0.0000
vn 0.6627 -0.7489 -0.0000
vn 0.5628 0.7932 -0.2325
vn 0.9218 -0.0670 -0.3818
vn 0.6118 -0.7493 -0.2536
vn 0.4303 0.7935 -0.4302
vn 0.7056 -0.0670 -0.7054
vn 0.4683 -0.7490 -0.4687
vn 0.2326 0.7936 -0.5623
vn 0.3818 -0.0670 -0.9218
vn 0.2543 -0.7485 -0.6124
vn -0.0000 0.7935 -0.6085
vn 0.0001 -0.0670 -0.9978
vn 0.0001 -0.7487 -0.6629
vn -0.2322 0.7935 -0.5625
vn -0.3818 -0.0670 -0.9218
vn -0.2538 -0.7487 -0.6124
vn -0.4301 0.7936 -0.4304
vn -0.7056 -0.0669 -0.7054
vn -0.4681 -0.7491 -0.4687
vn -0.5622 0.7935 -0.2328
vn -0.9218 -0.0670 -0.3818
vn -0.6119 -0.7492 -0.2536
vn -0.6085 0.7935 -0.0000
vn -0.6627 -0.7489 -0.0000
vn -0.5628 0.7932 0.2325
vn -0.6121 -0.7490 0.2536
vn -0.4304 0.7935 0.4303
vn -0.7056 -0.0670 0.7054
vn -0.4679 -0.7492 0.4688
vn -0.2322 0.7935 0.5625
vn -0.3818 -0.0671 0.9218
vn -0.2536 -0.7488 0.6124
vn -0.2329 -0.7938 0.5618
vn 0.0001 -0.7939 0.6080
vn 0.2326 -0.7939 0.5618
vn 0.4298 -0.7940 0.4300
vn 0.5623 -0.7936 0.2325
vn 0.6082 -0.7938 -0.0000
vn 0.5622 -0.7936 -0.2326
vn 0.4302 -0.7938 -0.4299
vn 0.2329 -0.7939 -0.5617
vn -0.0006 -0.7939 -0.6081
vn -0.2322 -0.7939 -0.5620
vn -0.4298 -0.7940 -0.4300
vn -0.5619 -0.7938 -0.2326
vn -0.6082 -0.7938 -0.0000
vn -0.5619 -0.7938 0.2326
vn -0.4306 -0.7935 0.4300
vn 0.2545 0.7486 0.6122
vn -0.0000 0.7487 0.6629
vn -0.0000 -0.7487 0.6630
vn 0.2537 -0.7486 0.6125
vn 0.4692 0.7486 0.4686
vn 0.4681 -0.7489 0.4691
vn 0.6118 0.7491 0.2541
vn 0.6121 -0.7489 0.2540
vn 0.6627 0.7489 -0.0000
vn 0.6631 -0.7485 -0.0000
vn 0.6136 0.7479 -0.2533
vn 0.6127 -0.7485 -0.2537
vn 0.4705 0.7480 -0.4682
vn 0.4687 -0.7487 -0.4688
vn 0.2538 0.7487 -0.6124
vn 0.2531 -0.7489 -0.6125
vn -0.0000 0.7487 -0.6629
vn 0.0001 -0.7486 -0.6630
vn -0.2538 0.7487 -0.6124
vn -0.2533 -0.7488 -0.6125
vn -0.4705 0.7479 -0.4682
vn -0.4687 -0.7487 -0.4688
vn -0.6136 0.7479 -0.2533
vn -0.6130 -0.7483 -0.2535
vn -0.6625 0.7491 -0.0000
vn -0.6631 -0.7485 -0.0000
vn -0.6122 0.7489 0.2538
vn -0.6121 -0.7489 0.2540
vn -0.4689 0.7486 0.4687
vn -0.4681 -0.7489 0.4691
vn -0.2544 0.7487 0.6122
vn -0.2537 -0.7486 0.6125
vn -0.0000 -0.7594 -0.6507
vn -0.2489 -0.7594 -0.6011
vn -0.4603 -0.7593 -0.4600
vn -0.6011 -0.7594 -0.2489
vn -0.6495 -0.7604 -0.0000
vn -0.6009 -0.7595 0.2491
vn -0.4601 -0.7593 0.4602
vn -0.2496 -0.7591 0.6012
vn -0.0001 -0.7593 0.6507
vn 0.2491 -0.7593 0.6012
vn 0.4601 -0.7593 0.4602
vn 0.6005 -0.7598 0.2491
vn 0.6495 -0.7604 -0.0000
vn 0.6011 -0.7594 -0.2489
vn 0.4603 -0.7593 -0.4600
vn 0.2489 -0.7594 -0.6011
vn 0.0001 -0.7123 -0.7019
vn -0.2685 -0.7123 -0.6485
vn -0.4961 -0.7123 -0.4965
vn -0.6479 -0.7127 -0.2688
vn -0.7016 -0.7125 -0.0000
vn -0.6484 -0.7124 0.2685
vn -0.4964 -0.7124 0.4961
vn -0.2686 -0.7124 0.6484
vn -0.0001 -0.7124 0.7018
vn 0.2681 -0.7127 0.6482
vn 0.4964 -0.7124 0.4961
vn 0.6484 -0.7123 0.2685
vn 0.7013 -0.7129 -0.0000
vn 0.6482 -0.7125 -0.2687
vn 0.4961 -0.7124 -0.4964
vn 0.2686 -0.7122 -0.6485
vn 0.0001 -0.9996 -0.0294
vn 0.0114 -0.9996 -0.0272
vn 0.0086 -0.9997 -0.0209
vn -0.0000 -0.9997 -0.0226
vn -0.0000 -0.0762 0.9971
vn -0.3818 -0.0762 0.9211
vn -0.3815 0.0763 0.9212
vn -0.0000 0.0763 0.9971
vn 0.3819 -0.0623 -0.9221
vn 0.7056 -0.0623 -0.7059
vn -0.0000 0.0622 -0.9981
vn 0.3818 0.0622 -0.9222
vn 0.9221 0.0623 -0.3820
vn 0.9981 0.0624 -0.0000
vn 0.9221 -0.0621 -0.3819
vn 0.9981 -0.0620 -0.0000
vn 0.9221 -0.0623 0.3820
vn 0.7057 0.0622 0.7058
vn 0.3819 0.0622 0.9221
vn 0.7056 -0.0623 0.7059
vn 0.3818 -0.0622 0.9221
vn -0.0000 -0.0623 0.9981
vn -0.0002 -0.9996 0.0294
vn -0.0115 -0.9996 0.0272
vn -0.0087 -0.9997 0.0209
vn -0.0000 -0.9997 0.0226
vn -0.0209 -0.9996 0.0208
vn -0.0158 -0.9997 0.0160
vn -0.0270 -0.9996 0.0113
vn -0.0209 -0.9997 0.0087
vn -0.0293 -0.9996 -0.0000
vn -0.0231 -0.9997 -0.0000
vn -0.0269 -0.9996 -0.0113
vn -0.0212 -0.9997 -0.0086
vn -0.0208 -0.9996 -0.0208
vn -0.0161 -0.9997 -0.0160
vn -0.0170 0.9997 0.0168
vn -0.0222 0.9997 0.0091
vn 0.0281 0.9995 -0.0116
vn 0.0218 0.9995 -0.0214
vn 0.0090 0.9997 -0.0220
vn 0.0168 0.9997 -0.0168
vn -0.0217 0.9995 0.0214
vn -0.0114 0.9995 0.0280
vn -0.0000 0.0281 0.9996
vn 0.3826 0.0280 0.9235
vn 0.3823 0.0278 0.9236
vn -0.0000 0.0278 0.9996
vn -0.0000 0.9997 -0.0238
vn -0.0000 0.9995 0.0303
vn 0.0092 0.9997 0.0220
vn -0.0000 0.9997 0.0238
vn -0.0000 0.9995 -0.0303
vn -0.0117 0.9995 -0.0280
vn -0.0092 0.9997 0.0220
vn 0.0117 0.9995 -0.0280
vn -0.0090 0.9997 -0.0219
vn 0.0117 0.9995 0.0280
vn 0.0169 0.9997 0.0168
vn -0.0218 0.9995 -0.0214
vn -0.0167 0.9997 -0.0168
vn 0.0221 0.9995 0.0214
vn 0.0222 0.9997 0.0091
vn -0.0282 0.9995 -0.0116
vn -0.0222 0.9997 -0.0091
vn 0.0285 0.9995 0.0116
vn 0.0242 0.9997 -0.0000
vn -0.0302 0.9995 -0.0000
vn -0.0242 0.9997 -0.0000
vn 0.0302 0.9995 -0.0000
vn 0.0223 0.9997 -0.0091
vn -0.0285 0.9995 0.0116
vn -0.0000 0.0381 -0.9993
vn 0.3826 0.0380 -0.9232
vn 0.7067 0.0379 -0.7065
vn 0.9232 0.0381 -0.3824
vn 0.9993 0.0382 -0.0000
vn 0.9232 0.0381 0.3824
vn 0.7067 0.0379 0.7065
vn 0.3825 0.0379 0.9232
vn -0.0000 0.0380 0.9993
vn -0.0054 0.9999 0.0135
vn -0.0000 0.9999 0.0146
vn -0.0000 1.0000 0.0085
vn -0.0032 1.0000 0.0079
vn -0.0102 0.9999 0.0103
vn -0.0062 1.0000 0.0060
vn -0.0136 0.9999 0.0056
vn -0.0079 1.0000 0.0032
vn -0.0148 0.9999 -0.0000
vn -0.0084 1.0000 -0.0000
vn -0.0138 0.9999 -0.0056
vn -0.0079 1.0000 -0.0033
vn -0.0104 0.9999 -0.0103
vn -0.0060 1.0000 -0.0060
vn -0.7056 -0.0623 -0.7059
vn -0.3819 -0.0623 -0.9221
vn -0.0054 0.9999 -0.0135
vn -0.0031 1.0000 -0.0079
vn 0.3819 -0.0762 -0.9211
vn 0.7051 -0.0762 -0.7050
vn 0.7051 0.0763 -0.7049
vn 0.3816 0.0763 -0.9212
vn -0.0113 -0.9996 -0.0271
vn -0.0086 -0.9997 -0.0209
vn -0.7067 0.0379 0.7065
vn -0.9232 0.0381 0.3824
vn 0.0208 -0.9996 -0.0208
vn 0.0161 -0.9997 -0.0160
vn -0.0001 0.9999 -0.0146
vn -0.0000 1.0000 -0.0085
vn 0.0113 -0.9996 0.0272
vn 0.0087 -0.9997 0.0208
vn -0.3825 0.0379 -0.9232
vn 0.0270 -0.9996 0.0112
vn 0.0209 -0.9996 0.0208
vn 0.0157 -0.9997 0.0160
vn 0.0209 -0.9997 0.0086
vn -0.7056 -0.0623 0.7059
vn -0.9221 -0.0622 0.3820
vn 0.0054 0.9999 -0.0135
vn 0.0032 1.0000 -0.0079
vn -0.3825 0.0380 0.9232
vn -0.0000 -0.0762 -0.9971
vn -0.0000 0.0762 -0.9971
vn 0.9971 -0.0765 -0.0000
vn 0.9212 -0.0762 0.3815
vn 0.9212 0.0762 0.3816
vn 0.9971 0.0762 -0.0000
vn -0.9232 0.0381 -0.3824
vn -0.7067 0.0379 -0.7065
vn 0.0293 -0.9996 -0.0000
vn 0.0232 -0.9997 -0.0000
vn 0.0104 0.9999 -0.0103
vn 0.0060 1.0000 -0.0060
vn 0.0269 -0.9996 -0.0113
vn 0.0212 -0.9997 -0.0086
vn 0.0136 0.9999 0.0056
vn 0.0148 0.9999 -0.0000
vn 0.0084 1.0000 -0.0000
vn 0.0079 1.0000 0.0032
vn 0.0102 0.9999 0.0103
vn 0.0063 1.0000 0.0060
vn 0.0054 0.9999 0.0135
vn 0.0035 1.0000 0.0079
vn -0.7053 -0.0761 0.7048
vn -0.7050 0.0763 0.7051
vn -0.9212 -0.0762 0.3816
vn -0.9212 0.0762 0.3816
vn -0.9971 0.0762 -0.0000
vn -0.9211 -0.0764 -0.3818
vn -0.9212 0.0762 -0.3816
vn -0.7050 -0.0763 -0.7051
vn -0.7051 0.0762 -0.7050
vn -0.3818 -0.0762 -0.9211
vn -0.3816 0.0762 -0.9212
vn -0.0000 1.0000 -0.0000
vn 0.0001 1.0000 -0.0000
vn -0.0331 0.9989 0.0331
vn -0.0181 0.9989 0.0432
vn -0.9981 0.0624 -0.0000
vn -0.9221 0.0623 -0.3820
vn 0.7053 -0.0761 0.7048
vn 0.3817 -0.0762 0.9211
vn 0.3815 0.0763 0.9212
vn 0.7050 0.0763 0.7051
vn 0.9211 -0.0764 -0.3818
vn 0.9212 0.0763 -0.3816
vn -0.9993 0.0382 -0.0000
vn 0.0138 0.9999 -0.0056
vn 0.0079 1.0000 -0.0032
vn -0.9981 -0.0620 0.0001
vn -0.9221 -0.0621 -0.3819
vn -0.3819 0.0622 0.9221
vn -0.7057 0.0622 0.7058
vn -0.0000 -0.0622 -0.9981
vn -0.3818 -0.0622 0.9222
vn -0.7072 0.0278 0.7065
vn -0.3826 0.0281 0.9235
vn -0.3824 0.0277 0.9236
vn -0.7069 0.0276 0.7067
vn -0.9996 0.0284 -0.0000
vn -0.9236 0.0280 0.3823
vn -0.9236 0.0277 0.3824
vn -0.9996 0.0280 -0.0001
vn -0.9235 0.0282 -0.3826
vn -0.9235 0.0279 -0.3827
vn -0.7070 0.0280 -0.7067
vn -0.7068 0.0279 -0.7069
vn -0.3826 0.0281 -0.9235
vn -0.3824 0.0279 -0.9236
vn 0.0001 0.0281 -0.9996
vn 0.0001 0.0278 -0.9996
vn 0.3827 0.0281 -0.9234
vn 0.3825 0.0278 -0.9236
vn 0.7070 0.0280 -0.7067
vn 0.7068 0.0278 -0.7069
vn 0.9235 0.0281 -0.3826
vn 0.9235 0.0279 -0.3826
vn 0.9996 0.0285 -0.0000
vn 0.9996 0.0280 -0.0000
vn 0.9236 0.0280 0.3823
vn 0.9236 0.0278 0.3823
vn 0.7072 0.0278 0.7065
vn 0.7070 0.0277 0.7067
vn -0.0001 1.0000 -0.0000
vn -0.0000 0.9989 0.0468
vn 0.0180 0.9989 0.0432
vn -0.0002 1.0000 -0.0000
vn -0.0473 0.9989 -0.0000
vn -0.0434 0.9989 0.0179
vn -0.0434 0.9989 -0.0179
vn -0.0331 0.9989 -0.0331
vn -0.0180 0.9989 -0.0433
vn -0.0000 0.9989 -0.0469
vn 0.0180 0.9989 -0.0433
vn 0.0331 0.9989 -0.0331
vn 0.0434 0.9989 -0.0179
vn 0.0002 1.0000 -0.0000
vn 0.0473 0.9989 -0.0000
vn 0.0434 0.9989 0.0179
vn 0.0331 0.9989 0.0331
vn -0.0000 0.7463 -0.6656
vn 0.2546 0.7463 -0.6150
vn 0.2340 -0.7916 -0.5645
vn -0.0000 -0.7916 -0.6111
vn 0.4322 -0.7915 -0.4321
vn 0.7057 0.0623 -0.7058
vn 0.4708 0.7462 -0.4706
vn 0.5647 -0.7914 -0.2340
vn 0.6149 0.7463 -0.2547
vn 0.6119 -0.7910 -0.0000
vn 0.6650 0.7469 -0.0000
vn 0.5646 -0.7915 0.2339
vn 0.9221 0.0623 0.3820
vn 0.6155 0.7459 0.2546
vn 0.4320 -0.7916 0.4321
vn 0.4715 0.7458 0.4706
vn 0.2344 -0.7915 0.5644
vn 0.2547 0.7462 0.6150
vn -0.0000 -0.7916 0.6111
vn -0.0000 0.0622 0.9981
vn -0.0000 0.7463 0.6656
vn -0.2340 -0.7916 0.5645
vn -0.2539 0.7464 0.6151
vn -0.4321 -0.7916 0.4321
vn -0.4708 0.7461 0.4707
vn -0.5646 -0.7915 0.2339
vn -0.9221 0.0623 0.3820
vn -0.6151 0.7462 0.2547
vn -0.6119 -0.7909 -0.0000
vn -0.6653 0.7465 -0.0000
vn -0.5647 -0.7914 -0.2340
vn -0.6149 0.7463 -0.2547
vn -0.4322 -0.7915 -0.4321
vn -0.7057 0.0623 -0.7058
vn -0.4711 0.7461 -0.4706
vn -0.2340 -0.7916 -0.5645
vn -0.3818 0.0622 -0.9222
vn -0.2546 0.7463 -0.6150
vn -0.2336 0.7918 -0.5643
vn -0.0000 0.7917 -0.6109
vn 0.2336 0.7918 -0.5643
vn 0.4319 0.7918 -0.4319
vn 0.5644 0.7917 -0.2338
vn 0.6108 0.7918 -0.0000
vn 0.5644 0.7917 0.2338
vn 0.4322 0.7916 0.4320
vn 0.2339 0.7917 0.5643
vn -0.0000 0.7918 0.6108
vn -0.2337 0.7918 0.5644
vn -0.4320 0.7917 0.4320
vn -0.5644 0.7917 0.2338
vn -0.6108 0.7918 -0.0000
vn -0.5644 0.7917 -0.2338
vn -0.4319 0.7918 -0.4319
vn 0.2546 -0.7465 -0.6147
vn 0.0001 -0.7465 -0.6653
vn -0.0001 0.7464 -0.6655
vn 0.2547 0.7464 -0.6148
vn 0.4702 -0.7466 -0.4706
vn 0.4709 0.7462 -0.4705
vn 0.6147 -0.7465 -0.2546
vn 0.6153 0.7461 -0.2545
vn 0.6659 -0.7461 0.0002
vn 0.6655 0.7464 -0.0000
vn 0.6143 -0.7468 0.2548
vn 0.6149 0.7464 0.2547
vn 0.4697 -0.7467 0.4710
vn 0.4710 0.7463 0.4703
vn 0.2545 -0.7465 0.6148
vn 0.2547 0.7464 0.6149
vn -0.0002 -0.7465 0.6653
vn -0.0001 0.7464 0.6656
vn -0.2546 -0.7465 0.6148
vn -0.2548 0.7464 0.6148
vn -0.4702 -0.7466 0.4706
vn -0.4707 0.7463 0.4705
vn -0.6141 -0.7469 0.2548
vn -0.6149 0.7464 0.2547
vn -0.6655 -0.7464 0.0001
vn -0.6655 0.7464 -0.0000
vn -0.6147 -0.7465 -0.2546
vn -0.6153 0.7461 -0.2545
vn -0.4697 -0.7468 -0.4708
vn -0.4715 0.7460 -0.4703
vn -0.2545 -0.7465 -0.6147
vn -0.2548 0.7463 -0.6149
vn -0.0000 0.7567 0.6538
vn -0.2504 0.7567 0.6040
vn -0.4637 0.7562 0.4617
vn -0.6050 0.7561 0.2497
vn -0.6538 0.7566 -0.0000
vn -0.6042 0.7566 -0.2502
vn -0.4624 0.7567 -0.4622
vn -0.2501 0.7568 -0.6040
vn 0.0001 0.7567 -0.6537
vn 0.2502 0.7568 -0.6039
vn 0.4624 0.7567 -0.4622
vn 0.6042 0.7566 -0.2502
vn 0.6538 0.7566 -0.0000
vn 0.6049 0.7562 0.2497
vn 0.4633 0.7563 0.4619
vn 0.2504 0.7566 0.6040
vn -0.0000 0.7100 0.7042
vn -0.2694 0.7099 0.6507
vn -0.4982 0.7099 0.4979
vn -0.6508 0.7099 0.2693
vn -0.7042 0.7100 -0.0000
vn -0.6505 0.7101 -0.2695
vn -0.4978 0.7100 -0.4980
vn -0.2690 0.7101 -0.6507
vn 0.0001 0.7100 -0.7042
vn 0.2695 0.7099 -0.6506
vn 0.4979 0.7100 -0.4980
vn 0.6506 0.7100 -0.2695
vn 0.7042 0.7100 -0.0000
vn 0.6508 0.7099 0.2693
vn 0.4982 0.7099 0.4979
vn 0.2694 0.7100 0.6507
vn 0.1022 -0.0000 0.9948
vn -0.7071 -0.0001 -0.7071
vn -0.9952 -0.0000 -0.0980
vn -0.9861 -0.1405 0.0887
vn -0.9952 -0.0000 0.0979
vn -0.9889 -0.1484 -0.0000
vn -0.9952 -0.0000 0.0980
vn -0.0959 -0.9911 0.0918
vn -0.0778 -0.7049 0.7050
vn -0.5773 -0.5774 0.5774
vn -0.7051 -0.7052 0.0746
vn -0.0925 -0.1401 0.9858
vn -0.7022 -0.1165 0.7023
vn -0.5773 -0.5773 0.5774
vn -0.0779 -0.7049 0.7050
vn -0.9861 -0.1404 0.0886
vn -0.7051 -0.7051 0.0745
vn -0.5774 -0.5773 0.5773
vn -0.7023 -0.1165 0.7023
vn -0.0960 -0.9911 -0.0918
vn -0.7051 -0.7052 -0.0746
vn -0.5773 -0.5774 -0.5774
vn -0.0779 -0.7049 -0.7050
vn -0.9861 -0.1404 -0.0886
vn -0.7023 -0.1165 -0.7023
vn -0.5774 -0.5773 -0.5773
vn -0.7052 -0.7051 -0.0745
vn -0.0925 -0.1401 -0.9858
vn -0.0779 -0.7050 -0.7049
vn -0.5773 -0.5773 -0.5774
vn -0.7022 -0.1165 -0.7023
vn 0.0960 -0.9911 0.0918
vn 0.7051 -0.7052 0.0746
vn 0.5773 -0.5774 0.5773
vn 0.0779 -0.7049 0.7050
vn 0.9861 -0.1404 0.0886
vn 0.7023 -0.1165 0.7023
vn 0.5774 -0.5773 0.5773
vn 0.7052 -0.7051 0.0745
vn 0.0925 -0.1401 0.9858
vn 0.0779 -0.7050 0.7049
vn 0.5773 -0.5773 0.5774
vn 0.0959 -0.9912 -0.0918
vn 0.0778 -0.7049 -0.7050
vn 0.5773 -0.5774 -0.5774
vn 0.7051 -0.7052 -0.0746
vn 0.0925 -0.1401 -0.9858
vn 0.7022 -0.1165 -0.7023
vn 0.5773 -0.5773 -0.5774
vn 0.0779 -0.7050 -0.7049
vn 0.9861 -0.1404 -0.0886
vn 0.7051 -0.7051 -0.0745
vn 0.5774 -0.5773 -0.5773
vn 0.7023 -0.1165 -0.7023
vn 0.1021 -0.9948 -0.0000
vn -0.1021 -0.0000 -0.9948
vn -0.1022 -0.0000 -0.9948
vn -0.0926 -0.1401 0.9858
vn -0.1022 -0.0000 0.9948
vn -0.9952 -0.0000 -0.0979
vn 0.0960 -0.9911 -0.0918
vn -0.0000 -0.9952 -0.0979
vn -0.0000 -0.7071 -0.7071
vn 0.0779 -0.7049 -0.7050
vn 0.9861 -0.1405 -0.0887
vn 0.9952 -0.0000 -0.0979
vn 0.9889 -0.1484 -0.0000
vn 0.0961 -0.9911 0.0917
vn 0.1022 -0.9948 -0.0000
vn 0.7072 -0.7070 -0.0000
vn 0.9952 -0.0000 0.0979
vn 0.9861 -0.1405 0.0887
vn 0.7071 -0.0001 0.7071
vn 0.9952 -0.0000 0.0980
vn 0.0779 -0.7050 -0.7050
vn -0.0000 -0.1485 -0.9889
vn 0.0926 -0.1401 -0.9858
vn -0.0960 -0.9911 0.0918
vn -0.0000 -0.9952 0.0979
vn -0.0000 -0.7071 0.7071
vn -0.0961 -0.9911 -0.0917
vn -0.1022 -0.9948 -0.0000
vn -0.7072 -0.7070 -0.0000
vn 0.7476 0.0144 -0.6640
vn 0.7476 0.0286 -0.6635
vn 0.3154 0.0384 -0.9482
vn 0.3153 0.0182 -0.9488
vn 0.9795 0.0068 -0.2011
vn 0.9795 0.0111 -0.2010
vn 0.9489 -0.0026 0.3156
vn 0.9489 -0.0094 0.3153
vn 0.6640 -0.0113 0.7477
vn 0.6641 -0.0273 0.7472
vn 0.2013 -0.0170 0.9794
vn 0.2014 -0.0380 0.9788
vn -0.3153 -0.0182 0.9488
vn -0.3153 -0.0385 0.9482
vn -0.7474 -0.0144 0.6642
vn -0.7475 -0.0286 0.6637
vn -0.9795 -0.0068 0.2014
vn -0.9795 -0.0111 0.2013
vn -0.9490 0.0026 -0.3154
vn -0.9490 0.0094 -0.3151
vn -0.6641 0.0113 -0.7476
vn -0.6643 0.0273 -0.7470
vn -0.2013 0.0170 -0.9794
vn -0.2014 0.0380 -0.9788
vn 0.7476 0.0666 -0.6608
vn 0.3153 0.0930 -0.9444
vn 0.9795 0.0223 -0.2001
vn 0.9490 -0.0279 0.3141
vn 0.6642 -0.0707 0.7442
vn 0.2016 -0.0945 0.9749
vn -0.3151 -0.0930 0.9445
vn -0.7474 -0.0666 0.6611
vn -0.9794 -0.0223 0.2006
vn -0.9491 0.0279 -0.3137
vn -0.6645 0.0707 -0.7440
vn -0.2016 0.0945 -0.9749
vn 0.7475 0.1002 -0.6567
vn 0.3151 0.1420 -0.9384
vn 0.9795 0.0315 -0.1991
vn 0.9490 -0.0455 0.3119
vn 0.6643 -0.1104 0.7393
vn 0.2017 -0.1456 0.9686
vn -0.3150 -0.1419 0.9384
vn -0.7473 -0.1002 0.6569
vn -0.9794 -0.0316 0.1994
vn -0.9491 0.0455 -0.3116
vn -0.6644 0.1104 -0.7391
vn -0.2017 0.1457 -0.9685
vn 0.7473 0.0988 -0.6571
vn 0.3150 0.1414 -0.9385
vn 0.9794 0.0297 -0.1996
vn 0.9491 -0.0473 0.3113
vn 0.6644 -0.1117 0.7389
vn 0.2018 -0.1462 0.9685
vn -0.3151 -0.1415 0.9385
vn -0.7475 -0.0988 0.6569
vn -0.9795 -0.0297 0.1994
vn -0.9490 0.0474 -0.3117
vn -0.6643 0.1117 -0.7391
vn -0.2017 0.1460 -0.9685
vn 0.7472 0.0619 -0.6618
vn 0.3149 0.0897 -0.9449
vn 0.9794 0.0175 -0.2013
vn 0.9492 -0.0315 0.3132
vn 0.6646 -0.0722 0.7437
vn 0.2018 -0.0935 0.9750
vn -0.3151 -0.0897 0.9448
vn -0.7475 -0.0619 0.6614
vn -0.9795 -0.0175 0.2007
vn -0.9490 0.0316 -0.3137
vn -0.6643 0.0722 -0.7440
vn -0.2017 0.0934 -0.9750
vn 0.7471 0.0200 -0.6644
vn 0.3148 0.0301 -0.9487
vn 0.9793 0.0044 -0.2022
vn 0.9493 -0.0123 0.3142
vn 0.6648 -0.0258 0.7466
vn 0.2020 -0.0324 0.9789
vn -0.3151 -0.0303 0.9486
vn -0.7475 -0.0201 0.6639
vn -0.9795 -0.0044 0.2014
vn -0.9490 0.0123 -0.3150
vn -0.6644 0.0258 -0.7470
vn -0.2018 0.0323 -0.9789
vn 0.7469 -0.0441 -0.6635
vn 0.3145 -0.0610 -0.9473
vn 0.9793 -0.0154 -0.2019
vn 0.9493 0.0175 0.3137
vn 0.6650 0.0458 0.7455
vn 0.2023 0.0618 0.9774
vn -0.3148 0.0612 0.9472
vn -0.7474 0.0442 0.6630
vn -0.9795 0.0154 0.2011
vn -0.9491 -0.0175 -0.3146
vn -0.6645 -0.0457 -0.7459
vn -0.2020 -0.0616 -0.9774
vn 0.7468 -0.0743 -0.6608
vn 0.3145 -0.1039 -0.9436
vn 0.9793 -0.0248 -0.2008
vn 0.9492 0.0314 0.3131
vn 0.6648 0.0792 0.7428
vn 0.2024 0.1056 0.9736
vn -0.3145 0.1040 0.9435
vn -0.7470 0.0743 0.6607
vn -0.9793 0.0248 0.2007
vn -0.9492 -0.0314 -0.3131
vn -0.6646 -0.0791 -0.7430
vn -0.2023 -0.1057 -0.9736
vn 0.7471 -0.0644 -0.6616
vn 0.3146 -0.0896 -0.9450
vn 0.9794 -0.0219 -0.2008
vn 0.9491 0.0264 0.3138
vn 0.6645 0.0675 0.7442
vn 0.2019 0.0906 0.9752
vn -0.3144 0.0894 0.9451
vn -0.7469 0.0643 0.6619
vn -0.9793 0.0219 0.2013
vn -0.9493 -0.0263 -0.3133
vn -0.6648 -0.0676 -0.7439
vn -0.2022 -0.0908 -0.9751
vn 0.7475 -0.0158 -0.6641
vn 0.3150 -0.0201 -0.9489
vn 0.9795 -0.0073 -0.2012
vn 0.9489 0.0031 0.3155
vn 0.6642 0.0124 0.7475
vn 0.2017 0.0185 0.9793
vn -0.3146 0.0196 0.9490
vn -0.7468 0.0155 0.6648
vn -0.9793 0.0072 0.2025
vn -0.9493 -0.0031 -0.3142
vn -0.6648 -0.0127 -0.7469
vn -0.2021 -0.0190 -0.9792
vn 0.7482 0.0716 -0.6596
vn 0.3158 0.1050 -0.9430
vn 0.9796 0.0191 -0.1999
vn 0.9489 -0.0383 0.3131
vn 0.6643 -0.0853 0.7425
vn 0.2016 -0.1095 0.9733
vn -0.3154 -0.1044 0.9432
vn -0.7476 -0.0713 0.6603
vn -0.9794 -0.0192 0.2010
vn -0.9493 0.0383 -0.3121
vn -0.6650 0.0857 -0.7419
vn -0.2018 0.1102 -0.9732
vn 0.7470 0.0994 -0.6574
vn 0.3149 0.1441 -0.9381
vn 0.9794 0.0278 -0.1999
vn 0.9489 -0.0513 0.3115
vn 0.6636 -0.1167 0.7389
vn 0.2011 -0.1508 0.9679
vn -0.3150 -0.1445 0.9380
vn -0.7472 -0.0995 0.6571
vn -0.9795 -0.0278 0.1996
vn -0.9488 0.0513 -0.3118
vn -0.6635 0.1165 -0.7391
vn -0.2010 0.1504 -0.9680
vn 0.7476 0.0158 -0.6639
vn 0.3153 0.0246 -0.9487
vn 0.9794 0.0027 -0.2020
vn 0.9494 -0.0110 0.3139
vn 0.6653 -0.0218 0.7462
vn 0.2022 -0.0268 0.9790
vn -0.3157 -0.0245 0.9486
vn -0.7482 -0.0157 0.6633
vn -0.9796 -0.0027 0.2009
vn -0.9491 0.0111 -0.3149
vn -0.6648 0.0219 -0.7467
vn -0.2019 0.0269 -0.9790
vn 0.7468 -0.0659 -0.6618
vn 0.3144 -0.0920 -0.9448
vn 0.9793 -0.0219 -0.2013
vn 0.9492 0.0280 0.3134
vn 0.6646 0.0705 0.7439
vn 0.2020 0.0940 0.9749
vn -0.3146 0.0924 0.9447
vn -0.7471 0.0660 0.6614
vn -0.9794 0.0219 0.2006
vn -0.9490 -0.0280 -0.3139
vn -0.6643 -0.0702 -0.7442
vn -0.2019 -0.0937 -0.9749
vn 0.7469 -0.1002 -0.6573
vn 0.3146 -0.1411 -0.9387
vn 0.9793 -0.0323 -0.1997
vn 0.9492 0.0442 0.3115
vn 0.6647 0.1089 0.7391
vn 0.2026 0.1444 0.9686
vn -0.3145 0.1412 0.9387
vn -0.7471 0.1002 0.6571
vn -0.9794 0.0323 0.1996
vn -0.9492 -0.0442 -0.3116
vn -0.6646 -0.1088 -0.7392
vn -0.2021 -0.1443 -0.9687
vn 0.7470 -0.1035 -0.6567
vn 0.3145 -0.1458 -0.9380
vn 0.9793 -0.0335 -0.1994
vn 0.9492 0.0454 0.3114
vn 0.6646 0.1122 0.7387
vn 0.2021 0.1488 0.9680
vn -0.3144 0.1456 0.9381
vn -0.7469 0.1035 0.6569
vn -0.9793 0.0335 0.1996
vn -0.9492 -0.0454 -0.3112
vn -0.6647 -0.1122 -0.7386
vn -0.2022 -0.1488 -0.9680
vn 0.7473 -0.0709 -0.6607
vn 0.3147 -0.0988 -0.9440
vn 0.9794 -0.0240 -0.2003
vn 0.9490 0.0292 0.3139
vn 0.6643 0.0744 0.7437
vn 0.2019 0.0997 0.9743
vn -0.3145 0.0983 0.9442
vn -0.7468 0.0707 0.6613
vn -0.9793 0.0240 0.2011
vn -0.9493 -0.0292 -0.3131
vn -0.6647 -0.0747 -0.7433
vn -0.2021 -0.1002 -0.9742
vn 0.7482 0.0339 -0.6626
vn 0.3158 0.0521 -0.9474
vn 0.9796 0.0067 -0.2006
vn 0.9489 -0.0223 0.3149
vn 0.6642 -0.0453 0.7462
vn 0.2014 -0.0562 0.9779
vn -0.3154 -0.0520 0.9475
vn -0.7475 -0.0339 0.6634
vn -0.9794 -0.0068 0.2018
vn -0.9492 0.0222 -0.3138
vn -0.6648 0.0453 -0.7457
vn -0.2017 0.0563 -0.9778
vn 0.7483 0.1257 -0.6513
vn 0.3162 0.1840 -0.9307
vn 0.9797 0.0337 -0.1974
vn 0.9486 -0.0673 0.3093
vn 0.6633 -0.1501 0.7331
vn 0.2006 -0.1928 0.9605
vn -0.3159 -0.1838 0.9308
vn -0.7478 -0.1257 0.6520
vn -0.9795 -0.0338 0.1984
vn -0.9489 0.0671 -0.3084
vn -0.6639 0.1502 -0.7326
vn -0.2008 0.1929 -0.9605
vn 0.7487 0.2077 -0.6295
vn 0.3169 0.3019 -0.8991
vn 0.9799 0.0578 -0.1911
vn 0.9484 -0.1075 0.2985
vn 0.6628 -0.2438 0.7080
vn 0.1998 -0.3149 0.9279
vn -0.3166 -0.3017 0.8993
vn -0.7484 -0.2077 0.6299
vn -0.9797 -0.0580 0.1918
vn -0.9486 0.1073 -0.2978
vn -0.6632 0.2439 -0.7076
vn -0.2000 0.3152 -0.9277
vn 0.7488 0.2463 -0.6153
vn 0.3171 0.3573 -0.8785
vn 0.9799 0.0693 -0.1873
vn 0.9483 -0.1264 0.2912
vn 0.6626 -0.2881 0.6914
vn 0.1995 -0.3725 0.9064
vn -0.3171 -0.3572 0.8786
vn -0.7486 -0.2463 0.6155
vn -0.9798 -0.0693 0.1874
vn -0.9483 0.1264 -0.2912
vn -0.6626 0.2881 -0.6914
vn -0.1992 0.3725 -0.9064
vn 0.7484 0.2265 -0.6234
vn 0.3167 0.3288 -0.8897
vn 0.9797 0.0634 -0.1899
vn 0.9485 -0.1168 0.2945
vn 0.6629 -0.2658 0.6999
vn 0.1997 -0.3436 0.9176
vn -0.3170 -0.3292 0.8895
vn -0.7487 -0.2266 0.6229
vn -0.9799 -0.0632 0.1893
vn -0.9483 0.1170 -0.2952
vn -0.6625 0.2657 -0.7003
vn -0.1995 0.3432 -0.9178
vn 0.7481 0.1458 -0.6474
vn 0.3162 0.2130 -0.9245
vn 0.9796 0.0395 -0.1972
vn 0.9489 -0.0774 0.3058
vn 0.6641 -0.1737 0.7272
vn 0.2008 -0.2235 0.9538
vn -0.3166 -0.2132 0.9243
vn -0.7488 -0.1457 0.6466
vn -0.9798 -0.0392 0.1959
vn -0.9485 0.0776 -0.3070
vn -0.6635 0.1737 -0.7278
vn -0.2006 0.2232 -0.9539
vn 0.7474 0.0505 -0.6625
vn 0.3154 0.0736 -0.9461
vn 0.9794 0.0139 -0.2013
vn 0.9491 -0.0265 0.3139
vn 0.6643 -0.0597 0.7451
vn 0.2012 -0.0768 0.9765
vn -0.3158 -0.0735 0.9460
vn -0.7481 -0.0503 0.6617
vn -0.9797 -0.0137 0.2000
vn -0.9487 0.0265 -0.3151
vn -0.6636 0.0597 -0.7457
vn -0.2010 0.0770 -0.9766
vn 0.7476 -0.0276 -0.6636
vn 0.3157 -0.0472 -0.9477
vn 0.9794 -0.0005 -0.2017
vn 0.9489 0.0267 0.3145
vn 0.6638 0.0467 0.7464
vn 0.2006 0.0542 0.9782
vn -0.3163 0.0472 0.9475
vn -0.7484 0.0275 0.6627
vn -0.9797 0.0004 0.2002
vn -0.9485 -0.0268 -0.3158
vn -0.6631 -0.0468 -0.7470
vn -0.2005 -0.0543 -0.9782
vn 0.7492 -0.0979 -0.6551
vn 0.3182 -0.1620 -0.9341
vn 0.9796 -0.0074 -0.2007
vn 0.9477 0.0851 0.3075
vn 0.6617 0.1549 0.7336
vn 0.1980 0.1832 0.9629
vn -0.3189 0.1622 0.9338
vn -0.7500 0.0978 0.6541
vn -0.9799 0.0072 0.1993
vn -0.9473 -0.0852 -0.3088
vn -0.6611 -0.1547 -0.7342
vn -0.1979 -0.1828 -0.9630
vn 0.7508 -0.1426 -0.6449
vn 0.3208 -0.2352 -0.9175
vn 0.9799 -0.0116 -0.1993
vn 0.9461 0.1226 0.2999
vn 0.6586 0.2239 0.7184
vn 0.1949 0.2653 0.9443
vn -0.3209 0.2354 0.9174
vn -0.7510 0.1426 0.6447
vn -0.9799 0.0115 0.1989
vn -0.9459 -0.1226 -0.3003
vn -0.6585 -0.2237 -0.7186
vn -0.1949 -0.2647 -0.9444
vn 0.7507 -0.1245 -0.6488
vn 0.3201 -0.2063 -0.9246
vn 0.9800 -0.0094 -0.1990
vn 0.9465 0.1079 0.3041
vn 0.6596 0.1963 0.7255
vn 0.1962 0.2321 0.9527
vn -0.3196 0.2057 0.9249
vn -0.7500 0.1245 0.6496
vn -0.9797 0.0097 0.2002
vn -0.9469 -0.1079 -0.3030
vn -0.6601 -0.1967 -0.7249
vn -0.1963 -0.2327 -0.9525
vn 0.7491 -0.0554 -0.6601
vn 0.3173 -0.0936 -0.9437
vn 0.9798 -0.0025 -0.1999
vn 0.9481 0.0511 0.3137
vn 0.6627 0.0910 0.7433
vn 0.1999 0.1066 0.9740
vn -0.3165 0.0936 0.9440
vn -0.7481 0.0556 0.6613
vn -0.9795 0.0027 0.2016
vn -0.9487 -0.0509 -0.3122
vn -0.6634 -0.0909 -0.7427
vn -0.2000 -0.1066 -0.9740
vn 0.7477 -0.0209 -0.6637
vn 0.3154 -0.0370 -0.9483
vn 0.9797 0.0009 -0.2003
vn 0.9482 0.0225 0.3169
vn 0.6625 0.0381 0.7481
vn 0.2008 0.0434 0.9787
vn -0.3146 0.0372 0.9485
vn -0.7468 0.0210 0.6648
vn -0.9794 -0.0008 0.2020
vn -0.9487 -0.0224 -0.3154
vn -0.6632 -0.0380 -0.7475
vn -0.2008 -0.0433 -0.9787
vn -0.7051 -0.7051 -0.0746
vn -0.7071 -0.7071 -0.0000
vn -0.9889 -0.1485 -0.0000
vn -0.9861 -0.1405 -0.0887
vn 0.7071 -0.7071 -0.0000
vn 0.9889 -0.1485 -0.0000
vn 0.7051 -0.7051 0.0745
vn -0.9889 -0.1485 0.0001
vn -0.0961 -0.9911 0.0917
vn -0.7052 -0.7051 0.0745
vn 0.0961 -0.9911 -0.0917
vn 0.7052 -0.7051 -0.0745
vn 0.7072 -0.7070 0.0001
vn 0.1020 -0.9948 -0.0000
vn 0.7071 -0.7072 -0.0000
vn -0.9889 -0.1484 0.0001
vn -0.1020 -0.9948 -0.0001
vn -0.7071 -0.7072 -0.0000
vn -0.1020 -0.9948 -0.0000
vn -0.0779 -0.7050 0.7050
vn -0.0000 -0.1485 0.9889
vn 0.0926 -0.1401 0.9858
vn 0.7071 0.0001 0.7071
vn 0.1022 -0.0000 -0.9948
vn 0.7071 -0.0001 -0.7071
vn 0.1021 -0.0000 -0.9948
vn -0.0926 -0.1401 -0.9858
vn -0.1021 -0.0000 0.9948
vn -0.7071 -0.0001 0.7071
vn -0.1021 -0.9948 -0.0000
vn 0.1021 -0.0000 0.9948
vn 0.9952 -0.0000 -0.0980
vn -0.9952 -0.0001 0.0980
vn -0.0000 -0.1484 -0.9889
vn -0.0000 -0.1484 0.9889
vn 0.0779 -0.7050 0.7050
vn -0.0926 -0.1400 -0.9858
vn -0.3813 0.0771 -0.9213
vn -0.9218 -0.0670 0.3818
vn 0.3821 0.0670 0.9217
vn 0.7055 0.0671 0.7055
vn 0.9217 0.0672 0.3820
vn 0.3821 0.0670 -0.9217
vn -0.0159 0.9997 0.0158
vn 0.0092 -0.9997 0.0216
vn 0.0168 -0.9997 0.0166
vn 0.3827 -0.0283 -0.9234
vn -0.0093 -0.9997 0.0217
vn 0.0116 -0.9996 -0.0276
vn -0.0168 -0.9997 0.0165
vn -0.0000 -0.0383 0.9993
vn 0.3824 -0.0383 0.9232
vn -0.0033 -1.0000 -0.0078
vn -0.0059 -1.0000 -0.0060
vn -0.0134 -0.9999 -0.0056
vn -0.0000 0.0671 0.9977
vn 0.3813 0.0771 0.9213
vn 0.7048 0.0772 0.7052
vn 0.7048 -0.0771 0.7052
vn 0.3813 -0.0770 0.9213
vn 0.0002 -1.0000 0.0084
vn -0.3824 -0.0383 0.9232
vn -0.0000 0.0770 0.9970
vn -0.0000 -0.0770 0.9970
vn -0.7048 0.0771 -0.7052
vn -0.7048 -0.0771 -0.7052
vn -0.9970 0.0772 -0.0001
vn -0.3812 0.0771 0.9213
vn -0.3813 -0.0770 0.9212
vn 0.9211 0.0771 0.3816
vn -0.9236 -0.0283 -0.3823
vn -0.9235 -0.0282 -0.3826
vn -0.9236 -0.0280 0.3824
vn -0.7066 -0.0284 0.7071
vn -0.7071 -0.0279 0.7065
vn -0.3823 -0.0283 0.9236
vn -0.0000 -0.0284 0.9996
vn 0.7066 -0.0284 0.7071
vn 0.9236 -0.0283 -0.3823
vn 0.9234 -0.0282 -0.3827
vn 0.7067 -0.0282 -0.7069
vn 0.0179 -0.9989 -0.0430
vn -0.0428 -0.9989 -0.0178
vn -0.0001 -0.0671 0.9977
vn -0.0006 -0.7489 0.6627
vn 0.2327 0.7936 0.5622
vn 0.0005 0.7936 0.6084
vn 0.4296 0.7938 0.4305
vn 0.7056 -0.0669 0.7054
vn 0.4683 -0.7489 0.4688
vn 0.6627 -0.7488 -0.0000
vn 0.6119 -0.7492 -0.2536
vn 0.7056 -0.0669 -0.7054
vn 0.4686 -0.7488 -0.4687
vn 0.2326 0.7936 -0.5622
vn -0.2322 0.7936 -0.5624
vn -0.4301 0.7936 -0.4303
vn -0.7056 -0.0670 -0.7054
vn -0.4685 -0.7489 -0.4687
vn -0.6121 -0.7490 -0.2536
vn -0.5625 0.7934 0.2327
vn -0.6122 -0.7489 0.2536
vn -0.4303 0.7935 0.4303
vn -0.7056 -0.0669 0.7054
vn -0.4680 -0.7491 0.4688
vn -0.2323 0.7936 0.5623
vn -0.2329 -0.7939 0.5617
vn 0.0001 -0.7940 0.6080
vn 0.2325 -0.7939 0.5618
vn 0.5619 -0.7938 -0.2326
vn 0.4305 -0.7936 -0.4300
vn -0.2325 -0.7940 -0.5617
vn -0.4294 -0.7941 -0.4301
vn -0.4302 -0.7938 0.4299
vn -0.0000 0.7488 0.6628
vn -0.0000 -0.7486 0.6630
vn 0.2537 -0.7486 0.6126
vn 0.4689 0.7486 0.4687
vn 0.4686 -0.7487 0.4689
vn 0.6121 -0.7488 0.2541
vn 0.6627 0.7488 -0.0000
vn 0.6137 0.7478 -0.2533
vn 0.4706 0.7479 -0.4681
vn 0.2538 0.7488 -0.6123
vn -0.0000 0.7488 -0.6628
vn -0.2542 0.7488 -0.6122
vn -0.2529 -0.7489 -0.6126
vn -0.4705 0.7480 -0.4681
vn -0.6135 0.7480 -0.2533
vn -0.6131 -0.7482 -0.2535
vn -0.6627 0.7489 -0.0000
vn -0.6123 -0.7487 0.2539
vn -0.4682 -0.7488 0.4692
vn -0.2537 -0.7486 0.6126
vn -0.0000 -0.7593 -0.6507
vn -0.2490 -0.7594 -0.6012
vn -0.6009 -0.7597 -0.2484
vn -0.6009 -0.7596 0.2491
vn -0.2492 -0.7592 0.6012
vn 0.6010 -0.7596 -0.2486
vn 0.2490 -0.7594 -0.6012
vn -0.4961 -0.7123 -0.4964
vn -0.6478 -0.7128 -0.2688
vn -0.7014 -0.7128 -0.0000
vn -0.6485 -0.7123 0.2685
vn -0.4964 -0.7123 0.4961
vn -0.0001 -0.7123 0.7018
vn 0.2684 -0.7124 0.6484
vn 0.6484 -0.7124 0.2685
vn 0.7016 -0.7125 -0.0000
vn 0.4960 -0.7124 -0.4964
vn 0.2686 -0.7123 -0.6485
vn 0.0114 -0.9996 -0.0271
vn -0.0000 0.0762 0.9971
vn 0.3818 -0.0622 -0.9221
vn 0.3818 -0.0623 0.9221
vn -0.0087 -0.9997 0.0208
vn -0.0000 -0.9997 0.0225
vn -0.0209 -0.9997 0.0086
vn -0.0269 -0.9996 -0.0112
vn -0.0161 -0.9997 -0.0159
vn 0.0089 0.9997 -0.0220
vn -0.0000 0.0280 0.9996
vn -0.0000 0.0379 -0.9993
vn 0.3825 0.0379 -0.9232
vn 0.3826 0.0379 0.9232
vn -0.0061 1.0000 0.0060
vn -0.0079 1.0000 -0.0032
vn 0.7050 -0.0763 -0.7051
vn 0.7052 0.0762 -0.7049
vn 0.3816 0.0762 -0.9212
vn -0.0113 -0.9996 -0.0272
vn 0.0001 1.0000 -0.0085
vn 0.0087 -0.9997 0.0209
vn 0.0031 1.0000 -0.0079
vn -0.3825 0.0379 0.9232
vn -0.0000 -0.0761 -0.9971
vn -0.0000 0.0761 -0.9971
vn 0.9212 -0.0762 0.3816
vn -0.9211 -0.0765 -0.3818
vn -0.9212 0.0763 -0.3816
vn -0.7050 -0.0764 -0.7051
vn -0.7051 0.0763 -0.7050
vn -0.3817 0.0763 -0.9212
vn 0.3814 0.0762 0.9212
vn 0.9212 0.0762 -0.3816
vn -0.9981 -0.0621 0.0001
vn -0.7057 0.0623 0.7058
vn -0.3818 -0.0623 0.9222
vn -0.3826 0.0280 0.9235
vn -0.3823 0.0278 0.9236
vn -0.7069 0.0277 0.7067
vn -0.9996 0.0285 -0.0000
vn -0.9236 0.0278 0.3824
vn -0.9996 0.0280 -0.0000
vn -0.9235 0.0279 -0.3826
vn -0.7068 0.0278 -0.7069
vn 0.0002 0.0279 -0.9996
vn 0.3827 0.0280 -0.9234
vn 0.9235 0.0282 -0.3826
vn 0.9236 0.0277 0.3823
vn 0.7069 0.0277 0.7068
vn 0.0180 0.9989 0.0433
vn -0.0000 0.9989 -0.0468
vn 0.0181 0.9989 -0.0433
vn -0.0000 -0.7915 -0.6111
vn 0.4321 -0.7916 -0.4321
vn 0.6120 -0.7908 -0.0000
vn 0.6155 0.7459 0.2547
vn 0.4717 0.7457 0.4706
vn 0.2341 -0.7915 0.5645
vn -0.2544 0.7463 0.6150
vn -0.4320 -0.7916 0.4321
vn -0.4708 0.7462 0.4707
vn -0.6154 0.7460 0.2547
vn -0.6118 -0.7910 -0.0000
vn -0.6650 0.7469 -0.0000
vn -0.4321 -0.7916 -0.4320
vn -0.4711 0.7460 -0.4706
vn 0.4326 0.7914 0.4320
vn 0.2342 0.7915 0.5645
vn -0.0000 0.7917 0.6109
vn -0.4319 0.7917 0.4320
vn -0.4318 0.7918 -0.4319
vn 0.2546 -0.7465 -0.6148
vn 0.0001 -0.7465 -0.6654
vn -0.0001 0.7462 -0.6657
vn 0.2547 0.7463 -0.6149
vn 0.6655 -0.7464 0.0001
vn 0.4698 -0.7468 0.4708
vn 0.4712 0.7463 0.4702
vn 0.2544 -0.7465 0.6148
vn 0.2547 0.7464 0.6148
vn -0.0002 -0.7465 0.6654
vn -0.2548 0.7463 0.6149
vn -0.4708 0.7463 0.4705
vn -0.6149 0.7463 0.2547
vn -0.6155 0.7459 -0.2546
vn -0.4702 -0.7466 -0.4706
vn -0.4712 0.7461 -0.4704
vn -0.2545 -0.7465 -0.6148
vn -0.0000 0.7566 0.6538
vn -0.2507 0.7565 0.6041
vn -0.4636 0.7562 0.4618
vn -0.6049 0.7561 0.2497
vn -0.6042 0.7565 -0.2502
vn -0.4628 0.7565 -0.4621
vn 0.0001 0.7567 -0.6538
vn 0.2502 0.7567 -0.6040
vn 0.6042 0.7566 -0.2501
vn 0.6048 0.7562 0.2498
vn -0.2694 0.7100 0.6507
vn -0.4979 0.7100 -0.4980
vn -0.2690 0.7099 -0.6509
vn 0.0001 0.7101 -0.7041
vn 0.2695 0.7100 -0.6506
vn 0.4979 0.7100 -0.4981
vn 0.6505 0.7100 -0.2695
vn 0.4985 0.7098 0.4977
vn -0.0000 1.0000 0.0072
vn -0.0183 0.9998 0.0071
vn -0.0182 0.9998 -0.0000
vn 0.0172 -0.9307 -0.3655
vn -0.0091 -0.9339 -0.3573
vn -0.0232 -0.9321 -0.3615
vn -0.0081 -0.9307 -0.3657
vn 0.0183 0.9998 -0.0000
vn 0.0066 0.9374 0.3481
vn 0.0224 0.9396 0.3416
vn 0.9047 0.1138 0.4106
vn 0.9269 -0.0000 0.3753
vn 0.9994 -0.0000 0.0336
vn 0.9959 0.0658 0.0623
vn -0.0198 -0.9398 -0.3411
vn 0.0180 -0.9358 -0.3520
vn 0.0180 -0.9329 -0.3598
vn -0.0198 -0.9371 -0.3486
vn -0.9942 -0.1077 -0.0000
vn -1.0000 -0.0000 0.0059
vn -0.9941 -0.1087 0.0051
vn -0.0100 0.9311 0.3646
vn 0.0066 0.9331 0.3595
vn -0.0019 0.9359 0.3522
vn -0.0181 0.9339 0.3571
vn -0.8983 -0.1087 -0.4257
vn -0.9192 -0.0000 -0.3937
vn -0.9159 -0.0000 -0.4014
vn -0.8952 -0.1086 -0.4323
vn 0.0106 -0.9313 -0.3641
vn -0.0246 -0.9348 -0.3544
vn -0.0473 -0.9324 -0.3582
vn -0.0259 -0.9316 -0.3625
vn -0.0008 0.9325 0.3611
vn 0.0203 0.9348 0.3545
vn 0.0165 0.9377 0.3469
vn -0.0017 0.9359 0.3522
vn -0.0004 0.9350 0.3546
vn -0.0184 0.9328 0.3598
vn -0.0123 0.9314 0.3638
vn 0.0112 0.9334 0.3586
vn -0.0172 -0.9365 -0.3503
vn 0.0181 -0.9328 -0.3599
vn 0.0419 -0.9354 -0.3510
vn 0.0180 -0.9373 -0.3479
vn -0.0187 -0.9370 -0.3488
vn 0.0165 -0.9327 -0.3602
vn 0.0114 -0.9365 -0.3504
vn -0.0128 -0.9386 -0.3447
vn 0.8505 0.1290 -0.5100
vn 0.8343 0.0016 -0.5513
vn 0.8345 0.0028 -0.5510
vn 0.8510 0.1365 -0.5071
vn -0.9655 -0.0976 -0.2415
vn -0.9701 -0.0000 -0.2426
vn -0.9655 -0.0976 -0.2414
vn 0.0159 -0.9999 0.0040
vn -0.0086 -1.0000 -0.0029
vn 0.0203 -0.9998 0.0051
vn -0.9996 -0.0276 0.0061
vn -0.9997 -0.0256 -0.0000
vn -0.9997 -0.0257 -0.0000
vn -0.0290 -0.9387 -0.3435
vn 0.0314 -0.9326 -0.3595
vn 0.0240 -0.9314 -0.3631
vn -0.0540 -0.9393 -0.3389
vn -0.0722 -0.9404 -0.3324
vn -0.0896 -0.9421 -0.3232
vn -0.1204 -0.9422 -0.3126
vn -0.0974 -0.9398 -0.3276
vn 0.0719 0.9388 0.3369
vn 0.0785 0.9395 0.3333
vn -0.0442 0.9407 0.3364
vn -0.1026 0.9352 0.3389
vn 0.0172 0.9368 0.3494
vn -0.0000 0.9350 0.3545
vn -0.0008 0.9350 0.3547
vn -0.0180 0.9329 0.3597
vn -0.9613 -0.1460 0.2338
vn -0.9559 -0.0013 0.2935
vn -0.9997 0.0050 0.0250
vn -0.9780 -0.2023 -0.0502
vn -0.0826 -0.9378 -0.3373
vn -0.1008 -0.9400 -0.3258
vn -0.1734 -0.9308 -0.3219
vn -0.1424 -0.9319 -0.3336
vn -0.0993 -0.9401 -0.3262
vn -0.1042 -0.9407 -0.3228
vn -0.2770 -0.9096 -0.3096
vn -0.2187 -0.9224 -0.3182
vn 0.9502 0.0942 -0.2969
vn 0.9544 -0.0000 -0.2984
vn -0.0272 -0.0000 -0.9996
vn -0.0186 0.3330 -0.9427
vn 0.0185 -0.9998 0.0046
vn -0.0157 -0.9999 -0.0027
vn 0.0185 -0.9998 -0.0057
vn 0.0427 -0.9991 -0.0061
vn 0.9982 0.0534 -0.0266
vn 0.9996 -0.0000 -0.0265
vn 0.9573 -0.0000 -0.2891
vn 0.9531 0.0921 -0.2883
vn 0.9517 -0.0933 -0.2924
vn 0.9559 -0.0000 -0.2937
vn 0.9531 -0.0921 -0.2883
vn 0.0129 -0.9999 0.0043
vn -0.0193 -0.9998 -0.0048
vn -0.0037 -1.0000 -0.0076
vn 0.0127 -0.9999 -0.0039
vn 0.0182 -0.9328 -0.3598
vn -0.0003 0.9350 0.3547
vn -0.0004 0.9349 0.3549
vn -0.0182 -0.9369 -0.3490
vn 0.0213 -0.9325 -0.3606
vn -0.0181 0.9998 -0.0000
vn -0.0181 0.9998 0.0006
vn -0.0000 1.0000 -0.0001
vn -0.1185 -0.9414 -0.3158
vn 0.0477 0.9378 0.3440
vn 0.0576 0.9397 0.3371
vn 0.0835 0.9403 0.3299
vn 0.0658 0.9381 0.3401
vn -0.0360 -0.3163 0.9480
vn -0.0336 -0.0000 0.9994
vn -0.9464 -0.0000 0.3231
vn -0.9526 -0.1164 0.2812
vn 0.0176 0.9325 0.3608
vn 0.0384 0.9332 0.3572
vn -0.9541 -0.1077 0.2795
vn -0.9477 -0.0000 0.3192
vn -0.9500 -0.0000 0.3122
vn -0.9559 -0.1089 0.2727
vn -0.9307 0.1135 -0.3477
vn -0.9225 -0.0000 -0.3861
vn -0.9992 -0.0000 -0.0399
vn -0.9980 0.0618 -0.0125
vn 0.9324 -0.1188 0.3412
vn 0.9324 -0.1166 0.3421
vn 0.0033 0.9349 0.3550
vn 0.0197 0.9368 0.3493
vn -0.0135 0.9999 0.0005
vn -0.0027 0.9361 0.3518
vn -0.9625 -0.0914 -0.2555
vn -0.9663 -0.0000 -0.2573
vn 0.9701 -0.0250 0.2412
vn 0.9695 -0.0250 0.2437
vn 0.9695 -0.0249 0.2437
vn 0.9701 -0.0249 0.2412
vn 0.9272 -0.1151 -0.3565
vn 0.9475 -0.0000 -0.3198
vn 0.9508 -0.0000 -0.3098
vn 0.9307 -0.1138 -0.3477
vn -0.9272 0.1148 0.3564
vn -0.9475 -0.0000 0.3198
vn -0.9464 -0.0000 0.3230
vn -0.9266 0.1130 0.3587
vn -0.8979 -0.1105 -0.4262
vn 0.9532 0.0693 -0.2941
vn 0.9534 0.0691 -0.2937
vn 0.9534 0.0691 -0.2936
vn 0.9532 0.0693 -0.2942
vn 0.5081 -0.5190 0.6873
vn 0.4752 -0.5241 0.7067
vn 0.4758 -0.5218 0.7080
vn 0.5087 -0.5167 0.6886
vn -0.0939 -0.9392 -0.3303
vn -0.9536 -0.1153 0.2781
vn -0.9536 -0.1154 0.2781
vn -0.0011 0.9342 0.3567
vn -0.9619 0.0981 -0.2551
vn -0.0389 -0.0000 -0.9992
vn 0.0999 0.2725 -0.9569
vn 0.0798 0.9395 0.3331
vn 0.0993 0.9417 0.3214
vn 0.0363 0.9450 0.3251
vn 0.0037 0.9419 0.3359
vn 0.9529 0.0694 -0.2952
vn 0.9522 0.0630 -0.2991
vn 0.9522 0.0628 -0.2989
vn 0.9529 0.0695 -0.2953
vn 0.8521 0.1592 -0.4985
vn 0.8348 0.0040 -0.5505
vn 0.8261 0.0049 -0.5635
vn 0.8444 0.1775 -0.5055
vn 0.0430 0.9386 0.3424
vn 0.0268 0.9388 0.3434
vn 0.1004 0.9419 0.3206
vn 0.0857 0.9404 0.3292
vn -0.0185 -0.9998 -0.0000
vn 0.0196 -0.9998 -0.0000
vn 0.0170 0.9368 0.3495
vn -0.9734 0.2093 0.0929
vn -0.9998 0.0045 0.0195
vn -0.9706 0.2191 0.0999
vn 0.9518 -0.0929 -0.2924
vn 0.9294 -0.1054 -0.3536
vn 0.9286 -0.1092 -0.3548
vn 0.0066 1.0000 0.0057
vn 0.0036 1.0000 -0.0009
vn -0.0022 1.0000 0.0020
vn -0.0006 1.0000 -0.0011
vn -0.0018 1.0000 -0.0001
vn -0.0198 0.9998 -0.0041
vn 0.0195 0.9998 0.0049
vn 0.0173 0.9998 0.0043
vn -0.3852 0.2608 -0.8852
vn -0.3487 0.2651 -0.8989
vn -0.3488 0.2674 -0.8982
vn -0.3851 0.2631 -0.8846
vn 0.0135 -0.9307 -0.3656
vn -0.0242 -0.9347 -0.3545
vn 0.0346 0.9994 -0.0049
vn 0.0209 0.9998 -0.0064
vn 0.0173 0.9998 -0.0053
vn -0.0184 0.9998 -0.0046
vn -0.0044 0.9999 -0.0100
vn -0.9692 -0.0000 -0.2462
vn -0.9647 -0.0968 -0.2450
vn 0.9996 -0.0279 -0.0000
vn 0.9996 -0.0278 -0.0000
vn 0.0183 -0.9305 -0.3658
vn -0.0088 -0.9337 -0.3579
vn 0.3440 -0.3168 0.8839
vn 0.3069 -0.3208 0.8961
vn 0.3069 -0.3185 0.8969
vn 0.3441 -0.3146 0.8847
vn -0.0103 0.9311 0.3647
vn 0.0062 0.9331 0.3596
vn -0.0194 -0.9998 -0.0000
vn 0.0186 -0.9998 -0.0000
vn -0.0193 -0.9998 -0.0000
vn 0.0186 -0.9998 -0.0003
vn -0.0016 0.9324 0.3613
vn 0.9944 -0.1060 -0.0000
vn 0.9499 -0.0000 -0.3125
vn 0.9328 -0.1037 -0.3451
vn -0.0255 -0.9350 -0.3536
vn 0.0135 -0.9308 -0.3652
vn 0.0137 -0.9310 -0.3647
vn -0.0255 -0.9352 -0.3531
vn 0.9456 -0.0000 -0.3252
vn 0.9268 -0.1081 -0.3598
vn 0.0366 -0.2262 -0.9734
vn 0.0400 -0.0000 -0.9992
vn -0.0194 -0.9998 -0.0069
vn 0.0186 -0.9998 -0.0072
vn 0.0005 -1.0000 0.0010
vn -0.0013 -1.0000 -0.0032
vn -0.0142 -0.9999 -0.0045
vn 0.0143 -0.9999 0.0021
vn -0.9541 -0.1076 0.2796
vn -0.9281 0.1147 -0.3542
vn -0.9281 0.1125 -0.3550
vn -0.9701 -0.0250 -0.2413
vn -0.9695 -0.0250 -0.2437
vn -0.9695 -0.0248 -0.2437
vn -0.9701 -0.0249 -0.2412
vn -0.8552 -0.1368 0.4999
vn -0.8382 -0.0018 0.5454
vn -0.8377 -0.0041 0.5461
vn -0.8555 -0.1616 0.4919
vn 0.0153 0.9999 0.0038
vn 0.0198 0.9348 0.3546
vn -0.0177 -0.9998 -0.0000
vn -0.0180 -0.9998 -0.0000
vn -0.0314 -0.9995 -0.0041
vn -0.0248 -0.9997 0.0017
vn 0.1709 -0.0269 -0.9849
vn 0.2087 -0.0270 -0.9776
vn 0.2087 -0.0246 -0.9777
vn 0.1710 -0.0245 -0.9850
vn 0.0518 0.2970 -0.9535
vn 0.0395 -0.0000 -0.9992
vn -0.9249 0.1130 -0.3630
vn 0.0840 0.9401 0.3304
vn 0.0813 0.9400 0.3313
vn 0.9536 0.1140 -0.2786
vn 0.9536 0.1183 -0.2770
vn -0.1166 -0.9419 -0.3151
vn -0.0867 -0.9392 -0.3321
vn -0.8532 -0.1576 0.4972
vn -0.8545 -0.1564 0.4954
vn -0.8545 -0.1562 0.4955
vn -0.8532 -0.1575 0.4973
vn -0.1163 -0.9418 -0.3153
vn -0.0898 -0.9387 -0.3328
vn 0.0652 0.9379 0.3406
vn -0.9942 0.1077 -0.0000
vn -0.9941 0.1087 0.0066
vn -0.0270 0.9996 0.0011
vn 0.0187 -0.9327 -0.3602
vn 0.0199 -0.9325 -0.3607
vn 0.7946 -0.0977 -0.5993
vn 0.8182 -0.0000 -0.5750
vn -0.2875 -0.0000 -0.9578
vn -0.4424 -0.2245 -0.8683
vn -0.5190 0.4733 -0.7118
vn -0.4865 0.4784 -0.7311
vn -0.4860 0.4807 -0.7299
vn -0.5184 0.4756 -0.7107
vn -0.9271 0.1153 0.3566
vn 0.0171 0.9368 0.3494
vn 0.9533 0.0548 -0.2972
vn 0.9534 0.0543 -0.2969
vn -0.9845 -0.1694 -0.0464
vn -0.9999 0.0028 0.0138
vn -0.2964 0.0125 -0.9550
vn -0.2621 -0.4225 -0.8676
vn -0.0199 -0.9371 -0.3486
vn -0.8059 0.1289 0.5778
vn -0.9784 0.1881 0.0854
vn -0.9998 0.0034 0.0192
vn 0.9272 -0.1150 -0.3565
vn 0.0198 -0.9326 -0.3603
vn -0.0190 -0.9370 -0.3489
vn -0.0189 -0.9370 -0.3489
vn 0.0197 -0.9326 -0.3603
vn 0.0192 -0.9327 -0.3601
vn -0.0193 -0.9370 -0.3487
vn -0.0198 -0.9367 -0.3496
vn 0.0188 -0.9324 -0.3610
vn 0.0185 -0.9998 -0.0000
vn -0.0190 -0.9396 -0.3416
vn 0.0198 -0.9354 -0.3529
vn 0.0187 -0.9998 -0.0000
vn -0.0187 -0.9998 -0.0000
vn -0.0188 -0.9998 -0.0060
vn 0.0194 -0.9998 0.0035
vn 0.0187 -0.9998 0.0060
vn -0.0194 -0.9998 -0.0035
vn 0.0187 -0.9998 -0.0074
vn -0.0186 -0.9998 -0.0071
vn -0.1209 -0.9416 -0.3143
vn -0.0878 -0.9383 -0.3346
vn -0.0866 -0.9391 -0.3327
vn -0.1195 -0.9424 -0.3124
vn -0.9541 -0.1148 0.2768
vn -0.9554 -0.1136 0.2727
vn 0.9657 0.0993 0.2400
vn 0.9705 -0.0000 0.2411
vn 0.9701 -0.0000 0.2426
vn 0.9655 0.0981 0.2414
vn 0.9996 -0.0257 -0.0064
vn 0.9996 -0.0258 -0.0064
vn 0.8509 0.1092 -0.5139
vn 0.8522 0.1080 -0.5120
vn 0.8522 0.1081 -0.5120
vn 0.8509 0.1094 -0.5138
vn 0.9529 0.0694 -0.2953
vn 0.1009 0.9419 0.3203
vn 0.9996 -0.0280 -0.0000
vn -0.9943 -0.1064 -0.0000
vn -0.9536 -0.1155 0.2780
vn -0.9539 -0.1152 0.2772
vn -0.9536 -0.1155 0.2781
vn -0.2678 -0.0269 0.9631
vn -0.3047 -0.0268 0.9521
vn -0.3047 -0.0245 0.9521
vn -0.2679 -0.0246 0.9631
vn 0.1903 -0.7584 -0.6233
vn -0.9939 -0.0858 -0.0687
vn 0.8321 0.0917 -0.5470
vn 0.6206 0.7630 -0.1809
vn -0.1744 0.2519 -0.9519
vn -0.9905 0.1086 -0.0845
vn -0.7734 -0.5960 -0.2160
vn -0.5669 -0.6606 -0.4922
vn -0.2752 -0.2372 -0.9317
vn 0.4555 -0.7401 -0.4948
vn 0.8956 -0.1058 -0.4320
vn 0.9286 0.0947 -0.3587
vn 0.8800 0.4511 -0.1484
vn 0.4977 0.8369 -0.2278
vn -0.6307 0.7611 -0.1516
vn 0.7108 0.7030 0.0246
vn 0.0418 0.9726 -0.2287
vn -0.6874 0.7256 -0.0323
vn 0.9522 0.1107 -0.2847
vn -0.6067 -0.6186 -0.4993
vn 0.0083 -0.7315 -0.6817
vn 0.6228 -0.6333 -0.4595
vn -0.7180 -0.6953 -0.0336
vn -0.8640 -0.4493 -0.2274
vn -0.6197 -0.6118 -0.4915
vn -0.9959 -0.0616 -0.0665
vn -0.9011 -0.1095 -0.4195
vn -0.9313 0.1064 0.3483
vn -0.6316 0.6293 0.4527
vn -0.8750 0.4584 0.1554
vn -0.7012 0.7125 -0.0255
vn 0.9294 -0.1173 0.3499
vn -0.0205 -0.9753 0.2198
vn 0.6941 -0.7194 0.0257
vn -0.7092 -0.7047 -0.0234
vn -0.0288 0.2398 0.9704
vn -0.0122 0.7371 0.6757
vn -0.6325 0.6276 0.4540
vn 0.8991 0.1129 0.4229
vn 0.6058 0.6238 0.4938
vn 0.9562 0.1169 -0.2684
vn 0.7146 0.6988 0.0316
vn 0.8636 0.4537 0.2199
vn 0.6188 0.6173 0.4859
vn 0.9978 -0.0659 0.0053
vn 0.8744 -0.4580 -0.1604
vn 0.6397 -0.6253 -0.4470
vn 0.9349 -0.1177 0.3350
vn 0.7078 -0.7061 0.0194
vn -0.1798 -0.7943 -0.5803
vn -0.7401 -0.6376 -0.2139
vn 0.7840 -0.1596 -0.5999
vn 0.4731 -0.6468 -0.5982
vn -0.9805 0.1809 0.0772
vn -0.6692 0.6980 0.2548
vn -0.0494 0.9966 -0.0659
vn -0.2441 0.6135 -0.7510
vn 0.6598 0.7344 -0.1593
vn -0.6790 0.6863 0.2608
vn -0.7793 0.4585 0.4273
vn -0.5901 0.5889 0.5523
vn -0.9276 0.1429 0.3451
vn -0.8337 0.1740 0.5241
vn -0.7538 -0.6438 0.1316
vn -0.8813 -0.4655 0.0813
vn -0.7486 -0.6307 -0.2046
vn -0.8941 -0.1884 0.4064
vn -0.9647 0.0966 -0.2451
vn -0.6823 0.7099 -0.1747
vn -0.0094 0.9355 -0.3532
vn 0.6693 0.7124 -0.2110
vn -0.0186 -0.3330 -0.9427
vn -0.0093 -0.9355 -0.3533
vn -0.6796 -0.7127 -0.1740
vn 0.9503 -0.0941 -0.2968
vn 0.6694 -0.7123 -0.2110
vn 0.9685 -0.0929 0.2311
vn 0.6988 -0.6954 0.1678
vn 0.8692 -0.4940 -0.0202
vn 0.9982 -0.0534 -0.0266
vn 0.6808 -0.7029 -0.2062
vn 0.6969 0.6974 0.1674
vn 0.8692 0.4940 -0.0200
vn 0.6808 0.7029 -0.2062
vn 0.9685 0.0932 0.2311
vn -0.9539 -0.1149 0.2773
vn -0.4497 -0.3108 0.8374
vn -0.2721 -0.9237 0.2697
vn -0.6993 -0.7137 -0.0406
vn 0.2106 -0.9063 0.3665
vn 0.6836 -0.5730 -0.4520
vn 0.5564 -0.8307 0.0192
vn 0.8921 -0.1740 0.4169
vn 0.2289 -0.9042 0.3606
vn -0.8685 -0.0350 0.4945
vn -0.5519 -0.7725 0.3141
vn -0.6846 -0.7088 -0.1704
vn -0.2054 -0.7295 0.6524
vn 0.6841 -0.7089 0.1718
vn 0.3060 -0.7857 0.5377
vn 0.4944 -0.0368 0.8684
vn -0.1867 -0.7297 0.6578
vn -0.6842 -0.7088 -0.1718
vn -0.3420 -0.7713 -0.5368
vn -0.5371 -0.0349 -0.8428
vn 0.1203 -0.7294 -0.6734
vn 0.8428 -0.0369 -0.5370
vn 0.5205 -0.7868 -0.3316
vn 0.6845 -0.7088 0.1704
vn 0.1393 -0.7297 -0.6694
vn -0.2528 -0.4780 0.8412
vn -0.2220 -0.9340 0.2798
vn -0.6583 -0.7424 0.1245
vn 0.2369 -0.9434 0.2320
vn 0.5428 -0.5883 -0.5994
vn 0.5075 -0.8472 -0.1571
vn 0.9470 -0.2923 0.1329
vn 0.2528 -0.9416 0.2226
vn -0.6591 -0.7419 0.1234
vn -0.7012 -0.6017 -0.3826
vn -0.9614 0.2255 -0.1578
vn -0.4729 -0.3833 -0.7934
vn -0.4559 -0.3814 -0.8042
vn 0.0616 -0.5037 -0.8617
vn 0.2481 0.4147 -0.8755
vn 0.5421 -0.5877 -0.6006
vn -0.2372 -0.4737 -0.8482
vn 0.2528 -0.5446 -0.7997
vn 0.4281 0.2442 -0.8701
vn 0.6769 -0.5826 -0.4500
vn 0.9526 0.0696 -0.2962
vn -0.9016 0.1018 -0.4205
vn -0.5742 -0.6198 -0.5350
vn -0.2552 -0.4756 -0.8418
vn -0.6875 -0.7249 -0.0434
vn -0.9539 -0.1149 0.2774
vn -0.6997 -0.7133 -0.0402
vn -0.3950 -0.7719 0.4981
vn -0.4509 -0.2936 0.8429
vn 0.2124 -0.8931 0.3965
vn 0.8930 -0.1569 0.4218
vn 0.7516 -0.6428 0.1480
vn 0.6840 -0.5727 -0.4519
vn 0.2424 -0.8891 0.3883
vn -0.5373 -0.0177 -0.8432
vn -0.4424 -0.5678 -0.6942
vn -0.6858 -0.7071 -0.1724
vn 0.1203 -0.7066 -0.6973
vn -0.6863 -0.7070 -0.1706
vn -0.7146 -0.5691 0.4068
vn -0.8688 -0.0178 0.4948
vn -0.2164 -0.7067 0.6736
vn 0.6862 -0.7071 0.1706
vn 0.6818 -0.5886 -0.4344
vn 0.8432 -0.0187 -0.5373
vn 0.1482 -0.7074 -0.6911
vn 0.4947 -0.0186 0.8688
vn 0.4007 -0.5867 0.7037
vn 0.6858 -0.7071 0.1724
vn -0.1888 -0.7073 0.6812
vn -0.9585 0.2421 -0.1506
vn -0.8851 -0.3463 -0.3110
vn -0.6605 -0.7404 0.1247
vn -0.4878 -0.3485 -0.8004
vn -0.6594 -0.7412 0.1260
vn -0.2510 -0.8407 0.4798
vn -0.2520 -0.4625 0.8501
vn 0.2459 -0.9349 0.2558
vn 0.2504 0.4309 -0.8670
vn 0.1650 -0.1918 -0.9675
vn -0.4612 -0.3448 -0.8176
vn 0.5435 -0.5859 -0.6011
vn 0.9511 -0.2758 0.1392
vn 0.6946 -0.7159 -0.0704
vn 0.5443 -0.5867 -0.5997
vn 0.2690 -0.9321 0.2424
vn 0.4277 0.2617 -0.8652
vn 0.3426 -0.3214 -0.8828
vn -0.2409 -0.4464 -0.8618
vn 0.9526 0.0697 -0.2961
vn 0.6775 -0.5818 -0.4500
vn -0.2677 -0.4482 -0.8529
vn -0.7448 -0.4041 -0.5310
vn -0.9024 0.1183 -0.4142
vn -0.6884 -0.7240 -0.0430
vn -0.0134 -0.9999 -0.0011
vn -0.8579 -0.5138 -0.0007
vn -0.9961 -0.0881 -0.0001
vn 0.8032 -0.1232 -0.5828
vn 0.8344 0.0017 -0.5512
vn -0.9961 -0.0882 -0.0001
vn -0.9943 -0.1062 -0.0000
vn -0.7089 0.7053 0.0090
vn -0.7088 0.7054 -0.0000
vn -0.9654 0.0979 -0.2418
vn 0.9539 0.0926 -0.2854
vn 0.9477 -0.0000 -0.3191
vn 0.9540 0.0935 -0.2850
vn 0.7054 0.7082 0.0297
vn 0.7045 0.7097 -0.0000
vn 0.9556 0.1062 -0.2749
vn 0.9944 0.1060 -0.0000
vn 0.5952 -0.6617 -0.4560
vn 0.9314 -0.0965 -0.3509
vn -0.7089 -0.7053 -0.0006
vn -0.7108 -0.7026 -0.0334
vn -0.9294 0.1049 0.3538
vn -0.6286 0.6298 0.4562
vn 0.8173 0.5736 -0.0537
vn 0.9456 -0.0000 -0.3253
vn -0.6972 0.7163 -0.0285
vn -0.6146 -0.6144 -0.4948
vn -0.9294 0.1051 0.3539
vn 0.9207 -0.0000 0.3903
vn -0.9536 -0.1173 0.2773
vn 0.9016 0.1148 0.4170
vn 0.7035 -0.7104 0.0221
vn 0.6136 0.6198 0.4892
vn 0.9021 0.1129 0.4165
vn -0.6281 0.6334 0.4521
vn 0.9537 0.1082 -0.2808
vn 0.7060 0.7075 0.0300
vn 0.6327 -0.6352 -0.4430
vn 0.6300 -0.6315 -0.4520
vn -0.7193 -0.6944 -0.0205
vn -0.7085 -0.7057 0.0001
vn -0.7086 -0.7056 -0.0000
vn -0.7085 0.7058 -0.0000
vn -0.5618 0.8273 0.0015
vn -0.9943 0.1062 -0.0000
vn -0.9952 0.0980 -0.0000
vn 0.0197 -0.9998 -0.0000
vn 0.6938 -0.6993 0.1724
vn 0.7044 -0.7098 -0.0000
vn 0.9657 -0.0993 0.2400
vn 0.7074 0.7062 0.0290
vn 0.7080 0.7056 0.0286
vn 0.6313 -0.6302 -0.4520
vn 0.6318 -0.6297 -0.4520
vn 0.9282 -0.1109 -0.3553
vn -0.9834 -0.1760 -0.0443
vn -0.9998 0.0033 0.0190
vn 0.8348 0.0040 -0.5506
vn 0.7959 -0.1465 -0.5875
vn 0.8261 0.0049 -0.5636
vn -0.6762 0.6898 0.2588
vn -0.7455 -0.6332 -0.2081
vn -0.9797 -0.1939 -0.0506
vn -0.8551 -0.2431 0.4579
vn -0.8385 -0.0081 0.5448
vn -0.8889 -0.0057 0.4581
vn -0.9998 0.0045 0.0197
vn 0.6890 0.7056 -0.1657
vn -0.7984 0.1493 0.5834
vn -0.5146 0.6226 0.5895
vn -0.5116 0.6248 0.5898
vn 0.4985 -0.6316 -0.5938
vn -0.6908 -0.7057 0.1572
vn -0.6931 -0.7026 0.1613
vn 0.9518 0.0929 -0.2924
vn -0.9655 0.0976 -0.2414
vn -0.9692 0.0002 -0.2462
vn 0.6770 -0.7060 -0.2080
vn 0.6771 0.7059 -0.2080
vn 0.9517 0.0933 -0.2924
vn 0.9656 0.0970 0.2414
vn 0.9730 -0.0000 0.2310
vn 0.6925 0.7004 0.1731
vn -0.6844 0.7088 -0.1707
vn -0.6865 -0.7066 -0.1717
vn 0.9655 -0.0981 0.2414
vn 0.6930 -0.6998 0.1733
vn -0.6969 0.7166 -0.0284
vn 0.7034 -0.7104 0.0221
vn 0.6782 -0.5815 -0.4494
vn 0.6789 -0.5807 -0.4493
vn -0.6890 -0.7235 -0.0418
vn -0.6898 -0.7229 -0.0413
vn 0.6910 -0.7228 -0.0000
vn 0.6915 -0.7223 -0.0000
vn -0.6918 -0.7221 -0.0000
vn -0.6923 -0.7216 -0.0000
vn 0.6819 -0.5784 -0.4477
vn 0.6888 -0.7249 -0.0000
vn 0.0466 -0.9989 -0.0010
vn -0.6927 -0.7202 -0.0384
vn -0.6897 -0.7241 -0.0000
vn 0.9536 0.1121 -0.2793
vn 0.7071 0.7065 0.0293
vn 0.6310 -0.6305 -0.4520
vn 0.6799 -0.5770 -0.4526
vn -0.6916 -0.7212 -0.0400
vn -0.7085 0.7057 -0.0000
vn -0.9943 0.1064 -0.0000
vn -0.7088 -0.7054 -0.0000
vn 0.6919 -0.7220 -0.0000
vn 0.6932 -0.7207 -0.0095
vn -0.6927 -0.7213 -0.0000
vn -0.6926 -0.7213 -0.0009
vn 0.5924 -0.6641 -0.4561
vn 0.9316 -0.0958 -0.3507
vn -0.7112 -0.7023 -0.0331
vn -0.6284 0.6300 0.4563
vn 0.8223 0.5661 -0.0583
vn -0.6995 -0.7135 -0.0407
vn 0.6836 -0.5728 -0.4523
vn 0.6931 0.6997 0.1733
vn -0.6864 0.7066 -0.1717
vn -0.6906 -0.7021 -0.1736
vn 0.9656 -0.0970 0.2414
vn 0.6925 -0.7003 0.1731
vn 0.6937 0.6993 0.1724
vn 0.6892 0.7053 -0.1660
vn 0.6893 0.7051 -0.1666
vn -0.7745 0.2154 0.5948
vn -0.7900 0.1738 0.5880
vn -0.5095 0.6269 0.5894
vn -0.5058 0.6307 0.5886
vn 0.4944 -0.6358 -0.5928
vn 0.4931 -0.6368 -0.5928
vn 0.8015 -0.1290 -0.5839
vn -0.6951 -0.7000 0.1637
vn -0.6883 -0.7085 0.1557
vn -0.8561 -0.1916 0.4799
vn -0.6265 0.6349 0.4521
vn -0.7205 -0.6932 -0.0195
vn -0.9536 -0.1177 0.2772
vn 0.7082 0.7054 0.0285
vn 0.6319 -0.6296 -0.4520
vn 0.6773 -0.5825 -0.4494
vn -0.6876 -0.7248 -0.0427
vn 0.6786 -0.5811 -0.4493
vn 0.6793 -0.5803 -0.4493
vn -0.6886 -0.7239 -0.0421
vn -0.6893 -0.7233 -0.0416
vn 0.6911 -0.7228 -0.0000
vn 0.6915 -0.7224 -0.0000
vn 0.6839 -0.5813 -0.4409
vn 0.6889 -0.7249 -0.0000
vn -0.6923 -0.7206 -0.0387
vn -0.6896 -0.7242 -0.0000
vn 0.6812 -0.5782 -0.4491
vn -0.6912 -0.7215 -0.0403
vn 0.6918 -0.7221 -0.0000
vn 0.6931 -0.7208 -0.0095
vn -0.6926 -0.7213 -0.0000
vn -0.6925 -0.7214 -0.0009
vn -0.6997 -0.7133 -0.0406
vn 0.6838 -0.5726 -0.4523
vn 0.6777 -0.5820 -0.4494
vn -0.6882 -0.7243 -0.0424
vn -0.9894 -0.0225 0.1434
vn -0.9481 -0.0120 0.3176
vn -0.9450 0.0143 0.3268
vn -0.9890 0.0051 0.1478
vn 0.9884 -0.0293 -0.1489
vn 0.9436 -0.0324 -0.3295
vn 0.9472 -0.0061 -0.3205
vn 0.9895 -0.0018 -0.1445
vn 0.0064 -1.0000 -0.0001
vn 0.0065 -1.0000 -0.0001
vn -0.0068 -1.0000 -0.0001
vn -0.2004 -0.0260 0.9794
vn -0.1793 -0.0259 0.9835
vn -0.1792 -0.0000 0.9838
vn -0.2006 -0.0000 0.9797
vn 0.5271 -0.2126 0.8227
vn 0.5451 -0.2116 0.8112
vn 0.5462 -0.1866 0.8166
vn 0.5280 -0.1877 0.8282
vn 0.2966 -0.0259 -0.9547
vn 0.2760 -0.0259 -0.9608
vn 0.2760 -0.0000 -0.9611
vn 0.2969 0.0001 -0.9549
vn -0.9696 -0.0263 -0.2433
vn -0.9700 -0.0261 -0.2418
vn -0.9703 -0.0000 -0.2418
vn -0.9700 -0.0000 -0.2433
vn 0.8396 0.0210 -0.5427
vn 0.8389 0.0213 -0.5439
vn 0.8434 0.0498 -0.5350
vn 0.8441 0.0495 -0.5338
vn 0.0063 -1.0000 0.0020
vn -0.0065 -1.0000 -0.0011
vn -0.0062 -1.0000 -0.0020
vn 0.0065 -1.0000 0.0012
vn 0.9696 -0.0262 0.2433
vn 0.9700 -0.0263 0.2418
vn 0.9703 -0.0000 0.2418
vn 0.9700 -0.0000 0.2433
vn -0.0062 -0.9356 -0.3530
vn -0.0196 -0.9370 -0.3489
vn -0.0197 -0.9370 -0.3489
vn 0.9888 -0.0117 -0.1485
vn 0.9875 -0.0392 -0.1527
vn -0.9489 -0.0075 0.3153
vn -0.9899 -0.0205 0.1404
vn -0.9894 0.0072 0.1450
vn -0.9457 0.0190 0.3245
vn 0.9437 -0.0279 -0.3297
vn 0.9395 -0.0541 -0.3382
vn -0.2606 -0.2690 -0.9272
vn -0.2823 -0.2677 -0.9212
vn -0.2853 -0.2526 -0.9246
vn -0.2632 -0.2539 -0.9307
vn -0.5256 0.1630 -0.8350
vn -0.5440 0.1619 -0.8233
vn -0.5437 0.1868 -0.8182
vn -0.5251 0.1878 -0.8301
vn -0.8488 -0.0778 0.5230
vn -0.8480 -0.0781 0.5242
vn -0.8443 -0.0495 0.5337
vn -0.8450 -0.0492 0.5325
vn 0.2999 0.2237 0.9274
vn 0.3219 0.2220 0.9204
vn 0.3186 0.2384 0.9174
vn 0.2967 0.2403 0.9243
vn -0.0974 -0.9400 -0.3271
vn -0.1098 -0.9413 -0.3193
vn -0.1100 -0.9410 -0.3200
vn -0.0977 -0.9397 -0.3277
vn 0.0008 -0.9324 -0.3614
vn 0.4842 -0.7487 -0.4527
vn 0.3937 -0.8897 -0.2312
vn 0.0034 -0.9846 -0.1748
vn 0.5384 -0.8427 -0.0001
vn -0.0129 -0.9339 -0.3574
vn -0.0034 -0.9848 -0.1737
vn -0.4628 -0.8811 -0.0977
vn -0.5409 -0.8294 -0.1395
vn -0.5376 -0.8432 -0.0000
vn -0.5485 -0.8262 -0.1284
vn -0.4867 -0.8710 -0.0674
vn -0.0180 -0.9856 -0.1682
vn -0.5377 -0.8432 -0.0000
vn -0.0072 -0.9855 -0.1697
vn 0.5701 -0.7985 -0.1931
vn 0.4741 -0.7583 -0.4474
vn 0.5385 -0.8426 -0.0001
vn 0.4842 -0.7486 -0.4529
vn 0.2848 -0.6446 -0.7095
vn 0.4370 -0.2390 -0.8671
vn 0.0008 -0.9323 -0.3617
vn -0.1272 -0.7393 -0.6613
vn -0.8850 -0.1436 -0.4429
vn -0.6512 -0.6291 -0.4244
vn -0.5409 -0.8294 -0.1396
vn -0.1381 -0.7396 -0.6587
vn -0.0128 -0.9338 -0.3576
vn 0.5373 -0.0185 0.8432
vn 0.3725 -0.7207 0.5846
vn 0.4983 -0.8579 0.1250
vn -0.0920 -0.8577 0.5058
vn 0.4985 -0.8579 0.1243
vn 0.6014 -0.7216 -0.3431
vn 0.8688 -0.0187 -0.4948
vn 0.1526 -0.8577 -0.4909
vn -0.4987 -0.8578 -0.1243
vn -0.5771 -0.7293 0.3676
vn -0.8432 -0.0195 0.5373
vn -0.1032 -0.8580 0.5032
vn -0.4946 -0.0196 -0.8689
vn -0.3388 -0.7286 -0.5953
vn -0.4983 -0.8580 -0.1250
vn 0.1416 -0.8580 -0.4938
vn 0.9724 -0.1168 0.2020
vn 0.6609 -0.7475 -0.0666
vn 0.3709 -0.7451 -0.5543
vn 0.2299 -0.9529 0.1980
vn 0.3706 -0.7448 -0.5549
vn 0.1072 -0.4858 -0.8675
vn 0.2112 0.1489 -0.9660
vn -0.3508 -0.6368 -0.6867
vn -0.5607 -0.8277 0.0238
vn -0.2467 -0.8235 0.5108
vn -0.2158 -0.1876 0.9582
vn 0.2177 -0.9540 0.2060
vn -0.9730 0.0794 -0.2166
vn -0.7619 -0.5564 -0.3316
vn -0.5610 -0.8275 0.0232
vn -0.3619 -0.6377 -0.6800
vn -0.5487 -0.8261 -0.1282
vn -0.4266 -0.6903 0.5844
vn -0.4279 0.2121 0.8786
vn 0.2326 -0.9173 0.3233
vn 0.9031 0.0938 0.4190
vn 0.7635 -0.6254 0.1613
vn 0.2551 -0.9150 0.3126
vn 0.5374 -0.0000 0.8433
vn 0.8690 -0.0000 -0.4948
vn -0.8433 -0.0000 0.5374
vn -0.4948 -0.0000 -0.8690
vn 0.4399 -0.2284 -0.8685
vn -0.8880 -0.1314 -0.4408
vn -0.4212 0.2294 0.8775
vn 0.8996 0.1070 0.4235
vn 0.9730 -0.0987 0.2086
vn 0.2130 0.1676 -0.9626
vn -0.2125 -0.1690 0.9624
vn -0.9725 0.0977 -0.2114
vn -0.8377 -0.0040 0.5461
vn -0.8380 -0.0058 0.5456
vn 0.9730 -0.0002 0.2310
vn -0.9559 -0.0013 0.2936
vn -0.8383 -0.0081 0.5451
vn -0.2965 0.0125 -0.9549
vn -0.0388 -0.0000 -0.9992
vn 0.9183 -0.0000 -0.3958
vn -0.2874 -0.0000 -0.9578
vn -0.9963 -0.0000 -0.0863
vn -0.9999 0.0028 0.0139
vn 0.8181 0.0001 -0.5751
vn 0.8345 0.0023 -0.5511
vn 0.9477 -0.0000 -0.3190
vn 0.9544 0.0001 -0.2984
vn -0.9952 0.0979 -0.0000
vn 0.9944 0.1059 -0.0000
vn -0.0134 -0.9999 -0.0014
vn 0.0464 -0.9989 -0.0010
vn -0.9997 -0.0258 -0.0000
vn 0.7045 -0.7097 -0.0000
vn -0.5603 0.8283 0.0009
vn 0.7044 0.7098 -0.0000
vn -0.8572 -0.5149 -0.0007
vn -0.0134 0.9999 0.0005
vt 0.091258 0.008477
vt 0.089495 0.008595
vt 0.089461 0.007429
vt 0.091151 0.007252
vt 0.106184 0.006496
vt 0.104281 0.006411
vt 0.104300 0.005800
vt 0.106222 0.005851
vt 0.098889 0.040127
vt 0.098898 0.040603
vt 0.097221 0.040655
vt 0.097204 0.040182
vt 0.089498 0.008769
vt 0.089504 0.009263
vt 0.087707 0.009218
vt 0.087723 0.008710
vt 0.116924 0.008801
vt 0.116940 0.009326
vt 0.115128 0.009359
vt 0.115139 0.008860
vt 0.113353 0.009259
vt 0.113392 0.008760
vt 0.111570 0.009109
vt 0.111614 0.008601
vt 0.109773 0.008971
vt 0.109814 0.008455
vt 0.107933 0.008857
vt 0.107966 0.008333
vt 0.106081 0.008760
vt 0.106105 0.008230
vt 0.106112 0.008045
vt 0.104236 0.007993
vt 0.104274 0.006657
vt 0.106174 0.006741
vt 0.102350 0.007962
vt 0.102379 0.006642
vt 0.100483 0.007965
vt 0.100475 0.006687
vt 0.098618 0.008006
vt 0.098582 0.006681
vt 0.096754 0.008070
vt 0.096677 0.006777
vt 0.094899 0.008189
vt 0.094774 0.006896
vt 0.114857 0.043534
vt 0.113454 0.042859
vt 0.113833 0.041849
vt 0.115550 0.042574
vt 0.103902 0.041828
vt 0.102252 0.041868
vt 0.102256 0.040735
vt 0.103922 0.040738
vt 0.064532 0.009541
vt 0.062947 0.010207
vt 0.062684 0.008975
vt 0.063813 0.008506
vt 0.105539 0.041802
vt 0.105563 0.040767
vt 0.094057 0.042150
vt 0.092465 0.042360
vt 0.092248 0.041332
vt 0.093919 0.041064
vt 0.090935 0.042802
vt 0.089514 0.043533
vt 0.088810 0.042519
vt 0.090559 0.041771
vt 0.107160 0.041897
vt 0.107198 0.040832
vt 0.095657 0.041953
vt 0.095576 0.040909
vt 0.108770 0.042021
vt 0.108841 0.040949
vt 0.097286 0.041908
vt 0.097227 0.040819
vt 0.110364 0.042203
vt 0.110491 0.041130
vt 0.098933 0.041902
vt 0.098901 0.040772
vt 0.111928 0.042482
vt 0.112156 0.041410
vt 0.100592 0.041824
vt 0.100581 0.040746
vt 0.090216 0.002399
vt 0.090405 0.003227
vt 0.088401 0.003808
vt 0.088111 0.002998
vt 0.086469 0.004718
vt 0.086092 0.003905
vt 0.118527 0.004181
vt 0.118162 0.004955
vt 0.116271 0.004025
vt 0.116581 0.003263
vt 0.114364 0.003431
vt 0.114576 0.002635
vt 0.112398 0.003025
vt 0.112542 0.002217
vt 0.110398 0.002746
vt 0.110499 0.001935
vt 0.108397 0.002547
vt 0.108468 0.001737
vt 0.106397 0.002419
vt 0.106442 0.001608
vt 0.104379 0.002496
vt 0.106389 0.002571
vt 0.106235 0.005602
vt 0.104306 0.005551
vt 0.102372 0.002472
vt 0.102380 0.005507
vt 0.100386 0.002483
vt 0.100467 0.005574
vt 0.098403 0.002538
vt 0.098564 0.005568
vt 0.096429 0.002634
vt 0.096617 0.005625
vt 0.094451 0.002777
vt 0.094685 0.005790
vt 0.091271 0.008656
vt 0.091302 0.009165
vt 0.092445 0.003010
vt 0.092831 0.005994
vt 0.089441 0.007220
vt 0.087948 0.007361
vt 0.087882 0.006951
vt 0.089376 0.006673
vt 0.093059 0.008341
vt 0.092937 0.007052
vt 0.102378 0.001513
vt 0.102373 0.002320
vt 0.100383 0.002334
vt 0.100373 0.001532
vt 0.087754 0.008537
vt 0.087937 0.007552
vt 0.090441 0.003379
vt 0.091030 0.006203
vt 0.107977 0.008147
vt 0.108056 0.006825
vt 0.092308 0.002033
vt 0.092423 0.002857
vt 0.111629 0.008424
vt 0.109827 0.008273
vt 0.109904 0.006981
vt 0.111742 0.007197
vt 0.102349 0.008149
vt 0.102344 0.008679
vt 0.100489 0.008678
vt 0.100486 0.008150
vt 0.088457 0.003956
vt 0.089340 0.006463
vt 0.104407 0.001530
vt 0.104383 0.002342
vt 0.091126 0.007028
vt 0.091060 0.006428
vt 0.096763 0.008254
vt 0.096787 0.008781
vt 0.094947 0.008897
vt 0.094913 0.008374
vt 0.113540 0.007130
vt 0.111767 0.006963
vt 0.111841 0.006368
vt 0.113618 0.006558
vt 0.096378 0.001681
vt 0.096420 0.002483
vt 0.094437 0.002627
vt 0.094368 0.001815
vt 0.113405 0.008583
vt 0.113515 0.007351
vt 0.086559 0.004855
vt 0.087819 0.006769
vt 0.116892 0.008625
vt 0.115141 0.008688
vt 0.115187 0.007553
vt 0.116670 0.007652
vt 0.112372 0.003174
vt 0.114326 0.003577
vt 0.113647 0.006337
vt 0.111870 0.006132
vt 0.110380 0.002898
vt 0.110022 0.005879
vt 0.108385 0.002697
vt 0.108136 0.005740
vt 0.102378 0.006396
vt 0.102382 0.005757
vt 0.100473 0.006442
vt 0.100470 0.005817
vt 0.098576 0.006437
vt 0.098568 0.005815
vt 0.096663 0.006529
vt 0.096632 0.005879
vt 0.094756 0.006651
vt 0.094708 0.006032
vt 0.092914 0.006819
vt 0.092857 0.006230
vt 0.064080 0.007248
vt 0.064439 0.006382
vt 0.064989 0.006492
vt 0.064547 0.007559
vt 0.098636 0.008718
vt 0.098623 0.008192
vt 0.109928 0.006742
vt 0.108072 0.006587
vt 0.108119 0.005981
vt 0.109998 0.006122
vt 0.116657 0.007468
vt 0.115207 0.007345
vt 0.115293 0.006800
vt 0.116700 0.007083
vt 0.098398 0.002388
vt 0.098373 0.001588
vt 0.116214 0.004168
vt 0.118072 0.005087
vt 0.116762 0.006913
vt 0.115331 0.006596
vt 0.104218 0.008709
vt 0.104232 0.008180
vt 0.093111 0.009036
vt 0.093073 0.008520
vt 0.066367 0.006747
vt 0.065729 0.008321
vt 0.064674 0.007643
vt 0.065137 0.006521
vt 0.065715 0.003482
vt 0.066362 0.005054
vt 0.065138 0.005311
vt 0.064680 0.004190
vt 0.064513 0.002272
vt 0.063825 0.003325
vt 0.062929 0.001615
vt 0.062699 0.002853
vt 0.061215 0.001621
vt 0.061478 0.002851
vt 0.059645 0.002279
vt 0.060357 0.003313
vt 0.058442 0.003483
vt 0.059494 0.004169
vt 0.057785 0.005061
vt 0.059022 0.005294
vt 0.057784 0.006772
vt 0.059018 0.006513
vt 0.058442 0.008355
vt 0.059481 0.007640
vt 0.059657 0.009561
vt 0.060340 0.008502
vt 0.061234 0.010210
vt 0.061462 0.008971
vt 0.062545 0.008271
vt 0.063416 0.007911
vt 0.063728 0.008379
vt 0.062654 0.008824
vt 0.064441 0.005447
vt 0.064086 0.004582
vt 0.064553 0.004273
vt 0.064990 0.005340
vt 0.063425 0.003917
vt 0.063740 0.003451
vt 0.062557 0.003555
vt 0.062669 0.003004
vt 0.061616 0.003551
vt 0.061508 0.002999
vt 0.060751 0.003906
vt 0.060440 0.003438
vt 0.060086 0.004568
vt 0.059620 0.004254
vt 0.059723 0.005435
vt 0.059172 0.005324
vt 0.059719 0.006375
vt 0.059167 0.006484
vt 0.060076 0.007244
vt 0.059608 0.007556
vt 0.060737 0.007910
vt 0.060424 0.008377
vt 0.061603 0.008270
vt 0.061492 0.008822
vt 0.062081 0.005911
vt 0.090501 0.041601
vt 0.092213 0.041163
vt 0.092229 0.041241
vt 0.090528 0.041679
vt 0.089451 0.007317
vt 0.091138 0.007133
vt 0.087947 0.007449
vt 0.088709 0.042352
vt 0.088752 0.042432
vt 0.115197 0.007441
vt 0.116658 0.007553
vt 0.113890 0.041679
vt 0.115649 0.042408
vt 0.115607 0.042486
vt 0.113864 0.041758
vt 0.113528 0.007232
vt 0.112191 0.041243
vt 0.112175 0.041320
vt 0.111755 0.007071
vt 0.110514 0.040966
vt 0.110503 0.041042
vt 0.109917 0.006853
vt 0.108856 0.040785
vt 0.108849 0.040861
vt 0.108064 0.006698
vt 0.107208 0.040669
vt 0.107203 0.040744
vt 0.106179 0.006609
vt 0.105568 0.040603
vt 0.105565 0.040678
vt 0.104278 0.006525
vt 0.103923 0.040574
vt 0.103923 0.040651
vt 0.102379 0.006510
vt 0.102256 0.040568
vt 0.102256 0.040645
vt 0.100474 0.006557
vt 0.100580 0.040579
vt 0.100580 0.040656
vt 0.098578 0.006550
vt 0.098899 0.040681
vt 0.096669 0.006644
vt 0.097224 0.040731
vt 0.094764 0.006764
vt 0.095564 0.040744
vt 0.095570 0.040821
vt 0.092925 0.006926
vt 0.093898 0.040899
vt 0.093908 0.040975
vt 0.092845 0.006122
vt 0.091046 0.006323
vt 0.089360 0.006576
vt 0.087857 0.006865
vt 0.116724 0.007003
vt 0.115310 0.006706
vt 0.113631 0.006455
vt 0.111854 0.006259
vt 0.110009 0.006009
vt 0.108127 0.005868
vt 0.106228 0.005736
vt 0.104303 0.005686
vt 0.102381 0.005642
vt 0.100469 0.005703
vt 0.098566 0.005700
vt 0.096625 0.005762
vt 0.094697 0.005919
vt 0.089497 0.008689
vt 0.091265 0.008574
vt 0.090422 0.003298
vt 0.088427 0.003877
vt 0.087733 0.008629
vt 0.086507 0.004783
vt 0.115140 0.008780
vt 0.116914 0.008719
vt 0.118124 0.005018
vt 0.116245 0.004091
vt 0.113398 0.008679
vt 0.114346 0.003499
vt 0.111621 0.008518
vt 0.112386 0.003095
vt 0.109820 0.008371
vt 0.110390 0.002816
vt 0.107971 0.008247
vt 0.108392 0.002617
vt 0.106108 0.008144
vt 0.106394 0.002489
vt 0.104234 0.008093
vt 0.104381 0.002412
vt 0.102350 0.008062
vt 0.102372 0.002390
vt 0.100485 0.008064
vt 0.100384 0.002404
vt 0.098621 0.008106
vt 0.098400 0.002458
vt 0.096759 0.008169
vt 0.096424 0.002552
vt 0.094907 0.008290
vt 0.094444 0.002697
vt 0.093067 0.008436
vt 0.092433 0.002928
vt 0.092485 0.042454
vt 0.090971 0.042892
vt 0.065815 0.008377
vt 0.064590 0.009626
vt 0.089574 0.043610
vt 0.066466 0.006766
vt 0.114801 0.043610
vt 0.113422 0.042948
vt 0.066462 0.005034
vt 0.111908 0.042575
vt 0.065800 0.003426
vt 0.110350 0.042299
vt 0.064571 0.002187
vt 0.108761 0.042118
vt 0.062949 0.001512
vt 0.107153 0.041995
vt 0.061194 0.001521
vt 0.105537 0.041900
vt 0.059589 0.002195
vt 0.103904 0.041928
vt 0.058357 0.003426
vt 0.102252 0.041968
vt 0.057685 0.005041
vt 0.100593 0.041925
vt 0.057683 0.006792
vt 0.098935 0.042001
vt 0.058356 0.008412
vt 0.097288 0.042007
vt 0.059600 0.009646
vt 0.095664 0.042051
vt 0.061214 0.010309
vt 0.094069 0.042247
vt 0.062968 0.010309
vt 0.063772 0.008443
vt 0.064611 0.007602
vt 0.065064 0.006507
vt 0.065065 0.005325
vt 0.064617 0.004231
vt 0.063783 0.003387
vt 0.062684 0.002927
vt 0.061493 0.002924
vt 0.060398 0.003375
vt 0.059555 0.004210
vt 0.059096 0.005309
vt 0.059091 0.006499
vt 0.059544 0.007599
vt 0.060382 0.008440
vt 0.061477 0.008898
vt 0.062669 0.008901
vt 0.983470 0.658882
vt 0.983470 0.001511
vt 0.984220 0.001511
vt 0.984220 0.658882
vt 0.984970 0.001511
vt 0.984970 0.658882
vt 0.985720 0.001511
vt 0.985719 0.658882
vt 0.986469 0.001511
vt 0.986469 0.658882
vt 0.987219 0.001511
vt 0.987219 0.658882
vt 0.987969 0.001511
vt 0.987969 0.658882
vt 0.988719 0.001511
vt 0.988719 0.658882
vt 0.989468 0.001511
vt 0.989468 0.658882
vt 0.197635 0.009609
vt 0.197299 0.011356
vt 0.196040 0.011156
vt 0.196425 0.009342
vt 0.195522 0.024240
vt 0.195819 0.026079
vt 0.195223 0.026192
vt 0.194884 0.024328
vt 0.197474 0.011387
vt 0.198012 0.011483
vt 0.197750 0.013244
vt 0.197204 0.013169
vt 0.205746 0.011285
vt 0.206183 0.011409
vt 0.205849 0.012820
vt 0.205408 0.012729
vt 0.204992 0.015649
vt 0.205444 0.015693
vt 0.205339 0.017163
vt 0.204886 0.017137
vt 0.196992 0.014966
vt 0.197545 0.015018
vt 0.197429 0.016802
vt 0.196877 0.016773
vt 0.197376 0.018586
vt 0.196822 0.018583
vt 0.204859 0.020086
vt 0.205304 0.020074
vt 0.205383 0.021497
vt 0.204945 0.021531
vt 0.196864 0.020386
vt 0.197418 0.020364
vt 0.197548 0.022153
vt 0.196997 0.022202
vt 0.197747 0.023922
vt 0.197200 0.023997
vt 0.197023 0.024022
vt 0.197326 0.025798
vt 0.196052 0.026035
vt 0.195763 0.024205
vt 0.197691 0.027551
vt 0.196449 0.027811
vt 0.198103 0.029259
vt 0.196935 0.029548
vt 0.198519 0.030950
vt 0.197382 0.031189
vt 0.198785 0.032677
vt 0.197762 0.032672
vt 0.198694 0.004401
vt 0.198440 0.006172
vt 0.197280 0.005938
vt 0.197641 0.004421
vt 0.206675 0.014416
vt 0.206536 0.015810
vt 0.205590 0.015706
vt 0.205751 0.014265
vt 0.206819 0.024088
vt 0.207176 0.025424
vt 0.206271 0.025672
vt 0.205921 0.024265
vt 0.138493 0.010146
vt 0.136784 0.010139
vt 0.137022 0.008899
vt 0.138232 0.008908
vt 0.206547 0.022751
vt 0.205677 0.022877
vt 0.207651 0.010399
vt 0.207184 0.011697
vt 0.206325 0.011449
vt 0.206784 0.010060
vt 0.206888 0.013046
vt 0.205990 0.012849
vt 0.206427 0.021396
vt 0.205523 0.021486
vt 0.208271 0.009154
vt 0.207429 0.008667
vt 0.206373 0.020022
vt 0.205447 0.020069
vt 0.209135 0.008032
vt 0.208367 0.007250
vt 0.206386 0.018627
vt 0.205438 0.018630
vt 0.208276 0.028021
vt 0.209133 0.029180
vt 0.208370 0.029989
vt 0.207405 0.028528
vt 0.206465 0.017221
vt 0.205486 0.017170
vt 0.207644 0.026746
vt 0.206745 0.027092
vt 0.191480 0.008015
vt 0.192300 0.008254
vt 0.191809 0.010251
vt 0.190974 0.010067
vt 0.191432 0.012310
vt 0.190578 0.012173
vt 0.191171 0.014415
vt 0.190307 0.014325
vt 0.191019 0.016526
vt 0.190154 0.016482
vt 0.190977 0.018631
vt 0.190117 0.018631
vt 0.191039 0.020721
vt 0.190183 0.020763
vt 0.191202 0.022804
vt 0.190353 0.022888
vt 0.191475 0.024862
vt 0.190635 0.024990
vt 0.192000 0.026860
vt 0.191631 0.024837
vt 0.194635 0.024365
vt 0.194987 0.026239
vt 0.192499 0.028853
vt 0.195380 0.028074
vt 0.193154 0.030817
vt 0.195911 0.029841
vt 0.194042 0.032737
vt 0.196443 0.031471
vt 0.195247 0.034519
vt 0.197000 0.032924
vt 0.193940 0.004438
vt 0.195090 0.002670
vt 0.196860 0.004196
vt 0.196334 0.005658
vt 0.198614 0.006205
vt 0.199151 0.006315
vt 0.198741 0.008055
vt 0.198212 0.007931
vt 0.193087 0.006343
vt 0.195829 0.007297
vt 0.195803 0.011111
vt 0.195498 0.012943
vt 0.194894 0.012855
vt 0.195191 0.010990
vt 0.198041 0.007891
vt 0.196846 0.007582
vt 0.191520 0.029129
vt 0.192347 0.028897
vt 0.193005 0.030876
vt 0.192188 0.031193
vt 0.197023 0.013145
vt 0.195736 0.012975
vt 0.192451 0.008297
vt 0.195338 0.009078
vt 0.196815 0.022219
vt 0.195510 0.022350
vt 0.192135 0.005967
vt 0.192939 0.006286
vt 0.196643 0.018582
vt 0.196683 0.020395
vt 0.195384 0.020488
vt 0.195380 0.018584
vt 0.197864 0.027512
vt 0.198394 0.027395
vt 0.198798 0.029095
vt 0.198273 0.029217
vt 0.191962 0.010283
vt 0.194948 0.010945
vt 0.191016 0.027067
vt 0.191848 0.026893
vt 0.196193 0.009289
vt 0.195573 0.009134
vt 0.195160 0.016693
vt 0.195130 0.018583
vt 0.194488 0.018571
vt 0.194544 0.016661
vt 0.194218 0.002088
vt 0.194966 0.002561
vt 0.193798 0.004362
vt 0.193041 0.003949
vt 0.196695 0.016765
vt 0.195400 0.016704
vt 0.191590 0.012334
vt 0.194651 0.012820
vt 0.196813 0.014950
vt 0.195546 0.014837
vt 0.191137 0.018631
vt 0.191178 0.016533
vt 0.194299 0.016650
vt 0.194234 0.018567
vt 0.191199 0.020712
vt 0.194239 0.020531
vt 0.191360 0.022787
vt 0.194413 0.022457
vt 0.196222 0.027868
vt 0.195615 0.028014
vt 0.196713 0.029610
vt 0.196133 0.029772
vt 0.197179 0.031244
vt 0.196644 0.031402
vt 0.197571 0.032694
vt 0.197170 0.032830
vt 0.197446 0.004402
vt 0.197073 0.005885
vt 0.196537 0.005724
vt 0.197033 0.004286
vt 0.196625 0.007525
vt 0.196050 0.007361
vt 0.138959 0.007857
vt 0.139618 0.007202
vt 0.140079 0.007512
vt 0.139268 0.008321
vt 0.206796 0.028842
vt 0.207259 0.028608
vt 0.208235 0.030108
vt 0.207720 0.030436
vt 0.195138 0.020497
vt 0.195269 0.022375
vt 0.194656 0.022432
vt 0.194492 0.020519
vt 0.195300 0.014815
vt 0.194655 0.014749
vt 0.193900 0.032817
vt 0.193116 0.033240
vt 0.191334 0.014431
vt 0.194404 0.014726
vt 0.198690 0.030916
vt 0.199210 0.030812
vt 0.199515 0.032583
vt 0.198963 0.032675
vt 0.205343 0.024383
vt 0.205780 0.024294
vt 0.206128 0.025713
vt 0.205684 0.025836
vt 0.195124 0.034631
vt 0.194351 0.035146
vt 0.198342 0.009761
vt 0.197810 0.009646
vt 0.197502 0.025765
vt 0.198040 0.025666
vt 0.141261 0.008277
vt 0.140069 0.009487
vt 0.139352 0.008448
vt 0.140205 0.007595
vt 0.141896 0.005033
vt 0.141897 0.006716
vt 0.140664 0.006488
vt 0.140670 0.005289
vt 0.141254 0.003471
vt 0.140215 0.004178
vt 0.140062 0.002270
vt 0.139373 0.003322
vt 0.138493 0.001617
vt 0.138262 0.002855
vt 0.136796 0.001618
vt 0.137057 0.002849
vt 0.135234 0.002267
vt 0.135942 0.003305
vt 0.134037 0.003463
vt 0.135088 0.004153
vt 0.133389 0.005028
vt 0.134625 0.005258
vt 0.133388 0.006717
vt 0.134617 0.006459
vt 0.134031 0.008279
vt 0.135070 0.007572
vt 0.135222 0.009481
vt 0.135912 0.008429
vt 0.137165 0.008205
vt 0.138097 0.008210
vt 0.138204 0.008758
vt 0.137053 0.008750
vt 0.139975 0.006348
vt 0.139978 0.005423
vt 0.140521 0.005318
vt 0.140518 0.006459
vt 0.139628 0.004566
vt 0.140091 0.004261
vt 0.138976 0.003908
vt 0.139287 0.003448
vt 0.138120 0.003548
vt 0.138232 0.003003
vt 0.137192 0.003543
vt 0.137086 0.002998
vt 0.136332 0.003895
vt 0.136025 0.003431
vt 0.135673 0.004547
vt 0.135213 0.004237
vt 0.135314 0.005399
vt 0.134771 0.005288
vt 0.135310 0.006326
vt 0.134765 0.006431
vt 0.135659 0.007184
vt 0.135195 0.007490
vt 0.136309 0.007844
vt 0.135997 0.008304
vt 0.137644 0.005875
vt 0.206249 0.011428
vt 0.205914 0.012834
vt 0.195913 0.011132
vt 0.196302 0.009314
vt 0.195609 0.012958
vt 0.205609 0.014245
vt 0.205676 0.014254
vt 0.195413 0.014825
vt 0.205511 0.015699
vt 0.195273 0.016698
vt 0.205408 0.017166
vt 0.195245 0.018583
vt 0.205292 0.018628
vt 0.205360 0.018629
vt 0.195253 0.020492
vt 0.205370 0.020072
vt 0.195382 0.022363
vt 0.205448 0.021492
vt 0.195635 0.024223
vt 0.205539 0.022897
vt 0.205603 0.022888
vt 0.195928 0.026059
vt 0.205846 0.024280
vt 0.196329 0.027841
vt 0.206194 0.025694
vt 0.196816 0.029581
vt 0.206603 0.027148
vt 0.206670 0.027122
vt 0.197274 0.031218
vt 0.207327 0.028571
vt 0.197659 0.032679
vt 0.208301 0.030055
vt 0.197169 0.005910
vt 0.197536 0.004416
vt 0.207288 0.008588
vt 0.208236 0.007134
vt 0.208300 0.007185
vt 0.207353 0.008624
vt 0.196728 0.007552
vt 0.206645 0.010005
vt 0.206710 0.010030
vt 0.195947 0.007331
vt 0.195463 0.009108
vt 0.195078 0.010970
vt 0.194781 0.012839
vt 0.194540 0.014738
vt 0.194429 0.016655
vt 0.194371 0.018569
vt 0.194375 0.020524
vt 0.194542 0.022444
vt 0.194769 0.024345
vt 0.195112 0.026214
vt 0.195506 0.028042
vt 0.196031 0.029804
vt 0.196550 0.031434
vt 0.197090 0.032870
vt 0.196951 0.004249
vt 0.196443 0.005694
vt 0.197392 0.011373
vt 0.197730 0.009629
vt 0.192370 0.008274
vt 0.191881 0.010266
vt 0.197121 0.013158
vt 0.191505 0.012321
vt 0.196909 0.014959
vt 0.191246 0.014423
vt 0.196793 0.016769
vt 0.191093 0.016530
vt 0.196738 0.018583
vt 0.191051 0.018631
vt 0.196781 0.020390
vt 0.191113 0.020717
vt 0.196913 0.022210
vt 0.191276 0.022796
vt 0.197118 0.024009
vt 0.191548 0.024850
vt 0.197421 0.025780
vt 0.191919 0.026878
vt 0.197784 0.027530
vt 0.192418 0.028876
vt 0.198194 0.029236
vt 0.193075 0.030849
vt 0.198611 0.030932
vt 0.193966 0.032780
vt 0.198880 0.032680
vt 0.195184 0.034582
vt 0.198876 0.004401
vt 0.198534 0.006190
vt 0.198791 0.004397
vt 0.195026 0.002608
vt 0.193864 0.004398
vt 0.198132 0.007912
vt 0.193008 0.006312
vt 0.207264 0.011720
vt 0.206971 0.013061
vt 0.140127 0.009572
vt 0.138513 0.010248
vt 0.206758 0.014426
vt 0.141346 0.008333
vt 0.206621 0.015816
vt 0.141995 0.006735
vt 0.206550 0.017225
vt 0.141995 0.005013
vt 0.206470 0.018630
vt 0.141339 0.003415
vt 0.206457 0.020021
vt 0.140119 0.002185
vt 0.206510 0.021391
vt 0.138513 0.001516
vt 0.206628 0.022740
vt 0.136777 0.001519
vt 0.206900 0.024069
vt 0.135177 0.002182
vt 0.207256 0.025399
vt 0.133952 0.003406
vt 0.207723 0.026712
vt 0.133288 0.005007
vt 0.208350 0.027976
vt 0.133289 0.006737
vt 0.209193 0.029116
vt 0.133945 0.008336
vt 0.209193 0.008097
vt 0.208343 0.009199
vt 0.135166 0.009565
vt 0.207728 0.010432
vt 0.136764 0.010240
vt 0.138218 0.008834
vt 0.139310 0.008385
vt 0.140143 0.007554
vt 0.140591 0.006474
vt 0.140597 0.005303
vt 0.140154 0.004219
vt 0.139331 0.003384
vt 0.138247 0.002929
vt 0.137072 0.002922
vt 0.135983 0.003368
vt 0.135150 0.004194
vt 0.134698 0.005273
vt 0.134690 0.006445
vt 0.135133 0.007532
vt 0.135954 0.008367
vt 0.137038 0.008825
vt 0.492771 0.576742
vt 0.488752 0.576748
vt 0.488664 0.530815
vt 0.492646 0.530811
vt 0.303411 0.001523
vt 0.305738 0.001539
vt 0.305728 0.002970
vt 0.303401 0.002955
vt 0.353863 0.521109
vt 0.351570 0.521145
vt 0.351569 0.516911
vt 0.353895 0.516915
vt 0.305519 0.522823
vt 0.303184 0.522832
vt 0.303179 0.521395
vt 0.305513 0.521387
vt 0.446762 0.520866
vt 0.446694 0.522277
vt 0.445564 0.522072
vt 0.445355 0.520943
vt 0.446942 0.528481
vt 0.445535 0.528397
vt 0.445750 0.527268
vt 0.446881 0.527068
vt 0.355281 0.521167
vt 0.355081 0.522305
vt 0.353945 0.522522
vt 0.446669 0.002996
vt 0.445250 0.002931
vt 0.445457 0.001792
vt 0.446594 0.001582
vt 0.353848 0.003386
vt 0.353930 0.001988
vt 0.355048 0.002201
vt 0.355247 0.003321
vt 0.279313 0.577666
vt 0.279253 0.579082
vt 0.278116 0.578880
vt 0.277901 0.577745
vt 0.492485 0.520959
vt 0.493902 0.521025
vt 0.493695 0.522162
vt 0.492559 0.522372
vt 0.249686 0.520985
vt 0.249604 0.522383
vt 0.248487 0.522170
vt 0.248287 0.521050
vt 0.492606 0.528540
vt 0.492676 0.527140
vt 0.493796 0.527343
vt 0.494005 0.528463
vt 0.492472 0.003133
vt 0.492549 0.001732
vt 0.493669 0.001941
vt 0.493873 0.003062
vt 0.324965 0.577665
vt 0.326368 0.577742
vt 0.326157 0.578867
vt 0.325031 0.579069
vt 0.249459 0.003263
vt 0.248041 0.003205
vt 0.248241 0.002067
vt 0.249376 0.001850
vt 0.492541 0.516769
vt 0.488535 0.516762
vt 0.488523 0.007299
vt 0.492534 0.007290
vt 0.279196 0.527008
vt 0.279198 0.529342
vt 0.277762 0.529344
vt 0.277760 0.527009
vt 0.283222 0.529341
vt 0.283279 0.575382
vt 0.279282 0.575376
vt 0.446897 0.530759
vt 0.445458 0.530731
vt 0.283224 0.527006
vt 0.305704 0.007211
vt 0.303376 0.007203
vt 0.488544 0.003059
vt 0.488565 0.001621
vt 0.450629 0.002957
vt 0.450618 0.001511
vt 0.251752 0.003226
vt 0.251755 0.007460
vt 0.249429 0.007457
vt 0.251725 0.001781
vt 0.493971 0.516782
vt 0.249643 0.516829
vt 0.251973 0.516823
vt 0.251955 0.521033
vt 0.300124 0.522827
vt 0.297797 0.522812
vt 0.297806 0.521381
vt 0.300133 0.521395
vt 0.297828 0.517139
vt 0.300157 0.517147
vt 0.321032 0.579132
vt 0.321021 0.577693
vt 0.450703 0.520942
vt 0.450685 0.522367
vt 0.446613 0.007191
vt 0.445183 0.007179
vt 0.934528 0.937603
vt 0.934528 0.883038
vt 0.935712 0.883036
vt 0.935708 0.937590
vt 0.933346 0.937623
vt 0.933344 0.883037
vt 0.932161 0.937647
vt 0.932161 0.883036
vt 0.930974 0.937666
vt 0.930977 0.883035
vt 0.929785 0.937676
vt 0.929792 0.883033
vt 0.942811 0.937673
vt 0.942817 0.883030
vt 0.944001 0.883027
vt 0.944001 0.937674
vt 0.941622 0.937660
vt 0.941633 0.883033
vt 0.940435 0.937640
vt 0.940449 0.883036
vt 0.939251 0.937617
vt 0.939266 0.883035
vt 0.938070 0.937598
vt 0.938082 0.883032
vt 0.936889 0.937588
vt 0.936898 0.883030
vt 0.934566 0.845792
vt 0.935745 0.845794
vt 0.933388 0.845790
vt 0.932210 0.845788
vt 0.931033 0.845784
vt 0.929860 0.845782
vt 0.942812 0.845792
vt 0.943984 0.845791
vt 0.941636 0.845787
vt 0.940458 0.845786
vt 0.939281 0.845788
vt 0.938102 0.845790
vt 0.936924 0.845794
vt 0.934594 0.819163
vt 0.935757 0.819168
vt 0.933433 0.819158
vt 0.932273 0.819154
vt 0.931114 0.819153
vt 0.929953 0.819149
vt 0.942724 0.819161
vt 0.943886 0.819158
vt 0.941565 0.819161
vt 0.940406 0.819162
vt 0.939245 0.819165
vt 0.938084 0.819169
vt 0.936921 0.819174
vt 0.934658 0.796565
vt 0.935794 0.796564
vt 0.933520 0.796564
vt 0.932383 0.796560
vt 0.931244 0.796552
vt 0.930100 0.796543
vt 0.942623 0.796553
vt 0.943767 0.796546
vt 0.941482 0.796561
vt 0.940344 0.796566
vt 0.939206 0.796567
vt 0.938069 0.796565
vt 0.936932 0.796560
vt 0.934725 0.771651
vt 0.935843 0.771645
vt 0.933608 0.771651
vt 0.932490 0.771646
vt 0.931373 0.771637
vt 0.930250 0.771627
vt 0.942552 0.771638
vt 0.943674 0.771631
vt 0.941434 0.771648
vt 0.940316 0.771650
vt 0.939198 0.771650
vt 0.938080 0.771647
vt 0.936962 0.771637
vt 0.934830 0.738225
vt 0.935926 0.738237
vt 0.933732 0.738220
vt 0.932633 0.738217
vt 0.931533 0.738215
vt 0.930433 0.738214
vt 0.942513 0.738233
vt 0.943613 0.738228
vt 0.941413 0.738233
vt 0.940313 0.738234
vt 0.939215 0.738236
vt 0.938118 0.738237
vt 0.937022 0.738239
vt 0.934862 0.718240
vt 0.935937 0.718250
vt 0.933785 0.718237
vt 0.932707 0.718235
vt 0.931627 0.718234
vt 0.930540 0.718233
vt 0.942405 0.718249
vt 0.943493 0.718250
vt 0.941323 0.718245
vt 0.940243 0.718245
vt 0.939166 0.718247
vt 0.938089 0.718251
vt 0.937013 0.718261
vt 0.934885 0.697862
vt 0.935950 0.697865
vt 0.933820 0.697859
vt 0.932756 0.697857
vt 0.931691 0.697854
vt 0.930623 0.697850
vt 0.942342 0.697861
vt 0.943412 0.697858
vt 0.941276 0.697863
vt 0.940211 0.697863
vt 0.939147 0.697865
vt 0.938081 0.697866
vt 0.937016 0.697868
vt 0.934930 0.677300
vt 0.935980 0.677298
vt 0.933881 0.677299
vt 0.932833 0.677295
vt 0.931785 0.677286
vt 0.930736 0.677278
vt 0.942274 0.677288
vt 0.943323 0.677281
vt 0.941226 0.677296
vt 0.940178 0.677301
vt 0.939130 0.677302
vt 0.938081 0.677299
vt 0.937030 0.677294
vt 0.934992 0.656888
vt 0.936023 0.656887
vt 0.933962 0.656884
vt 0.932933 0.656879
vt 0.931904 0.656871
vt 0.930876 0.656861
vt 0.942205 0.656882
vt 0.943232 0.656872
vt 0.941177 0.656890
vt 0.940149 0.656896
vt 0.939120 0.656896
vt 0.938090 0.656890
vt 0.937057 0.656876
vt 0.935071 0.636759
vt 0.936095 0.636761
vt 0.934054 0.636750
vt 0.933044 0.636743
vt 0.932039 0.636736
vt 0.931038 0.636725
vt 0.942187 0.636743
vt 0.943187 0.636739
vt 0.941184 0.636745
vt 0.940177 0.636753
vt 0.939166 0.636756
vt 0.938147 0.636754
vt 0.937122 0.636761
vt 0.935176 0.616834
vt 0.936146 0.616829
vt 0.934206 0.616832
vt 0.933234 0.616826
vt 0.932259 0.616817
vt 0.931274 0.616805
vt 0.941979 0.616809
vt 0.942964 0.616799
vt 0.941003 0.616822
vt 0.940029 0.616828
vt 0.939057 0.616830
vt 0.938087 0.616829
vt 0.937117 0.616822
vt 0.935240 0.591365
vt 0.936185 0.591384
vt 0.934293 0.591378
vt 0.933345 0.591374
vt 0.932393 0.591358
vt 0.931438 0.591351
vt 0.941873 0.591422
vt 0.942829 0.591409
vt 0.940919 0.591420
vt 0.939969 0.591412
vt 0.939021 0.591414
vt 0.938075 0.591425
vt 0.937130 0.591402
vt 0.935233 0.560894
vt 0.936180 0.560897
vt 0.934288 0.560894
vt 0.933345 0.560893
vt 0.932404 0.560892
vt 0.931456 0.560891
vt 0.941849 0.560906
vt 0.942798 0.560909
vt 0.940908 0.560901
vt 0.939966 0.560896
vt 0.939022 0.560897
vt 0.938076 0.560902
vt 0.937129 0.560906
vt 0.935276 0.527658
vt 0.936213 0.527662
vt 0.934339 0.527655
vt 0.933403 0.527653
vt 0.932467 0.527652
vt 0.931528 0.527650
vt 0.941834 0.527667
vt 0.942773 0.527667
vt 0.940898 0.527664
vt 0.939962 0.527663
vt 0.939026 0.527663
vt 0.938089 0.527664
vt 0.937151 0.527666
vt 0.935352 0.494961
vt 0.936274 0.494962
vt 0.934430 0.494959
vt 0.933507 0.494956
vt 0.932583 0.494950
vt 0.931658 0.494946
vt 0.941813 0.494964
vt 0.942739 0.494962
vt 0.940888 0.494966
vt 0.939965 0.494967
vt 0.939042 0.494967
vt 0.938119 0.494965
vt 0.937197 0.494961
vt 0.935447 0.466078
vt 0.936352 0.466079
vt 0.934542 0.466073
vt 0.933636 0.466070
vt 0.932728 0.466065
vt 0.931820 0.466059
vt 0.941790 0.466077
vt 0.942699 0.466071
vt 0.940882 0.466082
vt 0.939976 0.466086
vt 0.939070 0.466084
vt 0.938165 0.466078
vt 0.937259 0.466072
vt 0.935532 0.443866
vt 0.936428 0.443870
vt 0.934637 0.443857
vt 0.933744 0.443857
vt 0.932850 0.443863
vt 0.931966 0.443862
vt 0.941794 0.443879
vt 0.942678 0.443874
vt 0.940902 0.443866
vt 0.940008 0.443885
vt 0.939115 0.443884
vt 0.938221 0.443869
vt 0.937325 0.443865
vt 0.935424 0.411121
vt 0.936298 0.411140
vt 0.934552 0.411103
vt 0.933678 0.411104
vt 0.932802 0.411123
vt 0.931927 0.411131
vt 0.941542 0.411162
vt 0.942418 0.411166
vt 0.940665 0.411148
vt 0.939789 0.411158
vt 0.938917 0.411159
vt 0.938045 0.411154
vt 0.937172 0.411156
vt 0.935509 0.383604
vt 0.936370 0.383615
vt 0.934649 0.383593
vt 0.933789 0.383589
vt 0.932928 0.383591
vt 0.932066 0.383590
vt 0.941540 0.383634
vt 0.942402 0.383639
vt 0.940677 0.383631
vt 0.939816 0.383632
vt 0.938955 0.383630
vt 0.938095 0.383627
vt 0.937233 0.383629
vt 0.935644 0.359144
vt 0.936489 0.359151
vt 0.934799 0.359138
vt 0.933954 0.359132
vt 0.933109 0.359125
vt 0.932261 0.359119
vt 0.941561 0.359167
vt 0.942409 0.359169
vt 0.940716 0.359165
vt 0.939871 0.359163
vt 0.939026 0.359161
vt 0.938181 0.359159
vt 0.937336 0.359157
vt 0.935800 0.336410
vt 0.936626 0.336412
vt 0.934976 0.336407
vt 0.934152 0.336399
vt 0.933328 0.336387
vt 0.932497 0.336376
vt 0.941573 0.336432
vt 0.942403 0.336429
vt 0.940748 0.336433
vt 0.939925 0.336430
vt 0.939101 0.336426
vt 0.938277 0.336421
vt 0.937452 0.336409
vt 0.935997 0.314169
vt 0.936801 0.314189
vt 0.935191 0.314171
vt 0.934386 0.314162
vt 0.933579 0.314147
vt 0.932771 0.314137
vt 0.941633 0.314250
vt 0.942444 0.314245
vt 0.940825 0.314245
vt 0.940020 0.314234
vt 0.939214 0.314230
vt 0.938409 0.314233
vt 0.937605 0.314212
vt 0.936175 0.290678
vt 0.936970 0.290686
vt 0.935382 0.290672
vt 0.934591 0.290661
vt 0.933800 0.290647
vt 0.933002 0.290636
vt 0.941734 0.290754
vt 0.942532 0.290758
vt 0.940941 0.290733
vt 0.940148 0.290714
vt 0.939355 0.290708
vt 0.938561 0.290714
vt 0.937766 0.290692
vt 0.936525 0.269628
vt 0.937313 0.269642
vt 0.935737 0.269617
vt 0.934950 0.269604
vt 0.934163 0.269592
vt 0.933371 0.269582
vt 0.942030 0.269701
vt 0.942818 0.269713
vt 0.941243 0.269681
vt 0.940457 0.269664
vt 0.939672 0.269657
vt 0.938887 0.269656
vt 0.938100 0.269658
vt 0.936746 0.254481
vt 0.937526 0.254496
vt 0.935965 0.254470
vt 0.935181 0.254459
vt 0.934394 0.254451
vt 0.933600 0.254445
vt 0.942215 0.254568
vt 0.943009 0.254586
vt 0.941428 0.254549
vt 0.940645 0.254532
vt 0.939864 0.254523
vt 0.939085 0.254518
vt 0.938305 0.254519
vt 0.936908 0.242421
vt 0.937698 0.242435
vt 0.936118 0.242410
vt 0.935327 0.242401
vt 0.934535 0.242394
vt 0.933737 0.242387
vt 0.942443 0.242520
vt 0.943240 0.242537
vt 0.941650 0.242501
vt 0.940859 0.242485
vt 0.940068 0.242471
vt 0.939278 0.242460
vt 0.938488 0.242450
vt 0.937059 0.231026
vt 0.937866 0.231032
vt 0.936256 0.231015
vt 0.935454 0.231004
vt 0.934655 0.230987
vt 0.933856 0.230972
vt 0.942691 0.231120
vt 0.943490 0.231132
vt 0.941892 0.231111
vt 0.941092 0.231097
vt 0.940290 0.231080
vt 0.939485 0.231059
vt 0.938676 0.231036
vt 0.937273 0.218061
vt 0.938086 0.218074
vt 0.936464 0.218046
vt 0.935659 0.218031
vt 0.934857 0.218014
vt 0.934060 0.217995
vt 0.942945 0.218150
vt 0.943742 0.218163
vt 0.942144 0.218137
vt 0.941340 0.218125
vt 0.940532 0.218109
vt 0.939719 0.218094
vt 0.938903 0.218084
vt 0.937638 0.201142
vt 0.938426 0.201195
vt 0.936847 0.201074
vt 0.936051 0.201004
vt 0.935250 0.200946
vt 0.934444 0.200911
vt 0.943187 0.201093
vt 0.943993 0.201095
vt 0.942384 0.201117
vt 0.941586 0.201155
vt 0.940793 0.201194
vt 0.940004 0.201219
vt 0.939215 0.201221
vt 0.355326 0.007529
vt 0.353889 0.007541
vt 0.247998 0.007449
vt 0.248207 0.516842
vt 0.355326 0.516923
vt 0.446697 0.516703
vt 0.445258 0.516720
vt 0.493971 0.007273
vt 0.297825 0.007221
vt 0.300157 0.007216
vt 0.492776 0.579073
vt 0.488754 0.579082
vt 0.450877 0.527004
vt 0.450888 0.528430
vt 0.351559 0.007546
vt 0.251924 0.522465
vt 0.494080 0.530786
vt 0.305499 0.517131
vt 0.303167 0.517135
vt 0.326436 0.575408
vt 0.324998 0.575383
vt 0.326642 0.527113
vt 0.326632 0.529444
vt 0.325199 0.529438
vt 0.325208 0.527107
vt 0.351579 0.003337
vt 0.277838 0.575398
vt 0.446746 0.576740
vt 0.446741 0.579073
vt 0.445305 0.579069
vt 0.445312 0.576736
vt 0.351611 0.001905
vt 0.351597 0.522590
vt 0.450623 0.007200
vt 0.297809 0.002965
vt 0.300143 0.002956
vt 0.494204 0.576738
vt 0.494210 0.579069
vt 0.297802 0.001529
vt 0.283273 0.577704
vt 0.450894 0.530764
vt 0.300137 0.001519
vt 0.321179 0.529424
vt 0.321016 0.575378
vt 0.321186 0.527091
vt 0.488531 0.520998
vt 0.450716 0.516695
vt 0.488692 0.527050
vt 0.488676 0.528487
vt 0.488543 0.522441
vt 0.283263 0.579132
vt 0.450769 0.576747
vt 0.450766 0.579082
vt 0.095532 0.040272
vt 0.105583 0.040136
vt 0.103930 0.040104
vt 0.107236 0.040202
vt 0.100576 0.040103
vt 0.102258 0.040094
vt 0.093842 0.040421
vt 0.092119 0.040677
vt 0.108900 0.040316
vt 0.110581 0.040492
vt 0.112294 0.040763
vt 0.114047 0.041195
vt 0.115853 0.041866
vt 0.090346 0.041100
vt 0.088485 0.041789
vt 0.206151 0.027316
vt 0.207745 0.006833
vt 0.206850 0.008355
vt 0.205103 0.022956
vt 0.199460 0.004489
vt 0.206208 0.009834
vt 0.204842 0.018621
vt 0.205164 0.014180
vt 0.007167 0.008487
vt 0.005411 0.008602
vt 0.005378 0.007439
vt 0.007062 0.007262
vt 0.022100 0.006519
vt 0.020199 0.006432
vt 0.020221 0.005819
vt 0.022141 0.005873
vt 0.014785 0.040143
vt 0.014794 0.040619
vt 0.013115 0.040669
vt 0.013098 0.040195
vt 0.005414 0.008774
vt 0.005419 0.009267
vt 0.003627 0.009222
vt 0.003643 0.008716
vt 0.032840 0.008846
vt 0.032857 0.009367
vt 0.031053 0.009402
vt 0.031064 0.008905
vt 0.029282 0.009303
vt 0.029321 0.008803
vt 0.027498 0.009151
vt 0.027543 0.008642
vt 0.025695 0.009010
vt 0.025737 0.008493
vt 0.023850 0.008891
vt 0.023885 0.008366
vt 0.021993 0.008787
vt 0.022018 0.008256
vt 0.022027 0.008070
vt 0.020146 0.008011
vt 0.020192 0.006673
vt 0.022088 0.006765
vt 0.018259 0.007974
vt 0.018298 0.006652
vt 0.016394 0.007972
vt 0.016389 0.006693
vt 0.014530 0.008010
vt 0.014490 0.006685
vt 0.012664 0.008072
vt 0.012586 0.006777
vt 0.010815 0.008195
vt 0.010687 0.006901
vt 0.030730 0.043564
vt 0.029330 0.042892
vt 0.029709 0.041881
vt 0.031419 0.042606
vt 0.019788 0.041837
vt 0.018144 0.041878
vt 0.018146 0.040748
vt 0.019810 0.040753
vt 0.121584 0.005049
vt 0.122235 0.003475
vt 0.123287 0.004160
vt 0.122819 0.005281
vt 0.021412 0.041811
vt 0.021439 0.040782
vt 0.009946 0.042167
vt 0.008354 0.042377
vt 0.008136 0.041347
vt 0.009806 0.041080
vt 0.006823 0.042823
vt 0.005395 0.043563
vt 0.004684 0.042545
vt 0.006444 0.041790
vt 0.023020 0.041912
vt 0.023063 0.040853
vt 0.011547 0.041970
vt 0.011466 0.040925
vt 0.024627 0.042047
vt 0.024701 0.040973
vt 0.013180 0.041924
vt 0.013122 0.040835
vt 0.026226 0.042236
vt 0.026354 0.041160
vt 0.014829 0.041917
vt 0.014797 0.040786
vt 0.027800 0.042519
vt 0.028031 0.041443
vt 0.016485 0.041836
vt 0.016473 0.040760
vt 0.006111 0.002430
vt 0.006304 0.003252
vt 0.004320 0.003835
vt 0.004030 0.003032
vt 0.002402 0.004741
vt 0.002027 0.003935
vt 0.034455 0.004268
vt 0.034085 0.005034
vt 0.032216 0.004095
vt 0.032531 0.003338
vt 0.030315 0.003486
vt 0.030533 0.002690
vt 0.028337 0.003066
vt 0.028486 0.002256
vt 0.026338 0.002777
vt 0.026443 0.001965
vt 0.024338 0.002572
vt 0.024411 0.001761
vt 0.022329 0.002438
vt 0.022377 0.001627
vt 0.020316 0.002506
vt 0.022321 0.002591
vt 0.022155 0.005623
vt 0.020228 0.005570
vt 0.018313 0.002474
vt 0.018302 0.005515
vt 0.016314 0.002481
vt 0.016384 0.005576
vt 0.014317 0.002531
vt 0.014472 0.005567
vt 0.012334 0.002629
vt 0.012526 0.005630
vt 0.010344 0.002781
vt 0.010597 0.005793
vt 0.007180 0.008665
vt 0.007211 0.009173
vt 0.008331 0.003024
vt 0.008739 0.006001
vt 0.005357 0.007230
vt 0.003869 0.007370
vt 0.003804 0.006962
vt 0.005293 0.006685
vt 0.008971 0.008344
vt 0.008847 0.007058
vt 0.018323 0.001513
vt 0.018314 0.002322
vt 0.016311 0.002329
vt 0.016304 0.001522
vt 0.003674 0.008541
vt 0.003858 0.007560
vt 0.006340 0.003401
vt 0.006939 0.006215
vt 0.023896 0.008181
vt 0.023981 0.006858
vt 0.008188 0.002049
vt 0.008307 0.002871
vt 0.027559 0.008465
vt 0.025751 0.008309
vt 0.025834 0.007015
vt 0.027672 0.007237
vt 0.018257 0.008160
vt 0.018250 0.008690
vt 0.016399 0.008683
vt 0.016396 0.008156
vt 0.004376 0.003982
vt 0.005257 0.006476
vt 0.020348 0.001543
vt 0.020321 0.002353
vt 0.007037 0.007038
vt 0.006970 0.006440
vt 0.012674 0.008258
vt 0.012699 0.008784
vt 0.010863 0.008901
vt 0.010828 0.008379
vt 0.029474 0.007175
vt 0.027697 0.007000
vt 0.027771 0.006404
vt 0.029552 0.006606
vt 0.012280 0.001670
vt 0.012324 0.002477
vt 0.010329 0.002629
vt 0.010254 0.001813
vt 0.029334 0.008627
vt 0.029450 0.007397
vt 0.002492 0.004877
vt 0.003741 0.006780
vt 0.032809 0.008672
vt 0.031066 0.008733
vt 0.031114 0.007600
vt 0.032585 0.007704
vt 0.028310 0.003216
vt 0.030276 0.003634
vt 0.029583 0.006380
vt 0.027800 0.006170
vt 0.026320 0.002928
vt 0.025956 0.005915
vt 0.024325 0.002724
vt 0.024066 0.005766
vt 0.018297 0.006403
vt 0.018303 0.005765
vt 0.016387 0.006448
vt 0.016387 0.005821
vt 0.014485 0.006438
vt 0.014476 0.005817
vt 0.012571 0.006532
vt 0.012541 0.005879
vt 0.010668 0.006657
vt 0.010620 0.006038
vt 0.008824 0.006825
vt 0.008765 0.006238
vt 0.123511 0.006359
vt 0.123867 0.007229
vt 0.123397 0.007539
vt 0.122960 0.006465
vt 0.014547 0.008721
vt 0.014535 0.008195
vt 0.025858 0.006778
vt 0.023998 0.006614
vt 0.024047 0.006009
vt 0.025930 0.006156
vt 0.032573 0.007522
vt 0.031135 0.007397
vt 0.031224 0.006853
vt 0.032618 0.007142
vt 0.014311 0.002380
vt 0.014287 0.001575
vt 0.032158 0.004236
vt 0.033995 0.005164
vt 0.032681 0.006971
vt 0.031262 0.006652
vt 0.020124 0.008730
vt 0.020141 0.008199
vt 0.009024 0.009044
vt 0.008986 0.008528
vt 0.122233 0.008331
vt 0.121583 0.006753
vt 0.122811 0.006494
vt 0.123270 0.007624
vt 0.125015 0.010198
vt 0.123436 0.009540
vt 0.124128 0.008489
vt 0.125249 0.008960
vt 0.126725 0.010200
vt 0.126464 0.008968
vt 0.128304 0.009547
vt 0.127592 0.008508
vt 0.129514 0.008337
vt 0.128459 0.007650
vt 0.130170 0.006757
vt 0.128932 0.006524
vt 0.130168 0.005042
vt 0.128935 0.005302
vt 0.129507 0.003461
vt 0.128471 0.004176
vt 0.128297 0.002262
vt 0.127613 0.003315
vt 0.126720 0.001614
vt 0.126491 0.002847
vt 0.125015 0.001616
vt 0.125275 0.002843
vt 0.123443 0.002267
vt 0.124150 0.003304
vt 0.123879 0.004559
vt 0.123516 0.005423
vt 0.122966 0.005311
vt 0.123413 0.004246
vt 0.124528 0.007898
vt 0.125392 0.008262
vt 0.125279 0.008812
vt 0.124213 0.008364
vt 0.126330 0.008267
vt 0.126436 0.008819
vt 0.127198 0.007912
vt 0.127508 0.008381
vt 0.127866 0.007250
vt 0.128332 0.007565
vt 0.128230 0.006381
vt 0.128782 0.006493
vt 0.128234 0.005440
vt 0.128785 0.005332
vt 0.127877 0.004572
vt 0.128345 0.004261
vt 0.127216 0.003908
vt 0.127529 0.003441
vt 0.126351 0.003546
vt 0.126461 0.002996
vt 0.125412 0.003543
vt 0.125304 0.002993
vt 0.124545 0.003899
vt 0.124234 0.003430
vt 0.125872 0.005903
vt 0.006385 0.041618
vt 0.008101 0.041178
vt 0.008117 0.041257
vt 0.006412 0.041697
vt 0.005367 0.007327
vt 0.007049 0.007143
vt 0.003869 0.007458
vt 0.004581 0.042375
vt 0.004624 0.042455
vt 0.031124 0.007491
vt 0.032574 0.007607
vt 0.029766 0.041713
vt 0.031518 0.042440
vt 0.031476 0.042518
vt 0.029739 0.041791
vt 0.029463 0.007278
vt 0.028067 0.041274
vt 0.028050 0.041352
vt 0.027685 0.007109
vt 0.026377 0.040993
vt 0.026367 0.041070
vt 0.025847 0.006890
vt 0.024717 0.040810
vt 0.024710 0.040886
vt 0.023990 0.006726
vt 0.023072 0.040689
vt 0.023068 0.040764
vt 0.022095 0.006633
vt 0.021444 0.040621
vt 0.021441 0.040696
vt 0.020196 0.006545
vt 0.019811 0.040588
vt 0.019810 0.040665
vt 0.018298 0.006518
vt 0.018146 0.040582
vt 0.018146 0.040659
vt 0.016388 0.006562
vt 0.016471 0.040593
vt 0.016472 0.040670
vt 0.014487 0.006551
vt 0.014796 0.040696
vt 0.012578 0.006646
vt 0.013119 0.040746
vt 0.010677 0.006769
vt 0.011454 0.040760
vt 0.011459 0.040836
vt 0.008835 0.006933
vt 0.009785 0.040914
vt 0.009795 0.040991
vt 0.008753 0.006129
vt 0.006956 0.006335
vt 0.005277 0.006589
vt 0.003780 0.006876
vt 0.032642 0.007063
vt 0.031241 0.006759
vt 0.029566 0.006503
vt 0.027784 0.006295
vt 0.025942 0.006043
vt 0.024055 0.005896
vt 0.022147 0.005758
vt 0.020224 0.005704
vt 0.018303 0.005649
vt 0.016385 0.005705
vt 0.014474 0.005702
vt 0.012534 0.005763
vt 0.010609 0.005924
vt 0.005413 0.008694
vt 0.007174 0.008582
vt 0.006321 0.003322
vt 0.004346 0.003903
vt 0.003653 0.008635
vt 0.002440 0.004806
vt 0.031065 0.008825
vt 0.032829 0.008764
vt 0.034046 0.005096
vt 0.032189 0.004160
vt 0.029327 0.008723
vt 0.030297 0.003554
vt 0.027550 0.008559
vt 0.028324 0.003135
vt 0.025743 0.008409
vt 0.026330 0.002848
vt 0.023890 0.008281
vt 0.024332 0.002642
vt 0.022022 0.008170
vt 0.022325 0.002509
vt 0.020143 0.008112
vt 0.020319 0.002424
vt 0.018258 0.008074
vt 0.018313 0.002393
vt 0.016395 0.008070
vt 0.016312 0.002399
vt 0.014533 0.008110
vt 0.014314 0.002450
vt 0.012670 0.008172
vt 0.012329 0.002547
vt 0.010822 0.008294
vt 0.010336 0.002699
vt 0.008979 0.008444
vt 0.008318 0.002942
vt 0.008374 0.042472
vt 0.006859 0.042913
vt 0.121482 0.006773
vt 0.121485 0.005029
vt 0.005456 0.043641
vt 0.122149 0.008388
vt 0.030674 0.043641
vt 0.029298 0.042981
vt 0.123378 0.009625
vt 0.027780 0.042612
vt 0.124994 0.010300
vt 0.026212 0.042331
vt 0.126745 0.010301
vt 0.024618 0.042144
vt 0.128361 0.009632
vt 0.023014 0.042010
vt 0.129599 0.008393
vt 0.021410 0.041909
vt 0.130269 0.006776
vt 0.019790 0.041936
vt 0.130269 0.005022
vt 0.018144 0.041979
vt 0.129591 0.003404
vt 0.016486 0.041937
vt 0.128353 0.002178
vt 0.014831 0.042017
vt 0.126740 0.001512
vt 0.013182 0.042024
vt 0.124995 0.001517
vt 0.011554 0.042068
vt 0.123387 0.002182
vt 0.009958 0.042263
vt 0.122149 0.003417
vt 0.122892 0.005295
vt 0.122884 0.006480
vt 0.123332 0.007582
vt 0.124170 0.008428
vt 0.125264 0.008887
vt 0.126450 0.008895
vt 0.127551 0.008446
vt 0.128396 0.007608
vt 0.128859 0.006509
vt 0.128862 0.005317
vt 0.128409 0.004218
vt 0.127571 0.003377
vt 0.126476 0.002921
vt 0.125289 0.002917
vt 0.124191 0.003366
vt 0.123349 0.004202
vt 0.992491 0.658882
vt 0.992491 0.001511
vt 0.993241 0.001511
vt 0.993241 0.658882
vt 0.993990 0.001511
vt 0.993990 0.658882
vt 0.994740 0.001511
vt 0.994740 0.658882
vt 0.995490 0.001511
vt 0.995490 0.658882
vt 0.996240 0.001511
vt 0.996240 0.658882
vt 0.996989 0.001511
vt 0.996989 0.658882
vt 0.997739 0.001511
vt 0.997739 0.658882
vt 0.998489 0.001511
vt 0.998489 0.658882
vt 0.043133 0.009583
vt 0.042789 0.011333
vt 0.041531 0.011128
vt 0.041923 0.009314
vt 0.040989 0.024212
vt 0.041283 0.026053
vt 0.040686 0.026164
vt 0.040350 0.024298
vt 0.042967 0.011364
vt 0.043506 0.011462
vt 0.043238 0.013228
vt 0.042692 0.013152
vt 0.051229 0.011275
vt 0.051666 0.011400
vt 0.051330 0.012810
vt 0.050891 0.012719
vt 0.050475 0.015637
vt 0.050926 0.015680
vt 0.050822 0.017145
vt 0.050369 0.017119
vt 0.042477 0.014947
vt 0.043030 0.015000
vt 0.042911 0.016785
vt 0.042359 0.016756
vt 0.042856 0.018573
vt 0.042301 0.018569
vt 0.050337 0.020073
vt 0.050783 0.020061
vt 0.050861 0.021487
vt 0.050422 0.021521
vt 0.042340 0.020373
vt 0.042893 0.020351
vt 0.043017 0.022134
vt 0.042467 0.022182
vt 0.043213 0.023897
vt 0.042667 0.023971
vt 0.042490 0.023996
vt 0.042791 0.025773
vt 0.041515 0.026009
vt 0.041232 0.024176
vt 0.043155 0.027530
vt 0.041911 0.027788
vt 0.043564 0.029246
vt 0.042395 0.029534
vt 0.043981 0.030940
vt 0.042842 0.031178
vt 0.044244 0.032662
vt 0.043223 0.032660
vt 0.044198 0.004398
vt 0.043944 0.006157
vt 0.042787 0.005921
vt 0.043152 0.004413
vt 0.052154 0.014404
vt 0.052016 0.015796
vt 0.051072 0.015693
vt 0.051232 0.014254
vt 0.052295 0.024083
vt 0.052651 0.025418
vt 0.051744 0.025664
vt 0.051397 0.024258
vt 0.148507 0.010128
vt 0.146937 0.009461
vt 0.147634 0.008409
vt 0.148748 0.008885
vt 0.052027 0.022744
vt 0.051155 0.022869
vt 0.053133 0.010387
vt 0.052667 0.011688
vt 0.051807 0.011440
vt 0.052268 0.010049
vt 0.052369 0.013037
vt 0.051471 0.012839
vt 0.051907 0.021386
vt 0.051002 0.021475
vt 0.053748 0.009144
vt 0.052909 0.008658
vt 0.051854 0.020009
vt 0.050927 0.020057
vt 0.054608 0.008027
vt 0.053843 0.007251
vt 0.051868 0.018611
vt 0.050920 0.018612
vt 0.053752 0.028026
vt 0.054606 0.029188
vt 0.053840 0.029994
vt 0.052877 0.028533
vt 0.051945 0.017204
vt 0.050967 0.017153
vt 0.053121 0.026745
vt 0.052221 0.027090
vt 0.036988 0.007955
vt 0.037807 0.008201
vt 0.037300 0.010206
vt 0.036460 0.010017
vt 0.036913 0.012280
vt 0.036056 0.012140
vt 0.036649 0.014386
vt 0.035783 0.014296
vt 0.036497 0.016504
vt 0.035629 0.016461
vt 0.036459 0.018622
vt 0.035600 0.018622
vt 0.036522 0.020696
vt 0.035673 0.020737
vt 0.036676 0.022756
vt 0.035831 0.022837
vt 0.036939 0.024818
vt 0.036096 0.024941
vt 0.037458 0.026828
vt 0.037097 0.024794
vt 0.040102 0.024335
vt 0.040449 0.026211
vt 0.037951 0.028828
vt 0.040838 0.028051
vt 0.038605 0.030800
vt 0.041368 0.029826
vt 0.039493 0.032727
vt 0.041901 0.031460
vt 0.040702 0.034515
vt 0.042461 0.032914
vt 0.039465 0.004416
vt 0.040617 0.002663
vt 0.042375 0.004186
vt 0.041846 0.005639
vt 0.044115 0.006190
vt 0.044649 0.006300
vt 0.044239 0.008034
vt 0.043712 0.007909
vt 0.038605 0.006302
vt 0.041336 0.007271
vt 0.041295 0.011083
vt 0.040985 0.012919
vt 0.040380 0.012830
vt 0.040682 0.010959
vt 0.043541 0.007869
vt 0.042349 0.007558
vt 0.036968 0.029104
vt 0.037799 0.028872
vt 0.038455 0.030859
vt 0.037634 0.031176
vt 0.042513 0.013127
vt 0.041224 0.012952
vt 0.037958 0.008245
vt 0.040838 0.009046
vt 0.042287 0.022198
vt 0.040982 0.022325
vt 0.037661 0.005921
vt 0.038459 0.006245
vt 0.042120 0.018568
vt 0.042158 0.020381
vt 0.040861 0.020469
vt 0.040857 0.018570
vt 0.043328 0.027491
vt 0.043860 0.027374
vt 0.044263 0.029083
vt 0.043736 0.029205
vt 0.037455 0.010240
vt 0.040439 0.010914
vt 0.036469 0.027031
vt 0.037305 0.026861
vt 0.041692 0.009260
vt 0.041072 0.009103
vt 0.040638 0.016676
vt 0.040611 0.018568
vt 0.039967 0.018556
vt 0.040023 0.016644
vt 0.039755 0.002081
vt 0.040495 0.002555
vt 0.039325 0.004339
vt 0.038576 0.003923
vt 0.042176 0.016747
vt 0.040881 0.016688
vt 0.037072 0.012305
vt 0.040135 0.012794
vt 0.042298 0.014930
vt 0.041029 0.014816
vt 0.036620 0.018621
vt 0.036658 0.016511
vt 0.039776 0.016633
vt 0.039717 0.018552
vt 0.036678 0.020688
vt 0.039719 0.020508
vt 0.036834 0.022740
vt 0.039889 0.022428
vt 0.041681 0.027846
vt 0.041073 0.027992
vt 0.042173 0.029595
vt 0.041591 0.029757
vt 0.042639 0.031233
vt 0.042103 0.031390
vt 0.043033 0.032682
vt 0.042631 0.032820
vt 0.042958 0.004394
vt 0.042581 0.005868
vt 0.042049 0.005706
vt 0.042546 0.004276
vt 0.042129 0.007501
vt 0.041556 0.007335
vt 0.149826 0.008196
vt 0.150688 0.007845
vt 0.150995 0.008310
vt 0.149932 0.008745
vt 0.052268 0.028846
vt 0.052733 0.028612
vt 0.053703 0.030114
vt 0.053187 0.030441
vt 0.040616 0.020477
vt 0.040744 0.022348
vt 0.040132 0.022404
vt 0.039971 0.020497
vt 0.040782 0.014793
vt 0.040136 0.014726
vt 0.039351 0.032807
vt 0.038564 0.033231
vt 0.036810 0.014402
vt 0.039886 0.014704
vt 0.044150 0.030907
vt 0.044672 0.030803
vt 0.044972 0.032571
vt 0.044421 0.032661
vt 0.050819 0.024375
vt 0.051257 0.024287
vt 0.051602 0.025705
vt 0.051157 0.025828
vt 0.040578 0.034628
vt 0.039802 0.035144
vt 0.043838 0.009737
vt 0.043306 0.009621
vt 0.042967 0.025739
vt 0.043506 0.025642
vt 0.151792 0.009479
vt 0.150219 0.010133
vt 0.149961 0.008894
vt 0.151079 0.008436
vt 0.153637 0.006708
vt 0.152990 0.008276
vt 0.151933 0.007587
vt 0.152399 0.006476
vt 0.153635 0.005013
vt 0.152402 0.005273
vt 0.152983 0.003445
vt 0.151947 0.004160
vt 0.151781 0.002252
vt 0.151098 0.003305
vt 0.150219 0.001612
vt 0.149992 0.002844
vt 0.148536 0.001613
vt 0.148792 0.002836
vt 0.146980 0.002254
vt 0.147680 0.003291
vt 0.145783 0.003442
vt 0.146829 0.004131
vt 0.145129 0.004993
vt 0.146360 0.005230
vt 0.145117 0.006681
vt 0.146346 0.006431
vt 0.145750 0.008250
vt 0.146793 0.007546
vt 0.148035 0.007824
vt 0.148892 0.008188
vt 0.148779 0.008735
vt 0.147720 0.008284
vt 0.151347 0.007192
vt 0.151706 0.006336
vt 0.152250 0.006447
vt 0.151808 0.007504
vt 0.151710 0.005408
vt 0.152255 0.005302
vt 0.151358 0.004550
vt 0.151820 0.004243
vt 0.150704 0.003891
vt 0.151013 0.003430
vt 0.149851 0.003533
vt 0.149962 0.002990
vt 0.148926 0.003529
vt 0.148821 0.002985
vt 0.148067 0.003878
vt 0.147763 0.003416
vt 0.147409 0.004525
vt 0.146952 0.004214
vt 0.147048 0.005375
vt 0.146507 0.005261
vt 0.147039 0.006300
vt 0.146494 0.006403
vt 0.147385 0.007160
vt 0.146920 0.007465
vt 0.149374 0.005858
vt 0.051731 0.011419
vt 0.051396 0.012824
vt 0.041405 0.011104
vt 0.041801 0.009286
vt 0.041096 0.012935
vt 0.051091 0.014234
vt 0.051157 0.014243
vt 0.040896 0.014803
vt 0.050993 0.015686
vt 0.040752 0.016682
vt 0.050890 0.017149
vt 0.040726 0.018568
vt 0.050772 0.018610
vt 0.050840 0.018611
vt 0.040730 0.020472
vt 0.050850 0.020059
vt 0.040857 0.022337
vt 0.050927 0.021482
vt 0.041101 0.024195
vt 0.051016 0.022889
vt 0.051081 0.022879
vt 0.041392 0.026032
vt 0.051322 0.024274
vt 0.041788 0.027819
vt 0.051668 0.025686
vt 0.042275 0.029567
vt 0.052075 0.027147
vt 0.052143 0.027121
vt 0.042734 0.031207
vt 0.052800 0.028575
vt 0.043120 0.032667
vt 0.053770 0.030062
vt 0.042676 0.005893
vt 0.043047 0.004408
vt 0.052770 0.008581
vt 0.053713 0.007136
vt 0.053777 0.007186
vt 0.052835 0.008617
vt 0.042232 0.007528
vt 0.052128 0.009993
vt 0.052193 0.010019
vt 0.041454 0.007305
vt 0.040962 0.009077
vt 0.040569 0.010938
vt 0.040267 0.012814
vt 0.040020 0.014716
vt 0.039909 0.016639
vt 0.039851 0.018554
vt 0.039854 0.020501
vt 0.040018 0.022415
vt 0.040236 0.024315
vt 0.040575 0.026187
vt 0.040964 0.028020
vt 0.041488 0.029789
vt 0.042008 0.031422
vt 0.042550 0.032859
vt 0.042465 0.004239
vt 0.041955 0.005675
vt 0.042885 0.011350
vt 0.043226 0.009603
vt 0.037877 0.008221
vt 0.037372 0.010222
vt 0.042609 0.013140
vt 0.036987 0.012291
vt 0.042394 0.014939
vt 0.036724 0.014394
vt 0.042275 0.016751
vt 0.036572 0.016507
vt 0.042217 0.018569
vt 0.036533 0.018621
vt 0.042256 0.020377
vt 0.036595 0.020692
vt 0.042384 0.022190
vt 0.036750 0.022749
vt 0.042585 0.023983
vt 0.037012 0.024807
vt 0.042886 0.025755
vt 0.037377 0.026845
vt 0.043248 0.027509
vt 0.037870 0.028852
vt 0.043657 0.029224
vt 0.038525 0.030832
vt 0.044072 0.030922
vt 0.039417 0.032770
vt 0.044339 0.032666
vt 0.040639 0.034578
vt 0.044379 0.004398
vt 0.044035 0.006174
vt 0.044295 0.004394
vt 0.040555 0.002602
vt 0.039390 0.004375
vt 0.043632 0.007891
vt 0.038528 0.006272
vt 0.052748 0.011711
vt 0.052451 0.013052
vt 0.150239 0.010236
vt 0.148486 0.010229
vt 0.052237 0.014414
vt 0.151849 0.009564
vt 0.052102 0.015803
vt 0.153076 0.008333
vt 0.052031 0.017209
vt 0.153737 0.006728
vt 0.051953 0.018614
vt 0.153737 0.004993
vt 0.051939 0.020008
vt 0.153068 0.003388
vt 0.051990 0.021381
vt 0.151837 0.002167
vt 0.052109 0.022732
vt 0.150238 0.001512
vt 0.052376 0.024063
vt 0.148516 0.001515
vt 0.052732 0.025393
vt 0.146924 0.002169
vt 0.053200 0.026711
vt 0.145697 0.003384
vt 0.053826 0.027981
vt 0.145031 0.004973
vt 0.054666 0.029124
vt 0.145015 0.006700
vt 0.054666 0.008091
vt 0.053820 0.009189
vt 0.145665 0.008306
vt 0.053210 0.010420
vt 0.146879 0.009545
vt 0.148763 0.008811
vt 0.149946 0.008820
vt 0.151037 0.008374
vt 0.151870 0.007546
vt 0.152326 0.006462
vt 0.152329 0.005288
vt 0.151885 0.004200
vt 0.151056 0.003367
vt 0.149977 0.002917
vt 0.148806 0.002910
vt 0.147721 0.003353
vt 0.146890 0.004172
vt 0.146433 0.005246
vt 0.146420 0.006417
vt 0.146856 0.007506
vt 0.147677 0.008347
vt 0.011421 0.040286
vt 0.021460 0.040158
vt 0.019818 0.040121
vt 0.023102 0.040225
vt 0.016468 0.040118
vt 0.018148 0.040109
vt 0.009730 0.040437
vt 0.008007 0.040692
vt 0.024762 0.040341
vt 0.026446 0.040517
vt 0.028170 0.040793
vt 0.029923 0.041230
vt 0.031722 0.041900
vt 0.006229 0.041115
vt 0.004357 0.041808
vt 0.051622 0.027315
vt 0.053226 0.006836
vt 0.052334 0.008348
vt 0.050580 0.022948
vt 0.044959 0.004486
vt 0.051691 0.009822
vt 0.050322 0.018602
vt 0.050646 0.014169
vt 0.389686 0.001515
vt 0.404365 0.001519
vt 0.404353 0.064165
vt 0.389671 0.064162
vt 0.163276 0.032192
vt 0.150079 0.061606
vt 0.149563 0.019711
vt 0.163408 0.003557
vt 0.359278 0.565836
vt 0.373939 0.565839
vt 0.373939 0.567156
vt 0.359278 0.567153
vt 0.498036 0.613762
vt 0.499523 0.613245
vt 0.499468 0.614203
vt 0.497986 0.614718
vt 0.015047 0.518165
vt 0.002331 0.513034
vt 0.006795 0.455818
vt 0.019702 0.458412
vt 0.696022 0.513430
vt 0.697869 0.513421
vt 0.698106 0.574228
vt 0.696321 0.574236
vt 0.498235 0.455455
vt 0.512288 0.471321
vt 0.512235 0.497395
vt 0.498373 0.480253
vt 0.545664 0.556664
vt 0.547302 0.557218
vt 0.547747 0.579713
vt 0.546134 0.579150
vt 0.133060 0.061515
vt 0.118660 0.078626
vt 0.120294 0.053923
vt 0.134609 0.037321
vt 0.527200 0.488221
vt 0.541223 0.504105
vt 0.540984 0.532177
vt 0.527134 0.515619
vt 0.574498 0.474146
vt 0.588495 0.473792
vt 0.588080 0.526172
vt 0.574260 0.509221
vt 0.051156 0.054530
vt 0.036777 0.071180
vt 0.038042 0.054373
vt 0.052746 0.037529
vt 0.081344 0.055479
vt 0.068226 0.053971
vt 0.068084 0.019617
vt 0.082320 0.003277
vt 0.072089 0.539403
vt 0.073718 0.538817
vt 0.074651 0.741829
vt 0.073552 0.742199
vt 0.807084 0.281043
vt 0.804987 0.281043
vt 0.805017 0.038179
vt 0.807178 0.038180
vt 0.645263 0.001765
vt 0.658247 0.071670
vt 0.647574 0.219060
vt 0.633643 0.218994
vt 0.629173 0.002241
vt 0.629172 0.064918
vt 0.619367 0.068114
vt 0.619366 0.005439
vt 0.083005 0.527622
vt 0.068986 0.525650
vt 0.068881 0.462616
vt 0.082847 0.464283
vt 0.048828 0.394178
vt 0.063241 0.329985
vt 0.063991 0.516191
vt 0.050420 0.515176
vt 0.214287 0.078985
vt 0.200451 0.056778
vt 0.200502 0.053778
vt 0.214290 0.078377
vt 0.545437 0.186622
vt 0.559430 0.190418
vt 0.559583 0.472975
vt 0.545606 0.456496
vt 0.574352 0.194393
vt 0.588342 0.198233
vt 0.930495 0.094541
vt 0.930935 0.094684
vt 0.930975 0.095654
vt 0.930520 0.095505
vt 0.020839 0.800810
vt 0.034796 0.780164
vt 0.034984 0.786004
vt 0.020971 0.809715
vt 0.050001 0.757371
vt 0.063967 0.735351
vt 0.063959 0.735965
vt 0.049876 0.760293
vt 0.962347 0.002203
vt 0.960191 0.002185
vt 0.960236 0.001747
vt 0.962375 0.001764
vt 0.634350 0.411517
vt 0.648242 0.424251
vt 0.651297 0.453082
vt 0.633989 0.423092
vt 0.963209 0.089461
vt 0.960968 0.089461
vt 0.960936 0.088548
vt 0.963198 0.088549
vt 0.930240 0.059957
vt 0.932533 0.059953
vt 0.932730 0.088544
vt 0.930468 0.088544
vt 0.676167 0.424245
vt 0.690387 0.469459
vt 0.688070 0.515603
vt 0.670530 0.485735
vt 0.029114 0.337629
vt 0.015816 0.340171
vt 0.559391 0.129022
vt 0.574312 0.130108
vt 0.574351 0.193133
vt 0.559429 0.189146
vt 0.081676 0.331689
vt 0.068689 0.335276
vt 0.629172 0.127594
vt 0.619367 0.130791
vt 0.389657 0.126809
vt 0.404340 0.126812
vt 0.404327 0.189458
vt 0.389642 0.189455
vt 0.033549 0.457988
vt 0.032799 0.515370
vt 0.211915 0.482802
vt 0.197531 0.418553
vt 0.198397 0.294149
vt 0.212973 0.297035
vt 0.374026 0.126805
vt 0.374012 0.189451
vt 0.233147 0.827435
vt 0.231609 0.826901
vt 0.231749 0.826459
vt 0.233261 0.826984
vt 0.559504 0.490713
vt 0.545708 0.473273
vt 0.864969 0.855786
vt 0.866624 0.856388
vt 0.866810 0.881448
vt 0.865226 0.880862
vt 0.576340 0.520850
vt 0.574771 0.520310
vt 0.574760 0.519361
vt 0.576342 0.519905
vt 0.529038 0.580200
vt 0.527506 0.580723
vt 0.527484 0.556749
vt 0.529042 0.556216
vt 0.545324 0.013200
vt 0.559316 0.008775
vt 0.559354 0.068898
vt 0.545362 0.070601
vt 0.389570 0.565842
vt 0.389570 0.567159
vt 0.807081 0.290363
vt 0.805070 0.290362
vt 0.674195 0.220637
vt 0.674717 0.421162
vt 0.667932 0.411627
vt 0.667657 0.231107
vt 0.198737 0.459040
vt 0.197233 0.459573
vt 0.197079 0.442335
vt 0.198548 0.441805
vt 0.629175 0.190269
vt 0.619365 0.193467
vt 0.203236 0.762256
vt 0.204792 0.762809
vt 0.205493 0.817335
vt 0.203981 0.816810
vt 0.545507 0.532931
vt 0.547119 0.533475
vt 0.771068 0.800763
vt 0.776160 0.327894
vt 0.785185 0.339715
vt 0.781449 0.800241
vt 0.272022 0.775917
vt 0.243197 0.775742
vt 0.251068 0.762581
vt 0.264169 0.761699
vt 0.018612 0.519937
vt 0.018954 0.527742
vt 0.732221 0.417999
vt 0.732107 0.356247
vt 0.742727 0.356697
vt 0.742829 0.418458
vt 0.574234 0.004057
vt 0.574273 0.067082
vt 0.212766 0.035588
vt 0.212755 0.033594
vt 0.213210 0.033853
vt 0.213220 0.035726
vt 0.011259 0.398601
vt 0.024359 0.398661
vt 0.185653 0.033621
vt 0.171700 0.012705
vt 0.171895 0.003867
vt 0.185773 0.027762
vt 0.769753 0.355059
vt 0.769817 0.419802
vt 0.759209 0.420291
vt 0.759128 0.355543
vt 0.074707 0.811970
vt 0.075608 0.811682
vt 0.075727 0.820760
vt 0.074860 0.821027
vt 0.182211 0.354398
vt 0.167546 0.292593
vt 0.167889 0.284467
vt 0.182753 0.290993
vt 0.589192 0.065266
vt 0.589233 0.131193
vt 0.979719 0.413842
vt 0.966012 0.413842
vt 0.966012 0.412524
vt 0.979719 0.412524
vt 0.545400 0.128004
vt 0.959500 0.134147
vt 0.958913 0.133956
vt 0.958725 0.104693
vt 0.959180 0.104842
vt 0.930322 0.030300
vt 0.932596 0.030299
vt 0.198738 0.843557
vt 0.197027 0.844172
vt 0.197101 0.786924
vt 0.198731 0.786338
vt 0.374056 0.001511
vt 0.374040 0.064158
vt 0.892181 0.292181
vt 0.877639 0.350775
vt 0.877591 0.287174
vt 0.891839 0.280164
vt 0.358409 0.064155
vt 0.358395 0.126802
vt 0.862387 0.288083
vt 0.848118 0.288636
vt 0.848119 0.087025
vt 0.862392 0.080053
vt 0.736975 0.002845
vt 0.764225 0.002795
vt 0.756529 0.015084
vt 0.744928 0.016051
vt 0.099414 0.518546
vt 0.086658 0.513554
vt 0.848196 0.075852
vt 0.862352 0.052233
vt 0.877586 0.051966
vt 0.877514 0.027064
vt 0.891914 0.038408
vt 0.891598 0.004008
vt 0.804404 0.002417
vt 0.806493 0.002450
vt 0.592969 0.127594
vt 0.592969 0.064918
vt 0.602774 0.068114
vt 0.602775 0.130791
vt 0.163358 0.532824
vt 0.150113 0.526338
vt 0.778019 0.326459
vt 0.806885 0.325161
vt 0.798287 0.339036
vt 0.786502 0.338697
vt 0.497706 0.019294
vt 0.511710 0.014938
vt 0.961240 0.727892
vt 0.947524 0.727892
vt 0.947524 0.665300
vt 0.961242 0.665300
vt 0.947527 0.602703
vt 0.961245 0.602700
vt 0.526623 0.010299
vt 0.409419 0.776710
vt 0.411331 0.776712
vt 0.411333 0.778037
vt 0.409422 0.778039
vt 0.797152 0.805071
vt 0.782946 0.800541
vt 0.786641 0.340043
vt 0.798116 0.340374
vt 0.841799 0.538658
vt 0.843341 0.538076
vt 0.843518 0.538510
vt 0.841966 0.539094
vt 0.961237 0.790484
vt 0.947525 0.790484
vt 0.672168 0.138994
vt 0.690517 0.215086
vt 0.689583 0.227729
vt 0.675637 0.217326
vt 0.864981 0.420727
vt 0.866709 0.421363
vt 0.358347 0.003847
vt 0.575058 0.542908
vt 0.576670 0.543452
vt 0.576673 0.567150
vt 0.575036 0.566596
vt 0.649671 0.421099
vt 0.649019 0.222026
vt 0.655974 0.231247
vt 0.656330 0.411067
vt 0.244227 0.493758
vt 0.242729 0.493236
vt 0.243317 0.307226
vt 0.244324 0.307564
vt 0.359349 0.189464
vt 0.540908 0.003410
vt 0.979720 0.853047
vt 0.965038 0.853047
vt 0.966007 0.790361
vt 0.979719 0.790377
vt 0.979722 0.978389
vt 0.964962 0.976048
vt 0.965037 0.915718
vt 0.979720 0.915718
vt 0.862472 0.411603
vt 0.848242 0.472681
vt 0.650409 0.220882
vt 0.672712 0.219557
vt 0.666608 0.230329
vt 0.657011 0.230383
vt 0.575621 0.589958
vt 0.573977 0.589384
vt 0.574144 0.588934
vt 0.575756 0.589498
vt 0.184730 0.078732
vt 0.200042 0.079752
vt 0.169595 0.739586
vt 0.168023 0.740151
vt 0.168023 0.738939
vt 0.169556 0.738389
vt 0.592967 0.190269
vt 0.602777 0.193467
vt 0.063994 0.730563
vt 0.050747 0.735020
vt 0.241386 0.774205
vt 0.238799 0.536571
vt 0.249150 0.547807
vt 0.249735 0.761497
vt 0.033345 0.735208
vt 0.019809 0.732200
vt 0.214236 0.083716
vt 0.725861 0.513281
vt 0.727707 0.513272
vt 0.727999 0.574082
vt 0.726214 0.574091
vt 0.404584 0.568022
vt 0.404578 0.569346
vt 0.589240 0.001760
vt 0.588341 0.196992
vt 0.082734 0.398531
vt 0.068775 0.399582
vt 0.068691 0.336547
vt 0.081678 0.332934
vt 0.103447 0.522953
vt 0.101762 0.523546
vt 0.101696 0.523066
vt 0.103432 0.522454
vt 0.240800 0.535207
vt 0.271833 0.534418
vt 0.262478 0.547584
vt 0.250463 0.546785
vt 0.203532 0.486894
vt 0.205042 0.487438
vt 0.545436 0.185407
vt 0.769904 0.484536
vt 0.759305 0.485026
vt 0.930642 0.183627
vt 0.931466 0.183906
vt 0.931342 0.184337
vt 0.930481 0.184046
vt 0.015722 0.341383
vt 0.029015 0.338910
vt 0.203533 0.485654
vt 0.205025 0.486192
vt 0.959506 0.164485
vt 0.958783 0.164245
vt 0.198730 0.727910
vt 0.197198 0.728460
vt 0.757729 0.420222
vt 0.744294 0.418614
vt 0.744191 0.356667
vt 0.757648 0.355656
vt 0.757716 0.289917
vt 0.743963 0.293572
vt 0.745097 0.017413
vt 0.756364 0.016463
vt 0.604207 0.131089
vt 0.617935 0.131089
vt 0.617934 0.193765
vt 0.604209 0.193765
vt 0.604212 0.570334
vt 0.617930 0.570334
vt 0.617930 0.571651
vt 0.604212 0.571651
vt 0.604206 0.068413
vt 0.617936 0.068413
vt 0.757824 0.484775
vt 0.744376 0.480551
vt 0.657170 0.231486
vt 0.666447 0.231430
vt 0.666745 0.411326
vt 0.657543 0.410811
vt 0.604207 0.005737
vt 0.617935 0.005737
vt 0.250644 0.548031
vt 0.262298 0.548815
vt 0.263977 0.760136
vt 0.251239 0.761003
vt 0.743963 0.294809
vt 0.757716 0.291145
vt 0.809022 0.806029
vt 0.809029 0.807326
vt 0.798626 0.806769
vt 0.798633 0.805380
vt 0.732311 0.479752
vt 0.742912 0.480212
vt 0.441698 0.397846
vt 0.439640 0.397852
vt 0.439155 0.212724
vt 0.441245 0.212723
vt 0.592968 0.002241
vt 0.602775 0.005439
vt 0.273933 0.535868
vt 0.273892 0.774223
vt 0.265453 0.760564
vt 0.263750 0.548609
vt 0.769925 0.290357
vt 0.759185 0.290846
vt 0.170183 0.080798
vt 0.592967 0.191388
vt 0.602777 0.194587
vt 0.629179 0.566836
vt 0.629179 0.568154
vt 0.619361 0.571355
vt 0.619361 0.570037
vt 0.769903 0.289143
vt 0.759178 0.289583
vt 0.695756 0.452631
vt 0.697625 0.452621
vt 0.731791 0.293333
vt 0.735063 0.004349
vt 0.743665 0.017100
vt 0.742511 0.293742
vt 0.673333 0.422249
vt 0.651143 0.422225
vt 0.657384 0.411900
vt 0.666906 0.412429
vt 0.731772 0.294551
vt 0.742509 0.295019
vt 0.104206 0.521242
vt 0.693962 0.007691
vt 0.693074 0.006284
vt 0.694138 0.007215
vt 0.071799 0.534092
vt 0.071136 0.532822
vt 0.071817 0.533598
vt 0.728253 0.003076
vt 0.728221 0.002583
vt 0.728710 0.001764
vt 0.212589 0.003056
vt 0.214142 0.002045
vt 0.213708 0.002400
vt 0.213043 0.003254
vt 0.163357 0.534285
vt 0.163857 0.532695
vt 0.164127 0.532070
vt 0.163954 0.532632
vt 0.843790 0.003669
vt 0.843708 0.003179
vt 0.844096 0.002267
vt 0.844378 0.001755
vt 0.812370 0.016661
vt 0.811554 0.015206
vt 0.811859 0.015574
vt 0.812421 0.016158
vt 0.540904 0.001952
vt 0.541646 0.003120
vt 0.541911 0.003752
vt 0.541618 0.003325
vt 0.213787 0.036394
vt 0.214142 0.036977
vt 0.541652 0.532854
vt 0.541541 0.533698
vt 0.540915 0.533125
vt 0.815399 0.548615
vt 0.815517 0.549051
vt 0.814881 0.548840
vt 0.814719 0.548090
vt 0.576458 0.588930
vt 0.576288 0.589717
vt 0.163499 0.002337
vt 0.164070 0.001759
vt 0.164127 0.002569
vt 0.545956 0.579591
vt 0.545436 0.579009
vt 0.545363 0.578228
vt 0.844067 0.537165
vt 0.844008 0.537925
vt 0.119617 0.054025
vt 0.119655 0.053447
vt 0.120054 0.053054
vt 0.865228 0.881807
vt 0.864692 0.881601
vt 0.864568 0.881030
vt 0.545636 0.510274
vt 0.544886 0.509743
vt 0.545003 0.509179
vt 0.545573 0.509316
vt 0.895393 0.892026
vt 0.896097 0.892526
vt 0.895969 0.893098
vt 0.895410 0.892965
vt 0.497957 0.480809
vt 0.497614 0.480364
vt 0.497649 0.479787
vt 0.576889 0.520088
vt 0.577012 0.520643
vt 0.528119 0.533592
vt 0.527990 0.533132
vt 0.528659 0.533381
vt 0.528827 0.534178
vt 0.233949 0.826399
vt 0.233799 0.827186
vt 0.082281 0.002316
vt 0.082918 0.001746
vt 0.083005 0.002597
vt 0.203805 0.817260
vt 0.203287 0.816647
vt 0.203222 0.815849
vt 0.498541 0.544049
vt 0.497774 0.544994
vt 0.497847 0.544204
vt 0.498364 0.543610
vt 0.588803 0.527209
vt 0.588737 0.528044
vt 0.588162 0.527433
vt 0.168255 0.452729
vt 0.167586 0.452548
vt 0.167710 0.451984
vt 0.168255 0.451786
vt 0.545423 0.474117
vt 0.545039 0.473700
vt 0.545030 0.473126
vt 0.497411 0.614852
vt 0.497289 0.614283
vt 0.198577 0.440861
vt 0.199143 0.440724
vt 0.199271 0.441292
vt 0.528708 0.603090
vt 0.529386 0.603284
vt 0.529259 0.603847
vt 0.528708 0.604039
vt 0.037268 0.054806
vt 0.037265 0.054232
vt 0.037638 0.053802
vt 0.929959 0.183252
vt 0.929883 0.182295
vt 0.102949 0.812342
vt 0.103691 0.811035
vt 0.103615 0.811978
vt 0.103100 0.812749
vt 0.020876 0.811301
vt 0.020320 0.812156
vt 0.020263 0.811138
vt 0.958434 0.193049
vt 0.959161 0.192102
vt 0.958999 0.193037
vt 0.958337 0.193469
vt 0.171244 0.002752
vt 0.171349 0.001722
vt 0.171935 0.002578
vt 0.074957 0.821453
vt 0.074305 0.820995
vt 0.074162 0.820056
vt 0.214807 0.077862
vt 0.215110 0.078343
vt 0.215015 0.078891
vt 0.959189 0.103880
vt 0.959749 0.104058
vt 0.959879 0.104611
vt 0.215746 0.079394
vt 0.215692 0.078438
vt 0.064650 0.735765
vt 0.064680 0.736324
vt 0.064344 0.736772
vt 0.244236 0.088141
vt 0.244230 0.087191
vt 0.244785 0.087359
vt 0.244919 0.087905
vt 0.929785 0.094969
vt 0.929920 0.094412
vt 0.775436 0.001958
vt 0.774687 0.003093
vt 0.774810 0.002156
vt 0.775415 0.001521
vt 0.891651 0.002579
vt 0.892224 0.001745
vt 0.892288 0.002755
vt 0.962975 0.002406
vt 0.963095 0.003343
vt 0.806524 0.002025
vt 0.807106 0.002653
vt 0.807219 0.003575
vt 0.931049 0.001943
vt 0.930303 0.003076
vt 0.930426 0.002141
vt 0.931025 0.001512
vt 0.688900 0.517223
vt 0.688785 0.518491
vt 0.688094 0.517422
vt 0.408934 0.002406
vt 0.408221 0.002054
vt 0.408351 0.001534
vt 0.408909 0.001511
vt 0.633433 0.423827
vt 0.633097 0.423295
vt 0.633202 0.422690
vt 0.930459 0.089461
vt 0.929888 0.089435
vt 0.929752 0.088901
vt 0.847477 0.076172
vt 0.847429 0.075637
vt 0.847751 0.075204
vt 0.441009 0.002437
vt 0.441033 0.001538
vt 0.441594 0.001562
vt 0.441722 0.002083
vt 0.963914 0.088903
vt 0.963780 0.089435
vt 0.808933 0.326627
vt 0.808141 0.325624
vt 0.809105 0.324402
vt 0.809753 0.324288
vt 0.809035 0.323717
vt 0.149375 0.062546
vt 0.149082 0.062596
vt 0.149106 0.062306
vt 0.775367 0.325842
vt 0.775965 0.325894
vt 0.776874 0.326949
vt 0.133999 0.062230
vt 0.133996 0.062524
vt 0.133699 0.062476
vt 0.776033 0.325271
vt 0.650248 0.421849
vt 0.649527 0.422705
vt 0.649036 0.422769
vt 0.649563 0.423190
vt 0.675368 0.422824
vt 0.674906 0.422724
vt 0.674184 0.421886
vt 0.674918 0.423186
vt 0.648368 0.220444
vt 0.648840 0.220487
vt 0.649554 0.221283
vt 0.648862 0.220022
vt 0.673613 0.219898
vt 0.674349 0.218987
vt 0.674832 0.218862
vt 0.674350 0.218498
vt 0.242116 0.775165
vt 0.241149 0.776393
vt 0.240536 0.776420
vt 0.241165 0.777120
vt 0.034069 0.734104
vt 0.034381 0.734091
vt 0.034361 0.734429
vt 0.274742 0.776579
vt 0.274110 0.776578
vt 0.273150 0.775296
vt 0.049762 0.734259
vt 0.049740 0.733916
vt 0.050040 0.733919
vt 0.274081 0.777348
vt 0.237936 0.534580
vt 0.238570 0.534622
vt 0.239547 0.535627
vt 0.033823 0.516024
vt 0.033835 0.516300
vt 0.033531 0.516282
vt 0.238651 0.533991
vt 0.273994 0.533080
vt 0.274086 0.533731
vt 0.273157 0.534830
vt 0.049721 0.516098
vt 0.049437 0.516123
vt 0.049455 0.515854
vt 0.274742 0.533668
vt 0.766187 0.001513
vt 0.766184 0.002141
vt 0.765289 0.003249
vt 0.067512 0.054981
vt 0.067214 0.055039
vt 0.067250 0.054734
vt 0.765972 0.004131
vt 0.766747 0.002038
vt 0.735817 0.003366
vt 0.734916 0.002225
vt 0.735021 0.001548
vt 0.734291 0.002216
vt 0.052096 0.055236
vt 0.052092 0.055548
vt 0.051790 0.055528
vt 0.799601 0.340026
vt 0.798804 0.340326
vt 0.798643 0.339806
vt 0.799006 0.339381
vt 0.798128 0.339721
vt 0.785771 0.339070
vt 0.786136 0.339486
vt 0.785967 0.339996
vt 0.786649 0.339402
vt 0.656440 0.230707
vt 0.656732 0.231043
vt 0.656607 0.231467
vt 0.657155 0.230954
vt 0.656969 0.410833
vt 0.657099 0.411258
vt 0.656815 0.411599
vt 0.657521 0.411342
vt 0.667021 0.231366
vt 0.666898 0.230948
vt 0.667173 0.230599
vt 0.666480 0.230890
vt 0.667470 0.412139
vt 0.667189 0.411798
vt 0.667305 0.411385
vt 0.666774 0.411861
vt 0.249741 0.547183
vt 0.250155 0.547515
vt 0.249945 0.547979
vt 0.250657 0.547432
vt 0.250507 0.761117
vt 0.250663 0.761695
vt 0.250303 0.762201
vt 0.251232 0.761762
vt 0.263161 0.547991
vt 0.262776 0.548321
vt 0.262305 0.548220
vt 0.262979 0.548779
vt 0.264897 0.761282
vt 0.264556 0.760788
vt 0.264696 0.760208
vt 0.264009 0.760892
vt 0.757215 0.015428
vt 0.756885 0.015855
vt 0.756374 0.015798
vt 0.757772 0.016034
vt 0.757031 0.016361
vt 0.745077 0.016753
vt 0.744575 0.016859
vt 0.744236 0.016440
vt 0.744426 0.017367
vt 0.961347 0.224440
vt 0.961343 0.223116
vt 0.962392 0.224767
vt 0.962371 0.226085
vt 0.693084 0.007622
vt 0.693962 0.009041
vt 0.103201 0.528214
vt 0.101571 0.528800
vt 0.695719 0.390527
vt 0.697563 0.390531
vt 0.697567 0.391669
vt 0.695724 0.391667
vt 0.405094 0.001519
vt 0.405079 0.064166
vt 0.728415 0.513268
vt 0.728710 0.574079
vt 0.776284 0.290355
vt 0.774273 0.290354
vt 0.774275 0.281035
vt 0.776372 0.281035
vt 0.812366 0.018139
vt 0.814112 0.017407
vt 0.815820 0.520458
vt 0.814207 0.521054
vt 0.358537 0.567153
vt 0.358537 0.565836
vt 0.442437 0.776689
vt 0.442437 0.778009
vt 0.441693 0.778009
vt 0.441694 0.776680
vt 0.164015 0.030670
vt 0.844378 0.509367
vt 0.843660 0.510169
vt 0.086565 0.514821
vt 0.085923 0.514475
vt 0.086017 0.513211
vt 0.864321 0.420412
vt 0.864321 0.419143
vt 0.864981 0.419461
vt 0.895637 0.432010
vt 0.895637 0.430743
vt 0.896354 0.430893
vt 0.896353 0.432162
vt 0.496984 0.019398
vt 0.496982 0.018130
vt 0.497704 0.018024
vt 0.813546 0.521004
vt 0.541911 0.504759
vt 0.816941 0.548034
vt 0.527067 0.516598
vt 0.577351 0.567058
vt 0.134623 0.036161
vt 0.544745 0.532361
vt 0.893983 0.866339
vt 0.895638 0.866942
vt 0.893809 0.891440
vt 0.526590 0.534132
vt 0.232679 0.772723
vt 0.234235 0.773276
vt 0.497911 0.590827
vt 0.499444 0.590304
vt 0.169558 0.469394
vt 0.168054 0.469928
vt 0.169724 0.452200
vt 0.052709 0.036536
vt 0.529724 0.580317
vt 0.574256 0.510400
vt 0.497311 0.567376
vt 0.498070 0.566811
vt 0.202493 0.762032
vt 0.589240 0.473874
vt 0.168023 0.854593
vt 0.168019 0.911816
vt 0.167351 0.912132
vt 0.167350 0.854859
vt 0.544683 0.070777
vt 0.544647 0.013502
vt 0.001608 0.512866
vt 0.006060 0.455777
vt 0.199467 0.843358
vt 0.199471 0.900630
vt 0.198746 0.900776
vt 0.082032 0.055599
vt 0.234912 0.773524
vt 0.961969 0.602700
vt 0.961967 0.665300
vt 0.695049 0.452633
vt 0.695006 0.391669
vt 0.404359 0.190583
vt 0.405051 0.189458
vt 0.405041 0.190578
vt 0.727817 0.390568
vt 0.727809 0.391693
vt 0.727107 0.391693
vt 0.727110 0.390537
vt 0.966007 0.789243
vt 0.965267 0.790372
vt 0.965267 0.789253
vt 0.407929 0.399102
vt 0.407927 0.397980
vt 0.408666 0.397940
vt 0.408668 0.399069
vt 0.167346 0.740312
vt 0.167346 0.739098
vt 0.544755 0.186542
vt 0.544754 0.185328
vt 0.014964 0.341597
vt 0.015059 0.340388
vt 0.199464 0.727600
vt 0.199464 0.728814
vt 0.198730 0.729121
vt 0.930259 0.154782
vt 0.930982 0.155022
vt 0.102112 0.803401
vt 0.103012 0.803118
vt 0.102083 0.812609
vt 0.960205 0.133894
vt 0.200601 0.052537
vt 0.049905 0.761712
vt 0.929529 0.123906
vt 0.930272 0.124599
vt 0.244245 0.088704
vt 0.243816 0.088573
vt 0.243806 0.088009
vt 0.930859 0.124791
vt 0.074014 0.811125
vt 0.171041 0.011750
vt 0.214458 0.297533
vt 0.213425 0.483034
vt 0.212670 0.482832
vt 0.213715 0.297257
vt 0.020125 0.802060
vt 0.103751 0.801930
vt 0.063922 0.330139
vt 0.064686 0.516286
vt 0.245020 0.307789
vt 0.244908 0.494015
vt 0.963174 0.030272
vt 0.960900 0.030274
vt 0.776536 0.038153
vt 0.774376 0.038151
vt 0.777525 0.001991
vt 0.670451 0.487408
vt 0.929597 0.030746
vt 0.862303 0.050925
vt 0.964052 0.060355
vt 0.963327 0.059896
vt 0.441125 0.013257
vt 0.438984 0.013257
vt 0.438846 0.002435
vt 0.961034 0.059901
vt 0.441846 0.013119
vt 0.847401 0.087348
vt 0.773705 0.292241
vt 0.773556 0.281169
vt 0.892556 0.279842
vt 0.892626 0.290869
vt 0.807894 0.038837
vt 0.691159 0.471328
vt 0.408906 0.212738
vt 0.408182 0.212732
vt 0.632894 0.218960
vt 0.644403 0.001929
vt 0.512161 0.498374
vt 0.577351 0.543340
vt 0.149576 0.018560
vt 0.544900 0.556109
vt 0.068047 0.018630
vt 0.529724 0.556313
vt 0.559491 0.491895
vt 0.497153 0.591407
vt 0.770656 0.290250
vt 0.770500 0.355008
vt 0.068064 0.399643
vt 0.067977 0.336735
vt 0.029731 0.338803
vt 0.025065 0.398680
vt 0.731368 0.356239
vt 0.731046 0.294592
vt 0.592262 0.190059
vt 0.592263 0.127383
vt 0.946799 0.665213
vt 0.946800 0.602616
vt 0.980446 0.790289
vt 0.980446 0.852960
vt 0.629877 0.127383
vt 0.629879 0.190059
vt 0.592963 0.566836
vt 0.592963 0.568154
vt 0.592260 0.567944
vt 0.592260 0.566627
vt 0.946616 0.226519
vt 0.946615 0.225203
vt 0.947344 0.225290
vt 0.947345 0.226605
vt 0.980448 0.412437
vt 0.980448 0.413755
vt 0.629881 0.566627
vt 0.629881 0.567944
vt 0.168024 0.797371
vt 0.167349 0.797585
vt 0.544719 0.128053
vt 0.010512 0.398688
vt 0.199463 0.786085
vt 0.960205 0.164257
vt 0.185864 0.026530
vt 0.035008 0.787413
vt 0.929514 0.154101
vt 0.770567 0.419804
vt 0.770656 0.484591
vt 0.068278 0.525460
vt 0.068172 0.462551
vt 0.020397 0.458557
vt 0.015729 0.518435
vt 0.731567 0.479635
vt 0.731479 0.417936
vt 0.405065 0.126812
vt 0.728114 0.452458
vt 0.727409 0.452461
vt 0.961966 0.727892
vt 0.961965 0.790484
vt 0.695610 0.574240
vt 0.695315 0.513433
vt 0.651211 0.454747
vt 0.929517 0.060418
vt 0.877470 0.025762
vt 0.963896 0.030713
vt 0.592263 0.064707
vt 0.592263 0.002030
vt 0.946799 0.790397
vt 0.946799 0.727805
vt 0.980446 0.915631
vt 0.980448 0.978302
vt 0.629878 0.002030
vt 0.629877 0.064707
vt 0.163839 0.531262
vt 0.844377 0.003222
vt 0.843793 0.005168
vt 0.117944 0.079257
vt 0.864302 0.855877
vt 0.896354 0.867484
vt 0.497512 0.454630
vt 0.811564 0.016669
vt 0.541605 0.004781
vt 0.809774 0.805744
vt 0.149413 0.526133
vt 0.100106 0.518796
vt 0.770314 0.800375
vt 0.441968 0.212711
vt 0.847399 0.288662
vt 0.773658 0.038400
vt 0.892626 0.037778
vt 0.807803 0.281215
vt 0.690310 0.228182
vt 0.408829 0.013264
vt 0.408107 0.013041
vt 0.633639 0.410972
vt 0.442437 0.397885
vt 0.847523 0.472505
vt 0.807894 0.292044
vt 0.691159 0.216754
vt 0.072875 0.742469
vt 0.071407 0.539535
vt 0.167201 0.284270
vt 0.169491 0.080984
vt 0.215744 0.079956
vt 0.215720 0.084273
vt 0.214978 0.083986
vt 0.215012 0.079476
vt 0.019069 0.732199
vt 0.018221 0.528347
vt 0.103939 0.527796
vt 0.104206 0.731938
vt 0.103469 0.732119
vt 0.064686 0.730487
vt 0.064655 0.735157
vt 0.244932 0.088514
vt 0.245020 0.093181
vt 0.244323 0.093044
vt 0.166914 0.290899
vt 0.018026 0.521796
vt 0.202801 0.486620
vt 0.589073 0.198422
vt 0.082377 0.331692
vt 0.234910 0.498153
vt 0.234213 0.497955
vt 0.167375 0.469834
vt 0.544923 0.455816
vt 0.035973 0.071999
vt 0.199471 0.458476
vt 0.770651 0.288708
vt 0.067975 0.335474
vt 0.029830 0.337535
vt 0.731048 0.293018
vt 0.758441 0.290953
vt 0.758380 0.355594
vt 0.743240 0.294975
vt 0.743467 0.356705
vt 0.603481 0.193678
vt 0.603480 0.131002
vt 0.618661 0.193678
vt 0.618662 0.131002
vt 0.603483 0.571564
vt 0.603483 0.570247
vt 0.602780 0.571355
vt 0.602780 0.570037
vt 0.618659 0.571564
vt 0.618659 0.570247
vt 0.758460 0.420289
vt 0.758553 0.484971
vt 0.743570 0.418521
vt 0.743655 0.480330
vt 0.603480 0.068326
vt 0.603480 0.005650
vt 0.618662 0.068326
vt 0.618661 0.005650
vt 0.797871 0.805313
vt 0.782227 0.800353
vt 0.758429 0.289738
vt 0.743252 0.293749
vt 0.921358 0.924045
vt 0.920445 0.464810
vt 0.926768 0.459342
vt 0.926768 0.924831
vt 0.921191 0.453981
vt 0.921772 0.010216
vt 0.926495 0.002557
vt 0.926495 0.453137
vt 0.124100 0.854418
vt 0.123724 0.323391
vt 0.140210 0.323900
vt 0.140143 0.854696
vt 0.638864 0.696864
vt 0.652962 0.696646
vt 0.658110 0.702528
vt 0.633930 0.703753
vt 0.737363 0.714564
vt 0.750934 0.715015
vt 0.755577 0.719661
vt 0.732748 0.719945
vt 0.652912 0.481347
vt 0.638874 0.480744
vt 0.633816 0.474701
vt 0.657981 0.474651
vt 0.638218 0.481343
vt 0.638181 0.696279
vt 0.632894 0.702967
vt 0.632903 0.475492
vt 0.751605 0.714431
vt 0.752061 0.494748
vt 0.756511 0.489586
vt 0.756511 0.718880
vt 0.652910 0.695943
vt 0.638917 0.696149
vt 0.638933 0.481455
vt 0.652869 0.482050
vt 0.653625 0.696009
vt 0.653603 0.481968
vt 0.659027 0.475497
vt 0.659027 0.701696
vt 0.905269 0.918103
vt 0.909251 0.463863
vt 0.919647 0.464635
vt 0.920420 0.923043
vt 0.123085 0.855124
vt 0.118039 0.854079
vt 0.117608 0.321974
vt 0.122731 0.322601
vt 0.904738 0.012448
vt 0.904642 0.448642
vt 0.899377 0.447324
vt 0.900246 0.003992
vt 0.141115 0.855356
vt 0.141204 0.323067
vt 0.146242 0.321989
vt 0.146242 0.854759
vt 0.904343 0.918642
vt 0.899027 0.919840
vt 0.902037 0.461691
vt 0.908456 0.464036
vt 0.920937 0.009486
vt 0.905473 0.011593
vt 0.901066 0.002726
vt 0.925605 0.001538
vt 0.751376 0.494126
vt 0.736888 0.494729
vt 0.732710 0.488747
vt 0.755610 0.488743
vt 0.736211 0.495364
vt 0.736691 0.713980
vt 0.731725 0.719123
vt 0.731744 0.489664
vt 0.919680 0.464206
vt 0.909176 0.463410
vt 0.902872 0.460980
vt 0.925695 0.458609
vt 0.750876 0.714409
vt 0.737420 0.713950
vt 0.736947 0.495454
vt 0.751311 0.494855
vt 0.920327 0.453230
vt 0.920785 0.453538
vt 0.920681 0.453910
vt 0.920263 0.453809
vt 0.920799 0.454329
vt 0.124183 0.855025
vt 0.123756 0.855038
vt 0.123609 0.854690
vt 0.905526 0.448270
vt 0.905419 0.448812
vt 0.905120 0.448701
vt 0.905092 0.448371
vt 0.140657 0.854977
vt 0.140617 0.855357
vt 0.140236 0.855341
vt 0.140830 0.855774
vt 0.920879 0.923508
vt 0.920739 0.923749
vt 0.920344 0.923609
vt 0.140737 0.323537
vt 0.140558 0.323210
vt 0.140580 0.322836
vt 0.140092 0.323252
vt 0.905177 0.918653
vt 0.904866 0.918592
vt 0.904813 0.918365
vt 0.123201 0.323038
vt 0.123305 0.322711
vt 0.123674 0.322741
vt 0.123220 0.322399
vt 0.921344 0.010296
vt 0.921261 0.009966
vt 0.921412 0.009765
vt 0.920881 0.010398
vt 0.920895 0.009914
vt 0.905026 0.011923
vt 0.905174 0.012160
vt 0.905109 0.012579
vt 0.905518 0.012003
vt 0.905562 0.012528
vt 0.653363 0.696406
vt 0.653216 0.696254
vt 0.653314 0.695944
vt 0.652906 0.696342
vt 0.653285 0.482042
vt 0.653177 0.481728
vt 0.653321 0.481569
vt 0.652862 0.481648
vt 0.638499 0.696189
vt 0.638601 0.696497
vt 0.638460 0.696661
vt 0.638914 0.696558
vt 0.638477 0.480962
vt 0.638620 0.481119
vt 0.638527 0.481423
vt 0.638928 0.481051
vt 0.751325 0.714790
vt 0.751158 0.714672
vt 0.751276 0.714408
vt 0.750868 0.714749
vt 0.751731 0.494837
vt 0.751636 0.494529
vt 0.751799 0.494357
vt 0.751311 0.494454
vt 0.737017 0.713953
vt 0.737137 0.714219
vt 0.736978 0.714340
vt 0.737422 0.714299
vt 0.736475 0.494968
vt 0.736627 0.495140
vt 0.736533 0.495450
vt 0.736944 0.495054
vt 0.920039 0.464788
vt 0.919874 0.464482
vt 0.920070 0.464386
vt 0.919616 0.464379
vt 0.908807 0.463664
vt 0.909001 0.463694
vt 0.908861 0.463929
vt 0.909274 0.463590
vt 0.658571 0.702116
vt 0.658513 0.475076
vt 0.633408 0.703364
vt 0.633357 0.475093
vt 0.926127 0.001921
vt 0.900606 0.003278
vt 0.926131 0.459070
vt 0.902497 0.461359
vt 0.756037 0.719259
vt 0.756082 0.489135
vt 0.732250 0.719511
vt 0.732213 0.489186
vt 0.234912 0.496912
vt 0.234212 0.496715
vt 0.082378 0.332935
vt 0.589073 0.197181
vt 0.202802 0.485378
vt 0.197158 0.729685
vt 0.214923 0.483556
vt 0.215465 0.297871
vt 0.243879 0.092908
vt 0.169654 0.796786
vt 0.932701 0.089461
vt 0.410970 0.013263
vt 0.411097 0.002408
vt 0.804401 0.001990
vt 0.777537 0.001555
vt 0.958750 0.103737
vt 0.216173 0.080087
vt 0.216176 0.079526
vt 0.075827 0.821184
vt 0.102230 0.813018
vt 0.197114 0.441388
vt 0.169717 0.451259
vt 0.205343 0.817794
vt 0.499628 0.566278
vt 0.500071 0.543508
vt 0.866780 0.882381
vt 0.893858 0.892391
vt 0.547600 0.580165
vt 0.842047 0.510765
vt 0.841903 0.003927
vt 0.842053 0.004387
vt 0.814226 0.015409
vt 0.814107 0.015942
vt 0.726349 0.002838
vt 0.726287 0.003341
vt 0.696010 0.006960
vt 0.695928 0.007426
vt 0.169839 0.911162
vt 0.169733 0.853979
vt 0.232720 0.496177
vt 0.232703 0.497410
vt 0.957610 0.192770
vt 0.957476 0.193177
vt 0.073484 0.533499
vt 0.073553 0.532986
vt 0.102370 0.732489
vt 0.216164 0.084409
vt 0.817068 0.548467
vt 0.410996 0.212737
vt 0.725539 0.452471
vt 0.842053 0.005858
vt 0.439782 0.776685
vt 0.439783 0.778011
vt 0.411108 0.001513
vt 0.196927 0.901430
vt 0.933205 0.001961
vt 0.216129 0.078572
vt 0.212600 0.005050
vt 0.213054 0.005128
vt 0.527221 0.603608
vt 0.725267 0.390542
vt 0.725264 0.391692
vt 0.547205 0.510814
vt 0.547155 0.509860
vt 0.499917 0.543061
vt 0.526437 0.533681
vt 0.438835 0.001536
vt 0.933164 0.001530
vt 0.243793 0.087057
vt 0.410725 0.397934
vt 0.893910 0.431374
vt 0.527226 0.604554
vt 0.102370 0.732489
vt 0.074651 0.741829
vt 0.726283 0.004695
vt 0.695934 0.008766
vt 0.439640 0.398978
vt 0.410726 0.399060
vt 0.728254 0.004455
vt 0.441698 0.398975
vt 0.961269 0.601576
vt 0.947526 0.601585
vt 0.618661 0.194797
vt 0.617934 0.194885
vt 0.619365 0.194587
vt 0.603481 0.194798
vt 0.604209 0.194884
vt 0.629879 0.191178
vt 0.629174 0.191388
vt 0.979719 0.789258
vt 0.980446 0.789171
vt 0.946799 0.601498
vt 0.592262 0.191178
vt 0.408678 0.778041
vt 0.408676 0.776721
vt 0.965271 0.413842
vt 0.965271 0.412524
vt 0.728705 0.003113
vt 0.405050 0.566299
vt 0.405094 0.567615
vt 0.442437 0.399006
vt 0.359349 0.190582
vt 0.358609 0.190571
vt 0.694997 0.390540
vt 0.961958 0.601581
vt 0.389642 0.190573
vt 0.374011 0.190570
vt 0.358609 0.189453
vt 0.893909 0.430107
vt 0.866709 0.420097
vt 0.782210 0.801674
vt 0.782941 0.801875
vt 0.781440 0.801617
vt 0.797876 0.806645
vt 0.797143 0.806416
vt 0.770316 0.802008
vt 0.771048 0.802064
vt 0.099316 0.519882
vt 0.100008 0.520122
vt 0.149413 0.527479
vt 0.150113 0.527696
vt 0.809753 0.807444
vt 0.526621 0.008907
vt 0.511708 0.013609
s 1
usemtl LIGHT_PENDANT_Mat
f 223/1/1 215/2/2 121/3/3 125/4/4
f 227/5/5 233/6/6 235/7/7 229/8/8
f 1252/9/9 311/10/10 314/11/11 1250/12/12
f 214/13/13 1273/14/14 1271/15/15 208/16/16
f 208/17/16 1271/18/15 1269/19/17 202/20/18
f 202/20/18 1269/19/17 1267/21/19 196/22/20
f 196/22/20 1267/21/19 1265/23/21 190/24/22
f 190/24/22 1265/23/21 1263/25/23 184/26/24
f 184/26/24 1263/25/23 1261/27/25 178/28/26
f 178/28/26 1261/27/25 1259/29/27 172/30/28
f 173/31/29 167/32/30 232/33/31 226/34/32
f 167/32/30 161/35/33 238/36/34 232/33/31
f 161/35/33 155/37/35 244/38/36 238/36/34
f 155/37/35 149/39/37 250/40/38 244/38/36
f 149/39/37 143/41/39 256/42/40 250/40/38
f 143/41/39 137/43/41 262/44/42 256/42/40
f 41/45/43 44/46/44 283/47/45 280/48/46
f 62/49/47 65/50/48 304/51/49 301/52/50
f 38/53/51 79/54/52 368/55/53 325/56/54
f 59/57/55 62/49/47 301/52/50 298/58/56
f 80/59/57 37/60/58 278/61/59 319/62/60
f 35/63/61 41/64/43 280/65/46 274/66/62
f 56/67/63 59/57/55 298/58/56 295/68/64
f 77/69/65 80/59/57 319/62/60 316/70/66
f 53/71/67 56/67/63 295/68/64 292/72/68
f 74/73/69 77/69/65 316/70/66 313/74/70
f 50/75/71 53/71/67 292/72/68 289/76/72
f 71/77/73 74/73/69 313/74/70 310/78/74
f 47/79/75 50/75/71 289/76/72 286/80/76
f 68/81/77 71/77/73 310/78/74 307/82/78
f 44/46/44 47/79/75 286/80/76 283/47/45
f 65/50/48 68/81/77 307/82/78 304/51/49
f 1/83/79 220/84/80 218/85/81 2/86/14
f 2/86/14 218/85/81 212/87/82 3/88/15
f 3/89/15 212/90/82 206/91/83 4/92/17
f 4/92/17 206/91/83 200/93/84 5/94/19
f 5/94/19 200/93/84 194/95/85 6/96/21
f 6/96/21 194/95/85 188/97/86 7/98/23
f 7/98/23 188/97/86 182/99/87 8/100/25
f 8/100/25 182/99/87 176/101/88 9/102/27
f 169/103/89 175/104/90 230/105/91 236/106/92
f 163/107/93 169/103/89 236/106/92 242/108/94
f 157/109/95 163/107/93 242/108/94 248/110/96
f 151/111/97 157/109/95 248/110/96 254/112/98
f 145/113/99 151/111/97 254/112/98 260/114/100
f 139/115/101 145/113/99 260/114/100 266/116/102
f 224/117/103 1248/118/79 1273/14/14 214/13/13
f 133/119/104 139/115/101 266/116/102 271/120/105
f 122/121/106 116/122/107 112/123/108 118/124/109
f 137/43/41 131/125/110 268/126/111 262/44/42
f 11/127/112 164/128/113 158/129/114 12/130/115
f 215/2/2 209/131/116 115/132/117 121/3/3
f 221/133/118 133/119/104 271/120/105 128/134/119
f 179/135/120 173/31/29 226/34/32 85/136/121
f 16/137/122 134/138/123 220/84/80 1/83/79
f 191/139/124 185/140/125 91/141/126 97/142/127
f 160/143/128 1256/144/112 1253/145/115 154/146/129
f 217/147/130 221/133/118 128/134/119 119/148/131
f 10/149/132 170/150/133 164/128/113 11/127/112
f 124/151/134 122/121/106 118/124/109 127/152/135
f 142/153/136 1249/154/12 1244/155/137 136/156/138
f 104/157/139 98/158/140 94/159/141 100/160/142
f 14/161/12 146/162/143 140/163/144 15/164/137
f 197/165/145 191/139/124 97/142/127 103/166/146
f 15/164/137 140/163/144 134/138/123 16/137/122
f 211/167/147 217/147/130 119/148/131 113/168/148
f 209/169/116 203/170/149 109/171/150 115/172/117
f 203/170/149 197/165/145 103/166/146 109/171/150
f 193/173/151 199/174/152 101/175/153 95/176/154
f 187/177/155 193/173/151 95/176/154 89/178/156
f 175/104/90 181/179/157 83/180/158 230/105/91
f 185/140/125 179/135/120 85/136/121 91/141/126
f 233/6/6 239/181/159 241/182/160 235/7/7
f 239/181/159 245/183/161 247/184/162 241/182/160
f 245/183/161 251/185/163 253/186/164 247/184/162
f 251/185/163 257/187/165 259/188/166 253/186/164
f 257/187/165 263/189/167 265/190/168 259/188/166
f 263/189/167 269/191/169 272/192/170 265/190/168
f 18/193/171 20/194/172 328/195/173 322/196/174
f 131/125/110 223/1/1 125/4/4 268/126/111
f 154/146/129 1253/145/115 1251/197/9 148/198/175
f 92/199/176 86/200/177 82/201/178 88/202/179
f 98/158/140 92/199/176 88/202/179 94/159/141
f 116/203/107 110/204/180 106/205/181 112/206/108
f 12/130/115 158/129/114 152/207/182 13/208/9
f 205/209/183 211/210/147 113/211/148 107/212/184
f 148/198/175 1251/197/9 1249/154/12 142/153/136
f 86/200/177 227/5/5 229/8/8 82/201/178
f 172/30/28 1259/29/27 1257/213/132 166/214/185
f 110/204/180 104/157/139 100/160/142 106/205/181
f 13/208/9 152/207/182 146/162/143 14/161/12
f 199/174/152 205/209/183 107/212/184 101/175/153
f 136/156/138 1244/155/137 1246/215/122 130/216/186
f 9/102/27 176/101/88 170/150/133 10/149/132
f 269/191/169 124/151/134 127/152/135 272/192/170
f 166/214/185 1257/213/132 1256/144/112 160/143/128
f 40/217/187 34/218/188 323/219/189 329/220/190
f 37/60/58 35/63/61 274/66/62 278/61/59
f 46/221/191 43/222/192 332/223/193 335/224/194
f 49/225/195 46/221/191 335/224/194 338/226/196
f 52/227/197 49/225/195 338/226/196 341/228/198
f 55/229/199 52/227/197 341/228/198 344/230/200
f 58/231/201 55/229/199 344/230/200 347/232/202
f 61/233/203 58/231/201 347/232/202 350/234/204
f 64/235/205 61/233/203 350/234/204 353/236/206
f 67/237/207 64/235/205 353/236/206 356/238/208
f 70/239/209 67/237/207 356/238/208 359/240/210
f 73/241/211 70/239/209 359/240/210 362/242/212
f 76/243/213 73/241/211 362/242/212 365/244/214
f 79/54/52 76/243/213 365/244/214 368/55/53
f 181/179/157 187/177/155 89/178/156 83/180/158
f 43/222/192 40/217/187 329/220/190 332/223/193
f 33/245/172 19/246/172 326/247/215 367/248/216
f 19/246/172 18/193/171 322/196/174 326/247/215
f 21/249/217 22/250/172 334/251/218 331/252/219
f 22/250/172 23/253/172 337/254/220 334/251/218
f 23/253/172 24/255/172 340/256/221 337/254/220
f 24/255/172 25/257/172 343/258/222 340/256/221
f 25/257/172 26/259/172 346/260/223 343/258/222
f 26/259/172 27/261/172 349/262/224 346/260/223
f 27/261/172 28/263/172 352/264/225 349/262/224
f 28/263/172 29/265/172 355/266/226 352/264/225
f 29/265/172 30/267/172 358/268/227 355/266/226
f 30/267/172 31/269/171 361/270/228 358/268/227
f 31/269/171 32/271/171 364/272/229 361/270/228
f 32/271/171 33/245/172 367/248/216 364/272/229
f 20/194/172 21/249/217 331/252/219 328/195/173
f 17/273/172 18/193/171 19/246/172
f 17/273/172 20/194/172 18/193/171
f 17/273/172 21/249/217 20/194/172
f 17/273/172 22/250/172 21/249/217
f 17/273/172 23/253/172 22/250/172
f 17/273/172 24/255/172 23/253/172
f 17/273/172 25/257/172 24/255/172
f 17/273/172 26/259/172 25/257/172
f 17/273/172 27/261/172 26/259/172
f 17/273/172 28/263/172 27/261/172
f 17/273/172 29/265/172 28/263/172
f 17/273/172 30/267/172 29/265/172
f 17/273/172 31/269/171 30/267/172
f 17/273/172 32/271/171 31/269/171
f 17/273/172 33/245/172 32/271/171
f 17/273/172 19/246/172 33/245/172
f 275/274/230 277/275/231 279/276/232 276/277/233
f 276/277/233 279/276/232 278/61/59 274/66/62
f 125/4/4 121/3/3 123/278/234 126/279/235
f 126/279/235 123/278/234 122/121/106 124/151/134
f 121/3/3 115/132/117 117/280/236 123/278/234
f 123/278/234 117/280/236 116/122/107 122/121/106
f 281/281/237 275/274/230 276/277/233 282/282/238
f 282/282/238 276/277/233 274/66/62 280/65/46
f 115/172/117 109/171/150 111/283/239 117/284/236
f 117/284/236 111/283/239 110/204/180 116/203/107
f 284/285/240 281/286/237 282/287/238 285/288/241
f 285/288/241 282/287/238 280/48/46 283/47/45
f 109/171/150 103/166/146 105/289/242 111/283/239
f 111/283/239 105/289/242 104/157/139 110/204/180
f 287/290/243 284/285/240 285/288/241 288/291/244
f 288/291/244 285/288/241 283/47/45 286/80/76
f 103/166/146 97/142/127 99/292/245 105/289/242
f 105/289/242 99/292/245 98/158/140 104/157/139
f 290/293/246 287/290/243 288/291/244 291/294/247
f 291/294/247 288/291/244 286/80/76 289/76/72
f 97/142/127 91/141/126 93/295/248 99/292/245
f 99/292/245 93/295/248 92/199/176 98/158/140
f 293/296/249 290/293/246 291/294/247 294/297/250
f 294/297/250 291/294/247 289/76/72 292/72/68
f 91/141/126 85/136/121 87/298/251 93/295/248
f 93/295/248 87/298/251 86/200/177 92/199/176
f 296/299/252 293/296/249 294/297/250 297/300/253
f 297/300/253 294/297/250 292/72/68 295/68/64
f 85/136/121 226/34/32 228/301/254 87/298/251
f 87/298/251 228/301/254 227/5/5 86/200/177
f 299/302/255 296/299/252 297/300/253 300/303/256
f 300/303/256 297/300/253 295/68/64 298/58/56
f 226/34/32 232/33/31 234/304/257 228/301/254
f 228/301/254 234/304/257 233/6/6 227/5/5
f 302/305/258 299/302/255 300/303/256 303/306/259
f 303/306/259 300/303/256 298/58/56 301/52/50
f 232/33/31 238/36/34 240/307/260 234/304/257
f 234/304/257 240/307/260 239/181/159 233/6/6
f 305/308/261 302/305/258 303/306/259 306/309/262
f 306/309/262 303/306/259 301/52/50 304/51/49
f 238/36/34 244/38/36 246/310/263 240/307/260
f 240/307/260 246/310/263 245/183/161 239/181/159
f 308/311/264 305/308/261 306/309/262 309/312/265
f 309/312/265 306/309/262 304/51/49 307/82/78
f 244/38/36 250/40/38 252/313/266 246/310/263
f 246/310/263 252/313/266 251/185/163 245/183/161
f 311/10/10 308/311/264 309/312/265 312/314/267
f 312/314/267 309/312/265 307/82/78 310/78/74
f 250/40/38 256/42/40 258/315/268 252/313/266
f 252/313/266 258/315/268 257/187/165 251/185/163
f 314/11/11 311/10/10 312/314/267 315/316/269
f 315/316/269 312/314/267 310/78/74 313/74/70
f 256/42/40 262/44/42 264/317/270 258/315/268
f 258/315/268 264/317/270 263/189/167 257/187/165
f 317/318/271 314/11/11 315/316/269 318/319/272
f 318/319/272 315/316/269 313/74/70 316/70/66
f 262/44/42 268/126/111 270/320/273 264/317/270
f 264/317/270 270/320/273 269/191/169 263/189/167
f 320/321/274 317/318/271 318/319/272 321/322/275
f 321/322/275 318/319/272 316/70/66 319/62/60
f 128/134/119 271/120/105 273/323/276 129/324/277
f 129/324/277 273/323/276 272/192/170 127/152/135
f 277/275/231 320/321/274 321/322/275 279/276/232
f 279/276/232 321/322/275 319/62/60 278/61/59
f 119/148/131 128/134/119 129/324/277 120/325/278
f 120/325/278 129/324/277 127/152/135 118/124/109
f 113/168/148 119/148/131 120/325/278 114/326/279
f 114/326/279 120/325/278 118/124/109 112/123/108
f 107/212/184 113/211/148 114/327/279 108/328/280
f 108/328/280 114/327/279 112/206/108 106/205/181
f 101/175/153 107/212/184 108/328/280 102/329/281
f 102/329/281 108/328/280 106/205/181 100/160/142
f 95/176/154 101/175/153 102/329/281 96/330/282
f 96/330/282 102/329/281 100/160/142 94/159/141
f 89/178/156 95/176/154 96/330/282 90/331/283
f 90/331/283 96/330/282 94/159/141 88/202/179
f 83/180/158 89/178/156 90/331/283 84/332/284
f 84/332/284 90/331/283 88/202/179 82/201/178
f 230/105/91 83/180/158 84/332/284 231/333/285
f 231/333/285 84/332/284 82/201/178 229/8/8
f 236/106/92 230/105/91 231/333/285 237/334/286
f 237/334/286 231/333/285 229/8/8 235/7/7
f 242/108/94 236/106/92 237/334/286 243/335/287
f 243/335/287 237/334/286 235/7/7 241/182/160
f 248/110/96 242/108/94 243/335/287 249/336/288
f 249/336/288 243/335/287 241/182/160 247/184/162
f 254/112/98 248/110/96 249/336/288 255/337/289
f 255/337/289 249/336/288 247/184/162 253/186/164
f 260/114/100 254/112/98 255/337/289 261/338/290
f 261/338/290 255/337/289 253/186/164 259/188/166
f 266/116/102 260/114/100 261/338/290 267/339/291
f 267/339/291 261/338/290 259/188/166 265/190/168
f 268/126/111 125/4/4 126/279/235 270/320/273
f 270/320/273 126/279/235 124/151/134 269/191/169
f 271/120/105 266/116/102 267/339/291 273/323/276
f 273/323/276 267/339/291 265/190/168 272/192/170
f 224/117/103 214/13/13 216/340/292 225/341/293
f 225/341/293 216/340/292 215/2/2 223/1/1
f 218/85/81 220/84/80 222/342/294 219/343/295
f 219/343/295 222/342/294 221/133/118 217/147/130
f 214/13/13 208/16/16 210/344/296 216/340/292
f 216/340/292 210/344/296 209/131/116 215/2/2
f 212/87/82 218/85/81 219/343/295 213/345/297
f 213/345/297 219/343/295 217/147/130 211/167/147
f 208/17/16 202/20/18 204/346/298 210/347/296
f 210/347/296 204/346/298 203/170/149 209/169/116
f 206/91/83 212/90/82 213/348/297 207/349/299
f 207/349/299 213/348/297 211/210/147 205/209/183
f 202/20/18 196/22/20 198/350/300 204/346/298
f 204/346/298 198/350/300 197/165/145 203/170/149
f 200/93/84 206/91/83 207/349/299 201/351/301
f 201/351/301 207/349/299 205/209/183 199/174/152
f 196/22/20 190/24/22 192/352/302 198/350/300
f 198/350/300 192/352/302 191/139/124 197/165/145
f 194/95/85 200/93/84 201/351/301 195/353/303
f 195/353/303 201/351/301 199/174/152 193/173/151
f 190/24/22 184/26/24 186/354/304 192/352/302
f 192/352/302 186/354/304 185/140/125 191/139/124
f 188/97/86 194/95/85 195/353/303 189/355/305
f 189/355/305 195/353/303 193/173/151 187/177/155
f 184/26/24 178/28/26 180/356/306 186/354/304
f 186/354/304 180/356/306 179/135/120 185/140/125
f 182/99/87 188/97/86 189/355/305 183/357/307
f 183/357/307 189/355/305 187/177/155 181/179/157
f 178/28/26 172/30/28 174/358/308 180/356/306
f 180/356/306 174/358/308 173/31/29 179/135/120
f 176/101/88 182/99/87 183/357/307 177/359/309
f 177/359/309 183/357/307 181/179/157 175/104/90
f 172/30/28 166/214/185 168/360/310 174/358/308
f 174/358/308 168/360/310 167/32/30 173/31/29
f 170/150/133 176/101/88 177/359/309 171/361/311
f 171/361/311 177/359/309 175/104/90 169/103/89
f 166/214/185 160/143/128 162/362/312 168/360/310
f 168/360/310 162/362/312 161/35/33 167/32/30
f 164/128/113 170/150/133 171/361/311 165/363/313
f 165/363/313 171/361/311 169/103/89 163/107/93
f 160/143/128 154/146/129 156/364/314 162/362/312
f 162/362/312 156/364/314 155/37/35 161/35/33
f 158/129/114 164/128/113 165/363/313 159/365/315
f 159/365/315 165/363/313 163/107/93 157/109/95
f 154/146/129 148/198/175 150/366/316 156/364/314
f 156/364/314 150/366/316 149/39/37 155/37/35
f 152/207/182 158/129/114 159/365/315 153/367/317
f 153/367/317 159/365/315 157/109/95 151/111/97
f 148/198/175 142/153/136 144/368/318 150/366/316
f 150/366/316 144/368/318 143/41/39 149/39/37
f 146/162/143 152/207/182 153/367/317 147/369/319
f 147/369/319 153/367/317 151/111/97 145/113/99
f 142/153/136 136/156/138 138/370/320 144/368/318
f 144/368/318 138/370/320 137/43/41 143/41/39
f 140/163/144 146/162/143 147/369/319 141/371/321
f 141/371/321 147/369/319 145/113/99 139/115/101
f 136/156/138 130/216/186 132/372/322 138/370/320
f 138/370/320 132/372/322 131/125/110 137/43/41
f 134/138/123 140/163/144 141/371/321 135/373/323
f 135/373/323 141/371/321 139/115/101 133/119/104
f 130/216/186 224/117/103 225/341/293 132/372/322
f 132/372/322 225/341/293 223/1/1 131/125/110
f 220/84/80 134/138/123 135/373/323 222/342/294
f 222/342/294 135/373/323 133/119/104 221/133/118
f 35/63/61 37/60/58 39/374/324 36/375/325
f 36/376/325 39/377/324 38/53/51 34/218/188
f 41/64/43 35/63/61 36/375/325 42/378/326
f 42/379/326 36/376/325 34/218/188 40/217/187
f 44/46/44 41/45/43 42/380/326 45/381/327
f 45/382/327 42/379/326 40/217/187 43/222/192
f 47/79/75 44/46/44 45/381/327 48/383/328
f 48/384/328 45/382/327 43/222/192 46/221/191
f 50/75/71 47/79/75 48/383/328 51/385/329
f 51/386/329 48/384/328 46/221/191 49/225/195
f 53/71/67 50/75/71 51/385/329 54/387/330
f 54/388/330 51/386/329 49/225/195 52/227/197
f 56/67/63 53/71/67 54/387/330 57/389/331
f 57/390/331 54/388/330 52/227/197 55/229/199
f 59/57/55 56/67/63 57/389/331 60/391/332
f 60/392/332 57/390/331 55/229/199 58/231/201
f 62/49/47 59/57/55 60/391/332 63/393/333
f 63/394/333 60/392/332 58/231/201 61/233/203
f 65/50/48 62/49/47 63/393/333 66/395/334
f 66/396/334 63/394/333 61/233/203 64/235/205
f 68/81/77 65/50/48 66/395/334 69/397/335
f 69/398/335 66/396/334 64/235/205 67/237/207
f 71/77/73 68/81/77 69/397/335 72/399/336
f 72/400/336 69/398/335 67/237/207 70/239/209
f 74/73/69 71/77/73 72/399/336 75/401/337
f 75/402/337 72/400/336 70/239/209 73/241/211
f 77/69/65 74/73/69 75/401/337 78/403/338
f 78/404/338 75/402/337 73/241/211 76/243/213
f 80/59/57 77/69/65 78/403/338 81/405/339
f 81/406/339 78/404/338 76/243/213 79/54/52
f 37/60/58 80/59/57 81/405/339 39/374/324
f 39/377/324 81/406/339 79/54/52 38/53/51
f 323/219/189 325/56/54 327/407/340 324/408/341
f 324/408/341 327/407/340 326/247/215 322/196/174
f 329/220/190 323/219/189 324/408/341 330/409/342
f 330/409/342 324/408/341 322/196/174 328/195/173
f 332/223/193 329/220/190 330/409/342 333/410/343
f 333/410/343 330/409/342 328/195/173 331/252/219
f 335/224/194 332/223/193 333/410/343 336/411/344
f 336/411/344 333/410/343 331/252/219 334/251/218
f 338/226/196 335/224/194 336/411/344 339/412/345
f 339/412/345 336/411/344 334/251/218 337/254/220
f 341/228/198 338/226/196 339/412/345 342/413/346
f 342/413/346 339/412/345 337/254/220 340/256/221
f 344/230/200 341/228/198 342/413/346 345/414/347
f 345/414/347 342/413/346 340/256/221 343/258/222
f 347/232/202 344/230/200 345/414/347 348/415/348
f 348/415/348 345/414/347 343/258/222 346/260/223
f 350/234/204 347/232/202 348/415/348 351/416/349
f 351/416/349 348/415/348 346/260/223 349/262/224
f 353/236/206 350/234/204 351/416/349 354/417/350
f 354/417/350 351/416/349 349/262/224 352/264/225
f 356/238/208 353/236/206 354/417/350 357/418/351
f 357/418/351 354/417/350 352/264/225 355/266/226
f 359/240/210 356/238/208 357/418/351 360/419/352
f 360/419/352 357/418/351 355/266/226 358/268/227
f 362/242/212 359/240/210 360/419/352 363/420/353
f 363/420/353 360/419/352 358/268/227 361/270/228
f 365/244/214 362/242/212 363/420/353 366/421/354
f 366/421/354 363/420/353 361/270/228 364/272/229
f 368/55/53 365/244/214 366/421/354 369/422/355
f 369/422/355 366/421/354 364/272/229 367/248/216
f 325/56/54 368/55/53 369/422/355 327/407/340
f 327/407/340 369/422/355 367/248/216 326/247/215
f 34/218/188 38/53/51 325/56/54 323/219/189
f 370/423/27 371/424/27 373/425/23 372/426/23
f 372/426/23 373/425/23 375/427/19 374/428/19
f 374/428/19 375/427/19 377/429/15 376/430/15
f 376/430/15 377/429/15 379/431/79 378/432/79
f 378/432/79 379/431/79 381/433/137 380/434/137
f 380/434/137 381/433/137 383/435/9 382/436/9
f 382/436/9 383/435/9 385/437/112 384/438/112
f 384/438/112 385/437/112 371/439/27 370/440/27
f 608/441/356 600/442/357 506/443/358 510/444/359
f 612/445/360 618/446/361 620/447/362 614/448/363
f 599/449/364 1276/450/25 1277/451/23 593/452/365
f 1301/453/27 662/454/366 660/455/367 1275/456/25
f 1279/457/21 669/458/368 672/459/369 1281/460/19
f 587/461/370 1280/462/21 1282/463/19 581/464/371
f 581/464/371 1282/463/19 1283/465/17 575/466/372
f 1285/467/15 678/468/373 681/469/374 1287/470/14
f 569/471/375 1286/472/15 1288/473/14 563/474/376
f 563/474/376 1288/473/14 1290/475/79 557/476/377
f 558/477/378 552/478/379 617/479/380 611/480/381
f 552/478/379 546/481/382 623/482/383 617/479/380
f 546/481/382 540/483/384 629/484/385 623/482/383
f 540/483/384 534/485/386 635/486/387 629/484/385
f 534/485/386 528/487/388 641/488/389 635/486/387
f 528/489/388 522/490/390 647/491/391 641/492/389
f 426/493/392 429/494/393 668/495/394 665/496/395
f 447/497/396 450/498/397 689/499/398 686/500/399
f 423/501/400 464/502/401 753/503/402 710/504/403
f 444/505/404 447/497/396 686/500/399 683/506/405
f 465/507/406 422/508/407 663/509/408 704/510/409
f 420/511/410 426/493/392 665/496/395 659/512/411
f 441/513/412 444/505/404 683/506/405 680/514/413
f 462/515/414 465/507/406 704/510/409 701/516/415
f 438/517/416 441/513/412 680/514/413 677/518/417
f 459/519/418 462/515/414 701/516/415 698/520/419
f 435/521/420 438/517/416 677/518/417 674/522/421
f 456/523/422 459/524/418 698/525/419 695/526/423
f 432/527/424 435/521/420 674/522/421 671/528/425
f 453/529/426 456/523/422 695/526/423 692/530/427
f 429/494/393 432/527/424 671/528/425 668/495/394
f 450/498/397 453/529/426 692/530/427 689/499/398
f 386/531/27 605/532/428 603/533/429 387/534/25
f 387/534/25 603/533/429 597/535/430 388/536/23
f 388/536/23 597/535/430 591/537/431 389/538/21
f 389/538/21 591/537/431 585/539/432 390/540/19
f 390/540/19 585/539/432 579/541/433 391/542/17
f 391/542/17 579/541/433 573/543/434 392/544/15
f 392/544/15 573/543/434 567/545/435 393/546/14
f 393/546/14 567/545/435 561/547/436 394/548/79
f 554/549/437 560/550/438 615/551/439 621/552/440
f 548/553/441 554/549/437 621/552/440 627/554/442
f 542/555/443 548/553/441 627/554/442 633/556/444
f 536/557/445 542/555/443 633/556/444 639/558/446
f 530/559/447 536/557/445 639/558/446 645/560/448
f 524/561/449 530/562/447 645/563/448 651/564/450
f 521/565/451 1306/566/112 1303/567/132 515/568/452
f 518/569/453 524/561/449 651/564/450 656/570/454
f 507/571/455 501/572/456 497/573/457 503/574/458
f 522/490/390 516/575/459 653/576/460 647/491/391
f 396/577/137 549/578/461 543/579/462 397/580/12
f 600/442/357 594/581/463 500/582/464 506/443/358
f 606/583/465 518/569/453 656/570/454 513/584/466
f 564/585/467 558/477/378 611/480/381 470/586/468
f 401/587/132 519/588/469 605/532/428 386/531/27
f 576/589/470 570/590/471 476/591/472 482/592/473
f 545/593/474 1293/594/137 1295/595/12 539/596/475
f 602/597/476 606/583/465 513/584/466 504/598/477
f 395/599/122 555/600/478 549/578/461 396/577/137
f 509/601/479 507/571/455 503/574/458 512/602/480
f 489/603/481 483/604/482 479/605/483 485/606/484
f 399/607/115 531/608/485 525/609/486 400/610/112
f 582/611/487 576/589/470 482/592/473 488/612/488
f 400/610/112 525/609/486 519/588/469 401/587/132
f 596/613/489 602/597/476 504/598/477 498/614/490
f 594/581/463 588/615/491 494/616/492 500/582/464
f 588/615/491 582/611/487 488/612/488 494/616/492
f 578/617/493 584/618/494 486/619/495 480/620/496
f 572/621/497 578/617/493 480/620/496 474/622/498
f 560/550/438 566/623/499 468/624/500 615/551/439
f 570/590/471 564/585/467 470/586/468 476/591/472
f 618/446/361 624/625/501 626/626/502 620/447/362
f 624/625/501 630/627/503 632/628/504 626/626/502
f 630/627/503 636/629/164 638/630/505 632/628/504
f 636/629/164 642/631/506 644/632/507 638/630/505
f 642/633/506 648/634/508 650/635/509 644/636/507
f 648/634/508 654/637/510 657/638/511 650/635/509
f 403/639/512 405/640/513 713/641/514 707/642/515
f 516/575/459 608/441/356 510/444/359 653/576/460
f 1297/643/9 696/644/516 699/645/517 1300/646/115
f 477/647/518 471/648/519 467/649/520 473/650/521
f 483/604/482 477/647/518 473/650/521 479/605/483
f 501/572/456 495/651/522 491/652/523 497/573/457
f 397/580/12 543/579/462 537/653/524 398/654/9
f 590/655/525 596/613/489 498/614/490 492/656/526
f 533/657/527 1298/658/9 1299/659/115 527/660/528
f 471/648/519 612/445/360 614/448/363 467/649/520
f 1292/661/122 687/662/529 690/663/530 1294/664/137
f 495/651/522 489/603/481 485/606/484 491/652/523
f 398/654/9 537/653/524 531/665/485 399/666/115
f 584/618/494 590/655/525 492/656/526 486/619/495
f 515/568/452 1303/567/132 1302/667/27 609/668/531
f 394/548/79 561/547/436 555/600/478 395/599/122
f 654/637/510 509/601/479 512/602/480 657/638/511
f 551/669/532 1291/670/122 1293/594/137 545/593/474
f 425/671/533 419/672/534 708/673/535 714/674/536
f 422/508/407 420/511/410 659/512/411 663/509/408
f 431/675/537 428/676/538 717/677/539 720/678/540
f 434/679/541 431/675/537 720/678/540 723/680/542
f 437/681/543 434/679/541 723/680/542 726/682/544
f 440/683/545 437/681/543 726/682/544 729/684/546
f 443/685/547 440/683/545 729/684/546 732/686/548
f 446/687/549 443/685/547 732/686/548 735/688/550
f 449/689/551 446/687/549 735/688/550 738/690/552
f 452/691/553 449/689/551 738/690/552 741/692/554
f 455/693/555 452/691/553 741/692/554 744/694/556
f 458/695/557 455/693/555 744/694/556 747/696/558
f 461/697/559 458/695/557 747/696/558 750/698/560
f 464/502/401 461/697/559 750/698/560 753/503/402
f 566/623/499 572/621/497 474/622/498 468/624/500
f 428/676/538 425/671/533 714/674/536 717/677/539
f 418/699/561 404/700/512 711/701/562 752/702/563
f 404/700/512 403/639/512 707/642/515 711/701/562
f 406/703/512 407/704/564 719/705/565 716/706/566
f 407/704/564 408/707/561 722/708/567 719/705/565
f 408/707/561 409/709/513 725/710/568 722/708/567
f 409/709/513 410/711/513 728/712/569 725/710/568
f 410/711/513 411/713/512 731/714/570 728/712/569
f 411/713/512 412/715/512 734/716/571 731/714/570
f 412/715/512 413/717/561 737/718/572 734/716/571
f 413/717/561 414/719/512 740/720/573 737/718/572
f 414/719/512 415/721/574 743/722/575 740/720/573
f 415/721/574 416/723/513 746/724/576 743/722/575
f 416/723/513 417/725/561 749/726/577 746/724/576
f 417/725/561 418/699/561 752/702/563 749/726/577
f 405/640/513 406/703/512 716/706/566 713/641/514
f 402/727/512 403/639/512 404/700/512
f 402/727/512 405/640/513 403/639/512
f 402/727/512 406/703/512 405/640/513
f 402/727/512 407/704/564 406/703/512
f 402/727/512 408/707/561 407/704/564
f 402/727/512 409/709/513 408/707/561
f 402/727/512 410/711/513 409/709/513
f 402/727/512 411/713/512 410/711/513
f 402/727/512 412/715/512 411/713/512
f 402/727/512 413/717/561 412/715/512
f 402/727/512 414/719/512 413/717/561
f 402/727/512 415/721/574 414/719/512
f 402/727/512 416/723/513 415/721/574
f 402/727/512 417/725/561 416/723/513
f 402/727/512 418/699/561 417/725/561
f 402/727/512 404/700/512 418/699/561
f 660/455/367 662/454/366 664/728/578 661/729/579
f 661/729/579 664/728/578 663/509/408 659/512/411
f 510/444/359 506/443/358 508/730/580 511/731/581
f 511/731/581 508/730/580 507/571/455 509/601/479
f 506/443/358 500/582/464 502/732/582 508/730/580
f 508/730/580 502/732/582 501/572/456 507/571/455
f 666/733/583 660/455/367 661/729/579 667/734/584
f 667/734/584 661/729/579 659/512/411 665/496/395
f 500/582/464 494/616/492 496/735/585 502/732/582
f 502/732/582 496/735/585 495/651/522 501/572/456
f 669/458/368 666/733/583 667/734/584 670/736/586
f 670/736/586 667/734/584 665/496/395 668/495/394
f 494/616/492 488/612/488 490/737/587 496/735/585
f 496/735/585 490/737/587 489/603/481 495/651/522
f 672/459/369 669/458/368 670/736/586 673/738/588
f 673/738/588 670/736/586 668/495/394 671/528/425
f 488/612/488 482/592/473 484/739/589 490/737/587
f 490/737/587 484/739/589 483/604/482 489/603/481
f 675/740/590 672/459/369 673/738/588 676/741/591
f 676/741/591 673/738/588 671/528/425 674/522/421
f 482/592/473 476/591/472 478/742/592 484/739/589
f 484/739/589 478/742/592 477/647/518 483/604/482
f 678/468/373 675/740/590 676/741/591 679/743/593
f 679/743/593 676/741/591 674/522/421 677/518/417
f 476/591/472 470/586/468 472/744/594 478/742/592
f 478/742/592 472/744/594 471/648/519 477/647/518
f 681/469/374 678/468/373 679/743/593 682/745/595
f 682/745/595 679/743/593 677/518/417 680/514/413
f 470/586/468 611/480/381 613/746/596 472/744/594
f 472/744/594 613/746/596 612/445/360 471/648/519
f 684/747/597 681/469/374 682/745/595 685/748/598
f 685/748/598 682/745/595 680/514/413 683/506/405
f 611/480/381 617/479/380 619/749/599 613/746/596
f 613/746/596 619/749/599 618/446/361 612/445/360
f 687/662/529 684/747/597 685/748/598 688/750/600
f 688/750/600 685/748/598 683/506/405 686/500/399
f 617/479/380 623/482/383 625/751/601 619/749/599
f 619/749/599 625/751/601 624/625/501 618/446/361
f 690/663/530 687/662/529 688/750/600 691/752/602
f 691/752/602 688/750/600 686/500/399 689/499/398
f 623/482/383 629/484/385 631/753/603 625/751/601
f 625/751/601 631/753/603 630/627/503 624/625/501
f 693/754/604 690/663/530 691/752/602 694/755/605
f 694/755/605 691/752/602 689/499/398 692/530/427
f 629/484/385 635/486/387 637/756/606 631/753/603
f 631/753/603 637/756/606 636/629/164 630/627/503
f 696/644/516 693/754/604 694/755/605 697/757/607
f 697/757/607 694/755/605 692/530/427 695/526/423
f 635/486/387 641/488/389 643/758/608 637/756/606
f 637/756/606 643/758/608 642/631/506 636/629/164
f 699/645/517 696/644/516 697/757/607 700/759/609
f 700/759/609 697/757/607 695/526/423 698/525/419
f 641/492/389 647/491/391 649/760/610 643/761/608
f 643/761/608 649/760/610 648/634/508 642/633/506
f 702/762/611 699/763/517 700/764/609 703/765/612
f 703/765/612 700/764/609 698/520/419 701/516/415
f 647/491/391 653/576/460 655/766/613 649/760/610
f 649/760/610 655/766/613 654/637/510 648/634/508
f 705/767/614 702/762/611 703/765/612 706/768/615
f 706/768/615 703/765/612 701/516/415 704/510/409
f 513/584/466 656/570/454 658/769/616 514/770/617
f 514/770/617 658/769/616 657/638/511 512/602/480
f 662/454/366 705/767/614 706/768/615 664/728/578
f 664/728/578 706/768/615 704/510/409 663/509/408
f 504/598/477 513/584/466 514/770/617 505/771/618
f 505/771/618 514/770/617 512/602/480 503/574/458
f 498/614/490 504/598/477 505/771/618 499/772/619
f 499/772/619 505/771/618 503/574/458 497/573/457
f 492/656/526 498/614/490 499/772/619 493/773/620
f 493/773/620 499/772/619 497/573/457 491/652/523
f 486/619/495 492/656/526 493/773/620 487/774/621
f 487/774/621 493/773/620 491/652/523 485/606/484
f 480/620/496 486/619/495 487/774/621 481/775/622
f 481/775/622 487/774/621 485/606/484 479/605/483
f 474/622/498 480/620/496 481/775/622 475/776/623
f 475/776/623 481/775/622 479/605/483 473/650/521
f 468/624/500 474/622/498 475/776/623 469/777/624
f 469/777/624 475/776/623 473/650/521 467/649/520
f 615/551/439 468/624/500 469/777/624 616/778/625
f 616/778/625 469/777/624 467/649/520 614/448/363
f 621/552/440 615/551/439 616/778/625 622/779/626
f 622/779/626 616/778/625 614/448/363 620/447/362
f 627/554/442 621/552/440 622/779/626 628/780/627
f 628/780/627 622/779/626 620/447/362 626/626/502
f 633/556/444 627/554/442 628/780/627 634/781/628
f 634/781/628 628/780/627 626/626/502 632/628/504
f 639/558/446 633/556/444 634/781/628 640/782/629
f 640/782/629 634/781/628 632/628/504 638/630/505
f 645/560/448 639/558/446 640/782/629 646/783/630
f 646/783/630 640/782/629 638/630/505 644/632/507
f 651/564/450 645/563/448 646/784/630 652/785/631
f 652/785/631 646/784/630 644/636/507 650/635/509
f 653/576/460 510/444/359 511/731/581 655/766/613
f 655/766/613 511/731/581 509/601/479 654/637/510
f 656/570/454 651/564/450 652/785/631 658/769/616
f 658/769/616 652/785/631 650/635/509 657/638/511
f 609/668/531 599/449/364 601/786/632 610/787/633
f 610/787/633 601/786/632 600/442/357 608/441/356
f 603/533/429 605/532/428 607/788/634 604/789/635
f 604/789/635 607/788/634 606/583/465 602/597/476
f 599/449/364 593/452/365 595/790/636 601/786/632
f 601/786/632 595/790/636 594/581/463 600/442/357
f 597/535/430 603/533/429 604/789/635 598/791/637
f 598/791/637 604/789/635 602/597/476 596/613/489
f 593/452/365 587/461/370 589/792/638 595/790/636
f 595/790/636 589/792/638 588/615/491 594/581/463
f 591/537/431 597/535/430 598/791/637 592/793/639
f 592/793/639 598/791/637 596/613/489 590/655/525
f 587/461/370 581/464/371 583/794/640 589/792/638
f 589/792/638 583/794/640 582/611/487 588/615/491
f 585/539/432 591/537/431 592/793/639 586/795/641
f 586/795/641 592/793/639 590/655/525 584/618/494
f 581/464/371 575/466/372 577/796/642 583/794/640
f 583/794/640 577/796/642 576/589/470 582/611/487
f 579/541/433 585/539/432 586/795/641 580/797/643
f 580/797/643 586/795/641 584/618/494 578/617/493
f 575/466/372 569/471/375 571/798/644 577/796/642
f 577/796/642 571/798/644 570/590/471 576/589/470
f 573/543/434 579/541/433 580/797/643 574/799/645
f 574/799/645 580/797/643 578/617/493 572/621/497
f 569/471/375 563/474/376 565/800/646 571/798/644
f 571/798/644 565/800/646 564/585/467 570/590/471
f 567/545/435 573/543/434 574/799/645 568/801/647
f 568/801/647 574/799/645 572/621/497 566/623/499
f 563/474/376 557/476/377 559/802/648 565/800/646
f 565/800/646 559/802/648 558/477/378 564/585/467
f 561/547/436 567/545/435 568/801/647 562/803/649
f 562/803/649 568/801/647 566/623/499 560/550/438
f 557/476/377 551/669/532 553/804/650 559/802/648
f 559/802/648 553/804/650 552/478/379 558/477/378
f 555/600/478 561/547/436 562/803/649 556/805/651
f 556/805/651 562/803/649 560/550/438 554/549/437
f 551/669/532 545/593/474 547/806/652 553/804/650
f 553/804/650 547/806/652 546/481/382 552/478/379
f 549/578/461 555/600/478 556/805/651 550/807/653
f 550/807/653 556/805/651 554/549/437 548/553/441
f 545/593/474 539/596/475 541/808/654 547/806/652
f 547/806/652 541/808/654 540/483/384 546/481/382
f 543/579/462 549/578/461 550/807/653 544/809/655
f 544/809/655 550/807/653 548/553/441 542/555/443
f 539/596/475 533/657/527 535/810/656 541/808/654
f 541/808/654 535/810/656 534/485/386 540/483/384
f 537/653/524 543/579/462 544/809/655 538/811/657
f 538/811/657 544/809/655 542/555/443 536/557/445
f 533/657/527 527/660/528 529/812/658 535/810/656
f 535/810/656 529/812/658 528/487/388 534/485/386
f 531/665/485 537/653/524 538/811/657 532/813/659
f 532/813/659 538/811/657 536/557/445 530/559/447
f 527/814/528 521/565/451 523/815/660 529/816/658
f 529/816/658 523/815/660 522/490/390 528/489/388
f 525/609/486 531/608/485 532/817/659 526/818/661
f 526/818/661 532/817/659 530/562/447 524/561/449
f 521/565/451 515/568/452 517/819/662 523/815/660
f 523/815/660 517/819/662 516/575/459 522/490/390
f 519/588/469 525/609/486 526/818/661 520/820/663
f 520/820/663 526/818/661 524/561/449 518/569/453
f 515/568/452 609/668/531 610/787/633 517/819/662
f 517/819/662 610/787/633 608/441/356 516/575/459
f 605/532/428 519/588/469 520/820/663 607/788/634
f 607/788/634 520/820/663 518/569/453 606/583/465
f 420/511/410 422/508/407 424/821/664 421/822/665
f 421/823/665 424/824/664 423/501/400 419/672/534
f 426/493/392 420/511/410 421/822/665 427/825/666
f 427/826/666 421/823/665 419/672/534 425/671/533
f 429/494/393 426/493/392 427/825/666 430/827/667
f 430/828/667 427/826/666 425/671/533 428/676/538
f 432/527/424 429/494/393 430/827/667 433/829/668
f 433/830/668 430/828/667 428/676/538 431/675/537
f 435/521/420 432/527/424 433/829/668 436/831/669
f 436/832/669 433/830/668 431/675/537 434/679/541
f 438/517/416 435/521/420 436/831/669 439/833/670
f 439/834/670 436/832/669 434/679/541 437/681/543
f 441/513/412 438/517/416 439/833/670 442/835/671
f 442/836/671 439/834/670 437/681/543 440/683/545
f 444/505/404 441/513/412 442/835/671 445/837/672
f 445/838/672 442/836/671 440/683/545 443/685/547
f 447/497/396 444/505/404 445/837/672 448/839/673
f 448/840/673 445/838/672 443/685/547 446/687/549
f 450/498/397 447/497/396 448/839/673 451/841/674
f 451/842/674 448/840/673 446/687/549 449/689/551
f 453/529/426 450/498/397 451/841/674 454/843/675
f 454/844/675 451/842/674 449/689/551 452/691/553
f 456/523/422 453/529/426 454/843/675 457/845/676
f 457/846/676 454/844/675 452/691/553 455/693/555
f 459/524/418 456/523/422 457/845/676 460/847/677
f 460/848/677 457/846/676 455/693/555 458/695/557
f 462/515/414 459/519/418 460/849/677 463/850/678
f 463/851/678 460/848/677 458/695/557 461/697/559
f 465/507/406 462/515/414 463/850/678 466/852/679
f 466/853/679 463/851/678 461/697/559 464/502/401
f 422/508/407 465/507/406 466/852/679 424/821/664
f 424/824/664 466/853/679 464/502/401 423/501/400
f 708/673/535 710/504/403 712/854/680 709/855/681
f 709/855/681 712/854/680 711/701/562 707/642/515
f 714/674/536 708/673/535 709/855/681 715/856/682
f 715/856/682 709/855/681 707/642/515 713/641/514
f 717/677/539 714/674/536 715/856/682 718/857/683
f 718/857/683 715/856/682 713/641/514 716/706/566
f 720/678/540 717/677/539 718/857/683 721/858/684
f 721/858/684 718/857/683 716/706/566 719/705/565
f 723/680/542 720/678/540 721/858/684 724/859/685
f 724/859/685 721/858/684 719/705/565 722/708/567
f 726/682/544 723/680/542 724/859/685 727/860/686
f 727/860/686 724/859/685 722/708/567 725/710/568
f 729/684/546 726/682/544 727/860/686 730/861/687
f 730/861/687 727/860/686 725/710/568 728/712/569
f 732/686/548 729/684/546 730/861/687 733/862/688
f 733/862/688 730/861/687 728/712/569 731/714/570
f 735/688/550 732/686/548 733/862/688 736/863/689
f 736/863/689 733/862/688 731/714/570 734/716/571
f 738/690/552 735/688/550 736/863/689 739/864/690
f 739/864/690 736/863/689 734/716/571 737/718/572
f 741/692/554 738/690/552 739/864/690 742/865/691
f 742/865/691 739/864/690 737/718/572 740/720/573
f 744/694/556 741/692/554 742/865/691 745/866/692
f 745/866/692 742/865/691 740/720/573 743/722/575
f 747/696/558 744/694/556 745/866/692 748/867/693
f 748/867/693 745/866/692 743/722/575 746/724/576
f 750/698/560 747/696/558 748/867/693 751/868/694
f 751/868/694 748/867/693 746/724/576 749/726/577
f 753/503/402 750/698/560 751/868/694 754/869/695
f 754/869/695 751/868/694 749/726/577 752/702/563
f 710/504/403 753/503/402 754/869/695 712/854/680
f 712/854/680 754/869/695 752/702/563 711/701/562
f 419/672/534 423/501/400 710/504/403 708/673/535
s 0
f 1201/870/696 1217/871/79 1215/872/79 1202/873/696
f 774/874/112 1189/875/697 1188/876/698 773/877/698
f 757/878/699 1194/879/700 1209/880/9 1171/881/701
f 1196/882/137 764/883/137 762/884/702 1193/885/702
f 755/886/703 758/887/704 759/888/705 761/889/706
f 756/890/707 760/891/708 759/892/709 758/893/710
f 757/878/711 761/894/712 759/895/713 760/896/714
f 765/897/715 768/898/716 769/899/717 771/900/718
f 766/901/719 770/902/720 769/903/721 768/904/722
f 767/905/723 771/906/724 769/907/725 770/908/726
f 775/909/727 778/910/728 779/911/729 781/912/730
f 776/913/731 780/914/732 779/915/733 778/916/734
f 777/917/735 781/918/736 779/919/737 780/920/732
f 785/921/738 788/922/739 789/923/740 791/924/741
f 786/925/742 790/926/743 789/927/744 788/928/745
f 787/929/746 791/930/747 789/931/748 790/932/749
f 1174/933/750 1225/934/172 1224/935/172 1173/936/750
f 772/937/751 1191/938/751 1189/939/112 774/940/112
f 1191/938/752 1221/941/27 1220/942/27 1192/943/752
f 756/890/753 1197/944/754 1195/945/137 760/891/714
f 1191/938/752 772/937/752 1228/946/27 1221/941/27
f 1207/947/9 1179/948/9 773/877/755 1188/876/755
f 785/921/756 1242/949/757 1240/950/758 788/922/759
f 1241/951/757 765/897/715 771/900/718 1239/952/758
f 787/929/760 1186/953/761 1213/954/19 1177/955/762
f 1186/953/761 787/929/746 790/932/749 1183/956/23
f 775/909/763 1174/933/764 1175/957/765 778/910/734
f 1178/958/762 1211/959/19 1205/960/766 776/913/767
f 784/961/15 1203/962/768 1206/963/769 783/964/769
f 1212/965/19 1181/966/19 783/964/766 1206/963/766
f 788/928/770 1240/967/758 1237/968/771 786/925/772
f 755/886/773 1235/969/774 1234/970/775 758/887/710
f 765/897/776 1168/971/777 1169/972/778 768/898/722
s 1
f 795/973/779 807/974/780 818/975/781 806/976/782
f 796/977/783 808/978/784 807/974/780 795/973/779
f 797/979/785 809/980/786 808/978/784 796/977/783
f 798/981/787 810/982/788 809/980/786 797/979/785
f 799/983/789 811/984/790 810/982/788 798/981/787
f 800/985/791 812/986/792 811/987/790 799/988/789
f 801/989/793 813/990/794 812/986/792 800/985/791
f 802/991/795 814/992/796 813/990/794 801/989/793
f 803/993/797 815/994/798 814/992/796 802/991/795
f 804/995/799 816/996/800 815/994/798 803/993/797
f 805/997/801 817/998/802 816/996/800 804/995/799
f 806/976/782 818/975/781 817/998/802 805/997/801
f 807/974/780 819/999/803 830/1000/804 818/975/781
f 808/978/784 820/1001/805 819/999/803 807/974/780
f 809/980/786 821/1002/806 820/1001/805 808/978/784
f 810/982/788 822/1003/807 821/1002/806 809/980/786
f 811/984/790 823/1004/808 822/1003/807 810/982/788
f 812/986/792 824/1005/809 823/1006/808 811/987/790
f 813/990/794 825/1007/810 824/1005/809 812/986/792
f 814/992/796 826/1008/811 825/1007/810 813/990/794
f 815/994/798 827/1009/812 826/1008/811 814/992/796
f 816/996/800 828/1010/813 827/1009/812 815/994/798
f 817/998/802 829/1011/814 828/1010/813 816/996/800
f 818/975/781 830/1000/804 829/1011/814 817/998/802
f 819/999/803 831/1012/815 842/1013/816 830/1000/804
f 820/1001/805 832/1014/817 831/1012/815 819/999/803
f 821/1002/806 833/1015/818 832/1014/817 820/1001/805
f 822/1003/807 834/1016/819 833/1015/818 821/1002/806
f 823/1004/808 835/1017/820 834/1016/819 822/1003/807
f 824/1005/809 836/1018/821 835/1019/820 823/1006/808
f 825/1007/810 837/1020/822 836/1018/821 824/1005/809
f 826/1008/811 838/1021/823 837/1020/822 825/1007/810
f 827/1009/812 839/1022/824 838/1021/823 826/1008/811
f 828/1010/813 840/1023/825 839/1022/824 827/1009/812
f 829/1011/814 841/1024/826 840/1023/825 828/1010/813
f 830/1000/804 842/1013/816 841/1024/826 829/1011/814
f 831/1012/815 843/1025/827 854/1026/828 842/1013/816
f 832/1014/817 844/1027/829 843/1025/827 831/1012/815
f 833/1015/818 845/1028/830 844/1027/829 832/1014/817
f 834/1016/819 846/1029/831 845/1028/830 833/1015/818
f 835/1017/820 847/1030/832 846/1029/831 834/1016/819
f 836/1018/821 848/1031/833 847/1032/832 835/1019/820
f 837/1020/822 849/1033/834 848/1031/833 836/1018/821
f 838/1021/823 850/1034/835 849/1033/834 837/1020/822
f 839/1022/824 851/1035/836 850/1034/835 838/1021/823
f 840/1023/825 852/1036/837 851/1035/836 839/1022/824
f 841/1024/826 853/1037/838 852/1036/837 840/1023/825
f 842/1013/816 854/1026/828 853/1037/838 841/1024/826
f 843/1025/827 855/1038/839 866/1039/840 854/1026/828
f 844/1027/829 856/1040/841 855/1038/839 843/1025/827
f 845/1028/830 857/1041/842 856/1040/841 844/1027/829
f 846/1029/831 858/1042/843 857/1041/842 845/1028/830
f 847/1030/832 859/1043/844 858/1042/843 846/1029/831
f 848/1031/833 860/1044/845 859/1045/844 847/1032/832
f 849/1033/834 861/1046/846 860/1044/845 848/1031/833
f 850/1034/835 862/1047/847 861/1046/846 849/1033/834
f 851/1035/836 863/1048/848 862/1047/847 850/1034/835
f 852/1036/837 864/1049/849 863/1048/848 851/1035/836
f 853/1037/838 865/1050/850 864/1049/849 852/1036/837
f 854/1026/828 866/1039/840 865/1050/850 853/1037/838
f 855/1038/839 867/1051/851 878/1052/852 866/1039/840
f 856/1040/841 868/1053/853 867/1051/851 855/1038/839
f 857/1041/842 869/1054/854 868/1053/853 856/1040/841
f 858/1042/843 870/1055/855 869/1054/854 857/1041/842
f 859/1043/844 871/1056/856 870/1055/855 858/1042/843
f 860/1044/845 872/1057/857 871/1058/856 859/1045/844
f 861/1046/846 873/1059/858 872/1057/857 860/1044/845
f 862/1047/847 874/1060/859 873/1059/858 861/1046/846
f 863/1048/848 875/1061/860 874/1060/859 862/1047/847
f 864/1049/849 876/1062/861 875/1061/860 863/1048/848
f 865/1050/850 877/1063/862 876/1062/861 864/1049/849
f 866/1039/840 878/1052/852 877/1063/862 865/1050/850
f 867/1051/851 879/1064/863 890/1065/864 878/1052/852
f 868/1053/853 880/1066/865 879/1064/863 867/1051/851
f 869/1054/854 881/1067/866 880/1066/865 868/1053/853
f 870/1055/855 882/1068/867 881/1067/866 869/1054/854
f 871/1056/856 883/1069/868 882/1068/867 870/1055/855
f 872/1057/857 884/1070/869 883/1071/868 871/1058/856
f 873/1059/858 885/1072/870 884/1070/869 872/1057/857
f 874/1060/859 886/1073/871 885/1072/870 873/1059/858
f 875/1061/860 887/1074/872 886/1073/871 874/1060/859
f 876/1062/861 888/1075/873 887/1074/872 875/1061/860
f 877/1063/862 889/1076/874 888/1075/873 876/1062/861
f 878/1052/852 890/1065/864 889/1076/874 877/1063/862
f 879/1064/863 891/1077/875 902/1078/876 890/1065/864
f 880/1066/865 892/1079/877 891/1077/875 879/1064/863
f 881/1067/866 893/1080/878 892/1079/877 880/1066/865
f 882/1068/867 894/1081/879 893/1080/878 881/1067/866
f 883/1069/868 895/1082/880 894/1081/879 882/1068/867
f 884/1070/869 896/1083/881 895/1084/880 883/1071/868
f 885/1072/870 897/1085/882 896/1083/881 884/1070/869
f 886/1073/871 898/1086/883 897/1085/882 885/1072/870
f 887/1074/872 899/1087/884 898/1086/883 886/1073/871
f 888/1075/873 900/1088/885 899/1087/884 887/1074/872
f 889/1076/874 901/1089/886 900/1088/885 888/1075/873
f 890/1065/864 902/1078/876 901/1089/886 889/1076/874
f 891/1077/875 903/1090/887 914/1091/888 902/1078/876
f 892/1079/877 904/1092/889 903/1090/887 891/1077/875
f 893/1080/878 905/1093/890 904/1092/889 892/1079/877
f 894/1081/879 906/1094/891 905/1093/890 893/1080/878
f 895/1082/880 907/1095/892 906/1094/891 894/1081/879
f 896/1083/881 908/1096/893 907/1097/892 895/1084/880
f 897/1085/882 909/1098/894 908/1096/893 896/1083/881
f 898/1086/883 910/1099/895 909/1098/894 897/1085/882
f 899/1087/884 911/1100/896 910/1099/895 898/1086/883
f 900/1088/885 912/1101/897 911/1100/896 899/1087/884
f 901/1089/886 913/1102/898 912/1101/897 900/1088/885
f 902/1078/876 914/1091/888 913/1102/898 901/1089/886
f 903/1090/887 915/1103/899 926/1104/900 914/1091/888
f 904/1092/889 916/1105/901 915/1103/899 903/1090/887
f 905/1093/890 917/1106/902 916/1105/901 904/1092/889
f 906/1094/891 918/1107/903 917/1106/902 905/1093/890
f 907/1095/892 919/1108/904 918/1107/903 906/1094/891
f 908/1096/893 920/1109/905 919/1110/904 907/1097/892
f 909/1098/894 921/1111/906 920/1109/905 908/1096/893
f 910/1099/895 922/1112/907 921/1111/906 909/1098/894
f 911/1100/896 923/1113/908 922/1112/907 910/1099/895
f 912/1101/897 924/1114/909 923/1113/908 911/1100/896
f 913/1102/898 925/1115/910 924/1114/909 912/1101/897
f 914/1091/888 926/1104/900 925/1115/910 913/1102/898
f 915/1103/899 927/1116/911 938/1117/912 926/1104/900
f 916/1105/901 928/1118/913 927/1116/911 915/1103/899
f 917/1106/902 929/1119/914 928/1118/913 916/1105/901
f 918/1107/903 930/1120/915 929/1119/914 917/1106/902
f 919/1108/904 931/1121/916 930/1120/915 918/1107/903
f 920/1109/905 932/1122/917 931/1123/916 919/1110/904
f 921/1111/906 933/1124/918 932/1122/917 920/1109/905
f 922/1112/907 934/1125/919 933/1124/918 921/1111/906
f 923/1113/908 935/1126/920 934/1125/919 922/1112/907
f 924/1114/909 936/1127/921 935/1126/920 923/1113/908
f 925/1115/910 937/1128/922 936/1127/921 924/1114/909
f 926/1104/900 938/1117/912 937/1128/922 925/1115/910
f 927/1116/911 939/1129/923 950/1130/924 938/1117/912
f 928/1118/913 940/1131/925 939/1129/923 927/1116/911
f 929/1119/914 941/1132/926 940/1131/925 928/1118/913
f 930/1120/915 942/1133/927 941/1132/926 929/1119/914
f 931/1121/916 943/1134/928 942/1133/927 930/1120/915
f 932/1122/917 944/1135/929 943/1136/928 931/1123/916
f 933/1124/918 945/1137/930 944/1135/929 932/1122/917
f 934/1125/919 946/1138/931 945/1137/930 933/1124/918
f 935/1126/920 947/1139/932 946/1138/931 934/1125/919
f 936/1127/921 948/1140/933 947/1139/932 935/1126/920
f 937/1128/922 949/1141/934 948/1140/933 936/1127/921
f 938/1117/912 950/1130/924 949/1141/934 937/1128/922
f 939/1129/923 951/1142/935 962/1143/936 950/1130/924
f 940/1131/925 952/1144/937 951/1142/935 939/1129/923
f 941/1132/926 953/1145/938 952/1144/937 940/1131/925
f 942/1133/927 954/1146/939 953/1145/938 941/1132/926
f 943/1134/928 955/1147/940 954/1146/939 942/1133/927
f 944/1135/929 956/1148/941 955/1149/940 943/1136/928
f 945/1137/930 957/1150/942 956/1148/941 944/1135/929
f 946/1138/931 958/1151/943 957/1150/942 945/1137/930
f 947/1139/932 959/1152/944 958/1151/943 946/1138/931
f 948/1140/933 960/1153/945 959/1152/944 947/1139/932
f 949/1141/934 961/1154/946 960/1153/945 948/1140/933
f 950/1130/924 962/1143/936 961/1154/946 949/1141/934
f 951/1142/935 963/1155/947 974/1156/948 962/1143/936
f 952/1144/937 964/1157/949 963/1155/947 951/1142/935
f 953/1145/938 965/1158/950 964/1157/949 952/1144/937
f 954/1146/939 966/1159/951 965/1158/950 953/1145/938
f 955/1147/940 967/1160/952 966/1159/951 954/1146/939
f 956/1148/941 968/1161/953 967/1162/952 955/1149/940
f 957/1150/942 969/1163/954 968/1161/953 956/1148/941
f 958/1151/943 970/1164/955 969/1163/954 957/1150/942
f 959/1152/944 971/1165/956 970/1164/955 958/1151/943
f 960/1153/945 972/1166/957 971/1165/956 959/1152/944
f 961/1154/946 973/1167/958 972/1166/957 960/1153/945
f 962/1143/936 974/1156/948 973/1167/958 961/1154/946
f 963/1155/947 975/1168/959 986/1169/960 974/1156/948
f 964/1157/949 976/1170/961 975/1168/959 963/1155/947
f 965/1158/950 977/1171/962 976/1170/961 964/1157/949
f 966/1159/951 978/1172/963 977/1171/962 965/1158/950
f 967/1160/952 979/1173/964 978/1172/963 966/1159/951
f 968/1161/953 980/1174/965 979/1175/964 967/1162/952
f 969/1163/954 981/1176/966 980/1174/965 968/1161/953
f 970/1164/955 982/1177/967 981/1176/966 969/1163/954
f 971/1165/956 983/1178/968 982/1177/967 970/1164/955
f 972/1166/957 984/1179/969 983/1178/968 971/1165/956
f 973/1167/958 985/1180/970 984/1179/969 972/1166/957
f 974/1156/948 986/1169/960 985/1180/970 973/1167/958
f 975/1168/959 987/1181/971 998/1182/972 986/1169/960
f 976/1170/961 988/1183/973 987/1181/971 975/1168/959
f 977/1171/962 989/1184/974 988/1183/973 976/1170/961
f 978/1172/963 990/1185/975 989/1184/974 977/1171/962
f 979/1173/964 991/1186/976 990/1185/975 978/1172/963
f 980/1174/965 992/1187/977 991/1188/976 979/1175/964
f 981/1176/966 993/1189/978 992/1187/977 980/1174/965
f 982/1177/967 994/1190/979 993/1189/978 981/1176/966
f 983/1178/968 995/1191/980 994/1190/979 982/1177/967
f 984/1179/969 996/1192/981 995/1191/980 983/1178/968
f 985/1180/970 997/1193/982 996/1192/981 984/1179/969
f 986/1169/960 998/1182/972 997/1193/982 985/1180/970
f 987/1181/971 999/1194/983 1010/1195/984 998/1182/972
f 988/1183/973 1000/1196/985 999/1194/983 987/1181/971
f 989/1184/974 1001/1197/986 1000/1196/985 988/1183/973
f 990/1185/975 1002/1198/987 1001/1197/986 989/1184/974
f 991/1186/976 1003/1199/988 1002/1198/987 990/1185/975
f 992/1187/977 1004/1200/989 1003/1201/988 991/1188/976
f 993/1189/978 1005/1202/990 1004/1200/989 992/1187/977
f 994/1190/979 1006/1203/991 1005/1202/990 993/1189/978
f 995/1191/980 1007/1204/992 1006/1203/991 994/1190/979
f 996/1192/981 1008/1205/993 1007/1204/992 995/1191/980
f 997/1193/982 1009/1206/994 1008/1205/993 996/1192/981
f 998/1182/972 1010/1195/984 1009/1206/994 997/1193/982
f 999/1194/983 1011/1207/995 1022/1208/996 1010/1195/984
f 1000/1196/985 1012/1209/997 1011/1207/995 999/1194/983
f 1001/1197/986 1013/1210/998 1012/1209/997 1000/1196/985
f 1002/1198/987 1014/1211/999 1013/1210/998 1001/1197/986
f 1003/1199/988 1015/1212/1000 1014/1211/999 1002/1198/987
f 1004/1200/989 1016/1213/1001 1015/1214/1000 1003/1201/988
f 1005/1202/990 1017/1215/1002 1016/1213/1001 1004/1200/989
f 1006/1203/991 1018/1216/1003 1017/1215/1002 1005/1202/990
f 1007/1204/992 1019/1217/1004 1018/1216/1003 1006/1203/991
f 1008/1205/993 1020/1218/1005 1019/1217/1004 1007/1204/992
f 1009/1206/994 1021/1219/1006 1020/1218/1005 1008/1205/993
f 1010/1195/984 1022/1208/996 1021/1219/1006 1009/1206/994
f 1011/1207/995 1023/1220/1007 1034/1221/1008 1022/1208/996
f 1012/1209/997 1024/1222/1009 1023/1220/1007 1011/1207/995
f 1013/1210/998 1025/1223/1010 1024/1222/1009 1012/1209/997
f 1014/1211/999 1026/1224/1011 1025/1223/1010 1013/1210/998
f 1015/1212/1000 1027/1225/1012 1026/1224/1011 1014/1211/999
f 1016/1213/1001 1028/1226/1013 1027/1227/1012 1015/1214/1000
f 1017/1215/1002 1029/1228/1014 1028/1226/1013 1016/1213/1001
f 1018/1216/1003 1030/1229/1015 1029/1228/1014 1017/1215/1002
f 1019/1217/1004 1031/1230/1016 1030/1229/1015 1018/1216/1003
f 1020/1218/1005 1032/1231/1017 1031/1230/1016 1019/1217/1004
f 1021/1219/1006 1033/1232/1018 1032/1231/1017 1020/1218/1005
f 1022/1208/996 1034/1221/1008 1033/1232/1018 1021/1219/1006
f 1023/1220/1007 1035/1233/1019 1046/1234/1020 1034/1221/1008
f 1024/1222/1009 1036/1235/1021 1035/1233/1019 1023/1220/1007
f 1025/1223/1010 1037/1236/1022 1036/1235/1021 1024/1222/1009
f 1026/1224/1011 1038/1237/1023 1037/1236/1022 1025/1223/1010
f 1027/1225/1012 1039/1238/1024 1038/1237/1023 1026/1224/1011
f 1028/1226/1013 1040/1239/1025 1039/1240/1024 1027/1227/1012
f 1029/1228/1014 1041/1241/1026 1040/1239/1025 1028/1226/1013
f 1030/1229/1015 1042/1242/1027 1041/1241/1026 1029/1228/1014
f 1031/1230/1016 1043/1243/1028 1042/1242/1027 1030/1229/1015
f 1032/1231/1017 1044/1244/1029 1043/1243/1028 1031/1230/1016
f 1033/1232/1018 1045/1245/1030 1044/1244/1029 1032/1231/1017
f 1034/1221/1008 1046/1234/1020 1045/1245/1030 1033/1232/1018
f 1035/1233/1019 1047/1246/1031 1058/1247/1032 1046/1234/1020
f 1036/1235/1021 1048/1248/1033 1047/1246/1031 1035/1233/1019
f 1037/1236/1022 1049/1249/1034 1048/1248/1033 1036/1235/1021
f 1038/1237/1023 1050/1250/1035 1049/1249/1034 1037/1236/1022
f 1039/1238/1024 1051/1251/1036 1050/1250/1035 1038/1237/1023
f 1040/1239/1025 1052/1252/1037 1051/1253/1036 1039/1240/1024
f 1041/1241/1026 1053/1254/1038 1052/1252/1037 1040/1239/1025
f 1042/1242/1027 1054/1255/1039 1053/1254/1038 1041/1241/1026
f 1043/1243/1028 1055/1256/1040 1054/1255/1039 1042/1242/1027
f 1044/1244/1029 1056/1257/1041 1055/1256/1040 1043/1243/1028
f 1045/1245/1030 1057/1258/1042 1056/1257/1041 1044/1244/1029
f 1046/1234/1020 1058/1247/1032 1057/1258/1042 1045/1245/1030
f 1047/1246/1031 1059/1259/1043 1070/1260/1044 1058/1247/1032
f 1048/1248/1033 1060/1261/1045 1059/1259/1043 1047/1246/1031
f 1049/1249/1034 1061/1262/1046 1060/1261/1045 1048/1248/1033
f 1050/1250/1035 1062/1263/1047 1061/1262/1046 1049/1249/1034
f 1051/1251/1036 1063/1264/1048 1062/1263/1047 1050/1250/1035
f 1052/1252/1037 1064/1265/1049 1063/1266/1048 1051/1253/1036
f 1053/1254/1038 1065/1267/1050 1064/1265/1049 1052/1252/1037
f 1054/1255/1039 1066/1268/1051 1065/1267/1050 1053/1254/1038
f 1055/1256/1040 1067/1269/1052 1066/1268/1051 1054/1255/1039
f 1056/1257/1041 1068/1270/1053 1067/1269/1052 1055/1256/1040
f 1057/1258/1042 1069/1271/1054 1068/1270/1053 1056/1257/1041
f 1058/1247/1032 1070/1260/1044 1069/1271/1054 1057/1258/1042
f 1059/1259/1043 1071/1272/1055 1082/1273/1056 1070/1260/1044
f 1060/1261/1045 1072/1274/1057 1071/1272/1055 1059/1259/1043
f 1061/1262/1046 1073/1275/1058 1072/1274/1057 1060/1261/1045
f 1062/1263/1047 1074/1276/1059 1073/1275/1058 1061/1262/1046
f 1063/1264/1048 1075/1277/1060 1074/1276/1059 1062/1263/1047
f 1064/1265/1049 1076/1278/1061 1075/1279/1060 1063/1266/1048
f 1065/1267/1050 1077/1280/1062 1076/1278/1061 1064/1265/1049
f 1066/1268/1051 1078/1281/1063 1077/1280/1062 1065/1267/1050
f 1067/1269/1052 1079/1282/1064 1078/1281/1063 1066/1268/1051
f 1068/1270/1053 1080/1283/1065 1079/1282/1064 1067/1269/1052
f 1069/1271/1054 1081/1284/1066 1080/1283/1065 1068/1270/1053
f 1070/1260/1044 1082/1273/1056 1081/1284/1066 1069/1271/1054
f 1071/1272/1055 1083/1285/1067 1094/1286/1068 1082/1273/1056
f 1072/1274/1057 1084/1287/1069 1083/1285/1067 1071/1272/1055
f 1073/1275/1058 1085/1288/1070 1084/1287/1069 1072/1274/1057
f 1074/1276/1059 1086/1289/1071 1085/1288/1070 1073/1275/1058
f 1075/1277/1060 1087/1290/1072 1086/1289/1071 1074/1276/1059
f 1076/1278/1061 1088/1291/1073 1087/1292/1072 1075/1279/1060
f 1077/1280/1062 1089/1293/1074 1088/1291/1073 1076/1278/1061
f 1078/1281/1063 1090/1294/1075 1089/1293/1074 1077/1280/1062
f 1079/1282/1064 1091/1295/1076 1090/1294/1075 1078/1281/1063
f 1080/1283/1065 1092/1296/1077 1091/1295/1076 1079/1282/1064
f 1081/1284/1066 1093/1297/1078 1092/1296/1077 1080/1283/1065
f 1082/1273/1056 1094/1286/1068 1093/1297/1078 1081/1284/1066
f 1083/1285/1067 1095/1298/1079 1106/1299/1080 1094/1286/1068
f 1084/1287/1069 1096/1300/1081 1095/1298/1079 1083/1285/1067
f 1085/1288/1070 1097/1301/1082 1096/1300/1081 1084/1287/1069
f 1086/1289/1071 1098/1302/1083 1097/1301/1082 1085/1288/1070
f 1087/1290/1072 1099/1303/1084 1098/1302/1083 1086/1289/1071
f 1088/1291/1073 1100/1304/1085 1099/1305/1084 1087/1292/1072
f 1089/1293/1074 1101/1306/1086 1100/1304/1085 1088/1291/1073
f 1090/1294/1075 1102/1307/1087 1101/1306/1086 1089/1293/1074
f 1091/1295/1076 1103/1308/1088 1102/1307/1087 1090/1294/1075
f 1092/1296/1077 1104/1309/1089 1103/1308/1088 1091/1295/1076
f 1093/1297/1078 1105/1310/1090 1104/1309/1089 1092/1296/1077
f 1094/1286/1068 1106/1299/1080 1105/1310/1090 1093/1297/1078
f 1095/1298/1079 1107/1311/1091 1118/1312/1092 1106/1299/1080
f 1096/1300/1081 1108/1313/1093 1107/1311/1091 1095/1298/1079
f 1097/1301/1082 1109/1314/1094 1108/1313/1093 1096/1300/1081
f 1098/1302/1083 1110/1315/1095 1109/1314/1094 1097/1301/1082
f 1099/1303/1084 1111/1316/1096 1110/1315/1095 1098/1302/1083
f 1100/1304/1085 1112/1317/1097 1111/1318/1096 1099/1305/1084
f 1101/1306/1086 1113/1319/1098 1112/1317/1097 1100/1304/1085
f 1102/1307/1087 1114/1320/1099 1113/1319/1098 1101/1306/1086
f 1103/1308/1088 1115/1321/1100 1114/1320/1099 1102/1307/1087
f 1104/1309/1089 1116/1322/1101 1115/1321/1100 1103/1308/1088
f 1105/1310/1090 1117/1323/1102 1116/1322/1101 1104/1309/1089
f 1106/1299/1080 1118/1312/1092 1117/1323/1102 1105/1310/1090
f 1107/1311/1091 1119/1324/1103 1130/1325/1104 1118/1312/1092
f 1108/1313/1093 1120/1326/1105 1119/1324/1103 1107/1311/1091
f 1109/1314/1094 1121/1327/1106 1120/1326/1105 1108/1313/1093
f 1110/1315/1095 1122/1328/1107 1121/1327/1106 1109/1314/1094
f 1111/1316/1096 1123/1329/1108 1122/1328/1107 1110/1315/1095
f 1112/1317/1097 1124/1330/1109 1123/1331/1108 1111/1318/1096
f 1113/1319/1098 1125/1332/1110 1124/1330/1109 1112/1317/1097
f 1114/1320/1099 1126/1333/1111 1125/1332/1110 1113/1319/1098
f 1115/1321/1100 1127/1334/1112 1126/1333/1111 1114/1320/1099
f 1116/1322/1101 1128/1335/1113 1127/1334/1112 1115/1321/1100
f 1117/1323/1102 1129/1336/1114 1128/1335/1113 1116/1322/1101
f 1118/1312/1092 1130/1325/1104 1129/1336/1114 1117/1323/1102
f 1119/1324/1103 1131/1337/1115 1142/1338/1116 1130/1325/1104
f 1120/1326/1105 1132/1339/1117 1131/1337/1115 1119/1324/1103
f 1121/1327/1106 1133/1340/1118 1132/1339/1117 1120/1326/1105
f 1122/1328/1107 1134/1341/1119 1133/1340/1118 1121/1327/1106
f 1123/1329/1108 1135/1342/1120 1134/1341/1119 1122/1328/1107
f 1124/1330/1109 1136/1343/1121 1135/1344/1120 1123/1331/1108
f 1125/1332/1110 1137/1345/1122 1136/1343/1121 1124/1330/1109
f 1126/1333/1111 1138/1346/1123 1137/1345/1122 1125/1332/1110
f 1127/1334/1112 1139/1347/1124 1138/1346/1123 1126/1333/1111
f 1128/1335/1113 1140/1348/1125 1139/1347/1124 1127/1334/1112
f 1129/1336/1114 1141/1349/1126 1140/1348/1125 1128/1335/1113
f 1130/1325/1104 1142/1338/1116 1141/1349/1126 1129/1336/1114
f 1131/1337/1115 1143/1350/1127 1154/1351/1128 1142/1338/1116
f 1132/1339/1117 1144/1352/1129 1143/1350/1127 1131/1337/1115
f 1133/1340/1118 1145/1353/1130 1144/1352/1129 1132/1339/1117
f 1134/1341/1119 1146/1354/1131 1145/1353/1130 1133/1340/1118
f 1135/1342/1120 1147/1355/1132 1146/1354/1131 1134/1341/1119
f 1136/1343/1121 1148/1356/1133 1147/1357/1132 1135/1344/1120
f 1137/1345/1122 1149/1358/1134 1148/1356/1133 1136/1343/1121
f 1138/1346/1123 1150/1359/1135 1149/1358/1134 1137/1345/1122
f 1139/1347/1124 1151/1360/1136 1150/1359/1135 1138/1346/1123
f 1140/1348/1125 1152/1361/1137 1151/1360/1136 1139/1347/1124
f 1141/1349/1126 1153/1362/1138 1152/1361/1137 1140/1348/1125
f 1142/1338/1116 1154/1351/1128 1153/1362/1138 1141/1349/1126
f 1143/1350/1127 1155/1363/1139 1166/1364/1140 1154/1351/1128
f 1144/1352/1129 1156/1365/1141 1155/1363/1139 1143/1350/1127
f 1145/1353/1130 1157/1366/1142 1156/1365/1141 1144/1352/1129
f 1146/1354/1131 1158/1367/1143 1157/1366/1142 1145/1353/1130
f 1147/1355/1132 1159/1368/1144 1158/1367/1143 1146/1354/1131
f 1148/1356/1133 1160/1369/1145 1159/1370/1144 1147/1357/1132
f 1149/1358/1134 1161/1371/1146 1160/1369/1145 1148/1356/1133
f 1150/1359/1135 1162/1372/1147 1161/1371/1146 1149/1358/1134
f 1151/1360/1136 1163/1373/1148 1162/1372/1147 1150/1359/1135
f 1152/1361/1137 1164/1374/1149 1163/1373/1148 1151/1360/1136
f 1153/1362/1138 1165/1375/1150 1164/1374/1149 1152/1361/1137
f 1154/1351/1128 1166/1364/1140 1165/1375/1150 1153/1362/1138
s 0
f 768/904/1151 1169/1376/1152 1172/1377/1153 766/901/1154
f 1176/1378/1155 791/930/747 787/929/760 1177/955/1156
f 778/916/1157 1175/1379/1155 1178/958/1156 776/913/767
f 1170/1380/1152 761/894/712 757/878/699 1171/881/1158
f 1167/1381/777 755/886/1159 761/889/1160 1170/1382/778
f 1173/936/764 785/921/1161 791/924/1162 1176/1383/765
f 1211/959/19 1178/958/762 1177/955/762 1213/954/19
f 1242/949/757 785/921/756 1173/936/750 1224/935/172
f 1176/1378/1163 1177/955/762 1178/958/762 1175/1379/765
f 1173/936/1164 1176/1383/1165 1175/957/1165 1174/933/1164
f 1170/1380/778 1171/881/701 1172/1377/1166 1169/1376/778
f 1167/1381/1167 1170/1382/1168 1169/972/1168 1168/971/1169
f 1181/966/19 1212/965/19 1214/1384/19 1182/1385/19
f 1201/870/696 782/1386/696 1230/1387/79 1217/871/79
f 758/893/1170 1234/1388/775 1231/1389/1171 756/890/753
f 1208/1390/9 1172/1377/701 1171/881/701 1209/880/9
f 1204/1391/15 780/914/732 776/913/731 1205/960/766
f 1202/873/696 777/917/1172 780/920/732 1204/1392/1173
f 1179/948/9 1207/947/9 1210/1393/9 1180/1394/9
f 1183/1395/23 790/926/749 786/925/772 1199/1396/1174
f 794/1397/23 1184/1398/1175 1200/1399/1176 793/1400/1176
f 1172/1377/701 1208/1390/9 1187/1401/755 766/901/1154
f 1192/943/752 767/905/1177 770/908/720 1190/1402/112
f 1193/885/700 762/884/700 1180/1394/9 1210/1393/9
f 1198/1403/1178 763/1404/1178 764/1405/137 1196/1406/1179
f 1190/1407/112 770/902/720 766/901/719 1187/1401/755
f 760/896/714 1195/1408/137 1194/879/700 757/878/711
f 765/897/715 1241/951/757 1223/1409/172 1168/971/1180
f 1185/1410/761 792/1411/761 1182/1385/19 1214/1384/19
f 782/1386/1181 1201/870/1181 1203/1412/15 784/1413/15
f 1186/953/1182 1183/956/23 1184/1414/23 1185/1410/1182
f 1204/1391/768 1205/960/769 1206/963/769 1203/962/15
f 1183/1395/1175 1199/1396/1174 1200/1399/1174 1184/1398/23
f 1208/1390/9 1209/880/9 1210/1393/9 1207/947/9
f 1212/965/19 1206/963/766 1205/960/766 1211/959/19
f 1211/959/19 1213/954/19 1214/1384/19 1212/965/19
f 1202/873/696 1204/1392/15 1203/1412/15 1201/870/696
f 1190/1407/697 1187/1401/698 1188/876/755 1189/875/112
f 1192/943/752 1190/1402/112 1189/939/112 1191/938/752
f 1196/882/137 1193/885/700 1194/879/1183 1195/1408/137
f 1198/1403/754 1196/1406/137 1195/945/1179 1197/944/754
f 1207/947/9 1188/876/755 1187/1401/755 1208/1390/9
f 1193/885/700 1210/1393/9 1209/880/9 1194/879/700
f 767/905/723 1192/943/752 1220/942/27 1238/1415/1184
f 1185/1410/761 1214/1384/19 1213/954/19 1186/953/761
f 1231/1389/1185 1216/1416/79 1197/944/754 756/890/707
f 792/1411/1182 1185/1410/1182 1184/1414/23 794/1417/23
f 1222/1418/27 1200/1399/1174 1199/1396/1174 1219/1419/27
f 1222/1418/27 1227/1420/27 793/1400/1174 1200/1399/1174
f 1225/934/172 1174/933/750 775/909/727 1236/1421/774
f 1167/1381/1180 1226/1422/172 1235/969/774 755/886/773
f 1233/1423/775 781/918/1186 777/917/1172 1232/1424/1171
f 1236/1421/774 775/909/727 781/912/730 1233/1425/775
f 1239/1426/758 771/906/718 767/905/1187 1238/1415/1184
f 1237/968/1184 1219/1419/27 1199/1396/1174 786/925/742
f 1218/1427/79 1229/1428/79 763/1404/754 1198/1403/754
f 1226/1422/172 1167/1381/1180 1168/971/1180 1223/1409/172
f 1218/1427/79 1198/1403/754 1197/944/754 1216/1416/79
f 1222/1418/27 1219/1419/27 1220/942/27 1221/941/27
f 1219/1419/27 1237/968/1184 1238/1415/1184 1220/942/27
f 1216/1416/79 1231/1389/1185 1232/1424/1185 1215/872/79
f 1236/1421/774 1233/1425/775 1234/970/775 1235/969/774
f 1226/1422/172 1223/1409/172 1224/935/172 1225/934/172
f 1225/934/172 1236/1421/774 1235/969/774 1226/1422/172
f 1218/1427/79 1216/1416/79 1215/872/79 1217/871/79
f 1242/949/757 1224/935/172 1223/1409/172 1241/951/757
f 1233/1423/775 1232/1424/1185 1231/1389/1185 1234/1388/775
f 1241/951/757 1239/952/758 1240/950/758 1242/949/757
f 1227/1420/27 1222/1418/27 1221/941/27 1228/946/27
f 1229/1428/79 1218/1427/79 1217/871/79 1230/1387/79
f 1239/1426/758 1238/1415/1184 1237/968/1184 1240/967/758
f 777/917/735 1202/873/696 1215/872/79 1232/1424/1185
s 1
f 1250/12/12 314/11/11 317/318/271 1243/1429/137
f 1260/1430/27 299/302/255 302/305/258 1258/1431/132
f 130/216/186 1246/215/122 1248/118/79 224/117/103
f 1262/1432/25 296/299/252 299/302/255 1260/1430/27
f 1254/1433/115 308/311/264 311/10/10 1252/9/9
f 1255/1434/112 305/308/261 308/311/264 1254/1433/115
f 1243/1429/137 317/318/271 320/321/274 1245/1435/122
f 1258/1431/132 302/305/258 305/308/261 1255/1434/112
f 1245/1435/122 320/321/274 277/275/231 1247/1436/79
f 1264/1437/23 293/296/249 296/299/252 1262/1432/25
f 1266/1438/21 290/293/246 293/296/249 1264/1437/23
f 1268/1439/19 287/290/243 290/293/246 1266/1438/21
f 1270/1440/17 284/285/240 287/290/243 1268/1439/19
f 1272/1441/15 281/286/237 284/285/240 1270/1440/17
f 1274/1442/14 275/274/230 281/281/237 1272/1443/15
f 1247/1436/79 277/275/231 275/274/230 1274/1442/14
f 1258/1431/132 1255/1434/112 1256/144/112 1257/213/132
f 1250/12/12 1243/1429/137 1244/155/137 1249/154/12
f 1260/1430/27 1258/1431/132 1257/213/132 1259/29/27
f 1252/9/9 1250/12/12 1249/154/12 1251/197/9
f 1254/1433/115 1252/9/9 1251/197/9 1253/145/115
f 1243/1429/137 1245/1435/122 1246/215/122 1244/155/137
f 1255/1434/112 1254/1433/115 1253/145/115 1256/144/112
f 1245/1435/122 1247/1436/79 1248/118/79 1246/215/122
f 1262/1432/25 1260/1430/27 1259/29/27 1261/27/25
f 1264/1437/23 1262/1432/25 1261/27/25 1263/25/23
f 1266/1438/21 1264/1437/23 1263/25/23 1265/23/21
f 1268/1439/19 1266/1438/21 1265/23/21 1267/21/19
f 1270/1440/17 1268/1439/19 1267/21/19 1269/19/17
f 1272/1441/15 1270/1440/17 1269/19/17 1271/18/15
f 1274/1442/14 1272/1443/15 1271/15/15 1273/14/14
f 1247/1436/79 1274/1442/14 1273/14/14 1248/118/79
f 1294/664/137 690/663/530 693/754/604 1296/1444/12
f 1300/1445/115 699/763/517 702/762/611 1305/1446/112
f 1289/1447/79 684/747/597 687/662/529 1292/661/122
f 527/814/528 1299/1448/115 1306/566/112 521/565/451
f 1296/1444/12 693/754/604 696/644/516 1297/643/9
f 1305/1446/112 702/762/611 705/767/614 1304/1449/132
f 539/596/475 1295/595/12 1298/658/9 533/657/527
f 1304/1449/132 705/767/614 662/454/366 1301/453/27
f 557/476/377 1290/475/79 1291/670/122 551/669/532
f 1287/470/14 681/469/374 684/747/597 1289/1447/79
f 1284/1450/17 675/740/590 678/468/373 1285/467/15
f 575/466/372 1283/465/17 1286/472/15 569/471/375
f 1281/460/19 672/459/369 675/740/590 1284/1450/17
f 1278/1451/23 666/733/583 669/458/368 1279/457/21
f 593/452/365 1277/451/23 1280/462/21 587/461/370
f 1275/456/25 660/455/367 666/733/583 1278/1451/23
f 1278/1451/23 1279/457/21 1280/462/21 1277/451/23
f 1284/1450/17 1285/467/15 1286/472/15 1283/465/17
f 1304/1449/132 1301/453/27 1302/667/27 1303/567/132
f 1296/1444/12 1297/643/9 1298/658/9 1295/595/12
f 1300/1445/115 1305/1446/112 1306/566/112 1299/1448/115
f 1301/453/27 1275/456/25 1276/450/25 1302/667/27
f 1279/457/21 1281/460/19 1282/463/19 1280/462/21
f 1285/467/15 1287/470/14 1288/473/14 1286/472/15
f 1294/664/137 1296/1444/12 1295/595/12 1293/594/137
f 1297/643/9 1300/646/115 1299/659/115 1298/658/9
f 1292/661/122 1294/664/137 1293/594/137 1291/670/122
f 1275/456/25 1278/1451/23 1277/451/23 1276/450/25
f 1281/460/19 1284/1450/17 1283/465/17 1282/463/19
f 1287/470/14 1289/1447/79 1290/475/79 1288/473/14
f 1305/1446/112 1304/1449/132 1303/567/132 1306/566/112
f 1289/1447/79 1292/661/122 1291/670/122 1290/475/79
f 609/668/531 1302/667/27 1276/450/25 599/449/364
f 1529/1452/1 1521/1453/2 1427/1454/3 1431/1455/4
f 1533/1456/5 1539/1457/1188 1541/1458/7 1535/1459/8
f 2070/1460/9 1617/1461/10 1620/1462/1189 2068/1463/12
f 1520/1464/1190 2091/1465/14 2089/1466/15 1514/1467/1191
f 1514/1468/1191 2089/1469/15 2087/1470/17 1508/1471/1192
f 1508/1471/1192 2087/1470/17 2085/1472/19 1502/1473/20
f 1502/1473/20 2085/1472/19 2083/1474/21 1496/1475/22
f 1496/1475/22 2083/1474/21 2081/1476/23 1490/1477/24
f 1490/1477/24 2081/1476/23 2079/1478/25 1484/1479/1193
f 1484/1479/1193 2079/1478/25 2077/1480/27 1478/1481/28
f 1479/1482/29 1473/1483/30 1538/1484/31 1532/1485/32
f 1473/1483/30 1467/1486/33 1544/1487/34 1538/1484/31
f 1467/1486/33 1461/1488/35 1550/1489/36 1544/1487/34
f 1461/1488/35 1455/1490/37 1556/1491/38 1550/1489/36
f 1455/1490/37 1449/1492/39 1562/1493/40 1556/1491/38
f 1449/1492/39 1443/1494/41 1568/1495/1194 1562/1493/40
f 1347/1496/43 1350/1497/44 1589/1498/45 1586/1499/46
f 1368/1500/1195 1371/1501/1196 1610/1502/49 1607/1503/50
f 1344/1504/51 1385/1505/1197 1674/1506/53 1631/1507/54
f 1365/1508/55 1368/1500/1195 1607/1503/50 1604/1509/56
f 1386/1510/57 1343/1511/58 1584/1512/59 1625/1513/60
f 1341/1514/61 1347/1515/43 1586/1516/46 1580/1517/62
f 1362/1518/1198 1365/1508/55 1604/1509/56 1601/1519/1199
f 1383/1520/65 1386/1510/57 1625/1513/60 1622/1521/66
f 1359/1522/1200 1362/1518/1198 1601/1519/1199 1598/1523/68
f 1380/1524/69 1383/1520/65 1622/1521/66 1619/1525/70
f 1356/1526/71 1359/1522/1200 1598/1523/68 1595/1527/72
f 1377/1528/73 1380/1524/69 1619/1525/70 1616/1529/74
f 1353/1530/75 1356/1526/71 1595/1527/72 1592/1531/76
f 1374/1532/77 1377/1528/73 1616/1529/74 1613/1533/78
f 1350/1497/44 1353/1530/75 1592/1531/76 1589/1498/45
f 1371/1501/1196 1374/1532/77 1613/1533/78 1610/1502/49
f 1307/1534/79 1526/1535/1201 1524/1536/1202 1308/1537/14
f 1308/1537/14 1524/1536/1202 1518/1538/82 1309/1539/15
f 1309/1540/15 1518/1541/82 1512/1542/83 1310/1543/17
f 1310/1543/17 1512/1542/83 1506/1544/84 1311/1545/19
f 1311/1545/19 1506/1544/84 1500/1546/85 1312/1547/21
f 1312/1547/21 1500/1546/85 1494/1548/86 1313/1549/23
f 1313/1549/23 1494/1548/86 1488/1550/87 1314/1551/25
f 1314/1551/25 1488/1550/87 1482/1552/88 1315/1553/27
f 1475/1554/89 1481/1555/90 1536/1556/91 1542/1557/1203
f 1469/1558/93 1475/1554/89 1542/1557/1203 1548/1559/1204
f 1463/1560/1205 1469/1558/93 1548/1559/1204 1554/1561/96
f 1457/1562/97 1463/1560/1205 1554/1561/96 1560/1563/98
f 1451/1564/99 1457/1562/97 1560/1563/98 1566/1565/100
f 1445/1566/101 1451/1564/99 1566/1565/100 1572/1567/102
f 1530/1568/1206 2066/1569/79 2091/1465/14 1520/1464/1190
f 1439/1570/104 1445/1566/101 1572/1567/102 1577/1571/105
f 1428/1572/1207 1422/1573/1208 1418/1574/1209 1424/1575/1210
f 1443/1494/41 1437/1576/110 1574/1577/111 1568/1495/1194
f 1317/1578/112 1470/1579/113 1464/1580/114 1318/1581/115
f 1521/1453/2 1515/1582/116 1421/1583/117 1427/1454/3
f 1527/1584/118 1439/1570/104 1577/1571/105 1434/1585/1211
f 1485/1586/120 1479/1482/29 1532/1485/32 1391/1587/121
f 1322/1588/122 1440/1589/1212 1526/1535/1201 1307/1534/79
f 1497/1590/124 1491/1591/125 1397/1592/126 1403/1593/127
f 1466/1594/128 2074/1595/112 2071/1596/115 1460/1597/129
f 1523/1598/130 1527/1584/118 1434/1585/1211 1425/1599/131
f 1316/1600/132 1476/1601/133 1470/1579/113 1317/1578/112
f 1430/1602/1213 1428/1572/1207 1424/1575/1210 1433/1603/1214
f 1448/1604/136 2067/1605/12 2062/1606/137 1442/1607/138
f 1410/1608/139 1404/1609/140 1400/1610/141 1406/1611/142
f 1320/1612/12 1452/1613/143 1446/1614/144 1321/1615/137
f 1503/1616/145 1497/1590/124 1403/1593/127 1409/1617/146
f 1321/1615/137 1446/1614/144 1440/1589/1212 1322/1588/122
f 1517/1618/147 1523/1598/130 1425/1599/131 1419/1619/148
f 1515/1620/116 1509/1621/149 1415/1622/150 1421/1623/117
f 1509/1621/149 1503/1616/145 1409/1617/146 1415/1622/150
f 1499/1624/151 1505/1625/152 1407/1626/153 1401/1627/154
f 1493/1628/155 1499/1624/151 1401/1627/154 1395/1629/156
f 1481/1555/90 1487/1630/157 1389/1631/158 1536/1556/91
f 1491/1591/125 1485/1586/120 1391/1587/121 1397/1592/126
f 1539/1457/1188 1545/1632/1215 1547/1633/1216 1541/1458/7
f 1545/1632/1215 1551/1634/161 1553/1635/162 1547/1633/1216
f 1551/1634/161 1557/1636/1217 1559/1637/164 1553/1635/162
f 1557/1636/1217 1563/1638/165 1565/1639/166 1559/1637/164
f 1563/1638/165 1569/1640/167 1571/1641/168 1565/1639/166
f 1569/1640/167 1575/1642/1218 1578/1643/1219 1571/1641/168
f 1324/1644/171 1326/1645/172 1634/1646/173 1628/1647/174
f 1437/1576/110 1529/1452/1 1431/1455/4 1574/1577/111
f 1460/1597/129 2071/1596/115 2069/1648/9 1454/1649/175
f 1398/1650/176 1392/1651/177 1388/1652/178 1394/1653/179
f 1404/1609/140 1398/1650/176 1394/1653/179 1400/1610/141
f 1422/1654/1208 1416/1655/1220 1412/1656/181 1418/1657/1209
f 1318/1581/115 1464/1580/114 1458/1658/182 1319/1659/9
f 1511/1660/183 1517/1661/147 1419/1662/148 1413/1663/184
f 1454/1649/175 2069/1648/9 2067/1605/12 1448/1604/136
f 1392/1651/177 1533/1456/5 1535/1459/8 1388/1652/178
f 1478/1481/28 2077/1480/27 2075/1664/132 1472/1665/185
f 1416/1655/1220 1410/1608/139 1406/1611/142 1412/1656/181
f 1319/1659/9 1458/1658/182 1452/1613/143 1320/1612/12
f 1505/1625/152 1511/1660/183 1413/1663/184 1407/1626/153
f 1442/1607/138 2062/1606/137 2064/1666/122 1436/1667/186
f 1315/1553/27 1482/1552/88 1476/1601/133 1316/1600/132
f 1575/1642/1218 1430/1602/1213 1433/1603/1214 1578/1643/1219
f 1472/1665/185 2075/1664/132 2074/1595/112 1466/1594/128
f 1346/1668/187 1340/1669/188 1629/1670/189 1635/1671/190
f 1343/1511/58 1341/1514/61 1580/1517/62 1584/1512/59
f 1352/1672/191 1349/1673/1221 1638/1674/1222 1641/1675/194
f 1355/1676/195 1352/1672/191 1641/1675/194 1644/1677/1223
f 1358/1678/1224 1355/1676/195 1644/1677/1223 1647/1679/1225
f 1361/1680/1226 1358/1678/1224 1647/1679/1225 1650/1681/200
f 1364/1682/1227 1361/1680/1226 1650/1681/200 1653/1683/202
f 1367/1684/203 1364/1682/1227 1653/1683/202 1656/1685/204
f 1370/1686/1228 1367/1684/203 1656/1685/204 1659/1687/206
f 1373/1688/207 1370/1686/1228 1659/1687/206 1662/1689/208
f 1376/1690/209 1373/1688/207 1662/1689/208 1665/1691/210
f 1379/1692/1229 1376/1690/209 1665/1691/210 1668/1693/1230
f 1382/1694/213 1379/1692/1229 1668/1693/1230 1671/1695/1231
f 1385/1505/1197 1382/1694/213 1671/1695/1231 1674/1506/53
f 1487/1630/157 1493/1628/155 1395/1629/156 1389/1631/158
f 1349/1673/1221 1346/1668/187 1635/1671/190 1638/1674/1222
f 1339/1696/172 1325/1697/172 1632/1698/215 1673/1699/1232
f 1325/1697/172 1324/1644/171 1628/1647/174 1632/1698/215
f 1327/1700/217 1328/1701/172 1640/1702/218 1637/1703/1233
f 1328/1701/172 1329/1704/172 1643/1705/220 1640/1702/218
f 1329/1704/172 1330/1706/172 1646/1707/221 1643/1705/220
f 1330/1706/172 1331/1708/172 1649/1709/222 1646/1707/221
f 1331/1708/172 1332/1710/172 1652/1711/223 1649/1709/222
f 1332/1710/172 1333/1712/172 1655/1713/224 1652/1711/223
f 1333/1712/172 1334/1714/172 1658/1715/225 1655/1713/224
f 1334/1714/172 1335/1716/172 1661/1717/226 1658/1715/225
f 1335/1716/172 1336/1718/172 1664/1719/227 1661/1717/226
f 1336/1718/172 1337/1720/171 1667/1721/228 1664/1719/227
f 1337/1720/171 1338/1722/171 1670/1723/229 1667/1721/228
f 1338/1722/171 1339/1696/172 1673/1699/1232 1670/1723/229
f 1326/1645/172 1327/1700/217 1637/1703/1233 1634/1646/173
f 1323/1724/172 1324/1644/171 1325/1697/172
f 1323/1724/172 1326/1645/172 1324/1644/171
f 1323/1724/172 1327/1700/217 1326/1645/172
f 1323/1724/172 1328/1701/172 1327/1700/217
f 1323/1724/172 1329/1704/172 1328/1701/172
f 1323/1724/172 1330/1706/172 1329/1704/172
f 1323/1724/172 1331/1708/172 1330/1706/172
f 1323/1724/172 1332/1710/172 1331/1708/172
f 1323/1724/172 1333/1712/172 1332/1710/172
f 1323/1724/172 1334/1714/172 1333/1712/172
f 1323/1724/172 1335/1716/172 1334/1714/172
f 1323/1724/172 1336/1718/172 1335/1716/172
f 1323/1724/172 1337/1720/171 1336/1718/172
f 1323/1724/172 1338/1722/171 1337/1720/171
f 1323/1724/172 1339/1696/172 1338/1722/171
f 1323/1724/172 1325/1697/172 1339/1696/172
f 1581/1725/230 1583/1726/1234 1585/1727/1235 1582/1728/233
f 1582/1728/233 1585/1727/1235 1584/1512/59 1580/1517/62
f 1431/1455/4 1427/1454/3 1429/1729/1236 1432/1730/1237
f 1432/1730/1237 1429/1729/1236 1428/1572/1207 1430/1602/1213
f 1427/1454/3 1421/1583/117 1423/1731/1238 1429/1729/1236
f 1429/1729/1236 1423/1731/1238 1422/1573/1208 1428/1572/1207
f 1587/1732/1239 1581/1725/230 1582/1728/233 1588/1733/1240
f 1588/1733/1240 1582/1728/233 1580/1517/62 1586/1516/46
f 1421/1623/117 1415/1622/150 1417/1734/239 1423/1735/1238
f 1423/1735/1238 1417/1734/239 1416/1655/1220 1422/1654/1208
f 1590/1736/240 1587/1737/1239 1588/1738/1240 1591/1739/241
f 1591/1739/241 1588/1738/1240 1586/1499/46 1589/1498/45
f 1415/1622/150 1409/1617/146 1411/1740/242 1417/1734/239
f 1417/1734/239 1411/1740/242 1410/1608/139 1416/1655/1220
f 1593/1741/243 1590/1736/240 1591/1739/241 1594/1742/1241
f 1594/1742/1241 1591/1739/241 1589/1498/45 1592/1531/76
f 1409/1617/146 1403/1593/127 1405/1743/245 1411/1740/242
f 1411/1740/242 1405/1743/245 1404/1609/140 1410/1608/139
f 1596/1744/246 1593/1741/243 1594/1742/1241 1597/1745/1242
f 1597/1745/1242 1594/1742/1241 1592/1531/76 1595/1527/72
f 1403/1593/127 1397/1592/126 1399/1746/248 1405/1743/245
f 1405/1743/245 1399/1746/248 1398/1650/176 1404/1609/140
f 1599/1747/1243 1596/1744/246 1597/1745/1242 1600/1748/1244
f 1600/1748/1244 1597/1745/1242 1595/1527/72 1598/1523/68
f 1397/1592/126 1391/1587/121 1393/1749/1245 1399/1746/248
f 1399/1746/248 1393/1749/1245 1392/1651/177 1398/1650/176
f 1602/1750/252 1599/1747/1243 1600/1748/1244 1603/1751/253
f 1603/1751/253 1600/1748/1244 1598/1523/68 1601/1519/1199
f 1391/1587/121 1532/1485/32 1534/1752/254 1393/1749/1245
f 1393/1749/1245 1534/1752/254 1533/1456/5 1392/1651/177
f 1605/1753/255 1602/1750/252 1603/1751/253 1606/1754/256
f 1606/1754/256 1603/1751/253 1601/1519/1199 1604/1509/56
f 1532/1485/32 1538/1484/31 1540/1755/1246 1534/1752/254
f 1534/1752/254 1540/1755/1246 1539/1457/1188 1533/1456/5
f 1608/1756/258 1605/1753/255 1606/1754/256 1609/1757/259
f 1609/1757/259 1606/1754/256 1604/1509/56 1607/1503/50
f 1538/1484/31 1544/1487/34 1546/1758/1247 1540/1755/1246
f 1540/1755/1246 1546/1758/1247 1545/1632/1215 1539/1457/1188
f 1611/1759/1248 1608/1756/258 1609/1757/259 1612/1760/1249
f 1612/1760/1249 1609/1757/259 1607/1503/50 1610/1502/49
f 1544/1487/34 1550/1489/36 1552/1761/263 1546/1758/1247
f 1546/1758/1247 1552/1761/263 1551/1634/161 1545/1632/1215
f 1614/1762/264 1611/1759/1248 1612/1760/1249 1615/1763/1250
f 1615/1763/1250 1612/1760/1249 1610/1502/49 1613/1533/78
f 1550/1489/36 1556/1491/38 1558/1764/266 1552/1761/263
f 1552/1761/263 1558/1764/266 1557/1636/1217 1551/1634/161
f 1617/1461/10 1614/1762/264 1615/1763/1250 1618/1765/267
f 1618/1765/267 1615/1763/1250 1613/1533/78 1616/1529/74
f 1556/1491/38 1562/1493/40 1564/1766/1251 1558/1764/266
f 1558/1764/266 1564/1766/1251 1563/1638/165 1557/1636/1217
f 1620/1462/1189 1617/1461/10 1618/1765/267 1621/1767/1252
f 1621/1767/1252 1618/1765/267 1616/1529/74 1619/1525/70
f 1562/1493/40 1568/1495/1194 1570/1768/1253 1564/1766/1251
f 1564/1766/1251 1570/1768/1253 1569/1640/167 1563/1638/165
f 1623/1769/1254 1620/1462/1189 1621/1767/1252 1624/1770/1255
f 1624/1770/1255 1621/1767/1252 1619/1525/70 1622/1521/66
f 1568/1495/1194 1574/1577/111 1576/1771/1256 1570/1768/1253
f 1570/1768/1253 1576/1771/1256 1575/1642/1218 1569/1640/167
f 1626/1772/274 1623/1769/1254 1624/1770/1255 1627/1773/275
f 1627/1773/275 1624/1770/1255 1622/1521/66 1625/1513/60
f 1434/1585/1211 1577/1571/105 1579/1774/1257 1435/1775/1258
f 1435/1775/1258 1579/1774/1257 1578/1643/1219 1433/1603/1214
f 1583/1726/1234 1626/1772/274 1627/1773/275 1585/1727/1235
f 1585/1727/1235 1627/1773/275 1625/1513/60 1584/1512/59
f 1425/1599/131 1434/1585/1211 1435/1775/1258 1426/1776/1259
f 1426/1776/1259 1435/1775/1258 1433/1603/1214 1424/1575/1210
f 1419/1619/148 1425/1599/131 1426/1776/1259 1420/1777/279
f 1420/1777/279 1426/1776/1259 1424/1575/1210 1418/1574/1209
f 1413/1663/184 1419/1662/148 1420/1778/279 1414/1779/280
f 1414/1779/280 1420/1778/279 1418/1657/1209 1412/1656/181
f 1407/1626/153 1413/1663/184 1414/1779/280 1408/1780/281
f 1408/1780/281 1414/1779/280 1412/1656/181 1406/1611/142
f 1401/1627/154 1407/1626/153 1408/1780/281 1402/1781/1260
f 1402/1781/1260 1408/1780/281 1406/1611/142 1400/1610/141
f 1395/1629/156 1401/1627/154 1402/1781/1260 1396/1782/1261
f 1396/1782/1261 1402/1781/1260 1400/1610/141 1394/1653/179
f 1389/1631/158 1395/1629/156 1396/1782/1261 1390/1783/284
f 1390/1783/284 1396/1782/1261 1394/1653/179 1388/1652/178
f 1536/1556/91 1389/1631/158 1390/1783/284 1537/1784/285
f 1537/1784/285 1390/1783/284 1388/1652/178 1535/1459/8
f 1542/1557/1203 1536/1556/91 1537/1784/285 1543/1785/1262
f 1543/1785/1262 1537/1784/285 1535/1459/8 1541/1458/7
f 1548/1559/1204 1542/1557/1203 1543/1785/1262 1549/1786/1263
f 1549/1786/1263 1543/1785/1262 1541/1458/7 1547/1633/1216
f 1554/1561/96 1548/1559/1204 1549/1786/1263 1555/1787/288
f 1555/1787/288 1549/1786/1263 1547/1633/1216 1553/1635/162
f 1560/1563/98 1554/1561/96 1555/1787/288 1561/1788/289
f 1561/1788/289 1555/1787/288 1553/1635/162 1559/1637/164
f 1566/1565/100 1560/1563/98 1561/1788/289 1567/1789/290
f 1567/1789/290 1561/1788/289 1559/1637/164 1565/1639/166
f 1572/1567/102 1566/1565/100 1567/1789/290 1573/1790/1264
f 1573/1790/1264 1567/1789/290 1565/1639/166 1571/1641/168
f 1574/1577/111 1431/1455/4 1432/1730/1237 1576/1771/1256
f 1576/1771/1256 1432/1730/1237 1430/1602/1213 1575/1642/1218
f 1577/1571/105 1572/1567/102 1573/1790/1264 1579/1774/1257
f 1579/1774/1257 1573/1790/1264 1571/1641/168 1578/1643/1219
f 1530/1568/1206 1520/1464/1190 1522/1791/292 1531/1792/1265
f 1531/1792/1265 1522/1791/292 1521/1453/2 1529/1452/1
f 1524/1536/1202 1526/1535/1201 1528/1793/1266 1525/1794/1267
f 1525/1794/1267 1528/1793/1266 1527/1584/118 1523/1598/130
f 1520/1464/1190 1514/1467/1191 1516/1795/1268 1522/1791/292
f 1522/1791/292 1516/1795/1268 1515/1582/116 1521/1453/2
f 1518/1538/82 1524/1536/1202 1525/1794/1267 1519/1796/1269
f 1519/1796/1269 1525/1794/1267 1523/1598/130 1517/1618/147
f 1514/1468/1191 1508/1471/1192 1510/1797/298 1516/1798/1268
f 1516/1798/1268 1510/1797/298 1509/1621/149 1515/1620/116
f 1512/1542/83 1518/1541/82 1519/1799/1269 1513/1800/1270
f 1513/1800/1270 1519/1799/1269 1517/1661/147 1511/1660/183
f 1508/1471/1192 1502/1473/20 1504/1801/1271 1510/1797/298
f 1510/1797/298 1504/1801/1271 1503/1616/145 1509/1621/149
f 1506/1544/84 1512/1542/83 1513/1800/1270 1507/1802/301
f 1507/1802/301 1513/1800/1270 1511/1660/183 1505/1625/152
f 1502/1473/20 1496/1475/22 1498/1803/1272 1504/1801/1271
f 1504/1801/1271 1498/1803/1272 1497/1590/124 1503/1616/145
f 1500/1546/85 1506/1544/84 1507/1802/301 1501/1804/303
f 1501/1804/303 1507/1802/301 1505/1625/152 1499/1624/151
f 1496/1475/22 1490/1477/24 1492/1805/1273 1498/1803/1272
f 1498/1803/1272 1492/1805/1273 1491/1591/125 1497/1590/124
f 1494/1548/86 1500/1546/85 1501/1804/303 1495/1806/305
f 1495/1806/305 1501/1804/303 1499/1624/151 1493/1628/155
f 1490/1477/24 1484/1479/1193 1486/1807/1274 1492/1805/1273
f 1492/1805/1273 1486/1807/1274 1485/1586/120 1491/1591/125
f 1488/1550/87 1494/1548/86 1495/1806/305 1489/1808/307
f 1489/1808/307 1495/1806/305 1493/1628/155 1487/1630/157
f 1484/1479/1193 1478/1481/28 1480/1809/1275 1486/1807/1274
f 1486/1807/1274 1480/1809/1275 1479/1482/29 1485/1586/120
f 1482/1552/88 1488/1550/87 1489/1808/307 1483/1810/309
f 1483/1810/309 1489/1808/307 1487/1630/157 1481/1555/90
f 1478/1481/28 1472/1665/185 1474/1811/1276 1480/1809/1275
f 1480/1809/1275 1474/1811/1276 1473/1483/30 1479/1482/29
f 1476/1601/133 1482/1552/88 1483/1810/309 1477/1812/1277
f 1477/1812/1277 1483/1810/309 1481/1555/90 1475/1554/89
f 1472/1665/185 1466/1594/128 1468/1813/1278 1474/1811/1276
f 1474/1811/1276 1468/1813/1278 1467/1486/33 1473/1483/30
f 1470/1579/113 1476/1601/133 1477/1812/1277 1471/1814/313
f 1471/1814/313 1477/1812/1277 1475/1554/89 1469/1558/93
f 1466/1594/128 1460/1597/129 1462/1815/1279 1468/1813/1278
f 1468/1813/1278 1462/1815/1279 1461/1488/35 1467/1486/33
f 1464/1580/114 1470/1579/113 1471/1814/313 1465/1816/1280
f 1465/1816/1280 1471/1814/313 1469/1558/93 1463/1560/1205
f 1460/1597/129 1454/1649/175 1456/1817/1281 1462/1815/1279
f 1462/1815/1279 1456/1817/1281 1455/1490/37 1461/1488/35
f 1458/1658/182 1464/1580/114 1465/1816/1280 1459/1818/317
f 1459/1818/317 1465/1816/1280 1463/1560/1205 1457/1562/97
f 1454/1649/175 1448/1604/136 1450/1819/318 1456/1817/1281
f 1456/1817/1281 1450/1819/318 1449/1492/39 1455/1490/37
f 1452/1613/143 1458/1658/182 1459/1818/317 1453/1820/1282
f 1453/1820/1282 1459/1818/317 1457/1562/97 1451/1564/99
f 1448/1604/136 1442/1607/138 1444/1821/320 1450/1819/318
f 1450/1819/318 1444/1821/320 1443/1494/41 1449/1492/39
f 1446/1614/144 1452/1613/143 1453/1820/1282 1447/1822/1283
f 1447/1822/1283 1453/1820/1282 1451/1564/99 1445/1566/101
f 1442/1607/138 1436/1667/186 1438/1823/322 1444/1821/320
f 1444/1821/320 1438/1823/322 1437/1576/110 1443/1494/41
f 1440/1589/1212 1446/1614/144 1447/1822/1283 1441/1824/1284
f 1441/1824/1284 1447/1822/1283 1445/1566/101 1439/1570/104
f 1436/1667/186 1530/1568/1206 1531/1792/1265 1438/1823/322
f 1438/1823/322 1531/1792/1265 1529/1452/1 1437/1576/110
f 1526/1535/1201 1440/1589/1212 1441/1824/1284 1528/1793/1266
f 1528/1793/1266 1441/1824/1284 1439/1570/104 1527/1584/118
f 1341/1514/61 1343/1511/58 1345/1825/1285 1342/1826/1286
f 1342/1827/1286 1345/1828/1285 1344/1504/51 1340/1669/188
f 1347/1515/43 1341/1514/61 1342/1826/1286 1348/1829/326
f 1348/1830/326 1342/1827/1286 1340/1669/188 1346/1668/187
f 1350/1497/44 1347/1496/43 1348/1831/326 1351/1832/1287
f 1351/1833/1287 1348/1830/326 1346/1668/187 1349/1673/1221
f 1353/1530/75 1350/1497/44 1351/1832/1287 1354/1834/328
f 1354/1835/328 1351/1833/1287 1349/1673/1221 1352/1672/191
f 1356/1526/71 1353/1530/75 1354/1834/328 1357/1836/1288
f 1357/1837/1288 1354/1835/328 1352/1672/191 1355/1676/195
f 1359/1522/1200 1356/1526/71 1357/1836/1288 1360/1838/330
f 1360/1839/330 1357/1837/1288 1355/1676/195 1358/1678/1224
f 1362/1518/1198 1359/1522/1200 1360/1838/330 1363/1840/1289
f 1363/1841/1289 1360/1839/330 1358/1678/1224 1361/1680/1226
f 1365/1508/55 1362/1518/1198 1363/1840/1289 1366/1842/332
f 1366/1843/332 1363/1841/1289 1361/1680/1226 1364/1682/1227
f 1368/1500/1195 1365/1508/55 1366/1842/332 1369/1844/333
f 1369/1845/333 1366/1843/332 1364/1682/1227 1367/1684/203
f 1371/1501/1196 1368/1500/1195 1369/1844/333 1372/1846/334
f 1372/1847/334 1369/1845/333 1367/1684/203 1370/1686/1228
f 1374/1532/77 1371/1501/1196 1372/1846/334 1375/1848/335
f 1375/1849/335 1372/1847/334 1370/1686/1228 1373/1688/207
f 1377/1528/73 1374/1532/77 1375/1848/335 1378/1850/336
f 1378/1851/336 1375/1849/335 1373/1688/207 1376/1690/209
f 1380/1524/69 1377/1528/73 1378/1850/336 1381/1852/1290
f 1381/1853/1290 1378/1851/336 1376/1690/209 1379/1692/1229
f 1383/1520/65 1380/1524/69 1381/1852/1290 1384/1854/338
f 1384/1855/338 1381/1853/1290 1379/1692/1229 1382/1694/213
f 1386/1510/57 1383/1520/65 1384/1854/338 1387/1856/1291
f 1387/1857/1291 1384/1855/338 1382/1694/213 1385/1505/1197
f 1343/1511/58 1386/1510/57 1387/1856/1291 1345/1825/1285
f 1345/1828/1285 1387/1857/1291 1385/1505/1197 1344/1504/51
f 1629/1670/189 1631/1507/54 1633/1858/340 1630/1859/341
f 1630/1859/341 1633/1858/340 1632/1698/215 1628/1647/174
f 1635/1671/190 1629/1670/189 1630/1859/341 1636/1860/1292
f 1636/1860/1292 1630/1859/341 1628/1647/174 1634/1646/173
f 1638/1674/1222 1635/1671/190 1636/1860/1292 1639/1861/1293
f 1639/1861/1293 1636/1860/1292 1634/1646/173 1637/1703/1233
f 1641/1675/194 1638/1674/1222 1639/1861/1293 1642/1862/1294
f 1642/1862/1294 1639/1861/1293 1637/1703/1233 1640/1702/218
f 1644/1677/1223 1641/1675/194 1642/1862/1294 1645/1863/1295
f 1645/1863/1295 1642/1862/1294 1640/1702/218 1643/1705/220
f 1647/1679/1225 1644/1677/1223 1645/1863/1295 1648/1864/1296
f 1648/1864/1296 1645/1863/1295 1643/1705/220 1646/1707/221
f 1650/1681/200 1647/1679/1225 1648/1864/1296 1651/1865/347
f 1651/1865/347 1648/1864/1296 1646/1707/221 1649/1709/222
f 1653/1683/202 1650/1681/200 1651/1865/347 1654/1866/1297
f 1654/1866/1297 1651/1865/347 1649/1709/222 1652/1711/223
f 1656/1685/204 1653/1683/202 1654/1866/1297 1657/1867/1298
f 1657/1867/1298 1654/1866/1297 1652/1711/223 1655/1713/224
f 1659/1687/206 1656/1685/204 1657/1867/1298 1660/1868/350
f 1660/1868/350 1657/1867/1298 1655/1713/224 1658/1715/225
f 1662/1689/208 1659/1687/206 1660/1868/350 1663/1869/1299
f 1663/1869/1299 1660/1868/350 1658/1715/225 1661/1717/226
f 1665/1691/210 1662/1689/208 1663/1869/1299 1666/1870/1300
f 1666/1870/1300 1663/1869/1299 1661/1717/226 1664/1719/227
f 1668/1693/1230 1665/1691/210 1666/1870/1300 1669/1871/353
f 1669/1871/353 1666/1870/1300 1664/1719/227 1667/1721/228
f 1671/1695/1231 1668/1693/1230 1669/1871/353 1672/1872/1301
f 1672/1872/1301 1669/1871/353 1667/1721/228 1670/1723/229
f 1674/1506/53 1671/1695/1231 1672/1872/1301 1675/1873/1302
f 1675/1873/1302 1672/1872/1301 1670/1723/229 1673/1699/1232
f 1631/1507/54 1674/1506/53 1675/1873/1302 1633/1858/340
f 1633/1858/340 1675/1873/1302 1673/1699/1232 1632/1698/215
f 1340/1669/188 1344/1504/51 1631/1507/54 1629/1670/189
f 1676/1874/27 1677/1875/27 1679/1876/23 1678/1877/23
f 1678/1877/23 1679/1876/23 1681/1878/19 1680/1879/19
f 1680/1879/19 1681/1878/19 1683/1880/15 1682/1881/15
f 1682/1881/15 1683/1880/15 1685/1882/79 1684/1883/79
f 1684/1883/79 1685/1882/79 1687/1884/137 1686/1885/137
f 1686/1885/137 1687/1884/137 1689/1886/9 1688/1887/9
f 1688/1887/9 1689/1886/9 1691/1888/112 1690/1889/112
f 1690/1889/112 1691/1888/112 1677/1890/27 1676/1891/27
f 1914/1892/356 1906/1893/1303 1812/1894/358 1816/1895/359
f 1918/1896/360 1924/1897/361 1926/1898/362 1920/1899/1304
f 1905/1900/1305 2094/1901/25 2095/1902/23 1899/1903/365
f 2119/1904/27 1968/1905/366 1966/1906/367 2093/1907/25
f 2097/1908/21 1975/1909/368 1978/1910/369 2099/1911/19
f 1893/1912/370 2098/1913/21 2100/1914/19 1887/1915/371
f 1887/1915/371 2100/1914/19 2101/1916/17 1881/1917/372
f 2103/1918/15 1984/1919/373 1987/1920/374 2105/1921/14
f 1875/1922/375 2104/1923/15 2106/1924/14 1869/1925/1306
f 1869/1925/1306 2106/1924/14 2108/1926/79 1863/1927/377
f 1864/1928/378 1858/1929/379 1923/1930/1307 1917/1931/1308
f 1858/1929/379 1852/1932/382 1929/1933/383 1923/1930/1307
f 1852/1932/382 1846/1934/384 1935/1935/1309 1929/1933/383
f 1846/1934/384 1840/1936/386 1941/1937/387 1935/1935/1309
f 1840/1936/386 1834/1938/1310 1947/1939/389 1941/1937/387
f 1834/1940/1310 1828/1941/390 1953/1942/1311 1947/1943/389
f 1732/1944/392 1735/1945/393 1974/1946/394 1971/1947/395
f 1753/1948/1312 1756/1949/397 1995/1950/398 1992/1951/399
f 1729/1952/1313 1770/1953/401 2059/1954/402 2016/1955/403
f 1750/1956/404 1753/1948/1312 1992/1951/399 1989/1957/405
f 1771/1958/406 1728/1959/407 1969/1960/408 2010/1961/409
f 1726/1962/410 1732/1944/392 1971/1947/395 1965/1963/411
f 1747/1964/412 1750/1956/404 1989/1957/405 1986/1965/413
f 1768/1966/414 1771/1958/406 2010/1961/409 2007/1967/415
f 1744/1968/416 1747/1964/412 1986/1965/413 1983/1969/417
f 1765/1970/418 1768/1966/414 2007/1967/415 2004/1971/419
f 1741/1972/420 1744/1968/416 1983/1969/417 1980/1973/421
f 1762/1974/422 1765/1975/418 2004/1976/419 2001/1977/423
f 1738/1978/424 1741/1972/420 1980/1973/421 1977/1979/425
f 1759/1980/426 1762/1974/422 2001/1977/423 1998/1981/427
f 1735/1945/393 1738/1978/424 1977/1979/425 1974/1946/394
f 1756/1949/397 1759/1980/426 1998/1981/427 1995/1950/398
f 1692/1982/27 1911/1983/1314 1909/1984/1315 1693/1985/25
f 1693/1985/25 1909/1984/1315 1903/1986/430 1694/1987/23
f 1694/1987/23 1903/1986/430 1897/1988/431 1695/1989/21
f 1695/1989/21 1897/1988/431 1891/1990/432 1696/1991/19
f 1696/1991/19 1891/1990/432 1885/1992/433 1697/1993/17
f 1697/1993/17 1885/1992/433 1879/1994/434 1698/1995/15
f 1698/1995/15 1879/1994/434 1873/1996/1316 1699/1997/14
f 1699/1997/14 1873/1996/1316 1867/1998/436 1700/1999/79
f 1860/2000/437 1866/2001/438 1921/2002/439 1927/2003/440
f 1854/2004/441 1860/2000/437 1927/2003/440 1933/2005/1317
f 1848/2006/443 1854/2004/441 1933/2005/1317 1939/2007/444
f 1842/2008/445 1848/2006/443 1939/2007/444 1945/2009/446
f 1836/2010/447 1842/2008/445 1945/2009/446 1951/2011/1318
f 1830/2012/449 1836/2013/447 1951/2014/1318 1957/2015/450
f 1827/2016/451 2124/2017/112 2121/2018/132 1821/2019/452
f 1824/2020/453 1830/2012/449 1957/2015/450 1962/2021/454
f 1813/2022/455 1807/2023/1319 1803/2024/1320 1809/2025/1321
f 1828/1941/390 1822/2026/1322 1959/2027/460 1953/1942/1311
f 1702/2028/137 1855/2029/461 1849/2030/462 1703/2031/12
f 1906/1893/1303 1900/2032/463 1806/2033/464 1812/1894/358
f 1912/2034/465 1824/2020/453 1962/2021/454 1819/2035/1323
f 1870/2036/467 1864/1928/378 1917/1931/1308 1776/2037/1324
f 1707/2038/132 1825/2039/469 1911/1983/1314 1692/1982/27
f 1882/2040/470 1876/2041/471 1782/2042/472 1788/2043/473
f 1851/2044/474 2111/2045/137 2113/2046/12 1845/2047/475
f 1908/2048/476 1912/2034/465 1819/2035/1323 1810/2049/1325
f 1701/2050/122 1861/2051/1326 1855/2029/461 1702/2028/137
f 1815/2052/1327 1813/2022/455 1809/2025/1321 1818/2053/1328
f 1795/2054/481 1789/2055/1329 1785/2056/483 1791/2057/484
f 1705/2058/115 1837/2059/485 1831/2060/486 1706/2061/112
f 1888/2062/487 1882/2040/470 1788/2043/473 1794/2063/488
f 1706/2061/112 1831/2060/486 1825/2039/469 1707/2038/132
f 1902/2064/489 1908/2048/476 1810/2049/1325 1804/2065/490
f 1900/2032/463 1894/2066/491 1800/2067/492 1806/2033/464
f 1894/2066/491 1888/2062/487 1794/2063/488 1800/2067/492
f 1884/2068/493 1890/2069/494 1792/2070/495 1786/2071/496
f 1878/2072/497 1884/2068/493 1786/2071/496 1780/2073/498
f 1866/2001/438 1872/2074/499 1774/2075/500 1921/2002/439
f 1876/2041/471 1870/2036/467 1776/2037/1324 1782/2042/472
f 1924/1897/361 1930/2076/501 1932/2077/502 1926/1898/362
f 1930/2076/501 1936/2078/503 1938/2079/504 1932/2077/502
f 1936/2078/503 1942/2080/164 1944/2081/505 1938/2079/504
f 1942/2080/164 1948/2082/1330 1950/2083/1331 1944/2081/505
f 1948/2084/1330 1954/2085/1332 1956/2086/1333 1950/2087/1331
f 1954/2085/1332 1960/2088/510 1963/2089/1334 1956/2086/1333
f 1709/2090/512 1711/2091/513 2019/2092/514 2013/2093/515
f 1822/2026/1322 1914/1892/356 1816/1895/359 1959/2027/460
f 2115/2094/9 2002/2095/516 2005/2096/517 2118/2097/115
f 1783/2098/518 1777/2099/519 1773/2100/1335 1779/2101/521
f 1789/2055/1329 1783/2098/518 1779/2101/521 1785/2056/483
f 1807/2023/1319 1801/2102/522 1797/2103/1336 1803/2024/1320
f 1703/2031/12 1849/2030/462 1843/2104/524 1704/2105/9
f 1896/2106/525 1902/2064/489 1804/2065/490 1798/2107/526
f 1839/2108/1337 2116/2109/9 2117/2110/115 1833/2111/528
f 1777/2099/519 1918/1896/360 1920/1899/1304 1773/2100/1335
f 2110/2112/122 1993/2113/529 1996/2114/1338 2112/2115/137
f 1801/2102/522 1795/2054/481 1791/2057/484 1797/2103/1336
f 1704/2105/9 1843/2104/524 1837/2116/485 1705/2117/115
f 1890/2069/494 1896/2106/525 1798/2107/526 1792/2070/495
f 1821/2019/452 2121/2018/132 2120/2118/27 1915/2119/531
f 1700/1999/79 1867/1998/436 1861/2051/1326 1701/2050/122
f 1960/2088/510 1815/2052/1327 1818/2053/1328 1963/2089/1334
f 1857/2120/1339 2109/2121/122 2111/2045/137 1851/2044/474
f 1731/2122/533 1725/2123/1340 2014/2124/1341 2020/2125/1342
f 1728/1959/407 1726/1962/410 1965/1963/411 1969/1960/408
f 1737/2126/1343 1734/2127/538 2023/2128/1344 2026/2129/1345
f 1740/2130/541 1737/2126/1343 2026/2129/1345 2029/2131/1346
f 1743/2132/543 1740/2130/541 2029/2131/1346 2032/2133/1347
f 1746/2134/545 1743/2132/543 2032/2133/1347 2035/2135/546
f 1749/2136/547 1746/2134/545 2035/2135/546 2038/2137/1348
f 1752/2138/1349 1749/2136/547 2038/2137/1348 2041/2139/550
f 1755/2140/551 1752/2138/1349 2041/2139/550 2044/2141/552
f 1758/2142/1350 1755/2140/551 2044/2141/552 2047/2143/554
f 1761/2144/555 1758/2142/1350 2047/2143/554 2050/2145/556
f 1764/2146/557 1761/2144/555 2050/2145/556 2053/2147/1351
f 1767/2148/559 1764/2146/557 2053/2147/1351 2056/2149/1352
f 1770/1953/401 1767/2148/559 2056/2149/1352 2059/1954/402
f 1872/2074/499 1878/2072/497 1780/2073/498 1774/2075/500
f 1734/2127/538 1731/2122/533 2020/2125/1342 2023/2128/1344
f 1724/2150/561 1710/2151/512 2017/2152/562 2058/2153/1353
f 1710/2151/512 1709/2090/512 2013/2093/515 2017/2152/562
f 1712/2154/512 1713/2155/564 2025/2156/565 2022/2157/566
f 1713/2155/564 1714/2158/561 2028/2159/567 2025/2156/565
f 1714/2158/561 1715/2160/513 2031/2161/568 2028/2159/567
f 1715/2160/513 1716/2162/513 2034/2163/569 2031/2161/568
f 1716/2162/513 1717/2164/512 2037/2165/1354 2034/2163/569
f 1717/2164/512 1718/2166/512 2040/2167/1355 2037/2165/1354
f 1718/2166/512 1719/2168/561 2043/2169/572 2040/2167/1355
f 1719/2168/561 1720/2170/512 2046/2171/573 2043/2169/572
f 1720/2170/512 1721/2172/574 2049/2173/575 2046/2171/573
f 1721/2172/574 1722/2174/513 2052/2175/576 2049/2173/575
f 1722/2174/513 1723/2176/561 2055/2177/577 2052/2175/576
f 1723/2176/561 1724/2150/561 2058/2153/1353 2055/2177/577
f 1711/2091/513 1712/2154/512 2022/2157/566 2019/2092/514
f 1708/2178/512 1709/2090/512 1710/2151/512
f 1708/2178/512 1711/2091/513 1709/2090/512
f 1708/2178/512 1712/2154/512 1711/2091/513
f 1708/2178/512 1713/2155/564 1712/2154/512
f 1708/2178/512 1714/2158/561 1713/2155/564
f 1708/2178/512 1715/2160/513 1714/2158/561
f 1708/2178/512 1716/2162/513 1715/2160/513
f 1708/2178/512 1717/2164/512 1716/2162/513
f 1708/2178/512 1718/2166/512 1717/2164/512
f 1708/2178/512 1719/2168/561 1718/2166/512
f 1708/2178/512 1720/2170/512 1719/2168/561
f 1708/2178/512 1721/2172/574 1720/2170/512
f 1708/2178/512 1722/2174/513 1721/2172/574
f 1708/2178/512 1723/2176/561 1722/2174/513
f 1708/2178/512 1724/2150/561 1723/2176/561
f 1708/2178/512 1710/2151/512 1724/2150/561
f 1966/1906/367 1968/1905/366 1970/2179/578 1967/2180/579
f 1967/2180/579 1970/2179/578 1969/1960/408 1965/1963/411
f 1816/1895/359 1812/1894/358 1814/2181/580 1817/2182/1356
f 1817/2182/1356 1814/2181/580 1813/2022/455 1815/2052/1327
f 1812/1894/358 1806/2033/464 1808/2183/1357 1814/2181/580
f 1814/2181/580 1808/2183/1357 1807/2023/1319 1813/2022/455
f 1972/2184/583 1966/1906/367 1967/2180/579 1973/2185/584
f 1973/2185/584 1967/2180/579 1965/1963/411 1971/1947/395
f 1806/2033/464 1800/2067/492 1802/2186/585 1808/2183/1357
f 1808/2183/1357 1802/2186/585 1801/2102/522 1807/2023/1319
f 1975/1909/368 1972/2184/583 1973/2185/584 1976/2187/586
f 1976/2187/586 1973/2185/584 1971/1947/395 1974/1946/394
f 1800/2067/492 1794/2063/488 1796/2188/1358 1802/2186/585
f 1802/2186/585 1796/2188/1358 1795/2054/481 1801/2102/522
f 1978/1910/369 1975/1909/368 1976/2187/586 1979/2189/588
f 1979/2189/588 1976/2187/586 1974/1946/394 1977/1979/425
f 1794/2063/488 1788/2043/473 1790/2190/589 1796/2188/1358
f 1796/2188/1358 1790/2190/589 1789/2055/1329 1795/2054/481
f 1981/2191/590 1978/1910/369 1979/2189/588 1982/2192/1359
f 1982/2192/1359 1979/2189/588 1977/1979/425 1980/1973/421
f 1788/2043/473 1782/2042/472 1784/2193/592 1790/2190/589
f 1790/2190/589 1784/2193/592 1783/2098/518 1789/2055/1329
f 1984/1919/373 1981/2191/590 1982/2192/1359 1985/2194/1360
f 1985/2194/1360 1982/2192/1359 1980/1973/421 1983/1969/417
f 1782/2042/472 1776/2037/1324 1778/2195/1361 1784/2193/592
f 1784/2193/592 1778/2195/1361 1777/2099/519 1783/2098/518
f 1987/1920/374 1984/1919/373 1985/2194/1360 1988/2196/595
f 1988/2196/595 1985/2194/1360 1983/1969/417 1986/1965/413
f 1776/2037/1324 1917/1931/1308 1919/2197/596 1778/2195/1361
f 1778/2195/1361 1919/2197/596 1918/1896/360 1777/2099/519
f 1990/2198/597 1987/1920/374 1988/2196/595 1991/2199/598
f 1991/2199/598 1988/2196/595 1986/1965/413 1989/1957/405
f 1917/1931/1308 1923/1930/1307 1925/2200/599 1919/2197/596
f 1919/2197/596 1925/2200/599 1924/1897/361 1918/1896/360
f 1993/2113/529 1990/2198/597 1991/2199/598 1994/2201/1362
f 1994/2201/1362 1991/2199/598 1989/1957/405 1992/1951/399
f 1923/1930/1307 1929/1933/383 1931/2202/1363 1925/2200/599
f 1925/2200/599 1931/2202/1363 1930/2076/501 1924/1897/361
f 1996/2114/1338 1993/2113/529 1994/2201/1362 1997/2203/1364
f 1997/2203/1364 1994/2201/1362 1992/1951/399 1995/1950/398
f 1929/1933/383 1935/1935/1309 1937/2204/603 1931/2202/1363
f 1931/2202/1363 1937/2204/603 1936/2078/503 1930/2076/501
f 1999/2205/604 1996/2114/1338 1997/2203/1364 2000/2206/1365
f 2000/2206/1365 1997/2203/1364 1995/1950/398 1998/1981/427
f 1935/1935/1309 1941/1937/387 1943/2207/1366 1937/2204/603
f 1937/2204/603 1943/2207/1366 1942/2080/164 1936/2078/503
f 2002/2095/516 1999/2205/604 2000/2206/1365 2003/2208/1367
f 2003/2208/1367 2000/2206/1365 1998/1981/427 2001/1977/423
f 1941/1937/387 1947/1939/389 1949/2209/608 1943/2207/1366
f 1943/2207/1366 1949/2209/608 1948/2082/1330 1942/2080/164
f 2005/2096/517 2002/2095/516 2003/2208/1367 2006/2210/609
f 2006/2210/609 2003/2208/1367 2001/1977/423 2004/1976/419
f 1947/1943/389 1953/1942/1311 1955/2211/1368 1949/2212/608
f 1949/2212/608 1955/2211/1368 1954/2085/1332 1948/2084/1330
f 2008/2213/611 2005/2214/517 2006/2215/609 2009/2216/1369
f 2009/2216/1369 2006/2215/609 2004/1971/419 2007/1967/415
f 1953/1942/1311 1959/2027/460 1961/2217/613 1955/2211/1368
f 1955/2211/1368 1961/2217/613 1960/2088/510 1954/2085/1332
f 2011/2218/614 2008/2213/611 2009/2216/1369 2012/2219/615
f 2012/2219/615 2009/2216/1369 2007/1967/415 2010/1961/409
f 1819/2035/1323 1962/2021/454 1964/2220/616 1820/2221/617
f 1820/2221/617 1964/2220/616 1963/2089/1334 1818/2053/1328
f 1968/1905/366 2011/2218/614 2012/2219/615 1970/2179/578
f 1970/2179/578 2012/2219/615 2010/1961/409 1969/1960/408
f 1810/2049/1325 1819/2035/1323 1820/2221/617 1811/2222/618
f 1811/2222/618 1820/2221/617 1818/2053/1328 1809/2025/1321
f 1804/2065/490 1810/2049/1325 1811/2222/618 1805/2223/619
f 1805/2223/619 1811/2222/618 1809/2025/1321 1803/2024/1320
f 1798/2107/526 1804/2065/490 1805/2223/619 1799/2224/620
f 1799/2224/620 1805/2223/619 1803/2024/1320 1797/2103/1336
f 1792/2070/495 1798/2107/526 1799/2224/620 1793/2225/621
f 1793/2225/621 1799/2224/620 1797/2103/1336 1791/2057/484
f 1786/2071/496 1792/2070/495 1793/2225/621 1787/2226/622
f 1787/2226/622 1793/2225/621 1791/2057/484 1785/2056/483
f 1780/2073/498 1786/2071/496 1787/2226/622 1781/2227/1370
f 1781/2227/1370 1787/2226/622 1785/2056/483 1779/2101/521
f 1774/2075/500 1780/2073/498 1781/2227/1370 1775/2228/1371
f 1775/2228/1371 1781/2227/1370 1779/2101/521 1773/2100/1335
f 1921/2002/439 1774/2075/500 1775/2228/1371 1922/2229/1372
f 1922/2229/1372 1775/2228/1371 1773/2100/1335 1920/1899/1304
f 1927/2003/440 1921/2002/439 1922/2229/1372 1928/2230/626
f 1928/2230/626 1922/2229/1372 1920/1899/1304 1926/1898/362
f 1933/2005/1317 1927/2003/440 1928/2230/626 1934/2231/1373
f 1934/2231/1373 1928/2230/626 1926/1898/362 1932/2077/502
f 1939/2007/444 1933/2005/1317 1934/2231/1373 1940/2232/628
f 1940/2232/628 1934/2231/1373 1932/2077/502 1938/2079/504
f 1945/2009/446 1939/2007/444 1940/2232/628 1946/2233/629
f 1946/2233/629 1940/2232/628 1938/2079/504 1944/2081/505
f 1951/2011/1318 1945/2009/446 1946/2233/629 1952/2234/630
f 1952/2234/630 1946/2233/629 1944/2081/505 1950/2083/1331
f 1957/2015/450 1951/2014/1318 1952/2235/630 1958/2236/1374
f 1958/2236/1374 1952/2235/630 1950/2087/1331 1956/2086/1333
f 1959/2027/460 1816/1895/359 1817/2182/1356 1961/2217/613
f 1961/2217/613 1817/2182/1356 1815/2052/1327 1960/2088/510
f 1962/2021/454 1957/2015/450 1958/2236/1374 1964/2220/616
f 1964/2220/616 1958/2236/1374 1956/2086/1333 1963/2089/1334
f 1915/2119/531 1905/1900/1305 1907/2237/1375 1916/2238/1376
f 1916/2238/1376 1907/2237/1375 1906/1893/1303 1914/1892/356
f 1909/1984/1315 1911/1983/1314 1913/2239/1377 1910/2240/1378
f 1910/2240/1378 1913/2239/1377 1912/2034/465 1908/2048/476
f 1905/1900/1305 1899/1903/365 1901/2241/636 1907/2237/1375
f 1907/2237/1375 1901/2241/636 1900/2032/463 1906/1893/1303
f 1903/1986/430 1909/1984/1315 1910/2240/1378 1904/2242/637
f 1904/2242/637 1910/2240/1378 1908/2048/476 1902/2064/489
f 1899/1903/365 1893/1912/370 1895/2243/638 1901/2241/636
f 1901/2241/636 1895/2243/638 1894/2066/491 1900/2032/463
f 1897/1988/431 1903/1986/430 1904/2242/637 1898/2244/639
f 1898/2244/639 1904/2242/637 1902/2064/489 1896/2106/525
f 1893/1912/370 1887/1915/371 1889/2245/1379 1895/2243/638
f 1895/2243/638 1889/2245/1379 1888/2062/487 1894/2066/491
f 1891/1990/432 1897/1988/431 1898/2244/639 1892/2246/641
f 1892/2246/641 1898/2244/639 1896/2106/525 1890/2069/494
f 1887/1915/371 1881/1917/372 1883/2247/642 1889/2245/1379
f 1889/2245/1379 1883/2247/642 1882/2040/470 1888/2062/487
f 1885/1992/433 1891/1990/432 1892/2246/641 1886/2248/643
f 1886/2248/643 1892/2246/641 1890/2069/494 1884/2068/493
f 1881/1917/372 1875/1922/375 1877/2249/1380 1883/2247/642
f 1883/2247/642 1877/2249/1380 1876/2041/471 1882/2040/470
f 1879/1994/434 1885/1992/433 1886/2248/643 1880/2250/1381
f 1880/2250/1381 1886/2248/643 1884/2068/493 1878/2072/497
f 1875/1922/375 1869/1925/1306 1871/2251/1382 1877/2249/1380
f 1877/2249/1380 1871/2251/1382 1870/2036/467 1876/2041/471
f 1873/1996/1316 1879/1994/434 1880/2250/1381 1874/2252/1383
f 1874/2252/1383 1880/2250/1381 1878/2072/497 1872/2074/499
f 1869/1925/1306 1863/1927/377 1865/2253/1384 1871/2251/1382
f 1871/2251/1382 1865/2253/1384 1864/1928/378 1870/2036/467
f 1867/1998/436 1873/1996/1316 1874/2252/1383 1868/2254/649
f 1868/2254/649 1874/2252/1383 1872/2074/499 1866/2001/438
f 1863/1927/377 1857/2120/1339 1859/2255/650 1865/2253/1384
f 1865/2253/1384 1859/2255/650 1858/1929/379 1864/1928/378
f 1861/2051/1326 1867/1998/436 1868/2254/649 1862/2256/1385
f 1862/2256/1385 1868/2254/649 1866/2001/438 1860/2000/437
f 1857/2120/1339 1851/2044/474 1853/2257/652 1859/2255/650
f 1859/2255/650 1853/2257/652 1852/1932/382 1858/1929/379
f 1855/2029/461 1861/2051/1326 1862/2256/1385 1856/2258/1386
f 1856/2258/1386 1862/2256/1385 1860/2000/437 1854/2004/441
f 1851/2044/474 1845/2047/475 1847/2259/654 1853/2257/652
f 1853/2257/652 1847/2259/654 1846/1934/384 1852/1932/382
f 1849/2030/462 1855/2029/461 1856/2258/1386 1850/2260/1387
f 1850/2260/1387 1856/2258/1386 1854/2004/441 1848/2006/443
f 1845/2047/475 1839/2108/1337 1841/2261/656 1847/2259/654
f 1847/2259/654 1841/2261/656 1840/1936/386 1846/1934/384
f 1843/2104/524 1849/2030/462 1850/2260/1387 1844/2262/657
f 1844/2262/657 1850/2260/1387 1848/2006/443 1842/2008/445
f 1839/2108/1337 1833/2111/528 1835/2263/658 1841/2261/656
f 1841/2261/656 1835/2263/658 1834/1938/1310 1840/1936/386
f 1837/2116/485 1843/2104/524 1844/2262/657 1838/2264/1388
f 1838/2264/1388 1844/2262/657 1842/2008/445 1836/2010/447
f 1833/2265/528 1827/2016/451 1829/2266/1389 1835/2267/658
f 1835/2267/658 1829/2266/1389 1828/1941/390 1834/1940/1310
f 1831/2060/486 1837/2059/485 1838/2268/1388 1832/2269/1390
f 1832/2269/1390 1838/2268/1388 1836/2013/447 1830/2012/449
f 1827/2016/451 1821/2019/452 1823/2270/1391 1829/2266/1389
f 1829/2266/1389 1823/2270/1391 1822/2026/1322 1828/1941/390
f 1825/2039/469 1831/2060/486 1832/2269/1390 1826/2271/663
f 1826/2271/663 1832/2269/1390 1830/2012/449 1824/2020/453
f 1821/2019/452 1915/2119/531 1916/2238/1376 1823/2270/1391
f 1823/2270/1391 1916/2238/1376 1914/1892/356 1822/2026/1322
f 1911/1983/1314 1825/2039/469 1826/2271/663 1913/2239/1377
f 1913/2239/1377 1826/2271/663 1824/2020/453 1912/2034/465
f 1726/1962/410 1728/1959/407 1730/2272/1392 1727/2273/1393
f 1727/2274/1393 1730/2275/1392 1729/1952/1313 1725/2123/1340
f 1732/1944/392 1726/1962/410 1727/2273/1393 1733/2276/1394
f 1733/2277/1394 1727/2274/1393 1725/2123/1340 1731/2122/533
f 1735/1945/393 1732/1944/392 1733/2276/1394 1736/2278/1395
f 1736/2279/1395 1733/2277/1394 1731/2122/533 1734/2127/538
f 1738/1978/424 1735/1945/393 1736/2278/1395 1739/2280/668
f 1739/2281/668 1736/2279/1395 1734/2127/538 1737/2126/1343
f 1741/1972/420 1738/1978/424 1739/2280/668 1742/2282/1396
f 1742/2283/1396 1739/2281/668 1737/2126/1343 1740/2130/541
f 1744/1968/416 1741/1972/420 1742/2282/1396 1745/2284/1397
f 1745/2285/1397 1742/2283/1396 1740/2130/541 1743/2132/543
f 1747/1964/412 1744/1968/416 1745/2284/1397 1748/2286/671
f 1748/2287/671 1745/2285/1397 1743/2132/543 1746/2134/545
f 1750/1956/404 1747/1964/412 1748/2286/671 1751/2288/1398
f 1751/2289/1398 1748/2287/671 1746/2134/545 1749/2136/547
f 1753/1948/1312 1750/1956/404 1751/2288/1398 1754/2290/1399
f 1754/2291/1399 1751/2289/1398 1749/2136/547 1752/2138/1349
f 1756/1949/397 1753/1948/1312 1754/2290/1399 1757/2292/674
f 1757/2293/674 1754/2291/1399 1752/2138/1349 1755/2140/551
f 1759/1980/426 1756/1949/397 1757/2292/674 1760/2294/1400
f 1760/2295/1400 1757/2293/674 1755/2140/551 1758/2142/1350
f 1762/1974/422 1759/1980/426 1760/2294/1400 1763/2296/676
f 1763/2297/676 1760/2295/1400 1758/2142/1350 1761/2144/555
f 1765/1975/418 1762/1974/422 1763/2296/676 1766/2298/1401
f 1766/2299/1401 1763/2297/676 1761/2144/555 1764/2146/557
f 1768/1966/414 1765/1970/418 1766/2300/1401 1769/2301/678
f 1769/2302/678 1766/2299/1401 1764/2146/557 1767/2148/559
f 1771/1958/406 1768/1966/414 1769/2301/678 1772/2303/679
f 1772/2304/679 1769/2302/678 1767/2148/559 1770/1953/401
f 1728/1959/407 1771/1958/406 1772/2303/679 1730/2272/1392
f 1730/2275/1392 1772/2304/679 1770/1953/401 1729/1952/1313
f 2014/2124/1341 2016/1955/403 2018/2305/680 2015/2306/1402
f 2015/2306/1402 2018/2305/680 2017/2152/562 2013/2093/515
f 2020/2125/1342 2014/2124/1341 2015/2306/1402 2021/2307/682
f 2021/2307/682 2015/2306/1402 2013/2093/515 2019/2092/514
f 2023/2128/1344 2020/2125/1342 2021/2307/682 2024/2308/683
f 2024/2308/683 2021/2307/682 2019/2092/514 2022/2157/566
f 2026/2129/1345 2023/2128/1344 2024/2308/683 2027/2309/684
f 2027/2309/684 2024/2308/683 2022/2157/566 2025/2156/565
f 2029/2131/1346 2026/2129/1345 2027/2309/684 2030/2310/685
f 2030/2310/685 2027/2309/684 2025/2156/565 2028/2159/567
f 2032/2133/1347 2029/2131/1346 2030/2310/685 2033/2311/1403
f 2033/2311/1403 2030/2310/685 2028/2159/567 2031/2161/568
f 2035/2135/546 2032/2133/1347 2033/2311/1403 2036/2312/1404
f 2036/2312/1404 2033/2311/1403 2031/2161/568 2034/2163/569
f 2038/2137/1348 2035/2135/546 2036/2312/1404 2039/2313/1405
f 2039/2313/1405 2036/2312/1404 2034/2163/569 2037/2165/1354
f 2041/2139/550 2038/2137/1348 2039/2313/1405 2042/2314/1406
f 2042/2314/1406 2039/2313/1405 2037/2165/1354 2040/2167/1355
f 2044/2141/552 2041/2139/550 2042/2314/1406 2045/2315/1407
f 2045/2315/1407 2042/2314/1406 2040/2167/1355 2043/2169/572
f 2047/2143/554 2044/2141/552 2045/2315/1407 2048/2316/1408
f 2048/2316/1408 2045/2315/1407 2043/2169/572 2046/2171/573
f 2050/2145/556 2047/2143/554 2048/2316/1408 2051/2317/692
f 2051/2317/692 2048/2316/1408 2046/2171/573 2049/2173/575
f 2053/2147/1351 2050/2145/556 2051/2317/692 2054/2318/693
f 2054/2318/693 2051/2317/692 2049/2173/575 2052/2175/576
f 2056/2149/1352 2053/2147/1351 2054/2318/693 2057/2319/1409
f 2057/2319/1409 2054/2318/693 2052/2175/576 2055/2177/577
f 2059/1954/402 2056/2149/1352 2057/2319/1409 2060/2320/695
f 2060/2320/695 2057/2319/1409 2055/2177/577 2058/2153/1353
f 2016/1955/403 2059/1954/402 2060/2320/695 2018/2305/680
f 2018/2305/680 2060/2320/695 2058/2153/1353 2017/2152/562
f 1725/2123/1340 1729/1952/1313 2016/1955/403 2014/2124/1341
f 2068/1463/12 1620/1462/1189 1623/1769/1254 2061/2321/137
f 2078/2322/27 1605/1753/255 1608/1756/258 2076/2323/132
f 1436/1667/186 2064/1666/122 2066/1569/79 1530/1568/1206
f 2080/2324/25 1602/1750/252 1605/1753/255 2078/2322/27
f 2072/2325/115 1614/1762/264 1617/1461/10 2070/1460/9
f 2073/2326/112 1611/1759/1248 1614/1762/264 2072/2325/115
f 2061/2321/137 1623/1769/1254 1626/1772/274 2063/2327/122
f 2076/2323/132 1608/1756/258 1611/1759/1248 2073/2326/112
f 2063/2327/122 1626/1772/274 1583/1726/1234 2065/2328/79
f 2082/2329/23 1599/1747/1243 1602/1750/252 2080/2324/25
f 2084/2330/21 1596/1744/246 1599/1747/1243 2082/2329/23
f 2086/2331/19 1593/1741/243 1596/1744/246 2084/2330/21
f 2088/2332/17 1590/1736/240 1593/1741/243 2086/2331/19
f 2090/2333/15 1587/1737/1239 1590/1736/240 2088/2332/17
f 2092/2334/14 1581/1725/230 1587/1732/1239 2090/2335/15
f 2065/2328/79 1583/1726/1234 1581/1725/230 2092/2334/14
f 2076/2323/132 2073/2326/112 2074/1595/112 2075/1664/132
f 2068/1463/12 2061/2321/137 2062/1606/137 2067/1605/12
f 2078/2322/27 2076/2323/132 2075/1664/132 2077/1480/27
f 2070/1460/9 2068/1463/12 2067/1605/12 2069/1648/9
f 2072/2325/115 2070/1460/9 2069/1648/9 2071/1596/115
f 2061/2321/137 2063/2327/122 2064/1666/122 2062/1606/137
f 2073/2326/112 2072/2325/115 2071/1596/115 2074/1595/112
f 2063/2327/122 2065/2328/79 2066/1569/79 2064/1666/122
f 2080/2324/25 2078/2322/27 2077/1480/27 2079/1478/25
f 2082/2329/23 2080/2324/25 2079/1478/25 2081/1476/23
f 2084/2330/21 2082/2329/23 2081/1476/23 2083/1474/21
f 2086/2331/19 2084/2330/21 2083/1474/21 2085/1472/19
f 2088/2332/17 2086/2331/19 2085/1472/19 2087/1470/17
f 2090/2333/15 2088/2332/17 2087/1470/17 2089/1469/15
f 2092/2334/14 2090/2335/15 2089/1466/15 2091/1465/14
f 2065/2328/79 2092/2334/14 2091/1465/14 2066/1569/79
f 2112/2115/137 1996/2114/1338 1999/2205/604 2114/2336/12
f 2118/2337/115 2005/2214/517 2008/2213/611 2123/2338/112
f 2107/2339/79 1990/2198/597 1993/2113/529 2110/2112/122
f 1833/2265/528 2117/2340/115 2124/2017/112 1827/2016/451
f 2114/2336/12 1999/2205/604 2002/2095/516 2115/2094/9
f 2123/2338/112 2008/2213/611 2011/2218/614 2122/2341/132
f 1845/2047/475 2113/2046/12 2116/2109/9 1839/2108/1337
f 2122/2341/132 2011/2218/614 1968/1905/366 2119/1904/27
f 1863/1927/377 2108/1926/79 2109/2121/122 1857/2120/1339
f 2105/1921/14 1987/1920/374 1990/2198/597 2107/2339/79
f 2102/2342/17 1981/2191/590 1984/1919/373 2103/1918/15
f 1881/1917/372 2101/1916/17 2104/1923/15 1875/1922/375
f 2099/1911/19 1978/1910/369 1981/2191/590 2102/2342/17
f 2096/2343/23 1972/2184/583 1975/1909/368 2097/1908/21
f 1899/1903/365 2095/1902/23 2098/1913/21 1893/1912/370
f 2093/1907/25 1966/1906/367 1972/2184/583 2096/2343/23
f 2096/2343/23 2097/1908/21 2098/1913/21 2095/1902/23
f 2102/2342/17 2103/1918/15 2104/1923/15 2101/1916/17
f 2122/2341/132 2119/1904/27 2120/2118/27 2121/2018/132
f 2114/2336/12 2115/2094/9 2116/2109/9 2113/2046/12
f 2118/2337/115 2123/2338/112 2124/2017/112 2117/2340/115
f 2119/1904/27 2093/1907/25 2094/1901/25 2120/2118/27
f 2097/1908/21 2099/1911/19 2100/1914/19 2098/1913/21
f 2103/1918/15 2105/1921/14 2106/1924/14 2104/1923/15
f 2112/2115/137 2114/2336/12 2113/2046/12 2111/2045/137
f 2115/2094/9 2118/2097/115 2117/2110/115 2116/2109/9
f 2110/2112/122 2112/2115/137 2111/2045/137 2109/2121/122
f 2093/1907/25 2096/2343/23 2095/1902/23 2094/1901/25
f 2099/1911/19 2102/2342/17 2101/1916/17 2100/1914/19
f 2105/1921/14 2107/2339/79 2108/1926/79 2106/1924/14
f 2123/2338/112 2122/2341/132 2121/2018/132 2124/2017/112
f 2107/2339/79 2110/2112/122 2109/2121/122 2108/1926/79
f 1915/2119/531 2120/2118/27 2094/1901/25 1905/1900/1305
f 2125/2344/1410 2174/2345/1411 2421/2346/1412 2147/2347/512
f 2454/2348/1413 2467/2349/1414 2351/2350/1415 2204/2351/1416
f 3068/2352/1417 3063/2353/512 2127/2354/1418 2180/2355/1419
f 2241/2356/1420 2949/2357/1421 2951/2358/1422 2245/2359/1423
f 2342/2360/1424 2177/2361/1425 2391/2362/1426 2411/2363/1427
f 2424/2364/1428 2988/2365/9 2984/2366/1429 2172/2367/1430
f 2459/2368/1431 2149/2369/1432 2345/2370/1433 2219/2371/1434
f 2352/2372/1435 3000/2373/1436 2935/2374/1437 2205/2375/1438
f 2473/2376/1439 2457/2377/1440 2211/2378/1441 2355/2379/1442
f 2150/2380/1443 2462/2381/1444 2197/2382/1445 2349/2383/1446
f 2160/2384/1447 2583/2385/1448 2234/2386/1449 2367/2387/1450
f 2604/2388/1451 2593/2389/1452 2248/2390/1453 2361/2391/1454
f 2587/2392/1455 2596/2393/1456 2357/2394/1457 2227/2395/1458
f 2564/2396/1459 2982/2397/1460 3026/2398/1461 2532/2399/1462
f 2515/2400/1463 2995/2401/1464 3034/2402/1464 2486/2403/1465
f 2259/2404/1466 2141/2405/172 2518/2406/1467 2508/2407/1468
f 2333/2408/1469 2448/2409/1470 2654/2410/1471 2610/2411/1469
f 2161/2412/1472 2340/2413/1473 2406/2414/1474 2135/2415/1475
f 2136/2416/1476 2274/2417/1477 2561/2418/1478 2577/2419/1479
f 3051/2420/1480 3057/2421/1481 2396/2422/1482 2291/2423/1483
f 2897/2424/1484 2893/2425/1485 2159/2426/1485 2589/2427/1484
f 2894/2428/1486 2903/2429/1487 2583/2385/1448 2160/2384/1447
f 2303/2430/1488 2963/2431/1489 2966/2432/1490 2300/2433/1491
f 3046/2434/1492 3055/2435/1493 2399/2436/1494 2279/2437/1495
f 3058/2438/1496 3052/2439/1497 2298/2440/1498 2403/2441/1499
f 2307/2442/1500 2967/2443/1501 2969/2444/1502 2311/2445/1503
f 2489/2446/1504 2493/2447/1505 2429/2448/1506 2320/2449/1507
f 2331/2450/1508 2975/2451/1509 2978/2452/1510 2328/2453/1511
f 2430/2454/1512 3038/2455/1513 2977/2456/1510 2321/2457/1514
f 2499/2458/1515 2485/2459/1516 2314/2460/1517 2433/2461/1518
f 2910/2462/1427 2898/2463/1519 2593/2389/1452 2604/2388/1451
f 2138/2464/1485 2140/2465/1520 2131/2466/1521 2132/2467/1485
f 2904/2468/1522 2909/2469/1523 2596/2393/1456 2587/2392/1455
f 2448/2409/1470 2450/2470/1471 2643/2471/1470 2654/2410/1471
f 2148/2472/512 2417/2473/1524 2256/2474/1525 2129/2475/1526
f 2135/2476/1475 2136/2416/1476 2577/2419/1479 2570/2477/1527
f 2266/2478/1528 2134/2479/1529 2157/2480/1530 2557/2481/1531
f 2146/2482/512 2148/2472/512 2129/2475/1526 2130/2483/512
f 2228/2484/1532 2945/2485/1533 2948/2486/1534 2226/2487/1535
f 2159/2426/1485 2160/2384/1447 2367/2387/1450 2363/2488/1536
f 2589/2427/1484 2159/2426/1485 2363/2488/1536 2240/2489/1537
f 2596/2393/1456 2604/2388/1451 2361/2391/1454 2357/2394/1457
f 2456/2490/1538 2985/2491/1539 2941/2492/1540 2212/2493/1541
f 2467/2349/1414 2473/2376/1439 2355/2379/1442 2351/2350/1415
f 2220/2494/1542 2937/2495/1543 2939/2496/1544 2224/2497/1545
f 2360/2498/1546 3007/2499/17 3006/2500/17 2358/2501/1547
f 2180/2502/1419 2127/2503/1418 2137/2504/1548 2384/2505/1549
f 3063/2353/512 3064/2506/1550 2128/2507/1551 2127/2354/1418
f 2183/2508/1552 2926/2509/1553 2995/2401/1464 2515/2400/1463
f 2524/2510/1554 2498/2511/1555 2692/2512/1556 2685/2513/1557
f 2592/2514/1558 3010/2515/1559 2953/2516/1560 2246/2517/1561
f 2450/2470/1471 2370/2518/1471 2621/2519/1471 2643/2471/1470
f 2584/2520/1562 3004/2521/1563 2947/2522/1564 2232/2523/1565
f 2354/2524/1566 3001/2525/1436 3000/2373/1436 2352/2372/1435
f 3142/2526/1567 2472/2527/1568 2664/2528/1569 3146/2529/1570
f 2552/2530/1571 2544/2531/1572 2708/2532/1573 2721/2533/1574
f 2161/2534/1472 2135/2476/1475 2570/2477/1527 2567/2535/1575
f 2412/2536/1576 2414/2537/1577 2637/2538/1577 2648/2539/1576
f 2127/2503/1418 2128/2540/1551 2139/2541/1578 2137/2504/1548
f 2137/2504/1548 2139/2541/1578 2140/2465/1520 2138/2464/1485
f 2192/2542/1579 2925/2543/1553 2927/2544/1580 2196/2545/1581
f 2411/2363/1427 2391/2362/1426 2387/2546/1519 2415/2547/1427
f 3056/2548/1582 3045/2549/1583 2285/2550/1584 2394/2551/1585
f 2409/2552/1586 2405/2553/1587 2646/2554/1588 2633/2555/1589
f 3043/2556/1590 3060/2557/1591 2959/2558/1592 2286/2559/1593
f 3055/2435/1493 3058/2438/1496 2403/2441/1499 2399/2436/1494
f 2133/2560/1594 2167/2561/1595 2563/2562/1596 2158/2563/1597
f 2139/2541/1578 2133/2564/1594 2134/2565/1529 2140/2465/1520
f 3079/2566/1598 3073/2567/1599 2177/2568/1425 2342/2569/1424
f 2384/2505/1549 2137/2504/1548 2138/2464/1485 2382/2570/1600
f 2397/2571/1601 3028/2572/1602 2965/2573/1490 2292/2574/1603
f 2432/2575/1604 3031/2576/1513 3038/2455/1513 2430/2454/1512
f 2390/2577/1605 2991/2578/1559 3022/2579/1559 2388/2580/1606
f 3057/2421/1481 3056/2548/1582 2394/2551/1585 2396/2422/1482
f 2126/2581/1607 2125/2344/1410 2147/2347/512 2145/2582/1608
f 2145/2582/1608 2147/2347/512 2148/2472/512 2146/2482/512
f 2191/2583/1609 2143/2584/1610 2153/2585/1611 2505/2586/1612
f 2143/2587/1610 2145/2582/1608 2146/2482/512 2144/2588/512
f 2154/2589/512 2511/2590/1613 2479/2591/1614 2152/2592/512
f 2602/2593/1615 2595/2594/1616 2727/2595/1617 2734/2596/1618
f 3140/2597/1619 3125/2598/1620 2457/2377/1440 2473/2376/1439
f 2152/2592/512 2479/2591/1614 2326/2599/1621 2439/2600/1622
f 2151/2601/512 2152/2592/512 2439/2600/1622 2435/2602/1623
f 2483/2603/1624 2151/2601/512 2435/2602/1623 2306/2604/1625
f 2493/2447/1505 2499/2458/1515 2433/2461/1518 2429/2448/1506
f 2486/2403/1465 3034/2402/1464 2971/2605/1626 2312/2606/1627
f 2445/2607/1628 2441/2608/1629 2652/2609/1628 2639/2610/1628
f 3131/2611/1630 3139/2612/1631 2467/2349/1414 2454/2348/1413
f 2474/2613/1632 2466/2614/1633 2659/2615/1634 2665/2616/1635
f 3130/2617/1636 3123/2618/1637 2149/2369/1432 2459/2368/1431
f 2423/2619/1638 2442/2620/1639 2444/2621/1639 2427/2622/1640
f 2427/2622/1640 2444/2621/1639 2373/2623/1641 2254/2624/1640
f 2147/2347/512 2421/2346/1412 2417/2473/1524 2148/2472/512
f 3123/2618/1637 3124/2625/1642 2150/2380/1443 2149/2369/1432
f 3075/2626/1643 3090/2627/19 2989/2628/1644 2178/2629/1645
f 3143/2630/1646 3148/2631/1647 2666/2632/1648 2658/2633/1649
f 2932/2634/1650 2206/2635/1651 2209/2636/1652 2934/2637/1653
f 2171/2638/1654 2336/2639/1655 2442/2620/1639 2423/2619/1638
f 2142/2640/1656 2184/2641/1657 2514/2642/1658 2526/2643/1659
f 3127/2644/1660 3152/2645/1539 2985/2491/1539 2456/2490/1538
f 2191/2646/1609 2126/2581/1607 2145/2582/1608 2143/2587/1610
f 2153/2585/1611 2154/2589/512 2152/2592/512 2151/2601/512
f 3002/2647/1436 2346/2648/1661 2348/2649/1662 2999/2650/1436
f 2149/2369/1432 2150/2380/1443 2349/2383/1446 2345/2370/1433
f 2491/2651/1663 2517/2652/1664 2671/2653/1665 2678/2654/1666
f 2526/2643/1659 2514/2642/1658 2485/2459/1516 2499/2458/1515
f 2505/2586/1612 2153/2585/1611 2151/2601/512 2483/2603/1624
f 2508/2407/1468 2518/2406/1467 2493/2447/1505 2489/2446/1504
f 2275/2655/1667 3016/2656/1668 3018/2657/1669 2560/2658/1670
f 2144/2588/512 2146/2482/512 2130/2483/512 2263/2659/1671
f 3124/2625/1642 3136/2660/1672 2462/2381/1444 2150/2380/1443
f 2451/2661/1673 2141/2662/172 2259/2663/1466 2369/2664/1674
f 2334/2665/1675 2184/2666/1657 2142/2667/1656 2447/2668/1676
f 2144/2669/512 2263/2670/1671 2511/2590/1613 2154/2589/512
f 2519/2671/1677 2525/2672/1678 2687/2673/1679 2672/2674/1680
f 2202/2675/1681 2933/2676/1682 2936/2677/1437 2199/2678/1683
f 2143/2584/1610 2144/2669/512 2154/2589/512 2153/2585/1611
f 2157/2480/1530 2158/2563/1597 2156/2679/1684 2155/2680/1685
f 3020/2681/1559 2268/2682/1686 2895/2683/1687 3039/2684/1559
f 2372/2685/1628 2445/2607/1628 2639/2610/1628 2625/2686/1629
f 2577/2419/1479 2561/2418/1478 2540/2687/1688 2551/2688/1689
f 2543/2689/1690 2569/2690/1691 2699/2691/1692 2706/2692/1693
f 2567/2535/1575 2570/2477/1527 2545/2693/1694 2538/2694/1695
f 2557/2481/1531 2157/2480/1530 2155/2680/1685 2535/2695/1696
f 2987/2696/9 2420/2697/1697 2175/2698/1698 2983/2699/1429
f 3064/2506/1550 3071/2700/1699 2167/2701/1595 2128/2507/1551
f 2128/2540/1551 2167/2702/1595 2133/2564/1594 2139/2541/1578
f 2140/2465/1520 2134/2565/1529 2266/2703/1528 2131/2466/1521
f 2136/2704/1476 2408/2705/1700 2379/2706/1701 2274/2707/1477
f 2162/2708/1702 2919/2709/1703 2921/2710/1704 2165/2711/1705
f 2571/2712/1706 2576/2713/1707 2713/2714/1708 2700/2715/1709
f 2901/2716/1710 3042/2717/1563 3004/2521/1563 2584/2520/1562
f 2134/2479/1529 2133/2560/1594 2158/2563/1597 2157/2480/1530
f 2893/2425/1485 2894/2428/1486 2160/2384/1447 2159/2426/1485
f 2382/2570/1600 2138/2464/1485 2132/2467/1485 2269/2718/1711
f 2405/2553/1587 2339/2719/1712 2616/2720/1713 2646/2554/1588
f 2277/2721/1714 2955/2722/1715 2957/2723/1716 2280/2724/1717
f 2415/2547/1427 2387/2546/1519 2271/2725/1519 2375/2726/1718
f 2265/2727/1719 3015/2728/1668 3042/2717/1563 2901/2716/1710
f 2393/2729/1720 3024/2730/1721 3028/2572/1602 2397/2571/1601
f 2900/2731/1722 3040/2732/1559 3010/2515/1559 2592/2514/1558
f 2645/2733/1723 2649/2734/1724 2636/2735/1725 2634/2736/1726
f 2913/2737/1727 2918/2738/1728 2735/2739/1729 2729/2740/1730
f 2640/2741/1639 2642/2742/1598 2622/2743/1598 2624/2744/1731
f 3082/2745/1731 3087/2746/1598 2619/2747/1732 2615/2748/1733
f 2651/2749/1734 2655/2750/1735 2642/2742/1598 2640/2741/1639
f 2615/2751/1733 2619/2752/1732 2649/2734/1724 2645/2733/1723
f 2673/2753/1736 2686/2754/1737 2694/2755/1738 2679/2756/1739
f 2613/2757/1740 2609/2758/1741 2655/2750/1735 2651/2749/1734
f 2701/2759/1742 2715/2760/1743 2722/2761/1744 2707/2762/1745
f 2634/2736/1726 2636/2735/1725 2628/2763/1725 2630/2764/1726
f 3137/2765/1746 2333/2766/1469 2610/2767/1469 3145/2768/1746
f 2447/2668/1676 2142/2667/1656 2141/2662/172 2451/2661/1673
f 2343/2769/1747 2412/2536/1576 2648/2539/1576 2618/2770/1747
f 2262/2771/1748 2994/2772/1749 3013/2773/1750 2512/2774/1751
f 2441/2608/1629 2337/2775/1752 2612/2776/1753 2652/2609/1628
f 2135/2415/1475 2406/2414/1474 2408/2705/1700 2136/2704/1476
f 2578/2777/1754 2550/2778/1755 2720/2779/1756 2714/2780/1757
f 2378/2781/1758 2409/2552/1586 2633/2555/1589 2631/2782/1758
f 2158/2563/1597 2563/2562/1596 2531/2783/1759 2156/2679/1684
f 3117/2784/1760 2372/2685/1628 2625/2686/1629 3103/2785/1628
f 3081/2786/1471 2343/2787/1747 2618/2788/1747 3085/2789/1471
f 2907/2790/1758 2378/2781/1758 2631/2782/1758 2915/2791/1758
f 2426/2792/1761 3011/2793/9 2988/2365/9 2424/2364/1428
f 2912/2794/1762 2603/2795/1763 2736/2796/1763 2916/2797/1764
f 2500/2798/1765 2492/2799/1766 2680/2800/1767 2693/2801/1768
f 2414/2537/1577 2376/2802/1577 2627/2803/1577 2637/2538/1577
f 2141/2405/172 2142/2640/1656 2526/2643/1659 2518/2406/1467
f 2162/2708/1702 2165/2711/1705 2164/2804/1769
f 2163/2805/1770 2164/2806/1769 2165/2807/1705
f 2166/2808/1771 2169/2809/1772 2170/2810/1773
f 2168/2811/1774 2170/2812/1773 2169/2813/1772
f 2183/2814/1552 2186/2815/1775 2187/2816/1776 2189/2817/1777
f 2184/2818/1657 2188/2819/1778 2187/2820/1776 2186/2821/1775
f 2185/2822/1779 2189/2823/1777 2187/2824/1776 2188/2825/1778
f 2190/2826/1780 2193/2827/1781 2194/2828/1782 2196/2829/1581
f 2191/2830/1609 2195/2831/1783 2194/2832/1782 2193/2833/1781
f 2192/2542/1579 2196/2545/1581 2194/2834/1782 2195/2835/1783
f 2197/2382/1445 2200/2836/1784 2201/2837/1785 2203/2838/1786
f 2198/2839/1787 2202/2840/1681 2201/2841/1785 2200/2842/1784
f 2199/2678/1683 2203/2843/1786 2201/2844/1785 2202/2675/1681
f 2204/2351/1416 2207/2845/1788 2208/2846/1789 2210/2847/1790
f 2205/2375/1438 2209/2848/1652 2208/2849/1789 2207/2850/1788
f 2206/2635/1651 2210/2851/1790 2208/2852/1789 2209/2636/1652
f 2211/2378/1441 2214/2853/1791 2215/2854/1792 2217/2855/1793
f 2212/2493/1541 2216/2856/1794 2215/2857/1792 2214/2858/1791
f 2213/2859/1795 2217/2860/1793 2215/2861/1792 2216/2862/1794
f 2218/2863/1796 2221/2864/1797 2222/2865/1798 2224/2866/1545
f 2219/2371/1434 2223/2867/1799 2222/2868/1798 2221/2869/1797
f 2220/2494/1542 2224/2497/1545 2222/2870/1798 2223/2871/1799
f 2225/2872/1800 2228/2873/1532 2229/2874/1801 2231/2875/1802
f 2226/2487/1535 2230/2876/1803 2229/2877/1801 2228/2484/1532
f 2227/2395/1458 2231/2878/1802 2229/2879/1801 2230/2880/1803
f 2232/2523/1565 2235/2881/1804 2236/2882/1805 2238/2883/1806
f 2233/2884/1807 2237/2885/1808 2236/2886/1805 2235/2887/1804
f 2234/2386/1449 2238/2888/1806 2236/2889/1805 2237/2890/1808
f 2239/2891/1809 2242/2892/1810 2243/2893/1811 2245/2894/1423
f 2240/2489/1537 2244/2895/1812 2243/2896/1811 2242/2897/1810
f 2241/2356/1420 2245/2359/1423 2243/2898/1811 2244/2899/1812
f 2246/2517/1561 2249/2900/1813 2250/2901/1814 2252/2902/1815
f 2247/2903/1816 2251/2904/1817 2250/2905/1814 2249/2906/1813
f 2248/2390/1453 2252/2907/1815 2250/2908/1814 2251/2909/1817
f 2277/2721/1714 2280/2724/1717 2281/2910/1818 2283/2911/1819
f 2278/2912/1820 2282/2913/1821 2281/2914/1818 2280/2915/1717
f 2279/2437/1495 2283/2916/1819 2281/2917/1818 2282/2918/1821
f 2284/2919/1822 2287/2920/1823 2288/2921/1824 2290/2922/1825
f 2285/2550/1584 2289/2923/1826 2288/2924/1824 2287/2925/1823
f 2286/2559/1593 2290/2926/1825 2288/2927/1824 2289/2928/1826
f 2291/2423/1483 2294/2929/1827 2295/2930/1828 2297/2931/1829
f 2292/2574/1603 2296/2932/1830 2295/2933/1828 2294/2934/1827
f 2293/2935/1831 2297/2931/1829 2295/2930/1828 2296/2936/1830
f 2298/2440/1498 2301/2937/1832 2302/2938/1833 2304/2939/1834
f 2299/2940/1835 2303/2941/1488 2302/2942/1833 2301/2943/1832
f 2300/2433/1491 2304/2944/1834 2302/2945/1833 2303/2430/1488
f 2305/2946/1836 2308/2947/1837 2309/2948/1838 2311/2949/1503
f 2306/2604/1625 2310/2950/1839 2309/2951/1838 2308/2952/1837
f 2307/2442/1500 2311/2445/1503 2309/2953/1838 2310/2954/1839
f 2312/2606/1627 2315/2955/1840 2316/2956/1841 2318/2957/1842
f 2313/2958/1843 2317/2959/1844 2316/2960/1841 2315/2961/1840
f 2314/2460/1517 2318/2962/1842 2316/2963/1841 2317/2964/1844
f 2319/2965/1845 2322/2966/1846 2323/2967/1847 2325/2968/1848
f 2320/2449/1507 2324/2969/1849 2323/2970/1847 2322/2971/1846
f 2321/2457/1514 2325/2972/1848 2323/2973/1847 2324/2974/1849
f 2326/2599/1621 2329/2975/1850 2330/2976/1851 2332/2977/1852
f 2327/2978/1853 2331/2979/1508 2330/2980/1851 2329/2981/1850
f 2328/2453/1511 2332/2982/1852 2330/2983/1851 2331/2450/1508
f 2465/2984/1854 2468/2985/1855 2469/2986/1856 2471/2987/1857
f 2466/2614/1633 2470/2988/1858 2469/2986/1856 2468/2985/1855
f 2467/2349/1414 2471/2989/1857 2469/2990/1856 2470/2991/1858
f 2472/2527/1568 2475/2992/1859 2476/2993/1860 2478/2994/1861
f 2473/2376/1439 2477/2995/1862 2476/2996/1860 2475/2997/1859
f 2474/2613/1632 2478/2994/1861 2476/2993/1860 2477/2998/1862
f 2491/2651/1663 2494/2999/1863 2495/3000/1864 2497/3001/1865
f 2492/2799/1766 2496/3002/1866 2495/3000/1864 2494/2999/1863
f 2493/2447/1505 2497/3001/1865 2495/3000/1864 2496/3002/1866
f 2498/2511/1555 2501/3003/1867 2502/3004/1868 2504/3005/1869
f 2499/2458/1515 2503/3006/1870 2502/3004/1868 2501/3003/1867
f 2500/2798/1765 2504/3005/1869 2502/3004/1868 2503/3006/1870
f 2517/2652/1664 2520/3007/1871 2521/3008/1872 2523/3009/1873
f 2518/2406/1467 2522/3010/1874 2521/3008/1872 2520/3007/1871
f 2519/2671/1677 2523/3009/1873 2521/3008/1872 2522/3010/1874
f 2524/2510/1554 2527/3011/1875 2528/3012/1876 2530/3013/1877
f 2525/2672/1678 2529/3014/1878 2528/3012/1876 2527/3011/1875
f 2526/2643/1659 2530/3013/1877 2528/3012/1876 2529/3014/1878
f 2543/2689/1690 2546/3015/1879 2547/3016/1880 2549/3017/1881
f 2544/2531/1572 2548/3018/1882 2547/3016/1880 2546/3015/1879
f 2545/2693/1694 2549/3019/1881 2547/3020/1880 2548/3021/1882
f 2550/2778/1755 2553/3022/1883 2554/3023/1884 2556/3024/1885
f 2551/2688/1689 2555/3025/1886 2554/3026/1884 2553/3027/1883
f 2552/2530/1571 2556/3024/1885 2554/3023/1884 2555/3028/1886
f 2569/2690/1691 2572/3029/1887 2573/3030/1888 2575/3031/1889
f 2570/2477/1527 2574/3032/1890 2573/3033/1888 2572/3034/1887
f 2571/2712/1706 2575/3031/1889 2573/3030/1888 2574/3035/1890
f 2576/2713/1707 2579/3036/1891 2580/3037/1892 2582/3038/1893
f 2577/2419/1479 2581/3039/1894 2580/3040/1892 2579/3041/1891
f 2578/2777/1754 2582/3038/1893 2580/3037/1892 2581/3042/1894
f 2595/2594/1616 2598/3043/1895 2599/3044/1896 2601/3045/1897
f 2596/2393/1456 2600/3046/1898 2599/3047/1896 2598/3048/1895
f 2597/3049/1899 2601/3045/1897 2599/3044/1896 2600/3050/1898
f 2602/2593/1615 2605/3051/1900 2606/3052/1901 2608/3053/1902
f 2603/2795/1763 2607/3054/1903 2606/3052/1901 2605/3051/1900
f 2604/2388/1451 2608/3055/1902 2606/3056/1901 2607/3057/1903
f 2657/3058/1904 2660/3059/1905 2661/3060/1906 2663/3061/1907
f 2658/2633/1649 2662/3062/1908 2661/3060/1906 2660/3059/1905
f 2659/2615/1634 2663/3061/1907 2661/3060/1906 2662/3062/1908
f 2664/2528/1569 2667/3063/1909 2668/3064/1910 2670/3065/1911
f 2665/2616/1635 2669/3066/1912 2668/3064/1910 2667/3063/1909
f 2666/2632/1648 2670/3065/1911 2668/3064/1910 2669/3066/1912
f 2671/2653/1665 2674/3067/1913 2675/3068/1914 2677/3069/1915
f 2672/2674/1680 2676/3070/1916 2675/3068/1914 2674/3067/1913
f 2673/2753/1736 2677/3069/1915 2675/3068/1914 2676/3070/1916
f 2678/2654/1666 2681/3071/1917 2682/3072/1918 2684/3073/1919
f 2679/2756/1739 2683/3074/1920 2682/3072/1918 2681/3071/1917
f 2680/2800/1767 2684/3073/1919 2682/3072/1918 2683/3074/1920
f 2685/2513/1557 2688/3075/1921 2689/3076/1922 2691/3077/1923
f 2686/2754/1737 2690/3078/1924 2689/3076/1922 2688/3075/1921
f 2687/2673/1679 2691/3077/1923 2689/3076/1922 2690/3078/1924
f 2692/2512/1556 2695/3079/1925 2696/3080/1926 2698/3081/1927
f 2693/2801/1768 2697/3082/1928 2696/3080/1926 2695/3079/1925
f 2694/2755/1738 2698/3081/1927 2696/3080/1926 2697/3082/1928
f 2699/2691/1692 2702/3083/1929 2703/3084/1930 2705/3085/1931
f 2700/2715/1709 2704/3086/1932 2703/3084/1930 2702/3083/1929
f 2701/2759/1742 2705/3085/1931 2703/3084/1930 2704/3086/1932
f 2706/2692/1693 2709/3087/1933 2710/3088/1934 2712/3089/1935
f 2707/2762/1745 2711/3090/1936 2710/3088/1934 2709/3087/1933
f 2708/2532/1573 2712/3089/1935 2710/3088/1934 2711/3090/1936
f 2713/2714/1708 2716/3091/1937 2717/3092/1938 2719/3093/1939
f 2714/2780/1757 2718/3094/1940 2717/3092/1938 2716/3091/1937
f 2715/2760/1743 2719/3093/1939 2717/3092/1938 2718/3094/1940
f 2720/2779/1756 2723/3095/1941 2724/3096/1942 2726/3097/1943
f 2721/2533/1574 2725/3098/1944 2724/3096/1942 2723/3095/1941
f 2722/2761/1744 2726/3097/1943 2724/3096/1942 2725/3098/1944
f 2727/2595/1617 2730/3099/1945 2731/3100/1946 2733/3101/1947
f 2728/3102/1948 2732/3103/1949 2731/3100/1946 2730/3099/1945
f 2729/2740/1730 2733/3101/1947 2731/3100/1946 2732/3103/1949
f 2734/2596/1618 2737/3104/1950 2738/3105/1951 2740/3106/1952
f 2735/2739/1729 2739/3107/1953 2738/3105/1951 2737/3104/1950
f 2736/2796/1763 2740/3106/1952 2738/3105/1951 2739/3107/1953
f 3066/3108/1954 2161/3109/1472 2164/3110/1769 3088/3111/1955
f 3088/3112/1955 2164/2806/1769 2163/2805/1770 3067/3113/1956
f 2919/2709/1703 2162/2708/1702 2566/3114/1957 2981/3115/1958
f 3093/3116/1959 3122/3117/9 2980/3118/9 2253/3119/1960
f 2421/2346/1412 2174/2345/1411 2176/3120/1961 2422/3121/1962
f 2422/3122/1962 2176/3123/1961 2175/2698/1698 2420/2697/1697
f 2925/3124/1553 2192/3125/1579 2506/3126/1963 2996/3127/1464
f 3134/3128/1964 3150/3129/1965 2997/3130/1965 2463/3131/1966
f 3068/2352/1417 2180/2355/1419 2182/3132/1967 3069/3133/1968
f 3069/3134/1968 2182/3135/1967 2181/3136/1969 3070/3137/1970
f 2454/2348/1413 2204/2351/1416 2210/2847/1790 2455/3138/1971
f 2455/3139/1971 2210/2851/1790 2206/2635/1651 2453/3140/1972
f 3125/2598/1620 2171/3141/1654 2173/3142/1973 3126/3143/1974
f 3126/3144/1974 2173/3145/1973 2172/3146/1430 3127/2644/1660
f 3128/3147/1975 2175/3148/1698 2176/3149/1961 3129/3150/1976
f 3129/3151/1976 2176/3152/1961 2174/3153/1411 3130/2617/1636
f 2463/3131/1966 2198/2839/1787 2200/2842/1784 2464/3154/1977
f 2464/3155/1977 2200/2836/1784 2197/2382/1445 2462/2381/1444
f 2463/3131/1966 2997/3130/1965 2931/3156/1978 2198/2839/1787
f 2999/2650/1436 2348/2649/1662 2199/2678/1683 2936/2677/1437
f 2349/2383/1446 2197/2382/1445 2203/2838/1786 2350/3157/1979
f 2350/3158/1979 2203/2843/1786 2199/2678/1683 2348/2649/1662
f 2355/2379/1442 2211/2378/1441 2217/2855/1793 2356/3159/1980
f 2356/3160/1980 2217/2860/1793 2213/2859/1795 2354/2524/1566
f 2937/2495/1543 2220/2494/1542 2346/2648/1661 3002/2647/1436
f 2986/3161/1539 2460/3162/1981 2218/2863/1796 2942/3163/1540
f 2358/2501/1547 3006/2500/17 2943/3164/1982 2225/2872/1800
f 3003/3165/1563 2586/3166/1983 2226/2487/1535 2948/2486/1534
f 2949/2357/1421 2241/2356/1420 2364/3167/1984 3008/3168/17
f 3009/3169/1559 2590/3170/1687 2239/2891/1809 2954/3171/1560
f 2361/2391/1454 2248/2390/1453 2251/2909/1817 2362/3172/1985
f 2362/3173/1985 2251/2904/1817 2247/2903/1816 2360/2498/1546
f 2367/2387/1450 2234/2386/1449 2237/2890/1808 2368/3174/1986
f 2368/3175/1986 2237/2885/1808 2233/2884/1807 2366/3176/1987
f 2584/2520/1562 2232/2523/1565 2238/2883/1806 2585/3177/1988
f 2585/3178/1988 2238/2888/1806 2234/2386/1449 2583/2385/1448
f 2385/3179/1989 2181/3180/1969 2182/3181/1967 2386/3182/1990
f 2386/3183/1990 2182/3184/1967 2180/2502/1419 2384/2505/1549
f 2391/2362/1426 2177/2361/1425 2179/3185/1991 2392/3186/1992
f 2392/3187/1992 2179/3188/1991 2178/3189/1645 2390/2577/1605
f 2587/2392/1455 2227/2395/1458 2230/2880/1803 2588/3190/1993
f 2588/3191/1993 2230/2876/1803 2226/2487/1535 2586/3166/1983
f 2427/2622/1640 2254/2624/1640 2255/3192/1994 2428/3193/1995
f 2428/3194/1995 2255/3195/1994 2253/3119/1960 2426/2792/1761
f 3096/3196/1699 2256/2474/1525 2258/3197/1996 3111/3198/1997
f 3111/3199/1997 2258/3200/1996 2257/3201/1998 3114/3202/1999
f 3097/3203/2000 2259/2663/1466 2261/3204/2001 3115/3205/2002
f 3115/3206/2002 2261/3207/2001 2260/3208/2003 3116/3209/1643
f 2895/2683/1687 2268/2682/1686 2270/3210/2004 2896/3211/2005
f 2896/3212/2005 2270/3213/2004 2269/2718/1711 2897/2424/1484
f 2898/2463/1519 2271/2725/1519 2273/3214/2006 2899/3215/2007
f 2899/3216/2007 2273/3217/2006 2272/3218/2008 2900/2731/1722
f 2955/2722/1715 2277/2721/1714 2400/3219/2009 3023/3220/2010
f 3059/3221/2011 3048/3222/2012 2278/2912/1820 2960/3223/2013
f 2397/2571/1601 2292/2574/1603 2294/2934/1827 2398/3224/2014
f 2398/3225/2014 2294/2929/1827 2291/2423/1483 2396/2422/1482
f 2403/2441/1499 2298/2440/1498 2304/2939/1834 2404/3226/2015
f 2404/3227/2015 2304/2944/1834 2300/2433/1491 2402/3228/2016
f 3054/3229/2017 3062/3230/2018 2961/3231/2019 2299/2940/1835
f 3027/3232/2020 2402/3228/2016 2300/2433/1491 2966/2432/1490
f 3043/2556/1590 2286/2559/1593 2289/2928/1826 3044/3233/2021
f 3044/3234/2021 2289/2923/1826 2285/2550/1584 3045/2549/1583
f 2558/3235/2022 2265/3236/1719 2267/3237/2023 2559/3238/2024
f 2559/3238/2024 2267/3237/2023 2266/2478/1528 2557/2481/1531
f 3046/2434/1492 2279/2437/1495 2282/2918/1821 3047/3239/2025
f 3047/3240/2025 2282/2913/1821 2278/2912/1820 3048/3222/2012
f 2561/2418/1478 2274/2417/1477 2276/3241/2026 2562/3242/2027
f 2562/3243/2027 2276/3244/2026 2275/2655/1667 2560/2658/1670
f 2967/2443/1501 2307/2442/1500 2436/3245/2028 3032/3246/1513
f 3033/3247/1464 2482/3248/2029 2305/2946/1836 2972/3249/2030
f 2433/2461/1518 2314/2460/1517 2317/2964/1844 2434/3250/2031
f 2434/3251/2031 2317/2959/1844 2313/2958/1843 2432/2575/1604
f 2439/2600/1622 2326/2599/1621 2332/2977/1852 2440/3252/2032
f 2440/3253/2032 2332/2982/1852 2328/2453/1511 2438/3254/2033
f 2480/3255/2034 3036/3256/1750 2973/3257/2035 2327/2978/1853
f 3037/3258/1513 2438/3254/2033 2328/2453/1511 2978/2452/1510
f 2480/3255/2034 2327/2978/1853 2329/2981/1850 2481/3259/2036
f 2481/3260/2036 2329/2975/1850 2326/2599/1621 2479/2591/1614
f 2506/3126/1963 2192/3125/1579 2195/3261/1783 2507/3262/2037
f 2507/3263/2037 2195/3264/1783 2191/2583/1609 2505/2586/1612
f 2486/2403/1465 2312/2606/1627 2318/2957/1842 2487/3265/2038
f 2487/3266/2038 2318/2962/1842 2314/2460/1517 2485/2459/1516
f 2509/3267/2039 2260/3208/2003 2261/3207/2001 2510/3268/2040
f 2510/3269/2040 2261/3270/2001 2259/2404/1466 2508/2407/1468
f 2578/2777/1754 2714/2780/1757 2716/3091/1937 2582/3038/1893
f 2582/3038/1893 2716/3091/1937 2713/2714/1708 2576/2713/1707
f 2736/2796/1763 2603/2795/1763 2605/3051/1900 2740/3106/1952
f 2740/3106/1952 2605/3051/1900 2602/2593/1615 2734/2596/1618
f 2219/2371/1434 2345/2370/1433 2347/3271/2041 2223/2867/1799
f 2223/2871/1799 2347/3272/2041 2346/2648/1661 2220/2494/1542
f 2345/2370/1433 2349/2383/1446 2350/3157/1979 2347/3271/2041
f 2347/3272/2041 2350/3158/1979 2348/2649/1662 2346/2648/1661
f 2204/2351/1416 2351/2350/1415 2353/3273/1980 2207/2845/1788
f 2207/2850/1788 2353/3274/1980 2352/2372/1435 2205/2375/1438
f 2351/2350/1415 2355/2379/1442 2356/3159/1980 2353/3273/1980
f 2353/3274/1980 2356/3160/1980 2354/2524/1566 2352/2372/1435
f 2227/2395/1458 2357/2394/1457 2359/3275/2042 2231/2878/1802
f 2231/2875/1802 2359/3276/2042 2358/2501/1547 2225/2872/1800
f 2357/2394/1457 2361/2391/1454 2362/3172/1985 2359/3275/2042
f 2359/3276/2042 2362/3173/1985 2360/2498/1546 2358/2501/1547
f 2240/2489/1537 2363/2488/1536 2365/3277/1986 2244/2895/1812
f 2244/2899/1812 2365/3278/1986 2364/3167/1984 2241/2356/1420
f 2363/2488/1536 2367/2387/1450 2368/3174/1986 2365/3277/1986
f 2365/3278/1986 2368/3175/1986 2366/3176/1987 2364/3167/1984
f 2597/3049/1899 2728/3102/1948 2730/3099/1945 2601/3045/1897
f 2601/3045/1897 2730/3099/1945 2727/2595/1617 2595/2594/1616
f 2409/2552/1586 2378/2781/1758 2380/3279/2043 2410/3280/2044
f 2410/3281/2044 2380/3282/2043 2379/2706/1701 2408/2705/1700
f 2415/2547/1427 2375/2726/1718 2377/3283/2045 2416/3284/2046
f 2416/3285/2046 2377/3286/2045 2376/2802/1577 2414/2537/1577
f 2445/2607/1628 2372/2685/1628 2374/3287/2047 2446/3288/2048
f 2446/3289/2048 2374/3290/2047 2373/2623/1641 2444/2621/1639
f 2451/2661/1673 2369/2664/1674 2371/3291/2049 2452/3292/2050
f 2452/3293/2050 2371/3294/2049 2370/2518/1471 2450/2470/1471
f 3076/3295/1760 2339/3296/1712 2341/3297/2051 3077/3298/2052
f 3077/3299/2052 2341/3300/2051 2340/3301/1473 3078/3302/2053
f 3079/2566/1598 2342/2569/1424 2344/3303/2054 3080/3304/2055
f 3080/3305/2055 2344/3306/2054 2343/2787/1747 3081/2786/1471
f 2268/2682/1686 2381/3307/2056 2383/3308/2057 2270/3210/2004
f 2270/3213/2004 2383/3309/2057 2382/2570/1600 2269/2718/1711
f 2381/3307/2056 2385/3179/1989 2386/3182/1990 2383/3308/2057
f 2383/3309/2057 2386/3183/1990 2384/2505/1549 2382/2570/1600
f 2271/2725/1519 2387/2546/1519 2389/3310/2058 2273/3214/2006
f 2273/3217/2006 2389/3311/2058 2388/2580/1606 2272/3218/2008
f 2387/2546/1519 2391/2362/1426 2392/3186/1992 2389/3310/2058
f 2389/3311/2058 2392/3187/1992 2390/2577/1605 2388/2580/1606
f 2284/2919/1822 2393/2729/1720 2395/3312/2014 2287/2920/1823
f 2287/2925/1823 2395/3313/2014 2394/2551/1585 2285/2550/1584
f 2393/2729/1720 2397/2571/1601 2398/3224/2014 2395/3312/2014
f 2395/3313/2014 2398/3225/2014 2396/2422/1482 2394/2551/1585
f 2279/2437/1495 2399/2436/1494 2401/3314/2015 2283/2916/1819
f 2283/2911/1819 2401/3315/2015 2400/3219/2009 2277/2721/1714
f 2399/2436/1494 2403/2441/1499 2404/3226/2015 2401/3314/2015
f 2401/3315/2015 2404/3227/2015 2402/3228/2016 2400/3219/2009
f 2339/2719/1712 2405/2553/1587 2407/3316/2059 2341/3317/2051
f 2341/3318/2051 2407/3319/2059 2406/2414/1474 2340/2413/1473
f 2405/2553/1587 2409/2552/1586 2410/3280/2044 2407/3316/2059
f 2407/3319/2059 2410/3281/2044 2408/2705/1700 2406/2414/1474
f 2342/2360/1424 2411/2363/1427 2413/3320/2060 2344/3321/2054
f 2344/3322/2054 2413/3323/2060 2412/2536/1576 2343/2769/1747
f 2411/2363/1427 2415/2547/1427 2416/3284/2046 2413/3320/2060
f 2413/3323/2060 2416/3285/2046 2414/2537/1577 2412/2536/1576
f 2256/2474/1525 2417/2473/1524 2419/3324/2061 2258/3197/1996
f 2258/3200/1996 2419/3325/2061 2418/3326/2062 2257/3201/1998
f 2417/2473/1524 2421/2346/1412 2422/3121/1962 2419/3324/2061
f 2419/3325/2061 2422/3122/1962 2420/2697/1697 2418/3326/2062
f 2171/2638/1654 2423/2619/1638 2425/3327/2063 2173/3328/1973
f 2173/3329/1973 2425/3330/2063 2424/2364/1428 2172/2367/1430
f 2423/2619/1638 2427/2622/1640 2428/3193/1995 2425/3327/2063
f 2425/3330/2063 2428/3194/1995 2426/2792/1761 2424/2364/1428
f 2320/2449/1507 2429/2448/1506 2431/3331/2031 2324/2969/1849
f 2324/2974/1849 2431/3332/2031 2430/2454/1512 2321/2457/1514
f 2429/2448/1506 2433/2461/1518 2434/3250/2031 2431/3331/2031
f 2431/3332/2031 2434/3251/2031 2432/2575/1604 2430/2454/1512
f 2306/2604/1625 2435/2602/1623 2437/3333/2032 2310/2950/1839
f 2310/2954/1839 2437/3334/2032 2436/3245/2028 2307/2442/1500
f 2435/2602/1623 2439/2600/1622 2440/3252/2032 2437/3333/2032
f 2437/3334/2032 2440/3253/2032 2438/3254/2033 2436/3245/2028
f 2337/2775/1752 2441/2608/1629 2443/3335/2064 2338/3336/2065
f 2338/3337/2065 2443/3338/2064 2442/2620/1639 2336/2639/1655
f 2441/2608/1629 2445/2607/1628 2446/3288/2048 2443/3335/2064
f 2443/3338/2064 2446/3289/2048 2444/2621/1639 2442/2620/1639
f 2334/2665/1675 2447/2668/1676 2449/3339/2066 2335/3340/2067
f 2335/3341/2067 2449/3342/2066 2448/2409/1470 2333/2408/1469
f 2447/2668/1676 2451/2661/1673 2452/3292/2050 2449/3339/2066
f 2449/3342/2066 2452/3293/2050 2450/2470/1471 2448/2409/1470
f 3131/2611/1630 2454/2348/1413 2455/3138/1971 3132/3343/2068
f 3132/3344/2068 2455/3139/1971 2453/3140/1972 3133/3345/2069
f 2211/2378/1441 2457/2377/1440 2458/3346/2070 2214/2853/1791
f 2214/2858/1791 2458/3347/2070 2456/2490/1538 2212/2493/1541
f 2218/2863/1796 2460/3162/1981 2461/3348/2071 2221/2864/1797
f 2221/2869/1797 2461/3349/2071 2459/2368/1431 2219/2371/1434
f 3134/3128/1964 2463/3131/1966 2464/3154/1977 3135/3350/2072
f 3135/3351/2072 2464/3155/1977 2462/2381/1444 3136/2660/1672
f 3137/2765/1746 2465/2984/1854 2471/2987/1857 3138/3352/2073
f 3138/3353/2073 2471/2989/1857 2467/2349/1414 3139/2612/1631
f 3140/2597/1619 2473/2376/1439 2475/2997/1859 3141/3354/2074
f 3141/3355/2074 2475/2992/1859 2472/2527/1568 3142/2526/1567
f 2473/2376/1439 2467/2349/1414 2470/2991/1858 2477/2995/1862
f 2477/2998/1862 2470/2988/1858 2466/2614/1633 2474/2613/1632
f 2512/2774/1751 2480/3255/2034 2481/3259/2036 2513/3356/2075
f 2513/3357/2075 2481/3260/2036 2479/2591/1614 2511/2590/1613
f 2305/2946/1836 2482/3248/2029 2484/3358/2076 2308/2947/1837
f 2308/2952/1837 2484/3359/2076 2483/2603/1624 2306/2604/1625
f 2515/2400/1463 2486/2403/1465 2487/3265/2038 2516/3360/2077
f 2516/3361/2077 2487/3266/2038 2485/2459/1516 2514/2642/1658
f 2319/2965/1845 2488/3362/2078 2490/3363/2079 2322/2966/1846
f 2322/2971/1846 2490/3364/2079 2489/2446/1504 2320/2449/1507
f 2517/2652/1664 2491/2651/1663 2497/3001/1865 2520/3007/1871
f 2520/3007/1871 2497/3001/1865 2493/2447/1505 2518/2406/1467
f 2526/2643/1659 2499/2458/1515 2501/3003/1867 2530/3013/1877
f 2530/3013/1877 2501/3003/1867 2498/2511/1555 2524/2510/1554
f 2499/2458/1515 2493/2447/1505 2496/3002/1866 2503/3006/1870
f 2503/3006/1870 2496/3002/1866 2492/2799/1766 2500/2798/1765
f 2482/3248/2029 2506/3126/1963 2507/3262/2037 2484/3358/2076
f 2484/3359/2076 2507/3263/2037 2505/2586/1612 2483/2603/1624
f 2488/3362/2078 2509/3267/2039 2510/3268/2040 2490/3363/2079
f 2490/3364/2079 2510/3269/2040 2508/2407/1468 2489/2446/1504
f 2262/2771/1748 2512/2774/1751 2513/3356/2075 2264/3365/2080
f 2264/3366/2080 2513/3357/2075 2511/2590/1613 2263/2670/1671
f 2183/2508/1552 2515/2400/1463 2516/3360/2077 2186/3367/1775
f 2186/3368/1775 2516/3361/2077 2514/2642/1658 2184/2641/1657
f 2525/2672/1678 2519/2671/1677 2522/3010/1874 2529/3014/1878
f 2529/3014/1878 2522/3010/1874 2518/2406/1467 2526/2643/1659
f 2564/2396/1459 2532/2399/1462 2533/3369/2081 2565/3370/2082
f 2565/3371/2082 2533/3372/2081 2531/2783/1759 2563/2562/1596
f 3049/3373/2083 2534/3374/2084 2536/3375/2085 3050/3376/2086
f 3050/3376/2086 2536/3375/2085 2535/2695/1696 3051/2420/1480
f 2567/2535/1575 2538/2694/1695 2539/3377/2087 2568/3378/2088
f 2568/3379/2088 2539/3380/2087 2537/3381/2089 2566/3114/1957
f 3052/2439/1497 2540/2687/1688 2542/3382/2090 3053/3383/2091
f 3053/3384/2091 2542/3385/2090 2541/3386/2092 3054/3229/2017
f 2569/2690/1691 2543/2689/1690 2549/3017/1881 2572/3029/1887
f 2572/3034/1887 2549/3019/1881 2545/2693/1694 2570/2477/1527
f 2577/2419/1479 2551/2688/1689 2553/3027/1883 2581/3039/1894
f 2581/3042/1894 2553/3022/1883 2550/2778/1755 2578/2777/1754
f 2551/2688/1689 2545/2693/1694 2548/3021/1882 2555/3025/1886
f 2555/3028/1886 2548/3018/1882 2544/2531/1572 2552/2530/1571
f 2534/3374/2084 2558/3235/2022 2559/3238/2024 2536/3375/2085
f 2536/3375/2085 2559/3238/2024 2557/2481/1531 2535/2695/1696
f 2540/2687/1688 2561/2418/1478 2562/3242/2027 2542/3382/2090
f 2542/3385/2090 2562/3243/2027 2560/2658/1670 2541/3386/2092
f 2166/2808/1771 2564/2396/1459 2565/3370/2082 2169/2809/1772
f 2169/3387/1772 2565/3371/2082 2563/2562/1596 2167/2561/1595
f 2161/2534/1472 2567/2535/1575 2568/3378/2088 2164/3388/1769
f 2164/2804/1769 2568/3379/2088 2566/3114/1957 2162/2708/1702
f 2576/2713/1707 2571/2712/1706 2574/3035/1890 2579/3036/1891
f 2579/3041/1891 2574/3032/1890 2570/2477/1527 2577/2419/1479
f 2901/2716/1710 2584/2520/1562 2585/3177/1988 2902/3389/2093
f 2902/3390/2093 2585/3178/1988 2583/2385/1448 2903/2429/1487
f 2904/2468/1522 2587/2392/1455 2588/3190/1993 2905/3391/2094
f 2905/3392/2094 2588/3191/1993 2586/3166/1983 2906/3393/2095
f 2239/2891/1809 2590/3170/1687 2591/3394/2096 2242/2892/1810
f 2242/2897/1810 2591/3395/2096 2589/2427/1484 2240/2489/1537
f 2248/2390/1453 2593/2389/1452 2594/3396/2097 2252/2907/1815
f 2252/2902/1815 2594/3397/2097 2592/2514/1558 2246/2517/1561
f 2907/2790/1758 2597/3049/1899 2600/3050/1898 2908/3398/2098
f 2908/3399/2098 2600/3046/1898 2596/2393/1456 2909/2469/1523
f 2910/2462/1427 2604/2388/1451 2607/3057/1903 2911/3400/2099
f 2911/3401/2099 2607/3054/1903 2603/2795/1763 2912/2794/1762
f 2604/2388/1451 2596/2393/1456 2598/3048/1895 2608/3055/1902
f 2608/3053/1902 2598/3043/1895 2595/2594/1616 2602/2593/1615
f 2634/2736/1726 2630/2764/1726 2632/3402/2100 2635/3403/2101
f 2635/3403/2101 2632/3402/2100 2631/2782/1758 2633/2555/1589
f 2637/2538/1577 2627/2803/1577 2629/3404/2102 2638/3405/2103
f 2638/3405/2103 2629/3404/2102 2628/2763/1725 2636/2735/1725
f 2640/2741/1639 2624/2744/1731 2626/3406/2104 2641/3407/2105
f 2641/3407/2105 2626/3406/2104 2625/2686/1629 2639/2610/1628
f 2643/2471/1470 2621/2519/1471 2623/3408/2049 2644/3409/2050
f 2644/3409/2050 2623/3408/2049 2622/2743/1598 2642/2742/1598
f 3082/2745/1731 2615/2748/1733 2617/3410/2106 3083/3411/2107
f 3083/3411/2107 2617/3410/2106 2616/3412/1713 3084/3413/1628
f 3085/2789/1471 2618/2788/1747 2620/3414/2108 3086/3415/2109
f 3086/3415/2109 2620/3414/2108 2619/2747/1732 3087/2746/1598
f 2615/2751/1733 2645/2733/1723 2647/3416/2110 2617/3417/2106
f 2617/3417/2106 2647/3416/2110 2646/2554/1588 2616/2720/1713
f 2645/2733/1723 2634/2736/1726 2635/3403/2101 2647/3416/2110
f 2647/3416/2110 2635/3403/2101 2633/2555/1589 2646/2554/1588
f 2618/2770/1747 2648/2539/1576 2650/3418/2111 2620/3419/2108
f 2620/3419/2108 2650/3418/2111 2649/2734/1724 2619/2752/1732
f 2648/2539/1576 2637/2538/1577 2638/3405/2103 2650/3418/2111
f 2650/3418/2111 2638/3405/2103 2636/2735/1725 2649/2734/1724
f 2613/2757/1740 2651/2749/1734 2653/3420/2112 2614/3421/2113
f 2614/3421/2113 2653/3420/2112 2652/2609/1628 2612/2776/1753
f 2651/2749/1734 2640/2741/1639 2641/3407/2105 2653/3420/2112
f 2653/3420/2112 2641/3407/2105 2639/2610/1628 2652/2609/1628
f 2610/2411/1469 2654/2410/1471 2656/3422/2114 2611/3423/2115
f 2611/3423/2115 2656/3422/2114 2655/2750/1735 2609/2758/1741
f 2654/2410/1471 2643/2471/1470 2644/3409/2050 2656/3422/2114
f 2656/3422/2114 2644/3409/2050 2642/2742/1598 2655/2750/1735
f 3143/2630/1646 2658/2633/1649 2660/3059/1905 3144/3424/2116
f 3144/3424/2116 2660/3059/1905 2657/3058/1904 3145/2768/1746
f 3146/2529/1570 2664/2528/1569 2670/3065/1911 3147/3425/2117
f 3147/3425/2117 2670/3065/1911 2666/2632/1648 3148/2631/1647
f 2665/2616/1635 2659/2615/1634 2662/3062/1908 2669/3066/1912
f 2669/3066/1912 2662/3062/1908 2658/2633/1649 2666/2632/1648
f 2673/2753/1736 2679/2756/1739 2681/3071/1917 2677/3069/1915
f 2677/3069/1915 2681/3071/1917 2678/2654/1666 2671/2653/1665
f 2685/2513/1557 2692/2512/1556 2698/3081/1927 2688/3075/1921
f 2688/3075/1921 2698/3081/1927 2694/2755/1738 2686/2754/1737
f 2693/2801/1768 2680/2800/1767 2683/3074/1920 2697/3082/1928
f 2697/3082/1928 2683/3074/1920 2679/2756/1739 2694/2755/1738
f 2686/2754/1737 2673/2753/1736 2676/3070/1916 2690/3078/1924
f 2690/3078/1924 2676/3070/1916 2672/2674/1680 2687/2673/1679
f 2701/2759/1742 2707/2762/1745 2709/3087/1933 2705/3085/1931
f 2705/3085/1931 2709/3087/1933 2706/2692/1693 2699/2691/1692
f 2714/2780/1757 2720/2779/1756 2726/3097/1943 2718/3094/1940
f 2718/3094/1940 2726/3097/1943 2722/2761/1744 2715/2760/1743
f 2721/2533/1574 2708/2532/1573 2711/3090/1936 2725/3098/1944
f 2725/3098/1944 2711/3090/1936 2707/2762/1745 2722/2761/1744
f 2715/2760/1743 2701/2759/1742 2704/3086/1932 2719/3093/1939
f 2719/3093/1939 2704/3086/1932 2700/2715/1709 2713/2714/1708
f 2913/2737/1727 2729/2740/1730 2732/3103/1949 2914/3426/2118
f 2914/3426/2118 2732/3103/1949 2728/3102/1948 2915/2791/1758
f 2916/2797/1764 2736/2796/1763 2739/3107/1953 2917/3427/2119
f 2917/3427/2119 2739/3107/1953 2735/2739/1729 2918/2738/1728
f 2734/2596/1618 2727/2595/1617 2733/3101/1947 2737/3104/1950
f 2737/3104/1950 2733/3101/1947 2729/2740/1730 2735/2739/1729
f 2699/2691/1692 2569/2690/1691 2575/3031/1889 2702/3083/1929
f 2702/3083/1929 2575/3031/1889 2571/2712/1706 2700/2715/1709
f 2465/2984/1854 2657/3058/1904 2663/3061/1907 2468/2985/1855
f 2468/2985/1855 2663/3061/1907 2659/2615/1634 2466/2614/1633
f 2664/2528/1569 2472/2527/1568 2478/2994/1861 2667/3063/1909
f 2667/3063/1909 2478/2994/1861 2474/2613/1632 2665/2616/1635
f 2708/2532/1573 2544/2531/1572 2546/3015/1879 2712/3089/1935
f 2712/3089/1935 2546/3015/1879 2543/2689/1690 2706/2692/1693
f 2491/2651/1663 2678/2654/1666 2684/3073/1919 2494/2999/1863
f 2494/2999/1863 2684/3073/1919 2680/2800/1767 2492/2799/1766
f 2692/2512/1556 2498/2511/1555 2504/3005/1869 2695/3079/1925
f 2695/3079/1925 2504/3005/1869 2500/2798/1765 2693/2801/1768
f 2552/2530/1571 2721/2533/1574 2723/3095/1941 2556/3024/1885
f 2556/3024/1885 2723/3095/1941 2720/2779/1756 2550/2778/1755
f 2524/2510/1554 2685/2513/1557 2691/3077/1923 2527/3011/1875
f 2527/3011/1875 2691/3077/1923 2687/2673/1679 2525/2672/1678
f 2671/2653/1665 2517/2652/1664 2523/3009/1873 2674/3067/1913
f 2674/3067/1913 2523/3009/1873 2519/2671/1677 2672/2674/1680
f 3066/3108/1954 3078/3302/2053 2340/3301/1473 2161/3109/1472
f 2760/3428/2120 2843/3429/2121 2875/3430/2122 2743/3431/2123
f 2746/3432/2124 2773/3433/2125 2869/3434/2126 2741/3435/2127
f 2747/3436/2128 2767/3437/2129 2761/3438/2130 2753/3439/2130
f 2803/3440/2131 2788/3441/2132 2857/3442/2133 2864/3443/2134
f 2831/3444/2135 2816/3445/2136 2881/3446/2137 2888/3447/2138
f 2796/3448/2139 2809/3449/2140 2866/3450/2141 2861/3451/2142
f 2808/3452/2143 2801/3453/2144 2863/3454/2145 2867/3455/2146
f 2815/3456/2147 2822/3457/2148 2884/3458/2149 2882/3459/2150
f 2789/3460/2151 2802/3461/2152 2810/3462/2153 2795/3463/2154
f 2787/3464/2155 2794/3465/2156 2860/3466/2157 2858/3467/2158
f 2766/3468/2159 2852/3469/2159 2844/3470/2160 2759/3471/2161
f 2746/3472/2124 2741/3473/2127 2744/3474/2162 2768/3475/2163
f 2780/3476/2164 2754/3477/2165 2742/3478/2166 2873/3479/2167
f 2754/3480/2165 2760/3481/2120 2743/3482/2123 2742/3483/2166
f 2768/3484/2163 2744/3485/2162 2879/3486/2168 2850/3487/2169
f 2775/3488/2170 2781/3489/2171 2872/3490/2172 2870/3491/2173
f 2824/3492/2174 2837/3493/2175 2890/3494/2176 2885/3495/2177
f 2836/3496/2178 2829/3497/2179 2887/3498/2180 2891/3499/2181
f 2845/3500/2182 2851/3501/2183 2878/3502/2184 2876/3503/2185
f 2817/3504/2186 2830/3505/2187 2838/3506/2188 2823/3507/2189
f 2745/3508/2190 2748/3509/2191 2749/3510/2192 2751/3511/2193
f 2746/3432/2124 2750/3512/2194 2749/3510/2192 2748/3509/2191
f 2747/3436/2128 2751/3513/2193 2749/3514/2192 2750/3515/2194
f 2752/3516/2195 2755/3517/2196 2756/3518/2197 2758/3519/2198
f 2753/3439/2130 2757/3520/2199 2756/3521/2197 2755/3522/2196
f 2754/3480/2165 2758/3523/2198 2756/3521/2197 2757/3520/2199
f 2759/3471/2161 2762/3524/2200 2763/3525/2201 2765/3526/2202
f 2760/3481/2120 2764/3527/2203 2763/3528/2201 2762/3529/2200
f 2761/3438/2130 2765/3530/2202 2763/3528/2201 2764/3527/2203
f 2766/3468/2159 2769/3531/2204 2770/3532/2205 2772/3533/2206
f 2767/3437/2129 2771/3534/2207 2770/3535/2205 2769/3536/2204
f 2768/3475/2163 2772/3537/2206 2770/3535/2205 2771/3534/2207
f 2773/3433/2125 2776/3538/2208 2777/3539/2209 2779/3540/2210
f 2774/3541/2211 2778/3542/2212 2777/3539/2209 2776/3538/2208
f 2775/3488/2170 2779/3540/2210 2777/3539/2209 2778/3542/2212
f 2780/3476/2164 2783/3543/2213 2784/3544/2214 2786/3545/2215
f 2781/3489/2171 2785/3546/2216 2784/3544/2214 2783/3543/2213
f 2782/3547/2217 2786/3545/2215 2784/3544/2214 2785/3546/2216
f 2787/3464/2155 2790/3548/2218 2791/3549/2219 2793/3550/2220
f 2788/3441/2132 2792/3551/2221 2791/3549/2219 2790/3548/2218
f 2789/3460/2151 2793/3550/2220 2791/3549/2219 2792/3551/2221
f 2794/3465/2156 2797/3552/2222 2798/3553/2223 2800/3554/2224
f 2795/3463/2154 2799/3555/2225 2798/3553/2223 2797/3552/2222
f 2796/3448/2139 2800/3554/2224 2798/3553/2223 2799/3555/2225
f 2801/3453/2144 2804/3556/2226 2805/3557/2227 2807/3558/2228
f 2802/3461/2152 2806/3559/2229 2805/3557/2227 2804/3556/2226
f 2803/3440/2131 2807/3558/2228 2805/3557/2227 2806/3559/2229
f 2808/3452/2143 2811/3560/2230 2812/3561/2231 2814/3562/2232
f 2809/3449/2140 2813/3563/2233 2812/3561/2231 2811/3560/2230
f 2810/3462/2153 2814/3562/2232 2812/3561/2231 2813/3563/2233
f 2815/3456/2147 2818/3564/2234 2819/3565/2235 2821/3566/2236
f 2816/3445/2136 2820/3567/2237 2819/3565/2235 2818/3564/2234
f 2817/3504/2186 2821/3566/2236 2819/3565/2235 2820/3567/2237
f 2822/3457/2148 2825/3568/2238 2826/3569/2239 2828/3570/2240
f 2823/3507/2189 2827/3571/2241 2826/3569/2239 2825/3568/2238
f 2824/3492/2174 2828/3570/2240 2826/3569/2239 2827/3571/2241
f 2829/3497/2179 2832/3572/2242 2833/3573/2243 2835/3574/2244
f 2830/3505/2187 2834/3575/2245 2833/3573/2243 2832/3572/2242
f 2831/3444/2135 2835/3574/2244 2833/3573/2243 2834/3575/2245
f 2836/3496/2178 2839/3576/2246 2840/3577/2247 2842/3578/2248
f 2837/3493/2175 2841/3579/2249 2840/3577/2247 2839/3576/2246
f 2838/3506/2188 2842/3578/2248 2840/3577/2247 2841/3579/2249
f 2843/3429/2121 2846/3580/2250 2847/3581/2251 2849/3582/2252
f 2844/3470/2160 2848/3583/2253 2847/3581/2251 2846/3580/2250
f 2845/3500/2182 2849/3582/2252 2847/3581/2251 2848/3583/2253
f 2850/3487/2169 2853/3584/2254 2854/3585/2255 2856/3586/2206
f 2851/3501/2183 2855/3587/2256 2854/3585/2255 2853/3584/2254
f 2852/3469/2159 2856/3586/2206 2854/3585/2255 2855/3587/2256
f 2747/3436/2128 2753/3439/2130 2755/3522/2196 2751/3513/2193
f 2751/3511/2193 2755/3517/2196 2752/3516/2195 2745/3508/2190
f 2761/3438/2130 2767/3437/2129 2769/3536/2204 2765/3530/2202
f 2765/3526/2202 2769/3531/2204 2766/3468/2159 2759/3471/2161
f 2753/3439/2130 2761/3438/2130 2764/3527/2203 2757/3520/2199
f 2757/3520/2199 2764/3527/2203 2760/3481/2120 2754/3480/2165
f 2746/3472/2124 2768/3475/2163 2771/3534/2207 2750/3515/2194
f 2750/3515/2194 2771/3534/2207 2767/3437/2129 2747/3436/2128
f 2745/3508/2190 2774/3541/2211 2776/3538/2208 2748/3509/2191
f 2748/3509/2191 2776/3538/2208 2773/3433/2125 2746/3432/2124
f 2754/3477/2165 2780/3476/2164 2786/3545/2215 2758/3519/2198
f 2758/3519/2198 2786/3545/2215 2782/3547/2217 2752/3516/2195
f 2781/3489/2171 2775/3488/2170 2778/3542/2212 2785/3546/2216
f 2785/3546/2216 2778/3542/2212 2774/3541/2211 2782/3547/2217
f 2789/3460/2151 2795/3463/2154 2797/3552/2222 2793/3550/2220
f 2793/3550/2220 2797/3552/2222 2794/3465/2156 2787/3464/2155
f 2801/3453/2144 2808/3452/2143 2814/3562/2232 2804/3556/2226
f 2804/3556/2226 2814/3562/2232 2810/3462/2153 2802/3461/2152
f 2809/3449/2140 2796/3448/2139 2799/3555/2225 2813/3563/2233
f 2813/3563/2233 2799/3555/2225 2795/3463/2154 2810/3462/2153
f 2802/3461/2152 2789/3460/2151 2792/3551/2221 2806/3559/2229
f 2806/3559/2229 2792/3551/2221 2788/3441/2132 2803/3440/2131
f 2817/3504/2186 2823/3507/2189 2825/3568/2238 2821/3566/2236
f 2821/3566/2236 2825/3568/2238 2822/3457/2148 2815/3456/2147
f 2829/3497/2179 2836/3496/2178 2842/3578/2248 2832/3572/2242
f 2832/3572/2242 2842/3578/2248 2838/3506/2188 2830/3505/2187
f 2837/3493/2175 2824/3492/2174 2827/3571/2241 2841/3579/2249
f 2841/3579/2249 2827/3571/2241 2823/3507/2189 2838/3506/2188
f 2830/3505/2187 2817/3504/2186 2820/3567/2237 2834/3575/2245
f 2834/3575/2245 2820/3567/2237 2816/3445/2136 2831/3444/2135
f 2759/3471/2161 2844/3470/2160 2846/3580/2250 2762/3524/2200
f 2762/3524/2200 2846/3580/2250 2843/3429/2121 2760/3428/2120
f 2768/3484/2163 2850/3487/2169 2856/3586/2206 2772/3533/2206
f 2772/3533/2206 2856/3586/2206 2852/3469/2159 2766/3468/2159
f 2851/3501/2183 2845/3500/2182 2848/3583/2253 2855/3587/2256
f 2855/3587/2256 2848/3583/2253 2844/3470/2160 2852/3469/2159
f 2787/3464/2155 2858/3467/2158 2859/3588/2257 2790/3548/2218
f 2790/3548/2218 2859/3588/2257 2857/3442/2133 2788/3441/2132
f 2796/3448/2139 2861/3451/2142 2862/3589/2258 2800/3554/2224
f 2800/3554/2224 2862/3589/2258 2860/3466/2157 2794/3465/2156
f 2803/3440/2131 2864/3443/2134 2865/3590/2259 2807/3558/2228
f 2807/3558/2228 2865/3590/2259 2863/3454/2145 2801/3453/2144
f 2808/3452/2143 2867/3455/2146 2868/3591/2260 2811/3560/2230
f 2811/3560/2230 2868/3591/2260 2866/3450/2141 2809/3449/2140
f 2775/3488/2170 2870/3491/2173 2871/3592/2261 2779/3540/2210
f 2779/3540/2210 2871/3592/2261 2869/3434/2126 2773/3433/2125
f 2780/3476/2164 2873/3479/2167 2874/3593/2262 2783/3543/2213
f 2783/3543/2213 2874/3593/2262 2872/3490/2172 2781/3489/2171
f 2845/3500/2182 2876/3503/2185 2877/3594/2263 2849/3582/2252
f 2849/3582/2252 2877/3594/2263 2875/3430/2122 2843/3429/2121
f 2850/3487/2169 2879/3486/2168 2880/3595/2264 2853/3584/2254
f 2853/3584/2254 2880/3595/2264 2878/3502/2184 2851/3501/2183
f 2815/3456/2147 2882/3459/2150 2883/3596/2265 2818/3564/2234
f 2818/3564/2234 2883/3596/2265 2881/3446/2137 2816/3445/2136
f 2824/3492/2174 2885/3495/2177 2886/3597/2266 2828/3570/2240
f 2828/3570/2240 2886/3597/2266 2884/3458/2149 2822/3457/2148
f 2831/3444/2135 2888/3447/2138 2889/3598/2267 2835/3574/2244
f 2835/3574/2244 2889/3598/2267 2887/3498/2180 2829/3497/2179
f 2836/3496/2178 2891/3499/2181 2892/3599/2268 2839/3576/2246
f 2839/3576/2246 2892/3599/2268 2890/3494/2176 2837/3493/2175
f 2745/3508/2190 2752/3516/2195 2782/3547/2217 2774/3541/2211
f 2629/3404/2102 2917/3427/2119 2918/2738/1728 2628/2763/1725
f 2627/2803/1577 2916/2797/1764 2917/3427/2119 2629/3404/2102
f 2632/3402/2100 2914/3426/2118 2915/2791/1758 2631/2782/1758
f 2630/2764/1726 2913/2737/1727 2914/3426/2118 2632/3402/2100
f 2377/3286/2045 2911/3401/2099 2912/2794/1762 2376/2802/1577
f 2375/2726/1718 2910/2462/1427 2911/3400/2099 2377/3283/2045
f 2380/3282/2043 2908/3399/2098 2909/2469/1523 2379/2706/1701
f 2378/2781/1758 2907/2790/1758 2908/3398/2098 2380/3279/2043
f 2276/3600/2026 2905/3392/2094 2906/3393/2095 2275/3601/1667
f 2274/2707/1477 2904/2468/1522 2905/3391/2094 2276/3602/2026
f 2267/3603/2023 2902/3390/2093 2903/2429/1487 2266/2703/1528
f 2265/2727/1719 2901/2716/1710 2902/3389/2093 2267/3604/2023
f 2594/3397/2097 2899/3216/2007 2900/2731/1722 2592/2514/1558
f 2593/2389/1452 2898/2463/1519 2899/3215/2007 2594/3396/2097
f 2591/3395/2096 2896/3212/2005 2897/2424/1484 2589/2427/1484
f 2590/3170/1687 2895/2683/1687 2896/3211/2005 2591/3394/2096
f 2376/2802/1577 2912/2794/1762 2916/2797/1764 2627/2803/1577
f 2597/3049/1899 2907/2790/1758 2915/2791/1758 2728/3102/1948
f 2630/2764/1726 2628/2763/1725 2918/2738/1728 2913/2737/1727
f 2388/2580/1606 3022/2579/1559 3019/3605/1559 2272/3218/2008
f 2132/2467/1485 2131/2466/1521 2894/2428/1486 2893/2425/1485
f 3015/3606/1668 2265/3236/1719 2558/3235/2022 3017/3607/2269
f 2274/2707/1477 2379/2706/1701 2909/2469/1523 2904/2468/1522
f 2375/2726/1718 2271/2725/1519 2898/2463/1519 2910/2462/1427
f 2131/2466/1521 2266/2703/1528 2903/2429/1487 2894/2428/1486
f 2269/2718/1711 2132/2467/1485 2893/2425/1485 2897/2424/1484
f 2560/2658/1670 3018/2657/1669 3030/3608/2270 2541/3386/2092
f 3021/3609/1559 2381/3307/2056 2268/2682/1686 3020/2681/1559
f 2976/3610/1509 2325/2972/1848 2321/2457/1514 2977/2456/1510
f 3035/3611/1750 2488/3362/2078 2319/2965/1845 2974/3612/2271
f 2970/3613/1502 2315/2955/1840 2312/2606/1627 2971/2605/1626
f 2311/2949/1503 2969/3614/1502 2972/3249/2030 2305/2946/1836
f 2964/3615/2272 2296/2932/1830 2292/2574/1603 2965/2573/1490
f 3061/3616/2273 3049/3373/2083 2293/2935/1831 2962/3617/2019
f 2958/3618/2274 2290/2926/1825 2286/2559/1593 2959/2558/1592
f 2280/2915/1717 2957/3619/1716 2960/3223/2013 2278/2912/1820
f 2952/3620/1422 2249/2900/1813 2246/2517/1561 2953/2516/1560
f 2245/2894/1423 2951/3621/1422 2954/3171/1560 2239/2891/1809
f 2946/3622/1533 2235/2881/1804 2232/2523/1565 2947/2522/1564
f 3005/3623/17 2366/3176/1987 2233/2884/1807 2944/3624/1982
f 2940/3625/1544 2216/2856/1794 2212/2493/1541 2941/2492/1540
f 2224/2866/1545 2939/3626/1544 2942/3163/1540 2218/2863/1796
f 2934/3627/1653 2209/2848/1652 2205/2375/1438 2935/2374/1437
f 2998/3628/1965 2453/3140/1972 2206/2635/1651 2932/2634/1650
f 2928/3629/2275 2189/2823/1777 2185/2822/1779 2929/3630/2276
f 2196/2829/1581 2927/3631/1580 2930/3632/2276 2190/2826/1780
f 2922/3633/2277 2170/2812/1773 2168/2811/1774 2923/3634/2278
f 2165/2807/1705 2921/3635/1704 2924/3636/2278 2163/2805/1770
f 2990/3637/1644 2181/3180/1969 2385/3179/1989 2992/3638/1559
f 2992/3638/1559 2385/3179/1989 2381/3307/2056 3021/3609/1559
f 2512/2774/1751 3013/2773/1750 3036/3256/1750 2480/3255/2034
f 2272/3218/2008 3019/3605/1559 3040/2732/1559 2900/2731/1722
f 3016/3639/1668 2275/3601/1667 2906/3393/2095 3041/3640/1563
f 2956/3641/2279 2284/2919/1822 2290/2922/1825 2958/3642/2274
f 3008/3168/17 2364/3167/1984 2366/3176/1987 3005/3623/17
f 2920/3643/2280 2166/2808/1771 2170/2810/1773 2922/3644/2277
f 2981/3115/1958 2566/3114/1957 2537/3381/2089 3025/3645/2281
f 3017/3607/2269 2558/3235/2022 2534/3374/2084 3029/3646/2270
f 2198/2839/1787 2931/3156/1978 2933/3647/1682 2202/2840/1681
f 3014/3648/1750 2509/3267/2039 2488/3362/2078 3035/3611/1750
f 2996/3127/1464 2506/3126/1963 2482/3248/2029 3033/3247/1464
f 3012/3649/9 2418/3326/2062 2420/2697/1697 2987/2696/9
f 3149/3650/2282 3133/3345/2069 2453/3140/1972 2998/3628/1965
f 3089/3651/19 3070/3137/1970 2181/3136/1969 2990/3652/1644
f 2974/3612/2271 2319/2965/1845 2325/2968/1848 2976/3653/1509
f 3032/3246/1513 2436/3245/2028 2438/3254/2033 3037/3258/1513
f 2178/3189/1645 2989/3654/1644 2991/2578/1559 2390/2577/1605
f 3023/3220/2010 2400/3219/2009 2402/3228/2016 3027/3232/2020
f 2313/2958/1843 2968/3655/2283 3031/2576/1513 2432/2575/1604
f 2962/3617/2019 2293/2935/1831 2296/2936/1830 2964/3656/2272
f 2926/3657/1553 2183/2814/1552 2189/2817/1777 2928/3658/2275
f 3041/3640/1563 2906/3393/2095 2586/3166/1983 3003/3165/1563
f 2247/2903/1816 2950/3659/1421 3007/2499/17 2360/2498/1546
f 2284/2919/1822 2956/3641/2279 3024/2730/1721 2393/2729/1720
f 3108/3660/9 3114/3202/1999 2257/3201/1998 2979/3661/9
f 3039/2684/1559 2895/2683/1687 2590/3170/1687 3009/3169/1559
f 2938/3662/1543 2213/2859/1795 2216/2862/1794 2940/3663/1544
f 2944/3624/1982 2233/2884/1807 2235/2887/1804 2946/3664/1533
f 2225/2872/1800 2943/3164/1982 2945/3665/1533 2228/2873/1532
f 2253/3119/1960 2980/3118/9 3011/2793/9 2426/2792/1761
f 2327/2978/1853 2973/3257/2035 2975/3666/1509 2331/2979/1508
f 2968/3655/2283 2313/2958/1843 2315/2961/1840 2970/3667/1502
f 2299/2940/1835 2961/3231/2019 2963/3668/1489 2303/2941/1488
f 2993/3669/1749 2260/3208/2003 2509/3267/2039 3014/3648/1750
f 2979/3661/9 2257/3201/1998 2418/3326/2062 3012/3649/9
f 2213/2859/1795 2938/3662/1543 3001/2525/1436 2354/2524/1566
f 3151/3670/1539 3128/3147/1975 2460/3162/1981 2986/3161/1539
f 2950/3659/1421 2247/2903/1816 2249/2906/1813 2952/3671/1422
f 3016/3639/1668 3041/3640/1563 3042/2717/1563 3015/2728/1668
f 3020/2681/1559 3039/2684/1559 3040/2732/1559 3019/3605/1559
f 2976/3610/1509 2977/2456/1510 2978/2452/1510 2975/2451/1509
f 2974/3612/2271 2976/3653/1509 2975/3666/1509 2973/3257/2035
f 2970/3613/1502 2971/2605/1626 2972/3249/2030 2969/3614/1502
f 2968/3655/2283 2970/3667/1502 2969/2444/1502 2967/2443/1501
f 2964/3615/2272 2965/2573/1490 2966/2432/1490 2963/2431/1489
f 2962/3617/2019 2964/3656/2272 2963/3668/1489 2961/3231/2019
f 2958/3618/2274 2959/2558/1592 2960/3223/2013 2957/3619/1716
f 2956/3641/2279 2958/3642/2274 2957/2723/1716 2955/2722/1715
f 2952/3620/1422 2953/2516/1560 2954/3171/1560 2951/3621/1422
f 2950/3659/1421 2952/3671/1422 2951/2358/1422 2949/2357/1421
f 2946/3622/1533 2947/2522/1564 2948/2486/1534 2945/2485/1533
f 2944/3624/1982 2946/3664/1533 2945/3665/1533 2943/3164/1982
f 2940/3625/1544 2941/2492/1540 2942/3163/1540 2939/3626/1544
f 2938/3662/1543 2940/3663/1544 2939/2496/1544 2937/2495/1543
f 2934/3627/1653 2935/2374/1437 2936/2677/1437 2933/2676/1682
f 2932/2634/1650 2934/2637/1653 2933/3647/1682 2931/3156/1978
f 2928/3629/2275 2929/3630/2276 2930/3632/2276 2927/3631/1580
f 2926/3657/1553 2928/3658/2275 2927/2544/1580 2925/2543/1553
f 2922/3633/2277 2923/3634/2278 2924/3636/2278 2921/3635/1704
f 2920/3643/2280 2922/3644/2277 2921/2710/1704 2919/2709/1703
f 3012/3649/9 2987/2696/9 2988/2365/9 3011/2793/9
f 2992/3638/1559 3021/3609/1559 3022/2579/1559 2991/2578/1559
f 3039/2684/1559 3009/3169/1559 3010/2515/1559 3040/2732/1559
f 3021/3609/1559 3020/2681/1559 3019/3605/1559 3022/2579/1559
f 3015/3606/1668 3017/3607/2269 3018/2657/1669 3016/2656/1668
f 2955/2722/1715 3023/3220/2010 3024/2730/1721 2956/3641/2279
f 3041/3640/1563 3003/3165/1563 3004/2521/1563 3042/2717/1563
f 2919/2709/1703 2981/3115/1958 2982/2397/1460 2920/3643/2280
f 2981/3115/1958 3025/3645/2281 3026/2398/1461 2982/2397/1460
f 3017/3607/2269 3029/3646/2270 3030/3608/2270 3018/2657/1669
f 2998/3628/1965 2932/2634/1650 2931/3156/1978 2997/3130/1965
f 3014/3648/1750 3035/3611/1750 3036/3256/1750 3013/2773/1750
f 2996/3127/1464 3033/3247/1464 3034/2402/1464 2995/2401/1464
f 2987/2696/9 2983/2699/1429 2984/2366/1429 2988/2365/9
f 3149/3650/2282 2998/3628/1965 2997/3130/1965 3150/3129/1965
f 2990/3637/1644 2992/3638/1559 2991/2578/1559 2989/3654/1644
f 3033/3247/1464 2972/3249/2030 2971/2605/1626 3034/2402/1464
f 3032/3246/1513 3037/3258/1513 3038/2455/1513 3031/2576/1513
f 3089/3651/19 2990/3652/1644 2989/2628/1644 3090/2627/19
f 3023/3220/2010 3027/3232/2020 3028/2572/1602 3024/2730/1721
f 3027/3232/2020 2966/2432/1490 2965/2573/1490 3028/2572/1602
f 3059/3221/2011 2960/3223/2013 2959/2558/1592 3060/2557/1591
f 2925/3124/1553 2996/3127/1464 2995/2401/1464 2926/2509/1553
f 3002/2647/1436 2999/2650/1436 3000/2373/1436 3001/2525/1436
f 3003/3165/1563 2948/2486/1534 2947/2522/1564 3004/2521/1563
f 3009/3169/1559 2954/3171/1560 2953/2516/1560 3010/2515/1559
f 3108/3660/9 2979/3661/9 2980/3118/9 3122/3117/9
f 3008/3168/17 3005/3623/17 3006/2500/17 3007/2499/17
f 2937/2495/1543 3002/2647/1436 3001/2525/1436 2938/3662/1543
f 2986/3161/1539 2942/3163/1540 2941/2492/1540 2985/2491/1539
f 3005/3623/17 2944/3624/1982 2943/3164/1982 3006/2500/17
f 3037/3258/1513 2978/2452/1510 2977/2456/1510 3038/2455/1513
f 3035/3611/1750 2974/3612/2271 2973/3257/2035 3036/3256/1750
f 2967/2443/1501 3032/3246/1513 3031/2576/1513 2968/3655/2283
f 3061/3616/2273 2962/3617/2019 2961/3231/2019 3062/3230/2018
f 2993/3669/1749 3014/3648/1750 3013/2773/1750 2994/2772/1749
f 2979/3661/9 3012/3649/9 3011/2793/9 2980/3118/9
f 2999/2650/1436 2936/2677/1437 2935/2374/1437 3000/2373/1436
f 3151/3670/1539 2986/3161/1539 2985/2491/1539 3152/2645/1539
f 2949/2357/1421 3008/3168/17 3007/2499/17 2950/3659/1421
f 2166/2808/1771 2920/3643/2280 2982/2397/1460 2564/2396/1459
f 3029/3646/2270 3061/3616/2273 3062/3230/2018 3030/3608/2270
f 3025/3672/2281 3059/3221/2011 3060/2557/1591 3026/3673/1461
f 3029/3646/2270 2534/3374/2084 3049/3373/2083 3061/3616/2273
f 2301/2943/1832 3053/3384/2091 3054/3229/2017 2299/2940/1835
f 2298/2440/1498 3052/2439/1497 3053/3383/2091 2301/2937/1832
f 2297/2931/1829 3050/3376/2086 3051/2420/1480 2291/2423/1483
f 2293/2935/1831 3049/3373/2083 3050/3376/2086 2297/2931/1829
f 2539/3380/2087 3047/3240/2025 3048/3222/2012 2537/3381/2089
f 2538/2694/1695 3046/2434/1492 3047/3239/2025 2539/3377/2087
f 2533/3372/2081 3044/3234/2021 3045/2549/1583 2531/2783/1759
f 2532/2399/1462 3043/2556/1590 3044/3233/2021 2533/3369/2081
f 2541/3386/2092 3030/3608/2270 3062/3230/2018 3054/3229/2017
f 3025/3672/2281 2537/3381/2089 3048/3222/2012 3059/3221/2011
f 2155/2680/1685 2156/2679/1684 3056/2548/1582 3057/2421/1481
f 2545/2693/1694 2551/2688/1689 3058/2438/1496 3055/2435/1493
f 2532/2399/1462 3026/3673/1461 3060/2557/1591 3043/2556/1590
f 2156/2679/1684 2531/2783/1759 3045/2549/1583 3056/2548/1582
f 2551/2688/1689 2540/2687/1688 3052/2439/1497 3058/2438/1496
f 2538/2694/1695 2545/2693/1694 3055/2435/1493 3046/2434/1492
f 2535/2695/1696 2155/2680/1685 3057/2421/1481 3051/2420/1480
f 2923/3634/2278 3091/3674/9 3092/3675/9 2924/3636/2278
f 3121/3676/19 3089/3651/19 3090/2627/19 3107/3677/19
f 2923/3634/2278 2168/2811/1774 3072/3678/2284 3091/3674/9
f 3121/3676/19 3095/3679/2285 3070/3137/1970 3089/3651/19
f 3112/3680/2286 3099/3681/2287 3078/3302/2053 3066/3108/1954
f 3104/3682/2109 3086/3415/2109 3087/2746/1598 3105/3683/1598
f 3120/3684/2288 3085/2789/1471 3086/3415/2109 3104/3682/2109
f 3102/3685/2107 3083/3411/2107 3084/3413/1628 3103/2785/1628
f 3119/3686/1639 3082/2745/1731 3083/3411/2107 3102/3685/2107
f 3100/3687/2109 3080/3305/2055 3081/2786/1471 3101/3688/1471
f 3118/3689/1598 3079/2566/1598 3080/3304/2055 3100/3690/2109
f 3098/3691/2107 3077/3299/2052 3078/3302/2053 3099/3681/2287
f 3117/2784/1760 3076/3295/1760 3077/3298/2052 3098/3692/2107
f 2179/3693/1991 3074/3694/2289 3075/2626/1643 2178/2629/1645
f 2177/2568/1425 3073/2567/1599 3074/3695/2289 2179/3696/1991
f 2169/2813/1772 3065/3697/2290 3072/3678/2284 2168/2811/1774
f 2167/2701/1595 3071/2700/1699 3065/3698/2290 2169/3699/1772
f 3094/3700/2291 3069/3134/1968 3070/3137/1970 3095/3679/2285
f 3113/3701/1417 3068/2352/1417 3069/3133/1968 3094/3702/2291
f 2163/2805/1770 2924/3636/2278 3092/3675/9 3067/3113/1956
f 3106/3703/2292 3088/3112/1955 3067/3113/1956 3093/3116/1959
f 3112/3680/2286 3066/3108/1954 3088/3111/1955 3106/3704/2292
f 3101/3688/1471 3081/2786/1471 3085/2789/1471 3120/3684/2288
f 2339/3296/1712 3076/3295/1760 3084/3413/1628 2616/3412/1713
f 3119/3686/1639 3105/3683/1598 3087/2746/1598 3082/2745/1731
f 3110/3705/2293 3096/3196/1699 3071/2700/1699 3064/2506/1550
f 3116/3209/1643 3107/3677/19 3090/2627/19 3075/2626/1643
f 3118/3689/1598 3097/3203/2000 3073/2567/1599 3079/2566/1598
f 3109/3706/512 3110/3705/2293 3064/2506/1550 3063/2353/512
f 3113/3701/1417 3109/3706/512 3063/2353/512 3068/2352/1417
f 2263/2659/1671 2130/2483/512 3109/3706/512 3113/3701/1417
f 2130/2483/512 2129/2475/1526 3110/3705/2293 3109/3706/512
f 2369/2664/1674 2259/2663/1466 3097/3203/2000 3118/3689/1598
f 2260/3208/2003 2993/3669/1749 3107/3677/19 3116/3209/1643
f 2129/2475/1526 2256/2474/1525 3096/3196/1699 3110/3705/2293
f 2624/2744/1731 2622/2743/1598 3105/3683/1598 3119/3686/1639
f 2370/2518/1471 3101/3688/1471 3120/3684/2288 2621/2519/1471
f 2254/2624/1640 3112/3680/2286 3106/3704/2292 2255/3192/1994
f 2255/3195/1994 3106/3703/2292 3093/3116/1959 2253/3119/1960
f 2263/2659/1671 3113/3701/1417 3094/3702/2291 2264/3707/2080
f 2264/3365/2080 3094/3700/2291 3095/3679/2285 2262/2771/1748
f 2372/2685/1628 3117/2784/1760 3098/3692/2107 2374/3287/2047
f 2374/3290/2047 3098/3691/2107 3099/3681/2287 2373/2623/1641
f 2369/2664/1674 3118/3689/1598 3100/3690/2109 2371/3291/2049
f 2371/3294/2049 3100/3687/2109 3101/3688/1471 2370/2518/1471
f 2624/2744/1731 3119/3686/1639 3102/3685/2107 2626/3406/2104
f 2626/3406/2104 3102/3685/2107 3103/2785/1628 2625/2686/1629
f 2621/2519/1471 3120/3684/2288 3104/3682/2109 2623/3408/2049
f 2623/3408/2049 3104/3682/2109 3105/3683/1598 2622/2743/1598
f 2254/2624/1640 2373/2623/1641 3099/3681/2287 3112/3680/2286
f 2994/2772/1749 2262/2771/1748 3095/3679/2285 3121/3676/19
f 2994/2772/1749 3121/3676/19 3107/3677/19 2993/3669/1749
f 3091/3674/9 3108/3660/9 3122/3117/9 3092/3675/9
f 3091/3674/9 3072/3678/2284 3114/3202/1999 3108/3660/9
f 3074/3694/2289 3115/3206/2002 3116/3209/1643 3075/2626/1643
f 3073/2567/1599 3097/3203/2000 3115/3205/2002 3074/3695/2289
f 3065/3697/2290 3111/3199/1997 3114/3202/1999 3072/3678/2284
f 3071/2700/1699 3096/3196/1699 3111/3198/1997 3065/3698/2290
f 3067/3113/1956 3092/3675/9 3122/3117/9 3093/3116/1959
f 3076/3295/1760 3117/2784/1760 3103/2785/1628 3084/3413/1628
f 2983/3708/1429 3151/3670/1539 3152/2645/1539 2984/3709/1429
f 2929/3630/2276 3149/3650/2282 3150/3129/1965 2930/3632/2276
f 2983/3708/1429 2175/3148/1698 3128/3147/1975 3151/3670/1539
f 2929/3630/2276 2185/2822/1779 3133/3345/2069 3149/3650/2282
f 2614/3710/2113 3147/3425/2117 3148/2631/1647 2613/3711/1740
f 2612/3712/1753 3146/2529/1570 3147/3425/2117 2614/3710/2113
f 2611/3713/2115 3144/3424/2116 3145/2768/1746 2610/2767/1469
f 2609/3714/1741 3143/2630/1646 3144/3424/2116 2611/3713/2115
f 2338/3715/2065 3141/3355/2074 3142/2526/1567 2337/3716/1752
f 2336/3717/1655 3140/2597/1619 3141/3354/2074 2338/3718/2065
f 2335/3719/2067 3138/3353/2073 3139/2612/1631 2334/3720/1675
f 2333/2766/1469 3137/2765/1746 3138/3352/2073 2335/3721/2067
f 2193/2833/1781 3135/3351/2072 3136/2660/1672 2191/2830/1609
f 2190/2826/1780 3134/3128/1964 3135/3350/2072 2193/2827/1781
f 2188/2825/1778 3132/3344/2068 3133/3345/2069 2185/2822/1779
f 2184/2818/1657 3131/2611/1630 3132/3343/2068 2188/2819/1778
f 2461/3349/2071 3129/3151/1976 3130/2617/1636 2459/2368/1431
f 2460/3162/1981 3128/3147/1975 3129/3150/1976 2461/3348/2071
f 2458/3347/2070 3126/3144/1974 3127/2644/1660 2456/2490/1538
f 2457/2377/1440 3125/2598/1620 3126/3143/1974 2458/3346/2070
f 2190/2826/1780 2930/3632/2276 3150/3129/1965 3134/3128/1964
f 2465/2984/1854 3137/2765/1746 3145/2768/1746 2657/3058/1904
f 2126/3722/1607 2191/2830/1609 3136/2660/1672 3124/2625/1642
f 2172/3146/1430 2984/3709/1429 3152/2645/1539 3127/2644/1660
f 2609/3714/1741 2613/3711/1740 3148/2631/1647 3143/2630/1646
f 2125/3723/1410 2126/3722/1607 3124/2625/1642 3123/2618/1637
f 2174/3153/1411 2125/3723/1410 3123/2618/1637 3130/2617/1636
f 2184/2818/1657 2334/3720/1675 3139/2612/1631 3131/2611/1630
f 2336/3717/1655 2171/3141/1654 3125/2598/1620 3140/2597/1619
f 2337/3716/1752 3142/2526/1567 3146/2529/1570 2612/3712/1753
