# Blender 4.0.2
# www.blender.org
mtllib plate.mtl
o PLATES
v 0.029629 0.758826 -0.598369
v 0.058334 0.770635 -0.742680
v 0.029629 0.770635 -0.745507
v 0.085936 0.770635 -0.734307
v 0.111374 0.770635 -0.720710
v 0.133671 0.770635 -0.702411
v 0.151969 0.770635 -0.680115
v 0.165566 0.770635 -0.654676
v 0.173939 0.770635 -0.627074
v 0.176767 0.770635 -0.598369
v 0.173939 0.770635 -0.569664
v 0.165566 0.770635 -0.542062
v 0.151969 0.770635 -0.516624
v 0.133671 0.770635 -0.494328
v 0.111374 0.770635 -0.476029
v 0.085936 0.770635 -0.462432
v 0.058334 0.770635 -0.454059
v 0.029629 0.770635 -0.451232
v 0.000924 0.770635 -0.454059
v -0.026678 0.770635 -0.462432
v -0.052116 0.770635 -0.476029
v -0.074413 0.770635 -0.494328
v -0.092711 0.770635 -0.516624
v -0.106308 0.770635 -0.542062
v -0.114681 0.770635 -0.569664
v -0.117508 0.770635 -0.598369
v -0.114681 0.770635 -0.627074
v -0.106308 0.770635 -0.654676
v -0.092711 0.770635 -0.680115
v -0.074413 0.770635 -0.702411
v -0.052116 0.770635 -0.720710
v -0.026678 0.770635 -0.734307
v 0.000924 0.770635 -0.742680
v 0.052792 0.762947 -0.714817
v 0.029629 0.762947 -0.717098
v 0.075065 0.762947 -0.708060
v 0.095591 0.762947 -0.697089
v 0.113583 0.762947 -0.682323
v 0.128348 0.762947 -0.664331
v 0.139320 0.762947 -0.643805
v 0.146077 0.762947 -0.621532
v 0.148358 0.762947 -0.598369
v 0.146077 0.762947 -0.575207
v 0.139320 0.762947 -0.552934
v 0.128348 0.762947 -0.532407
v 0.113583 0.762947 -0.514416
v 0.095591 0.762947 -0.499650
v 0.075065 0.762947 -0.488678
v 0.052792 0.762947 -0.481922
v 0.029629 0.762947 -0.479641
v 0.006466 0.762947 -0.481922
v -0.015806 0.762947 -0.488678
v -0.036333 0.762947 -0.499650
v -0.054325 0.762947 -0.514416
v -0.069090 0.762947 -0.532407
v -0.080062 0.762947 -0.552934
v -0.086818 0.762947 -0.575207
v -0.089100 0.762947 -0.598369
v -0.086818 0.762947 -0.621532
v -0.080062 0.762947 -0.643805
v -0.069090 0.762947 -0.664331
v -0.054325 0.762947 -0.682323
v -0.036333 0.762947 -0.697089
v -0.015806 0.762947 -0.708060
v 0.006466 0.762947 -0.714817
v 0.045383 0.759370 -0.677571
v 0.029629 0.759370 -0.679122
v 0.060532 0.759370 -0.672975
v 0.074493 0.759370 -0.665513
v 0.086730 0.759370 -0.655470
v 0.096773 0.759370 -0.643233
v 0.104235 0.759370 -0.629272
v 0.108831 0.759370 -0.614123
v 0.110382 0.759370 -0.598369
v 0.108831 0.759370 -0.582615
v 0.104235 0.759370 -0.567466
v 0.096773 0.759370 -0.553505
v 0.086730 0.759370 -0.541268
v 0.074493 0.759370 -0.531226
v 0.060532 0.759370 -0.523763
v 0.045383 0.759370 -0.519168
v 0.029629 0.759370 -0.517616
v 0.013875 0.759370 -0.519168
v -0.001274 0.759370 -0.523763
v -0.015235 0.759370 -0.531226
v -0.027472 0.759370 -0.541268
v -0.037515 0.759370 -0.553505
v -0.044977 0.759370 -0.567466
v -0.049572 0.759370 -0.582615
v -0.051124 0.759370 -0.598369
v -0.049572 0.759370 -0.614123
v -0.044977 0.759370 -0.629272
v -0.037515 0.759370 -0.643233
v -0.027472 0.759370 -0.655470
v -0.015235 0.759370 -0.665513
v -0.001274 0.759370 -0.672975
v 0.013875 0.759370 -0.677571
v 0.040360 0.758826 -0.652316
v 0.029629 0.758826 -0.653373
v 0.050678 0.758826 -0.649186
v 0.060188 0.758826 -0.644104
v 0.068523 0.758826 -0.637263
v 0.075363 0.758826 -0.628928
v 0.080446 0.758826 -0.619419
v 0.083576 0.758826 -0.609100
v 0.084633 0.758826 -0.598369
v 0.083576 0.758826 -0.587639
v 0.080446 0.758826 -0.577320
v 0.075363 0.758826 -0.567811
v 0.068523 0.758826 -0.559476
v 0.060188 0.758826 -0.552635
v 0.050678 0.758826 -0.547552
v 0.040360 0.758826 -0.544422
v 0.029629 0.758826 -0.543365
v 0.018898 0.758826 -0.544422
v 0.008580 0.758826 -0.547552
v -0.000929 0.758826 -0.552635
v -0.009265 0.758826 -0.559476
v -0.016105 0.758826 -0.567811
v -0.021188 0.758826 -0.577320
v -0.024318 0.758826 -0.587639
v -0.025375 0.758826 -0.598369
v -0.024318 0.758826 -0.609100
v -0.021188 0.758826 -0.619419
v -0.016105 0.758826 -0.628928
v -0.009265 0.758826 -0.637263
v -0.000929 0.758826 -0.644104
v 0.008580 0.758826 -0.649186
v 0.018898 0.758826 -0.652316
v 0.058727 0.766106 -0.744653
v 0.029629 0.766106 -0.747519
v 0.086706 0.766106 -0.736166
v 0.112492 0.766106 -0.722383
v 0.135094 0.766106 -0.703834
v 0.153643 0.766106 -0.681233
v 0.167426 0.766106 -0.655446
v 0.175913 0.766106 -0.627467
v 0.178779 0.766106 -0.598369
v 0.175913 0.766106 -0.569272
v 0.167426 0.766106 -0.541292
v 0.153643 0.766106 -0.515506
v 0.135094 0.766106 -0.492905
v 0.112492 0.766106 -0.474356
v 0.086706 0.766106 -0.460573
v 0.058727 0.766106 -0.452086
v 0.029629 0.766106 -0.449220
v 0.000532 0.766106 -0.452086
v -0.027448 0.766106 -0.460573
v -0.053234 0.766106 -0.474356
v -0.075836 0.766106 -0.492905
v -0.094384 0.766106 -0.515506
v -0.108167 0.766106 -0.541292
v -0.116655 0.766106 -0.569272
v -0.119521 0.766106 -0.598369
v -0.116655 0.766106 -0.627467
v -0.108167 0.766106 -0.655446
v -0.094384 0.766106 -0.681233
v -0.075836 0.766106 -0.703834
v -0.053234 0.766106 -0.722383
v -0.027448 0.766106 -0.736166
v 0.000532 0.766106 -0.744653
v 0.053533 0.758158 -0.718540
v 0.029629 0.758158 -0.720894
v 0.076517 0.758158 -0.711568
v 0.097700 0.758158 -0.700245
v 0.116267 0.758158 -0.685008
v 0.131505 0.758158 -0.666441
v 0.142827 0.758158 -0.645258
v 0.149800 0.758158 -0.622273
v 0.152154 0.758158 -0.598369
v 0.149800 0.758158 -0.574466
v 0.142827 0.758158 -0.551481
v 0.131505 0.758158 -0.530298
v 0.116267 0.758158 -0.511731
v 0.097700 0.758158 -0.496494
v 0.076517 0.758158 -0.485171
v 0.053533 0.758158 -0.478199
v 0.029629 0.758158 -0.475844
v 0.005726 0.758158 -0.478199
v -0.017259 0.758158 -0.485171
v -0.038442 0.758158 -0.496494
v -0.057009 0.758158 -0.511731
v -0.072247 0.758158 -0.530298
v -0.083569 0.758158 -0.551481
v -0.090541 0.758158 -0.574466
v -0.092896 0.758158 -0.598369
v -0.090541 0.758158 -0.622273
v -0.083569 0.758158 -0.645258
v -0.072247 0.758158 -0.666441
v -0.057009 0.758158 -0.685008
v -0.038442 0.758158 -0.700245
v -0.017259 0.758158 -0.711568
v 0.005726 0.758158 -0.718540
v 0.048149 0.754719 -0.691474
v 0.029629 0.754719 -0.693298
v 0.065957 0.754719 -0.686072
v 0.082369 0.754719 -0.677299
v 0.096754 0.754719 -0.665494
v 0.108559 0.754719 -0.651109
v 0.117331 0.754719 -0.634697
v 0.122733 0.754719 -0.616889
v 0.124557 0.754719 -0.598369
v 0.122733 0.754719 -0.579850
v 0.117331 0.754719 -0.562042
v 0.108559 0.754719 -0.545630
v 0.096754 0.754719 -0.531245
v 0.082369 0.754719 -0.519439
v 0.065957 0.754719 -0.510667
v 0.048149 0.754719 -0.505265
v 0.029629 0.754719 -0.503441
v 0.011110 0.754719 -0.505265
v -0.006698 0.754719 -0.510667
v -0.023110 0.754719 -0.519439
v -0.037495 0.754719 -0.531245
v -0.049301 0.754719 -0.545630
v -0.058073 0.754719 -0.562042
v -0.063475 0.754719 -0.579850
v -0.065299 0.754719 -0.598369
v -0.063475 0.754719 -0.616889
v -0.058073 0.754719 -0.634697
v -0.049301 0.754719 -0.651109
v -0.037495 0.754719 -0.665494
v -0.023110 0.754719 -0.677299
v -0.006698 0.754719 -0.686072
v 0.011110 0.754719 -0.691474
v 0.061146 0.778268 -0.756815
v 0.062086 0.779176 -0.761540
v 0.061854 0.779852 -0.760375
v 0.029629 0.779176 -0.764737
v 0.029629 0.778268 -0.759920
v 0.029629 0.779852 -0.763549
v 0.091452 0.778268 -0.747622
v 0.093295 0.779176 -0.752073
v 0.092841 0.779852 -0.750976
v 0.119382 0.778268 -0.732693
v 0.122058 0.779176 -0.736699
v 0.121398 0.779852 -0.735711
v 0.143862 0.778268 -0.712603
v 0.147269 0.779176 -0.716009
v 0.146429 0.779852 -0.715169
v 0.163953 0.778268 -0.688122
v 0.167959 0.779176 -0.690798
v 0.166971 0.779852 -0.690138
v 0.178882 0.778268 -0.660192
v 0.183333 0.779176 -0.662035
v 0.182235 0.779852 -0.661581
v 0.188075 0.778268 -0.629886
v 0.192800 0.779176 -0.630826
v 0.191635 0.779852 -0.630594
v 0.191179 0.778268 -0.598369
v 0.195997 0.779176 -0.598369
v 0.194809 0.779852 -0.598369
v 0.188075 0.778268 -0.566852
v 0.192800 0.779176 -0.565913
v 0.191635 0.779852 -0.566144
v 0.178882 0.778268 -0.536547
v 0.183333 0.779176 -0.534703
v 0.182235 0.779852 -0.535158
v 0.163953 0.778268 -0.508617
v 0.167959 0.779176 -0.505941
v 0.166971 0.779852 -0.506600
v 0.143862 0.778268 -0.484136
v 0.147269 0.779176 -0.480730
v 0.146429 0.779852 -0.481570
v 0.119382 0.778268 -0.464045
v 0.122058 0.779176 -0.460040
v 0.121398 0.779852 -0.461027
v 0.091452 0.778268 -0.449116
v 0.093295 0.779176 -0.444666
v 0.092841 0.779852 -0.445763
v 0.061146 0.778268 -0.439923
v 0.062086 0.779176 -0.435199
v 0.061854 0.779852 -0.436363
v 0.029629 0.778268 -0.436819
v 0.029629 0.779176 -0.432002
v 0.029629 0.779852 -0.433190
v -0.001888 0.778268 -0.439923
v -0.002828 0.779176 -0.435199
v -0.002596 0.779852 -0.436363
v -0.032193 0.778268 -0.449116
v -0.034037 0.779176 -0.444666
v -0.033582 0.779852 -0.445763
v -0.060123 0.778268 -0.464045
v -0.062800 0.779176 -0.460040
v -0.062140 0.779852 -0.461027
v -0.084604 0.778268 -0.484136
v -0.088010 0.779176 -0.480730
v -0.087171 0.779852 -0.481570
v -0.104695 0.778268 -0.508617
v -0.108700 0.779176 -0.505941
v -0.107713 0.779852 -0.506600
v -0.119624 0.778268 -0.536547
v -0.124074 0.779176 -0.534703
v -0.122977 0.779852 -0.535158
v -0.128817 0.778268 -0.566852
v -0.133542 0.779176 -0.565913
v -0.132377 0.779852 -0.566144
v -0.131921 0.778268 -0.598369
v -0.136738 0.779176 -0.598369
v -0.135551 0.779852 -0.598369
v -0.128817 0.778268 -0.629886
v -0.133542 0.779176 -0.630826
v -0.132377 0.779852 -0.630594
v -0.119624 0.778268 -0.660192
v -0.124074 0.779176 -0.662035
v -0.122977 0.779852 -0.661581
v -0.104695 0.778268 -0.688122
v -0.108700 0.779176 -0.690798
v -0.107713 0.779852 -0.690138
v -0.084604 0.778268 -0.712603
v -0.088010 0.779176 -0.716009
v -0.087171 0.779852 -0.715169
v -0.060123 0.778268 -0.732693
v -0.062800 0.779176 -0.736699
v -0.062140 0.779852 -0.735711
v -0.032193 0.778268 -0.747622
v -0.034037 0.779176 -0.752073
v -0.033582 0.779852 -0.750976
v -0.001888 0.778268 -0.756815
v -0.002828 0.779176 -0.761540
v -0.002596 0.779852 -0.760375
v 0.062200 0.778262 -0.762112
v 0.061629 0.774183 -0.759245
v 0.062222 0.776895 -0.762224
v 0.029629 0.774183 -0.762396
v 0.029629 0.778262 -0.765320
v 0.029629 0.776895 -0.765434
v 0.093518 0.778262 -0.752611
v 0.092400 0.774183 -0.749911
v 0.093562 0.776895 -0.752717
v 0.122382 0.778262 -0.737183
v 0.120758 0.774183 -0.734753
v 0.122445 0.776895 -0.737279
v 0.147681 0.778262 -0.716421
v 0.145614 0.774183 -0.714354
v 0.147762 0.776895 -0.716502
v 0.168443 0.778262 -0.691122
v 0.166013 0.774183 -0.689498
v 0.168539 0.776895 -0.691186
v 0.183871 0.778262 -0.662258
v 0.181170 0.774183 -0.661140
v 0.183977 0.776895 -0.662302
v 0.193372 0.778262 -0.630940
v 0.190504 0.774183 -0.630369
v 0.193484 0.776895 -0.630962
v 0.196579 0.778262 -0.598369
v 0.193656 0.774183 -0.598369
v 0.196694 0.776895 -0.598369
v 0.193372 0.778262 -0.565799
v 0.190504 0.774183 -0.566369
v 0.193484 0.776895 -0.565777
v 0.183871 0.778262 -0.534480
v 0.181170 0.774183 -0.535599
v 0.183977 0.776895 -0.534436
v 0.168443 0.778262 -0.505617
v 0.166013 0.774183 -0.507241
v 0.168539 0.776895 -0.505553
v 0.147681 0.778262 -0.480318
v 0.145614 0.774183 -0.482385
v 0.147762 0.776895 -0.480237
v 0.122382 0.778262 -0.459555
v 0.120758 0.774183 -0.461986
v 0.122445 0.776895 -0.459460
v 0.093518 0.778262 -0.444127
v 0.092400 0.774183 -0.446828
v 0.093562 0.776895 -0.444022
v 0.062200 0.778262 -0.434627
v 0.061629 0.774183 -0.437494
v 0.062222 0.776895 -0.434515
v 0.029629 0.778262 -0.431419
v 0.029629 0.774183 -0.434342
v 0.029629 0.776895 -0.431305
v -0.002941 0.778262 -0.434627
v -0.002371 0.774183 -0.437494
v -0.002964 0.776895 -0.434515
v -0.034260 0.778262 -0.444127
v -0.033141 0.774183 -0.446828
v -0.034304 0.776895 -0.444022
v -0.063123 0.778262 -0.459555
v -0.061499 0.774183 -0.461986
v -0.063187 0.776895 -0.459460
v -0.088422 0.778262 -0.480318
v -0.086355 0.774183 -0.482385
v -0.088504 0.776895 -0.480237
v -0.109185 0.778262 -0.505617
v -0.106754 0.774183 -0.507241
v -0.109280 0.776895 -0.505553
v -0.124613 0.778262 -0.534480
v -0.121912 0.774183 -0.535599
v -0.124719 0.776895 -0.534436
v -0.134113 0.778262 -0.565799
v -0.131246 0.774183 -0.566369
v -0.134226 0.776895 -0.565777
v -0.137321 0.778262 -0.598369
v -0.134398 0.774183 -0.598369
v -0.137436 0.776895 -0.598369
v -0.134113 0.778262 -0.630940
v -0.131246 0.774183 -0.630369
v -0.134226 0.776895 -0.630962
v -0.124613 0.778262 -0.662258
v -0.121912 0.774183 -0.661140
v -0.124719 0.776895 -0.662302
v -0.109185 0.778262 -0.691122
v -0.106754 0.774183 -0.689498
v -0.109280 0.776895 -0.691186
v -0.088422 0.778262 -0.716421
v -0.086355 0.774183 -0.714354
v -0.088504 0.776895 -0.716502
v -0.063123 0.778262 -0.737183
v -0.061499 0.774183 -0.734753
v -0.063187 0.776895 -0.737279
v -0.034260 0.778262 -0.752611
v -0.033141 0.774183 -0.749911
v -0.034304 0.776895 -0.752717
v -0.002941 0.778262 -0.762112
v -0.002371 0.774183 -0.759245
v -0.002964 0.776895 -0.762224
v 0.029629 0.752789 -0.598369
v 0.040236 0.752284 -0.651693
v 0.029629 0.752284 -0.652738
v 0.050435 0.752284 -0.648599
v 0.059835 0.752284 -0.643575
v 0.068073 0.752284 -0.636814
v 0.074835 0.752284 -0.628575
v 0.079859 0.752284 -0.619175
v 0.082953 0.752284 -0.608976
v 0.083998 0.752284 -0.598369
v 0.082953 0.752284 -0.587763
v 0.079859 0.752284 -0.577563
v 0.074835 0.752284 -0.568164
v 0.068073 0.752284 -0.559925
v 0.059835 0.752284 -0.553164
v 0.050435 0.752284 -0.548140
v 0.040236 0.752284 -0.545046
v 0.029629 0.752284 -0.544001
v 0.019022 0.752284 -0.545046
v 0.008823 0.752284 -0.548140
v -0.000576 0.752284 -0.553164
v -0.008815 0.752284 -0.559925
v -0.015576 0.752284 -0.568164
v -0.020601 0.752284 -0.577564
v -0.023694 0.752284 -0.587763
v -0.024739 0.752284 -0.598369
v -0.023694 0.752284 -0.608976
v -0.020601 0.752284 -0.619175
v -0.015576 0.752284 -0.628575
v -0.008815 0.752284 -0.636814
v -0.000576 0.752284 -0.643575
v 0.008823 0.752284 -0.648599
v 0.019022 0.752284 -0.651693
v 0.045033 0.754072 -0.675812
v 0.044045 0.751734 -0.670842
v 0.044211 0.753193 -0.671679
v 0.029629 0.751734 -0.672261
v 0.029629 0.754072 -0.677329
v 0.029629 0.753193 -0.673115
v 0.059846 0.754072 -0.671319
v 0.057906 0.751734 -0.666637
v 0.058233 0.753193 -0.667426
v 0.073497 0.754072 -0.664022
v 0.070681 0.751734 -0.659808
v 0.071156 0.753193 -0.660518
v 0.085462 0.754072 -0.654202
v 0.081879 0.751734 -0.650619
v 0.082482 0.753193 -0.651223
v 0.095282 0.754072 -0.642237
v 0.091068 0.751734 -0.639422
v 0.091778 0.753193 -0.639896
v 0.102579 0.754072 -0.628586
v 0.097896 0.751734 -0.626647
v 0.098685 0.753193 -0.626973
v 0.107072 0.754072 -0.613774
v 0.102101 0.751734 -0.612785
v 0.102939 0.753193 -0.612952
v 0.108589 0.754072 -0.598369
v 0.103521 0.751734 -0.598369
v 0.104375 0.753193 -0.598369
v 0.107072 0.754072 -0.582965
v 0.102101 0.751734 -0.583954
v 0.102939 0.753193 -0.583787
v 0.102579 0.754072 -0.568153
v 0.097896 0.751734 -0.570092
v 0.098685 0.753193 -0.569765
v 0.095282 0.754072 -0.554502
v 0.091068 0.751734 -0.557317
v 0.091778 0.753193 -0.556843
v 0.085462 0.754072 -0.542536
v 0.081879 0.751734 -0.546120
v 0.082482 0.753193 -0.545516
v 0.073497 0.754072 -0.532717
v 0.070681 0.751734 -0.536930
v 0.071156 0.753193 -0.536220
v 0.059846 0.754072 -0.525420
v 0.057906 0.751734 -0.530102
v 0.058233 0.753193 -0.529313
v 0.045033 0.754072 -0.520927
v 0.044045 0.751734 -0.525897
v 0.044211 0.753193 -0.525060
v 0.029629 0.754072 -0.519409
v 0.029629 0.751734 -0.524477
v 0.029629 0.753193 -0.523624
v 0.014225 0.754072 -0.520927
v 0.015214 0.751734 -0.525897
v 0.015047 0.753193 -0.525060
v -0.000588 0.754072 -0.525420
v 0.001352 0.751734 -0.530102
v 0.001025 0.753193 -0.529313
v -0.014239 0.754072 -0.532717
v -0.011423 0.751734 -0.536930
v -0.011897 0.753193 -0.536220
v -0.026204 0.754072 -0.542536
v -0.022620 0.751734 -0.546120
v -0.023224 0.753193 -0.545516
v -0.036024 0.754072 -0.554502
v -0.031810 0.751734 -0.557317
v -0.032520 0.753193 -0.556843
v -0.043320 0.754072 -0.568153
v -0.038638 0.751734 -0.570092
v -0.039427 0.753193 -0.569765
v -0.047814 0.754072 -0.582965
v -0.042843 0.751734 -0.583954
v -0.043680 0.753193 -0.583787
v -0.049331 0.754072 -0.598369
v -0.044263 0.751734 -0.598369
v -0.045117 0.753193 -0.598369
v -0.047814 0.754072 -0.613774
v -0.042843 0.751734 -0.612785
v -0.043680 0.753193 -0.612952
v -0.043320 0.754072 -0.628586
v -0.038638 0.751734 -0.626647
v -0.039427 0.753193 -0.626973
v -0.036024 0.754072 -0.642237
v -0.031810 0.751734 -0.639422
v -0.032520 0.753193 -0.639896
v -0.026204 0.754072 -0.654202
v -0.022620 0.751734 -0.650619
v -0.023224 0.753193 -0.651223
v -0.014239 0.754072 -0.664022
v -0.011423 0.751734 -0.659808
v -0.011897 0.753193 -0.660518
v -0.000588 0.754072 -0.671319
v 0.001352 0.751734 -0.666637
v 0.001025 0.753193 -0.667426
v 0.014225 0.754072 -0.675812
v 0.015214 0.751734 -0.670842
v 0.015047 0.753193 -0.671679
v 0.043053 0.749543 -0.665857
v 0.042562 0.750237 -0.663385
v 0.042825 0.749614 -0.664712
v 0.029629 0.750237 -0.664658
v 0.029629 0.749543 -0.667179
v 0.029629 0.749614 -0.666012
v 0.055962 0.749543 -0.661941
v 0.054997 0.750237 -0.659612
v 0.055515 0.749614 -0.660863
v 0.067858 0.749543 -0.655583
v 0.066457 0.750237 -0.653487
v 0.067209 0.749614 -0.654612
v 0.078285 0.749543 -0.647025
v 0.076503 0.750237 -0.645243
v 0.077459 0.749614 -0.646200
v 0.086843 0.749543 -0.636598
v 0.084747 0.750237 -0.635198
v 0.085872 0.749614 -0.635949
v 0.093201 0.749543 -0.624702
v 0.090872 0.750237 -0.623737
v 0.092122 0.749614 -0.624255
v 0.097117 0.749543 -0.611794
v 0.094645 0.750237 -0.611302
v 0.095972 0.749614 -0.611566
v 0.098439 0.749543 -0.598369
v 0.095918 0.750237 -0.598369
v 0.097271 0.749614 -0.598369
v 0.097117 0.749543 -0.584945
v 0.094645 0.750237 -0.585437
v 0.095972 0.749614 -0.585173
v 0.093201 0.749543 -0.572037
v 0.090872 0.750237 -0.573002
v 0.092122 0.749614 -0.572484
v 0.086843 0.749543 -0.560141
v 0.084747 0.750237 -0.561541
v 0.085872 0.749614 -0.560789
v 0.078285 0.749543 -0.549713
v 0.076503 0.750237 -0.551496
v 0.077459 0.749614 -0.550539
v 0.067858 0.749543 -0.541156
v 0.066457 0.750237 -0.543252
v 0.067209 0.749614 -0.542127
v 0.055962 0.749543 -0.534797
v 0.054997 0.750237 -0.537126
v 0.055515 0.749614 -0.535876
v 0.043053 0.749543 -0.530882
v 0.042562 0.750237 -0.533354
v 0.042826 0.749614 -0.532027
v 0.029629 0.749543 -0.529559
v 0.029629 0.750237 -0.532080
v 0.029629 0.749614 -0.530727
v 0.016205 0.749543 -0.530882
v 0.016697 0.750237 -0.533354
v 0.016433 0.749614 -0.532027
v 0.003297 0.749543 -0.534797
v 0.004261 0.750237 -0.537126
v 0.003744 0.749614 -0.535876
v -0.008600 0.749543 -0.541156
v -0.007199 0.750237 -0.543252
v -0.007951 0.749614 -0.542127
v -0.019027 0.749543 -0.549713
v -0.017244 0.750237 -0.551496
v -0.018201 0.749614 -0.550539
v -0.027584 0.749543 -0.560141
v -0.025488 0.750237 -0.561541
v -0.026613 0.749614 -0.560789
v -0.033943 0.749543 -0.572037
v -0.031614 0.750237 -0.573002
v -0.032864 0.749614 -0.572484
v -0.037859 0.749543 -0.584945
v -0.035386 0.750237 -0.585437
v -0.036713 0.749614 -0.585173
v -0.039181 0.749543 -0.598369
v -0.036660 0.750237 -0.598369
v -0.038013 0.749614 -0.598369
v -0.037859 0.749543 -0.611794
v -0.035386 0.750237 -0.611302
v -0.036713 0.749614 -0.611566
v -0.033943 0.749543 -0.624702
v -0.031614 0.750237 -0.623737
v -0.032864 0.749614 -0.624255
v -0.027584 0.749543 -0.636598
v -0.025488 0.750237 -0.635198
v -0.026613 0.749614 -0.635949
v -0.019027 0.749543 -0.647025
v -0.017244 0.750237 -0.645243
v -0.018201 0.749614 -0.646200
v -0.008600 0.749543 -0.655583
v -0.007199 0.750237 -0.653487
v -0.007951 0.749614 -0.654612
v 0.003297 0.749543 -0.661941
v 0.004261 0.750237 -0.659612
v 0.003744 0.749614 -0.660863
v 0.016205 0.749543 -0.665857
v 0.016697 0.750237 -0.663385
v 0.016433 0.749614 -0.664712
v 0.043965 0.750440 -0.670443
v 0.043700 0.749669 -0.669106
v 0.029629 0.749669 -0.670492
v 0.029629 0.750440 -0.671855
v 0.057751 0.750440 -0.666261
v 0.057229 0.749669 -0.665002
v 0.070455 0.750440 -0.659470
v 0.069699 0.749669 -0.658337
v 0.081591 0.750440 -0.650331
v 0.080628 0.749669 -0.649368
v 0.090730 0.750440 -0.639196
v 0.089597 0.749669 -0.638439
v 0.097521 0.750440 -0.626491
v 0.096262 0.749669 -0.625970
v 0.101703 0.750440 -0.612706
v 0.100366 0.749669 -0.612440
v 0.103115 0.750440 -0.598369
v 0.101752 0.749669 -0.598369
v 0.101703 0.750440 -0.584033
v 0.100366 0.749669 -0.584299
v 0.097521 0.750440 -0.570248
v 0.096262 0.749669 -0.570769
v 0.090730 0.750440 -0.557543
v 0.089597 0.749669 -0.558300
v 0.081591 0.750440 -0.546407
v 0.080628 0.749669 -0.547371
v 0.070455 0.750440 -0.537268
v 0.069699 0.749669 -0.538401
v 0.057751 0.750440 -0.530478
v 0.057229 0.749669 -0.531736
v 0.043965 0.750440 -0.526296
v 0.043700 0.749669 -0.527632
v 0.029629 0.750440 -0.524884
v 0.029629 0.749669 -0.526246
v 0.015293 0.750440 -0.526296
v 0.015559 0.749669 -0.527632
v 0.001508 0.750440 -0.530478
v 0.002029 0.749669 -0.531736
v -0.011197 0.750440 -0.537268
v -0.010440 0.749669 -0.538401
v -0.022333 0.750440 -0.546407
v -0.021369 0.749669 -0.547371
v -0.031472 0.750440 -0.557543
v -0.030339 0.749669 -0.558300
v -0.038263 0.750440 -0.570248
v -0.037004 0.749669 -0.570769
v -0.042444 0.750440 -0.584033
v -0.041108 0.749669 -0.584299
v -0.043856 0.750440 -0.598369
v -0.042494 0.749669 -0.598369
v -0.042444 0.750440 -0.612706
v -0.041108 0.749669 -0.612440
v -0.038263 0.750440 -0.626491
v -0.037004 0.749669 -0.625970
v -0.031472 0.750440 -0.639196
v -0.030339 0.749669 -0.638439
v -0.022333 0.750440 -0.650331
v -0.021369 0.749669 -0.649368
v -0.011197 0.750440 -0.659470
v -0.010440 0.749669 -0.658337
v 0.001508 0.750440 -0.666261
v 0.002029 0.749669 -0.665002
v 0.015293 0.750440 -0.670443
v 0.015559 0.749669 -0.669106
v 0.051670 0.798278 -0.709176
v 0.029629 0.798278 -0.711347
v 0.072864 0.798278 -0.702747
v 0.092396 0.798278 -0.692307
v 0.109517 0.798278 -0.678257
v 0.123567 0.798278 -0.661137
v 0.134007 0.798278 -0.641604
v 0.140436 0.798278 -0.620410
v 0.142607 0.798278 -0.598369
v 0.140436 0.798278 -0.576328
v 0.134007 0.798278 -0.555135
v 0.123567 0.798278 -0.535602
v 0.109517 0.798278 -0.518482
v 0.092396 0.798278 -0.504432
v 0.072864 0.798278 -0.493991
v 0.051670 0.798278 -0.487562
v 0.029629 0.798278 -0.485391
v 0.007588 0.798278 -0.487562
v -0.013606 0.798278 -0.493991
v -0.033138 0.798278 -0.504432
v -0.050258 0.798278 -0.518482
v -0.064309 0.798278 -0.535602
v -0.074749 0.798278 -0.555135
v -0.081178 0.798278 -0.576328
v -0.083349 0.798278 -0.598369
v -0.081178 0.798278 -0.620410
v -0.074749 0.798278 -0.641604
v -0.064308 0.798278 -0.661137
v -0.050258 0.798278 -0.678257
v -0.033138 0.798278 -0.692307
v -0.013606 0.798278 -0.702747
v 0.007588 0.798278 -0.709176
v 0.046519 0.774778 -0.683279
v 0.029629 0.774778 -0.684943
v 0.062759 0.774778 -0.678353
v 0.077727 0.774778 -0.670353
v 0.090846 0.774778 -0.659586
v 0.101612 0.774778 -0.646467
v 0.109613 0.774778 -0.631500
v 0.114539 0.774778 -0.615259
v 0.116203 0.774778 -0.598369
v 0.114539 0.774778 -0.581480
v 0.109613 0.774778 -0.565239
v 0.101612 0.774778 -0.550272
v 0.090846 0.774778 -0.537153
v 0.077727 0.774778 -0.526386
v 0.062759 0.774778 -0.518386
v 0.046519 0.774778 -0.513459
v 0.029629 0.774778 -0.511796
v 0.012740 0.774778 -0.513459
v -0.003501 0.774778 -0.518386
v -0.018468 0.774778 -0.526386
v -0.031587 0.774778 -0.537153
v -0.042354 0.774778 -0.550272
v -0.050354 0.774778 -0.565239
v -0.055281 0.774778 -0.581480
v -0.056944 0.774778 -0.598369
v -0.055281 0.774778 -0.615259
v -0.050354 0.774778 -0.631500
v -0.042354 0.774778 -0.646467
v -0.031587 0.774778 -0.659586
v -0.018468 0.774778 -0.670353
v -0.003501 0.774778 -0.678353
v 0.012740 0.774778 -0.683279
v 0.029629 0.785979 -0.703269
v 0.050094 0.785979 -0.701254
v 0.069773 0.785979 -0.695284
v 0.087908 0.785979 -0.685590
v 0.103805 0.785979 -0.672545
v 0.116850 0.785979 -0.656649
v 0.126544 0.785979 -0.638513
v 0.132513 0.785979 -0.618834
v 0.134529 0.785979 -0.598369
v 0.132513 0.785979 -0.577904
v 0.126544 0.785979 -0.558226
v 0.116850 0.785979 -0.540090
v 0.103805 0.785979 -0.524194
v 0.087908 0.785979 -0.511148
v 0.069773 0.785979 -0.501454
v 0.050094 0.785979 -0.495485
v 0.029629 0.785979 -0.493469
v 0.009164 0.785979 -0.495485
v -0.010514 0.785979 -0.501454
v -0.028650 0.785979 -0.511148
v -0.044546 0.785979 -0.524194
v -0.057592 0.785979 -0.540090
v -0.067286 0.785979 -0.558226
v -0.073255 0.785979 -0.577904
v -0.075271 0.785979 -0.598369
v -0.073255 0.785979 -0.618834
v -0.067286 0.785979 -0.638513
v -0.057592 0.785979 -0.656649
v -0.044546 0.785979 -0.672545
v -0.028650 0.785979 -0.685590
v -0.010514 0.785979 -0.695284
v 0.009164 0.785979 -0.701254
v 0.040710 0.768668 -0.654076
v 0.029629 0.768668 -0.655168
v 0.051365 0.768668 -0.650844
v 0.061185 0.768668 -0.645595
v 0.069792 0.768668 -0.638532
v 0.076855 0.768668 -0.629925
v 0.082104 0.768668 -0.620105
v 0.085336 0.768668 -0.609450
v 0.086428 0.768668 -0.598369
v 0.085336 0.768668 -0.587289
v 0.082104 0.768668 -0.576634
v 0.076855 0.768668 -0.566814
v 0.069792 0.768668 -0.558207
v 0.061185 0.768668 -0.551143
v 0.051365 0.768668 -0.545895
v 0.040710 0.768668 -0.542662
v 0.029629 0.768668 -0.541571
v 0.018548 0.768668 -0.542662
v 0.007893 0.768668 -0.545895
v -0.001926 0.768668 -0.551143
v -0.010533 0.768668 -0.558207
v -0.017597 0.768668 -0.566814
v -0.022846 0.768668 -0.576634
v -0.026078 0.768668 -0.587289
v -0.027169 0.768668 -0.598369
v -0.026078 0.768668 -0.609450
v -0.022846 0.768668 -0.620105
v -0.017597 0.768668 -0.629925
v -0.010533 0.768668 -0.638532
v -0.001926 0.768668 -0.645595
v 0.007893 0.768668 -0.650844
v 0.018548 0.768668 -0.654076
v 0.029629 0.766910 -0.598369
v 0.052378 0.796815 -0.712734
v 0.029629 0.796815 -0.714975
v 0.074252 0.796815 -0.706099
v 0.094412 0.796815 -0.695323
v 0.112082 0.796815 -0.680822
v 0.126583 0.796815 -0.663152
v 0.137358 0.796815 -0.642992
v 0.143994 0.796815 -0.621118
v 0.146235 0.796815 -0.598369
v 0.143994 0.796815 -0.575621
v 0.137358 0.796815 -0.553746
v 0.126583 0.796815 -0.533587
v 0.112082 0.796815 -0.515917
v 0.094412 0.796815 -0.501416
v 0.074252 0.796815 -0.490640
v 0.052378 0.796815 -0.484005
v 0.029629 0.796815 -0.481764
v 0.006881 0.796815 -0.484005
v -0.014994 0.796815 -0.490640
v -0.035153 0.796815 -0.501416
v -0.052823 0.796815 -0.515917
v -0.067325 0.796815 -0.533587
v -0.078100 0.796815 -0.553746
v -0.084736 0.796815 -0.575621
v -0.086976 0.796815 -0.598369
v -0.084736 0.796815 -0.621118
v -0.078100 0.796815 -0.642992
v -0.067325 0.796815 -0.663152
v -0.052823 0.796815 -0.680822
v -0.035153 0.796815 -0.695323
v -0.014994 0.796815 -0.706099
v 0.006881 0.796815 -0.712734
v 0.046602 0.770106 -0.683697
v 0.029629 0.770106 -0.685369
v 0.062922 0.770106 -0.678746
v 0.077963 0.770106 -0.670707
v 0.091147 0.770106 -0.659887
v 0.101967 0.770106 -0.646704
v 0.110006 0.770106 -0.631663
v 0.114957 0.770106 -0.615342
v 0.116629 0.770106 -0.598369
v 0.114957 0.770106 -0.581397
v 0.110006 0.770106 -0.565076
v 0.101967 0.770106 -0.550035
v 0.091147 0.770106 -0.536851
v 0.077963 0.770106 -0.526032
v 0.062922 0.770106 -0.517992
v 0.046602 0.770106 -0.513042
v 0.029629 0.770106 -0.511370
v 0.012656 0.770106 -0.513042
v -0.003664 0.770106 -0.517992
v -0.018705 0.770106 -0.526032
v -0.031889 0.770106 -0.536851
v -0.042708 0.770106 -0.550035
v -0.050748 0.770106 -0.565076
v -0.055699 0.770106 -0.581397
v -0.057370 0.770106 -0.598369
v -0.055699 0.770106 -0.615342
v -0.050748 0.770106 -0.631663
v -0.042708 0.770106 -0.646704
v -0.031889 0.770106 -0.659887
v -0.018705 0.770106 -0.670707
v -0.003664 0.770106 -0.678746
v 0.012656 0.770106 -0.683697
v 0.029629 0.784440 -0.708257
v 0.051067 0.784440 -0.706145
v 0.071681 0.784440 -0.699892
v 0.090679 0.784440 -0.689738
v 0.107331 0.784440 -0.676072
v 0.120997 0.784440 -0.659420
v 0.131152 0.784440 -0.640422
v 0.137405 0.784440 -0.619807
v 0.139517 0.784440 -0.598369
v 0.137405 0.784440 -0.576931
v 0.131152 0.784440 -0.556317
v 0.120997 0.784440 -0.537319
v 0.107331 0.784440 -0.520667
v 0.090679 0.784440 -0.507001
v 0.071681 0.784440 -0.496846
v 0.051067 0.784440 -0.490593
v 0.029629 0.784440 -0.488482
v 0.008191 0.784440 -0.490593
v -0.012423 0.784440 -0.496846
v -0.031421 0.784440 -0.507001
v -0.048073 0.784440 -0.520667
v -0.061739 0.784440 -0.537319
v -0.071894 0.784440 -0.556317
v -0.078147 0.784440 -0.576931
v -0.080258 0.784440 -0.598369
v -0.078147 0.784440 -0.619807
v -0.071894 0.784440 -0.640422
v -0.061739 0.784440 -0.659420
v -0.048073 0.784440 -0.676072
v -0.031421 0.784440 -0.689738
v -0.012423 0.784440 -0.699892
v 0.008191 0.784440 -0.706145
v 0.042215 0.764882 -0.661642
v 0.029629 0.764882 -0.662882
v 0.054317 0.764882 -0.657971
v 0.065470 0.764882 -0.652009
v 0.075246 0.764882 -0.643987
v 0.083269 0.764882 -0.634211
v 0.089231 0.764882 -0.623057
v 0.092902 0.764882 -0.610955
v 0.094142 0.764882 -0.598369
v 0.092902 0.764882 -0.585784
v 0.089231 0.764882 -0.573682
v 0.083269 0.764882 -0.562528
v 0.075246 0.764882 -0.552752
v 0.065470 0.764882 -0.544729
v 0.054317 0.764882 -0.538768
v 0.042215 0.764882 -0.535097
v 0.029629 0.764882 -0.533857
v 0.017043 0.764882 -0.535097
v 0.004941 0.764882 -0.538768
v -0.006212 0.764882 -0.544729
v -0.015988 0.764882 -0.552752
v -0.024011 0.764882 -0.562528
v -0.029973 0.764882 -0.573682
v -0.033644 0.764882 -0.585784
v -0.034883 0.764882 -0.598369
v -0.033644 0.764882 -0.610955
v -0.029973 0.764882 -0.623057
v -0.024011 0.764882 -0.634211
v -0.015988 0.764882 -0.643987
v -0.006212 0.764882 -0.652009
v 0.004941 0.764882 -0.657971
v 0.017043 0.764882 -0.661642
v 0.029629 0.760868 -0.598369
v 0.037311 0.760575 -0.636989
v 0.029629 0.760575 -0.637746
v 0.044698 0.760575 -0.634749
v 0.051506 0.760575 -0.631110
v 0.057473 0.760575 -0.626213
v 0.062370 0.760575 -0.620246
v 0.066008 0.760575 -0.613438
v 0.068249 0.760575 -0.606051
v 0.069006 0.760575 -0.598369
v 0.068249 0.760575 -0.590687
v 0.066008 0.760575 -0.583301
v 0.062370 0.760575 -0.576493
v 0.057473 0.760575 -0.570526
v 0.051506 0.760575 -0.565629
v 0.044698 0.760575 -0.561990
v 0.037311 0.760575 -0.559749
v 0.029629 0.760575 -0.558993
v 0.021947 0.760575 -0.559749
v 0.014560 0.760575 -0.561990
v 0.007753 0.760575 -0.565629
v 0.001786 0.760575 -0.570526
v -0.003111 0.760575 -0.576493
v -0.006750 0.760575 -0.583301
v -0.008991 0.760575 -0.590687
v -0.009747 0.760575 -0.598369
v -0.008991 0.760575 -0.606051
v -0.006750 0.760575 -0.613438
v -0.003111 0.760575 -0.620246
v 0.001786 0.760575 -0.626213
v 0.007753 0.760575 -0.631110
v 0.014560 0.760575 -0.634749
v 0.021947 0.760575 -0.636989
v 0.039945 0.760559 -0.650229
v 0.040652 0.763680 -0.653785
v 0.040161 0.762568 -0.651318
v 0.029629 0.763680 -0.654870
v 0.029629 0.760559 -0.651245
v 0.029629 0.762568 -0.652355
v 0.049864 0.760559 -0.647220
v 0.051251 0.763680 -0.650569
v 0.050289 0.762568 -0.648246
v 0.059005 0.760559 -0.642334
v 0.061019 0.763680 -0.645348
v 0.059622 0.762568 -0.643257
v 0.067018 0.760559 -0.635758
v 0.069581 0.763680 -0.638321
v 0.067803 0.762568 -0.636543
v 0.073594 0.760559 -0.627746
v 0.076608 0.763680 -0.629759
v 0.074517 0.762568 -0.628362
v 0.078480 0.760559 -0.618604
v 0.081829 0.763680 -0.619991
v 0.079506 0.762568 -0.619029
v 0.081489 0.760559 -0.608685
v 0.085044 0.763680 -0.609392
v 0.082578 0.762568 -0.608902
v 0.082505 0.760559 -0.598369
v 0.086130 0.763680 -0.598369
v 0.083615 0.762568 -0.598369
v 0.081489 0.760559 -0.588054
v 0.085044 0.763680 -0.587347
v 0.082578 0.762568 -0.587837
v 0.078480 0.760559 -0.578135
v 0.081829 0.763680 -0.576747
v 0.079506 0.762568 -0.577710
v 0.073594 0.760559 -0.568993
v 0.076608 0.763680 -0.566979
v 0.074517 0.762568 -0.568376
v 0.067018 0.760559 -0.560981
v 0.069581 0.763680 -0.558417
v 0.067803 0.762568 -0.560196
v 0.059005 0.760559 -0.554405
v 0.061019 0.763680 -0.551391
v 0.059622 0.762568 -0.553482
v 0.049864 0.760559 -0.549519
v 0.051251 0.763680 -0.546169
v 0.050289 0.762568 -0.548493
v 0.039945 0.760559 -0.546510
v 0.040652 0.763680 -0.542954
v 0.040161 0.762568 -0.545421
v 0.029629 0.760559 -0.545494
v 0.029629 0.763680 -0.541869
v 0.029629 0.762568 -0.544383
v 0.019314 0.760559 -0.546510
v 0.018606 0.763680 -0.542954
v 0.019097 0.762568 -0.545421
v 0.009395 0.760559 -0.549519
v 0.008007 0.763680 -0.546169
v 0.008970 0.762568 -0.548493
v 0.000253 0.760559 -0.554405
v -0.001761 0.763680 -0.551391
v -0.000364 0.762568 -0.553482
v -0.007760 0.760559 -0.560981
v -0.010323 0.763680 -0.558417
v -0.008545 0.762568 -0.560196
v -0.014335 0.760559 -0.568993
v -0.017350 0.763680 -0.566979
v -0.015258 0.762568 -0.568376
v -0.019222 0.760559 -0.578135
v -0.022571 0.763680 -0.576747
v -0.020247 0.762568 -0.577710
v -0.022230 0.760559 -0.588054
v -0.025786 0.763680 -0.587347
v -0.023319 0.762568 -0.587837
v -0.023246 0.760559 -0.598369
v -0.026872 0.763680 -0.598369
v -0.024357 0.762568 -0.598369
v -0.022230 0.760559 -0.608685
v -0.025786 0.763680 -0.609392
v -0.023319 0.762568 -0.608902
v -0.019222 0.760559 -0.618604
v -0.022571 0.763680 -0.619991
v -0.020247 0.762568 -0.619029
v -0.014335 0.760559 -0.627746
v -0.017350 0.763680 -0.629759
v -0.015258 0.762568 -0.628362
v -0.007760 0.760559 -0.635758
v -0.010323 0.763680 -0.638321
v -0.008545 0.762568 -0.636543
v 0.000253 0.760559 -0.642334
v -0.001761 0.763680 -0.645348
v -0.000364 0.762568 -0.643257
v 0.009395 0.760559 -0.647220
v 0.008007 0.763680 -0.650569
v 0.008970 0.762568 -0.648246
v 0.019314 0.760559 -0.650229
v 0.018606 0.763680 -0.653785
v 0.019097 0.762568 -0.651318
v 0.038729 0.759317 -0.644116
v 0.039081 0.758690 -0.645888
v 0.029629 0.758690 -0.646819
v 0.029629 0.759317 -0.645012
v 0.047479 0.759317 -0.641462
v 0.048170 0.758690 -0.643131
v 0.055542 0.759317 -0.637151
v 0.056546 0.758690 -0.638653
v 0.062611 0.759317 -0.631351
v 0.063888 0.758690 -0.632628
v 0.068411 0.759317 -0.624283
v 0.069913 0.758690 -0.625286
v 0.072721 0.759317 -0.616219
v 0.074390 0.758690 -0.616910
v 0.075376 0.759317 -0.607469
v 0.077148 0.758690 -0.607821
v 0.076272 0.759317 -0.598369
v 0.078078 0.758690 -0.598369
v 0.075376 0.759317 -0.589270
v 0.077148 0.758690 -0.588917
v 0.072721 0.759317 -0.580520
v 0.074390 0.758690 -0.579829
v 0.068411 0.759317 -0.572456
v 0.069913 0.758690 -0.571452
v 0.062611 0.759317 -0.565388
v 0.063888 0.758690 -0.564111
v 0.055542 0.759317 -0.559587
v 0.056546 0.758690 -0.558085
v 0.047479 0.759317 -0.555277
v 0.048170 0.758690 -0.553608
v 0.038729 0.759317 -0.552623
v 0.039081 0.758690 -0.550851
v 0.029629 0.759317 -0.551727
v 0.029629 0.758690 -0.549920
v 0.020530 0.759317 -0.552623
v 0.020177 0.758690 -0.550851
v 0.011780 0.759317 -0.555277
v 0.011088 0.758690 -0.553608
v 0.003716 0.759317 -0.559587
v 0.002712 0.758690 -0.558085
v -0.003352 0.759317 -0.565388
v -0.004630 0.758690 -0.564111
v -0.009153 0.759317 -0.572456
v -0.010655 0.758690 -0.571452
v -0.013463 0.759317 -0.580520
v -0.015132 0.758690 -0.579829
v -0.016117 0.759317 -0.589270
v -0.017889 0.758690 -0.588917
v -0.017014 0.759317 -0.598369
v -0.018820 0.758690 -0.598369
v -0.016117 0.759317 -0.607469
v -0.017889 0.758690 -0.607821
v -0.013463 0.759317 -0.616219
v -0.015132 0.758690 -0.616910
v -0.009153 0.759317 -0.624283
v -0.010655 0.758690 -0.625286
v -0.003352 0.759317 -0.631351
v -0.004630 0.758690 -0.632628
v 0.003716 0.759317 -0.637151
v 0.002712 0.758690 -0.638653
v 0.011780 0.759317 -0.641462
v 0.011088 0.758690 -0.643131
v 0.020530 0.759317 -0.644116
v 0.020177 0.758690 -0.645888
v 0.039663 0.758728 -0.648815
v 0.039887 0.759374 -0.649941
v 0.029629 0.759374 -0.650951
v 0.029629 0.758728 -0.649803
v 0.049312 0.758728 -0.645888
v 0.049751 0.759374 -0.646948
v 0.058204 0.758728 -0.641135
v 0.058842 0.759374 -0.642089
v 0.065998 0.758728 -0.634739
v 0.066810 0.759374 -0.635550
v 0.072395 0.758728 -0.626944
v 0.073349 0.759374 -0.627582
v 0.077148 0.758728 -0.618052
v 0.078208 0.759374 -0.618491
v 0.080075 0.758728 -0.608404
v 0.081200 0.759374 -0.608627
v 0.081063 0.758728 -0.598369
v 0.082211 0.759374 -0.598369
v 0.080075 0.758728 -0.588335
v 0.081200 0.759374 -0.588111
v 0.077148 0.758728 -0.578686
v 0.078208 0.759374 -0.578247
v 0.072395 0.758728 -0.569794
v 0.073349 0.759374 -0.569157
v 0.065998 0.758728 -0.562000
v 0.066810 0.759374 -0.561189
v 0.058204 0.758728 -0.555604
v 0.058842 0.759374 -0.554649
v 0.049312 0.758728 -0.550851
v 0.049751 0.759374 -0.549790
v 0.039663 0.758728 -0.547924
v 0.039887 0.759374 -0.546798
v 0.029629 0.758728 -0.546935
v 0.029629 0.759374 -0.545788
v 0.019595 0.758728 -0.547924
v 0.019371 0.759374 -0.546798
v 0.009946 0.758728 -0.550851
v 0.009507 0.759374 -0.549790
v 0.001054 0.758728 -0.555604
v 0.000416 0.759374 -0.554649
v -0.006740 0.758728 -0.562000
v -0.007552 0.759374 -0.561189
v -0.013137 0.758728 -0.569794
v -0.014091 0.759374 -0.569157
v -0.017890 0.758728 -0.578686
v -0.018950 0.759374 -0.578247
v -0.020816 0.758728 -0.588335
v -0.021942 0.759374 -0.588111
v -0.021805 0.758728 -0.598369
v -0.022952 0.759374 -0.598369
v -0.020816 0.758728 -0.608404
v -0.021942 0.759374 -0.608627
v -0.017890 0.758728 -0.618052
v -0.018950 0.759374 -0.618491
v -0.013137 0.758728 -0.626944
v -0.014091 0.759374 -0.627582
v -0.006740 0.758728 -0.634739
v -0.007552 0.759374 -0.635550
v 0.001054 0.758728 -0.641135
v 0.000416 0.759374 -0.642089
v 0.009946 0.758728 -0.645888
v 0.009507 0.759374 -0.646948
v 0.019595 0.758728 -0.648815
v 0.019371 0.759374 -0.649941
v 0.052204 0.809544 -0.711863
v 0.052569 0.812705 -0.713695
v 0.052380 0.812445 -0.712747
v 0.029629 0.812705 -0.715955
v 0.029629 0.809544 -0.714086
v 0.029629 0.812445 -0.714988
v 0.073912 0.809544 -0.705278
v 0.074627 0.812705 -0.707004
v 0.074257 0.812445 -0.706111
v 0.093918 0.809544 -0.694584
v 0.094956 0.812705 -0.696138
v 0.094419 0.812445 -0.695334
v 0.111453 0.809544 -0.680194
v 0.112775 0.812705 -0.681515
v 0.112091 0.812445 -0.680831
v 0.125844 0.809544 -0.662658
v 0.127398 0.812705 -0.663696
v 0.126594 0.812445 -0.663159
v 0.136538 0.809544 -0.642652
v 0.138264 0.812705 -0.643367
v 0.137371 0.812445 -0.642997
v 0.143123 0.809544 -0.620945
v 0.144955 0.812705 -0.621309
v 0.144007 0.812445 -0.621121
v 0.145346 0.809544 -0.598369
v 0.147215 0.812705 -0.598369
v 0.146248 0.812445 -0.598369
v 0.143123 0.809544 -0.575794
v 0.144955 0.812705 -0.575430
v 0.144007 0.812445 -0.575618
v 0.136538 0.809544 -0.554086
v 0.138264 0.812705 -0.553371
v 0.137371 0.812445 -0.553741
v 0.125844 0.809544 -0.534081
v 0.127398 0.812705 -0.533042
v 0.126594 0.812445 -0.533580
v 0.111453 0.809544 -0.516545
v 0.112775 0.812705 -0.515224
v 0.112091 0.812445 -0.515908
v 0.093918 0.809544 -0.502154
v 0.094956 0.812705 -0.500601
v 0.094419 0.812445 -0.501405
v 0.073912 0.809544 -0.491461
v 0.074627 0.812705 -0.489735
v 0.074257 0.812445 -0.490628
v 0.052204 0.809544 -0.484876
v 0.052569 0.812705 -0.483043
v 0.052380 0.812445 -0.483992
v 0.029629 0.809544 -0.482653
v 0.029629 0.812705 -0.480784
v 0.029629 0.812445 -0.481751
v 0.007054 0.809544 -0.484876
v 0.006689 0.812705 -0.483043
v 0.006878 0.812445 -0.483992
v -0.014654 0.809544 -0.491461
v -0.015369 0.812705 -0.489735
v -0.014999 0.812445 -0.490628
v -0.034660 0.809544 -0.502154
v -0.035698 0.812705 -0.500601
v -0.035161 0.812445 -0.501405
v -0.052195 0.809544 -0.516545
v -0.053516 0.812705 -0.515224
v -0.052833 0.812445 -0.515908
v -0.066586 0.809544 -0.534081
v -0.068140 0.812705 -0.533042
v -0.067336 0.812445 -0.533580
v -0.077279 0.809544 -0.554086
v -0.079006 0.812705 -0.553371
v -0.078112 0.812445 -0.553741
v -0.083864 0.809544 -0.575794
v -0.085697 0.812705 -0.575430
v -0.084749 0.812445 -0.575618
v -0.086088 0.809544 -0.598369
v -0.087956 0.812705 -0.598369
v -0.086989 0.812445 -0.598369
v -0.083864 0.809544 -0.620945
v -0.085697 0.812705 -0.621309
v -0.084749 0.812445 -0.621121
v -0.077279 0.809544 -0.642652
v -0.079006 0.812705 -0.643367
v -0.078112 0.812445 -0.642997
v -0.066586 0.809544 -0.662658
v -0.068140 0.812705 -0.663696
v -0.067336 0.812445 -0.663159
v -0.052195 0.809544 -0.680194
v -0.053516 0.812705 -0.681515
v -0.052833 0.812445 -0.680831
v -0.034660 0.809544 -0.694584
v -0.035698 0.812705 -0.696138
v -0.035161 0.812445 -0.695334
v -0.014654 0.809544 -0.705278
v -0.015369 0.812705 -0.707004
v -0.014999 0.812445 -0.706111
v 0.007054 0.809544 -0.711863
v 0.006689 0.812705 -0.713695
v 0.006878 0.812445 -0.712747
v 0.052795 0.812507 -0.714834
v 0.052936 0.808785 -0.715542
v 0.052957 0.811940 -0.715647
v 0.029629 0.808785 -0.717838
v 0.029629 0.812507 -0.717116
v 0.029629 0.811940 -0.717945
v 0.075071 0.812507 -0.708077
v 0.075348 0.808785 -0.708744
v 0.075389 0.811940 -0.708843
v 0.095601 0.812507 -0.697103
v 0.096002 0.808785 -0.697704
v 0.096062 0.811940 -0.697793
v 0.113595 0.812507 -0.682336
v 0.114106 0.808785 -0.682846
v 0.114182 0.811940 -0.682922
v 0.128363 0.812507 -0.664341
v 0.128964 0.808785 -0.664742
v 0.129052 0.811940 -0.664802
v 0.139336 0.812507 -0.643812
v 0.140004 0.808785 -0.644088
v 0.140102 0.811940 -0.644129
v 0.146094 0.812507 -0.621536
v 0.146802 0.808785 -0.621677
v 0.146907 0.811940 -0.621697
v 0.148375 0.812507 -0.598369
v 0.149098 0.808785 -0.598369
v 0.149204 0.811940 -0.598369
v 0.146094 0.812507 -0.575203
v 0.146802 0.808785 -0.575062
v 0.146907 0.811940 -0.575041
v 0.139336 0.812507 -0.552927
v 0.140004 0.808785 -0.552651
v 0.140102 0.811940 -0.552610
v 0.128363 0.812507 -0.532397
v 0.128964 0.808785 -0.531996
v 0.129052 0.811940 -0.531937
v 0.113595 0.812507 -0.514403
v 0.114106 0.808785 -0.513892
v 0.114182 0.811940 -0.513817
v 0.095601 0.812507 -0.499635
v 0.096002 0.808785 -0.499035
v 0.096062 0.811940 -0.498946
v 0.075071 0.812507 -0.488662
v 0.075348 0.808785 -0.487995
v 0.075389 0.811940 -0.487896
v 0.052795 0.812507 -0.481905
v 0.052936 0.808785 -0.481196
v 0.052957 0.811940 -0.481092
v 0.029629 0.812507 -0.479623
v 0.029629 0.808785 -0.478901
v 0.029629 0.811940 -0.478794
v 0.006463 0.812507 -0.481905
v 0.006322 0.808785 -0.481196
v 0.006301 0.811940 -0.481092
v -0.015813 0.812507 -0.488662
v -0.016089 0.808785 -0.487995
v -0.016130 0.811940 -0.487896
v -0.036343 0.812507 -0.499635
v -0.036744 0.808785 -0.499035
v -0.036803 0.811940 -0.498946
v -0.054337 0.812507 -0.514403
v -0.054848 0.808785 -0.513892
v -0.054923 0.811940 -0.513817
v -0.069105 0.812507 -0.532398
v -0.069705 0.808785 -0.531996
v -0.069794 0.811940 -0.531937
v -0.080078 0.812507 -0.552927
v -0.080745 0.808785 -0.552651
v -0.080844 0.811940 -0.552610
v -0.086835 0.812507 -0.575203
v -0.087544 0.808785 -0.575062
v -0.087649 0.811940 -0.575041
v -0.089117 0.812507 -0.598369
v -0.089839 0.808785 -0.598369
v -0.089946 0.811940 -0.598369
v -0.086835 0.812507 -0.621536
v -0.087544 0.808785 -0.621677
v -0.087649 0.811940 -0.621697
v -0.080078 0.812507 -0.643812
v -0.080745 0.808785 -0.644088
v -0.080844 0.811940 -0.644129
v -0.069105 0.812507 -0.664341
v -0.069705 0.808785 -0.664742
v -0.069794 0.811940 -0.664802
v -0.054337 0.812507 -0.682336
v -0.054848 0.808785 -0.682846
v -0.054923 0.811940 -0.682922
v -0.036343 0.812507 -0.697103
v -0.036744 0.808785 -0.697704
v -0.036803 0.811940 -0.697793
v -0.015813 0.812507 -0.708077
v -0.016089 0.808785 -0.708744
v -0.016130 0.811940 -0.708843
v 0.006463 0.812507 -0.714834
v 0.006322 0.808785 -0.715542
v 0.006301 0.811940 -0.715647
v 0.029629 0.776678 -0.700113
v 0.049478 0.776678 -0.698158
v 0.068565 0.776678 -0.692368
v 0.086155 0.776678 -0.682966
v 0.101573 0.776678 -0.670313
v 0.114226 0.776678 -0.654895
v 0.123628 0.776678 -0.637305
v 0.129418 0.776678 -0.618219
v 0.131373 0.776678 -0.598369
v 0.129418 0.776678 -0.578520
v 0.123628 0.776678 -0.559434
v 0.114226 0.776678 -0.541844
v 0.101573 0.776678 -0.526426
v 0.086155 0.776678 -0.513773
v 0.068565 0.776678 -0.504371
v 0.049478 0.776678 -0.498581
v 0.029629 0.776678 -0.496626
v 0.009780 0.776678 -0.498581
v -0.009306 0.776678 -0.504371
v -0.026897 0.776678 -0.513773
v -0.042314 0.776678 -0.526426
v -0.054968 0.776678 -0.541844
v -0.064370 0.776678 -0.559434
v -0.070159 0.776678 -0.578520
v -0.072114 0.776678 -0.598369
v -0.070159 0.776678 -0.618219
v -0.064370 0.776678 -0.637305
v -0.054968 0.776678 -0.654895
v -0.042314 0.776678 -0.670313
v -0.026897 0.776678 -0.682966
v -0.009306 0.776678 -0.692368
v 0.009780 0.776678 -0.698158
v 0.044051 0.770635 -0.744798
v 0.072341 0.770635 -0.739170
v 0.098989 0.770635 -0.728132
v 0.122972 0.770635 -0.712108
v 0.143367 0.770635 -0.691712
v 0.159392 0.770635 -0.667729
v 0.170430 0.770635 -0.641081
v 0.176058 0.770635 -0.612791
v 0.176057 0.770635 -0.583947
v 0.170430 0.770635 -0.555658
v 0.159392 0.770635 -0.529010
v 0.143367 0.770635 -0.505027
v 0.122972 0.770635 -0.484631
v 0.098989 0.770635 -0.468606
v 0.072341 0.770635 -0.457568
v 0.044051 0.770635 -0.451941
v 0.015207 0.770635 -0.451941
v -0.013082 0.770635 -0.457568
v -0.039731 0.770635 -0.468606
v -0.063713 0.770635 -0.484631
v -0.084109 0.770635 -0.505027
v -0.100134 0.770635 -0.529010
v -0.111172 0.770635 -0.555658
v -0.116799 0.770635 -0.583947
v -0.116799 0.770635 -0.612791
v -0.111172 0.770635 -0.641081
v -0.100134 0.770635 -0.667729
v -0.084109 0.770635 -0.691712
v -0.063713 0.770635 -0.712108
v -0.039731 0.770635 -0.728132
v -0.013082 0.770635 -0.739171
v 0.015207 0.770635 -0.744798
v 0.041267 0.762947 -0.716526
v 0.064094 0.762947 -0.711985
v 0.085597 0.762947 -0.703078
v 0.104950 0.762947 -0.690148
v 0.121407 0.762947 -0.673690
v 0.134338 0.762947 -0.654337
v 0.143245 0.762947 -0.632834
v 0.147786 0.762947 -0.610007
v 0.147786 0.762947 -0.586732
v 0.143245 0.762947 -0.563904
v 0.134338 0.762947 -0.542401
v 0.121407 0.762947 -0.523049
v 0.104950 0.762947 -0.506591
v 0.085597 0.762947 -0.493660
v 0.064094 0.762947 -0.484754
v 0.041267 0.762947 -0.480213
v 0.017992 0.762947 -0.480213
v -0.004836 0.762947 -0.484754
v -0.026339 0.762947 -0.493660
v -0.045691 0.762947 -0.506591
v -0.062149 0.762947 -0.523049
v -0.075080 0.762947 -0.542401
v -0.083987 0.762947 -0.563904
v -0.088527 0.762947 -0.586732
v -0.088527 0.762947 -0.610007
v -0.083987 0.762947 -0.632834
v -0.075080 0.762947 -0.654337
v -0.062149 0.762947 -0.673690
v -0.045691 0.762947 -0.690148
v -0.026339 0.762947 -0.703078
v -0.004836 0.762947 -0.711985
v 0.017992 0.762947 -0.716526
v 0.029629 0.766415 -0.733296
v 0.055952 0.766415 -0.730703
v 0.081263 0.766415 -0.723025
v 0.104590 0.766415 -0.710557
v 0.125037 0.766415 -0.693777
v 0.141816 0.766415 -0.673331
v 0.154285 0.766415 -0.650003
v 0.161963 0.766415 -0.624692
v 0.164556 0.766415 -0.598369
v 0.161963 0.766415 -0.572047
v 0.154285 0.766415 -0.546735
v 0.141816 0.766415 -0.523408
v 0.125037 0.766415 -0.502962
v 0.104590 0.766415 -0.486182
v 0.081263 0.766415 -0.473714
v 0.055952 0.766415 -0.466035
v 0.029629 0.766415 -0.463443
v 0.003306 0.766415 -0.466035
v -0.022005 0.766415 -0.473714
v -0.045332 0.766415 -0.486182
v -0.065778 0.766415 -0.502962
v -0.082558 0.766415 -0.523408
v -0.095027 0.766415 -0.546735
v -0.102705 0.766415 -0.572047
v -0.105297 0.766415 -0.598369
v -0.102705 0.766415 -0.624692
v -0.095027 0.766415 -0.650003
v -0.082558 0.766415 -0.673331
v -0.065778 0.766415 -0.693777
v -0.045332 0.766415 -0.710557
v -0.022005 0.766415 -0.723025
v 0.003306 0.766415 -0.730703
v 0.037544 0.759370 -0.678733
v 0.053070 0.759370 -0.675645
v 0.067696 0.759370 -0.669587
v 0.080858 0.759370 -0.660792
v 0.092052 0.759370 -0.649598
v 0.100847 0.759370 -0.636436
v 0.106905 0.759370 -0.621811
v 0.109993 0.759370 -0.606284
v 0.109993 0.759370 -0.590454
v 0.106905 0.759370 -0.574928
v 0.100847 0.759370 -0.560303
v 0.092052 0.759370 -0.547140
v 0.080858 0.759370 -0.535947
v 0.067696 0.759370 -0.527152
v 0.053070 0.759370 -0.521094
v 0.037544 0.759370 -0.518005
v 0.021714 0.759370 -0.518005
v 0.006188 0.759370 -0.521094
v -0.008437 0.759370 -0.527152
v -0.021600 0.759370 -0.535947
v -0.032794 0.759370 -0.547140
v -0.041588 0.759370 -0.560303
v -0.047646 0.759370 -0.574928
v -0.050735 0.759370 -0.590454
v -0.050735 0.759370 -0.606284
v -0.047646 0.759370 -0.621811
v -0.041588 0.759370 -0.636436
v -0.032794 0.759370 -0.649598
v -0.021600 0.759370 -0.660792
v -0.008437 0.759370 -0.669587
v 0.006188 0.759370 -0.675645
v 0.021714 0.759370 -0.678733
v 0.029629 0.760634 -0.697352
v 0.048940 0.760634 -0.695450
v 0.067508 0.760634 -0.689818
v 0.084621 0.760634 -0.680671
v 0.099621 0.760634 -0.668361
v 0.111931 0.760634 -0.653361
v 0.121078 0.760634 -0.636249
v 0.126710 0.760634 -0.617680
v 0.128612 0.760634 -0.598369
v 0.126710 0.760634 -0.579059
v 0.121078 0.760634 -0.560490
v 0.111931 0.760634 -0.543377
v 0.099621 0.760634 -0.528378
v 0.084621 0.760634 -0.516068
v 0.067508 0.760634 -0.506921
v 0.048940 0.760634 -0.501288
v 0.029629 0.760634 -0.499386
v 0.010319 0.760634 -0.501288
v -0.008250 0.760634 -0.506921
v -0.025363 0.760634 -0.516068
v -0.040362 0.760634 -0.528378
v -0.052672 0.760634 -0.543377
v -0.061819 0.760634 -0.560490
v -0.067452 0.760634 -0.579059
v -0.069354 0.760634 -0.598369
v -0.067452 0.760634 -0.617680
v -0.061819 0.760634 -0.636249
v -0.052672 0.760634 -0.653361
v -0.040362 0.760634 -0.668361
v -0.025363 0.760634 -0.680671
v -0.008250 0.760634 -0.689818
v 0.010319 0.760634 -0.695450
v 0.035076 0.758826 -0.653670
v 0.045760 0.758826 -0.651545
v 0.055824 0.758826 -0.647376
v 0.064881 0.758826 -0.641324
v 0.072584 0.758826 -0.633621
v 0.078636 0.758826 -0.624564
v 0.082805 0.758826 -0.614500
v 0.084930 0.758826 -0.603816
v 0.084930 0.758826 -0.592923
v 0.082805 0.758826 -0.582239
v 0.078636 0.758826 -0.572175
v 0.072584 0.758826 -0.563117
v 0.064881 0.758826 -0.555415
v 0.055824 0.758826 -0.549363
v 0.045760 0.758826 -0.545194
v 0.035076 0.758826 -0.543069
v 0.024183 0.758826 -0.543069
v 0.013499 0.758826 -0.545194
v 0.003435 0.758826 -0.549363
v -0.005623 0.758826 -0.555415
v -0.013326 0.758826 -0.563117
v -0.019378 0.758826 -0.572175
v -0.023546 0.758826 -0.582239
v -0.025671 0.758826 -0.592923
v -0.025671 0.758826 -0.603816
v -0.023546 0.758826 -0.614500
v -0.019378 0.758826 -0.624564
v -0.013326 0.758826 -0.633621
v -0.005623 0.758826 -0.641324
v 0.003435 0.758826 -0.647376
v 0.013499 0.758826 -0.651545
v 0.024183 0.758826 -0.653670
v 0.029629 0.758894 -0.666289
v 0.042880 0.758894 -0.664984
v 0.055621 0.758894 -0.661119
v 0.067363 0.758894 -0.654842
v 0.077655 0.758894 -0.646395
v 0.086102 0.758894 -0.636103
v 0.092378 0.758894 -0.624361
v 0.096243 0.758894 -0.611620
v 0.097548 0.758894 -0.598369
v 0.096243 0.758894 -0.585119
v 0.092378 0.758894 -0.572378
v 0.086102 0.758894 -0.560636
v 0.077655 0.758894 -0.550343
v 0.067363 0.758894 -0.541897
v 0.055621 0.758894 -0.535620
v 0.042880 0.758894 -0.531755
v 0.029629 0.758894 -0.530450
v 0.016379 0.758894 -0.531755
v 0.003638 0.758894 -0.535620
v -0.008105 0.758894 -0.541897
v -0.018397 0.758894 -0.550343
v -0.026844 0.758894 -0.560636
v -0.033120 0.758894 -0.572378
v -0.036985 0.758894 -0.585119
v -0.038290 0.758894 -0.598369
v -0.036985 0.758894 -0.611620
v -0.033120 0.758894 -0.624361
v -0.026844 0.758894 -0.636103
v -0.018397 0.758894 -0.646395
v -0.008105 0.758894 -0.654842
v 0.003638 0.758894 -0.661119
v 0.016379 0.758894 -0.664984
v 0.029629 0.758826 -0.634213
v 0.036622 0.758826 -0.633525
v 0.043346 0.758826 -0.631485
v 0.049543 0.758826 -0.628173
v 0.054975 0.758826 -0.623715
v 0.059432 0.758826 -0.618283
v 0.062745 0.758826 -0.612086
v 0.064784 0.758826 -0.605362
v 0.065473 0.758826 -0.598369
v 0.064784 0.758826 -0.591377
v 0.062745 0.758826 -0.584652
v 0.059432 0.758826 -0.578456
v 0.054975 0.758826 -0.573024
v 0.049543 0.758826 -0.568566
v 0.043346 0.758826 -0.565254
v 0.036622 0.758826 -0.563214
v 0.029629 0.758826 -0.562525
v 0.022636 0.758826 -0.563214
v 0.015912 0.758826 -0.565254
v 0.009715 0.758826 -0.568566
v 0.004284 0.758826 -0.573024
v -0.000174 0.758826 -0.578456
v -0.003486 0.758826 -0.584652
v -0.005526 0.758826 -0.591377
v -0.006215 0.758826 -0.598369
v -0.005526 0.758826 -0.605362
v -0.003486 0.758826 -0.612086
v -0.000174 0.758826 -0.618283
v 0.004284 0.758826 -0.623715
v 0.009715 0.758826 -0.628173
v 0.015912 0.758826 -0.631485
v 0.022636 0.758826 -0.633525
v 0.044248 0.766106 -0.746800
v 0.072925 0.766106 -0.741096
v 0.099938 0.766106 -0.729907
v 0.124248 0.766106 -0.713663
v 0.144923 0.766106 -0.692989
v 0.161167 0.766106 -0.668678
v 0.172356 0.766106 -0.641665
v 0.178060 0.766106 -0.612989
v 0.178060 0.766106 -0.583750
v 0.172356 0.766106 -0.555074
v 0.161167 0.766106 -0.528061
v 0.144923 0.766106 -0.503750
v 0.124248 0.766106 -0.483076
v 0.099938 0.766106 -0.466832
v 0.072925 0.766106 -0.455643
v 0.044248 0.766106 -0.449938
v 0.015010 0.766106 -0.449938
v -0.013667 0.766106 -0.455643
v -0.040679 0.766106 -0.466832
v -0.064990 0.766106 -0.483076
v -0.085665 0.766106 -0.503750
v -0.101909 0.766106 -0.528061
v -0.113098 0.766106 -0.555074
v -0.118802 0.766106 -0.583750
v -0.118802 0.766106 -0.612989
v -0.113098 0.766106 -0.641665
v -0.101909 0.766106 -0.668678
v -0.085665 0.766106 -0.692989
v -0.064990 0.766106 -0.713663
v -0.040679 0.766106 -0.729907
v -0.013667 0.766106 -0.741096
v 0.015010 0.766106 -0.746800
v 0.041639 0.758158 -0.720304
v 0.065196 0.758158 -0.715618
v 0.087387 0.758158 -0.706426
v 0.107358 0.758158 -0.693082
v 0.124342 0.758158 -0.676098
v 0.137686 0.758158 -0.656127
v 0.146878 0.758158 -0.633936
v 0.151564 0.758158 -0.610379
v 0.151564 0.758158 -0.586360
v 0.146878 0.758158 -0.562802
v 0.137686 0.758158 -0.540612
v 0.124342 0.758158 -0.520641
v 0.107358 0.758158 -0.503657
v 0.087387 0.758158 -0.490312
v 0.065196 0.758158 -0.481121
v 0.041639 0.758158 -0.476435
v 0.017620 0.758158 -0.476435
v -0.005938 0.758158 -0.481121
v -0.028128 0.758158 -0.490312
v -0.048100 0.758158 -0.503657
v -0.065084 0.758158 -0.520641
v -0.078428 0.758158 -0.540612
v -0.087619 0.758158 -0.562802
v -0.092305 0.758158 -0.586360
v -0.092305 0.758158 -0.610379
v -0.087619 0.758158 -0.633936
v -0.078428 0.758158 -0.656127
v -0.065084 0.758158 -0.676098
v -0.048100 0.758158 -0.693082
v -0.028128 0.758158 -0.706426
v -0.005938 0.758158 -0.715618
v 0.017620 0.758158 -0.720304
v 0.029629 0.761717 -0.735166
v 0.056317 0.761717 -0.732537
v 0.081979 0.761717 -0.724753
v 0.105629 0.761717 -0.712111
v 0.126359 0.761717 -0.695099
v 0.143371 0.761717 -0.674369
v 0.156012 0.761717 -0.650719
v 0.163797 0.761717 -0.625057
v 0.166425 0.761717 -0.598369
v 0.163797 0.761717 -0.571682
v 0.156012 0.761717 -0.546020
v 0.143371 0.761717 -0.522369
v 0.126359 0.761717 -0.501640
v 0.105629 0.761717 -0.484627
v 0.081979 0.761717 -0.471986
v 0.056317 0.761717 -0.464202
v 0.029629 0.761717 -0.461573
v 0.002942 0.761717 -0.464202
v -0.022720 0.761717 -0.471986
v -0.046371 0.761717 -0.484627
v -0.067100 0.761717 -0.501640
v -0.084113 0.761717 -0.522369
v -0.096754 0.761717 -0.546020
v -0.104539 0.761717 -0.571682
v -0.107167 0.761717 -0.598369
v -0.104539 0.761717 -0.625057
v -0.096754 0.761717 -0.650719
v -0.084113 0.761717 -0.674369
v -0.067100 0.761717 -0.695099
v -0.046371 0.761717 -0.712111
v -0.022720 0.761717 -0.724753
v 0.002942 0.761717 -0.732537
v 0.038934 0.754719 -0.692840
v 0.057185 0.754719 -0.689210
v 0.074378 0.754719 -0.682088
v 0.089851 0.754719 -0.671750
v 0.103009 0.754719 -0.658591
v 0.113348 0.754719 -0.643118
v 0.120470 0.754719 -0.625925
v 0.124100 0.754719 -0.607674
v 0.124100 0.754719 -0.589065
v 0.120470 0.754719 -0.570813
v 0.113348 0.754719 -0.553621
v 0.103009 0.754719 -0.538148
v 0.089851 0.754719 -0.524989
v 0.074378 0.754719 -0.514650
v 0.057185 0.754719 -0.507529
v 0.038934 0.754719 -0.503899
v 0.020325 0.754719 -0.503899
v 0.002073 0.754719 -0.507529
v -0.015120 0.754719 -0.514650
v -0.030592 0.754719 -0.524989
v -0.043751 0.754719 -0.538148
v -0.054090 0.754719 -0.553621
v -0.061211 0.754719 -0.570813
v -0.064842 0.754719 -0.589065
v -0.064842 0.754719 -0.607674
v -0.061211 0.754719 -0.625925
v -0.054090 0.754719 -0.643118
v -0.043751 0.754719 -0.658591
v -0.030592 0.754719 -0.671750
v -0.015120 0.754719 -0.682088
v 0.002073 0.754719 -0.689210
v 0.020325 0.754719 -0.692840
v 0.029629 0.755890 -0.706296
v 0.050685 0.755890 -0.704222
v 0.070931 0.755890 -0.698081
v 0.089590 0.755890 -0.688107
v 0.105945 0.755890 -0.674685
v 0.119367 0.755890 -0.658330
v 0.129340 0.755890 -0.639671
v 0.135482 0.755890 -0.619425
v 0.137556 0.755890 -0.598369
v 0.135482 0.755890 -0.577314
v 0.129340 0.755890 -0.557068
v 0.119367 0.755890 -0.538409
v 0.105945 0.755890 -0.522054
v 0.089590 0.755890 -0.508632
v 0.070931 0.755890 -0.498658
v 0.050685 0.755890 -0.492516
v 0.029629 0.755890 -0.490443
v 0.008574 0.755890 -0.492517
v -0.011673 0.755890 -0.498658
v -0.030332 0.755890 -0.508632
v -0.046686 0.755890 -0.522054
v -0.060109 0.755890 -0.538409
v -0.070082 0.755890 -0.557068
v -0.076224 0.755890 -0.577314
v -0.078297 0.755890 -0.598369
v -0.076224 0.755890 -0.619425
v -0.070082 0.755890 -0.639671
v -0.060109 0.755890 -0.658330
v -0.046686 0.755890 -0.674685
v -0.030332 0.755890 -0.688107
v -0.011673 0.755890 -0.698081
v 0.008574 0.755890 -0.704222
v 0.061983 0.779579 -0.761022
v 0.045936 0.779176 -0.763935
v 0.029629 0.779579 -0.764208
v 0.045820 0.779852 -0.762753
v 0.061660 0.779696 -0.759398
v 0.029629 0.779696 -0.762553
v 0.045464 0.778268 -0.759141
v 0.093093 0.779579 -0.751585
v 0.077923 0.779176 -0.757572
v 0.077578 0.779852 -0.756436
v 0.092459 0.779696 -0.750055
v 0.076525 0.778268 -0.752963
v 0.121764 0.779579 -0.736259
v 0.108054 0.779176 -0.745092
v 0.107494 0.779852 -0.744044
v 0.120845 0.779696 -0.734883
v 0.105783 0.778268 -0.740843
v 0.146895 0.779579 -0.715635
v 0.135171 0.779176 -0.726973
v 0.134418 0.779852 -0.726055
v 0.145724 0.779696 -0.714465
v 0.132115 0.778268 -0.723249
v 0.167519 0.779579 -0.690505
v 0.158232 0.779176 -0.703911
v 0.157314 0.779852 -0.703158
v 0.166143 0.779696 -0.689585
v 0.154509 0.778268 -0.700855
v 0.182844 0.779579 -0.661833
v 0.176352 0.779176 -0.676794
v 0.175304 0.779852 -0.676234
v 0.181315 0.779696 -0.661200
v 0.172103 0.778268 -0.674523
v 0.192282 0.779579 -0.630723
v 0.188832 0.779176 -0.646663
v 0.187696 0.779852 -0.646318
v 0.190658 0.779696 -0.630400
v 0.184222 0.778268 -0.645265
v 0.195468 0.779579 -0.598369
v 0.195195 0.779176 -0.614676
v 0.194013 0.779852 -0.614560
v 0.193813 0.779696 -0.598369
v 0.190401 0.778268 -0.614204
v 0.192282 0.779579 -0.566016
v 0.195195 0.779176 -0.582063
v 0.194013 0.779852 -0.582179
v 0.190658 0.779696 -0.566339
v 0.190401 0.778268 -0.582535
v 0.182844 0.779579 -0.534906
v 0.188832 0.779176 -0.550076
v 0.187696 0.779852 -0.550420
v 0.181315 0.779696 -0.535539
v 0.184222 0.778268 -0.551474
v 0.167519 0.779579 -0.506234
v 0.176352 0.779176 -0.519945
v 0.175304 0.779852 -0.520504
v 0.166143 0.779696 -0.507154
v 0.172103 0.778268 -0.522215
v 0.146895 0.779579 -0.481104
v 0.158232 0.779176 -0.492827
v 0.157314 0.779852 -0.493581
v 0.145724 0.779696 -0.482274
v 0.154509 0.778268 -0.495883
v 0.121764 0.779579 -0.460479
v 0.135171 0.779176 -0.469766
v 0.134418 0.779852 -0.470684
v 0.120845 0.779696 -0.461856
v 0.132115 0.778268 -0.473490
v 0.093093 0.779579 -0.445154
v 0.108054 0.779176 -0.451647
v 0.107494 0.779852 -0.452694
v 0.092459 0.779696 -0.446684
v 0.105783 0.778268 -0.455895
v 0.061983 0.779579 -0.435717
v 0.077923 0.779176 -0.439166
v 0.077578 0.779852 -0.440303
v 0.061660 0.779696 -0.437341
v 0.076525 0.778268 -0.443776
v 0.029629 0.779579 -0.432530
v 0.045936 0.779176 -0.432804
v 0.045820 0.779852 -0.433986
v 0.029629 0.779696 -0.434186
v 0.045464 0.778268 -0.437598
v -0.002724 0.779579 -0.435717
v 0.013322 0.779176 -0.432804
v 0.013439 0.779852 -0.433986
v -0.002401 0.779696 -0.437341
v 0.013795 0.778268 -0.437598
v -0.033835 0.779579 -0.445154
v -0.018665 0.779176 -0.439166
v -0.018320 0.779852 -0.440303
v -0.033201 0.779696 -0.446684
v -0.017266 0.778268 -0.443776
v -0.062506 0.779579 -0.460479
v -0.048796 0.779176 -0.451647
v -0.048236 0.779852 -0.452694
v -0.061586 0.779696 -0.461856
v -0.046525 0.778268 -0.455895
v -0.087637 0.779579 -0.481104
v -0.075913 0.779176 -0.469766
v -0.075159 0.779852 -0.470684
v -0.086466 0.779696 -0.482274
v -0.072857 0.778268 -0.473490
v -0.108261 0.779579 -0.506234
v -0.098974 0.779176 -0.492827
v -0.098056 0.779852 -0.493581
v -0.106884 0.779696 -0.507154
v -0.095250 0.778268 -0.495883
v -0.123586 0.779579 -0.534906
v -0.117093 0.779176 -0.519945
v -0.116046 0.779852 -0.520504
v -0.122057 0.779696 -0.535539
v -0.112845 0.778268 -0.522215
v -0.133023 0.779579 -0.566016
v -0.129574 0.779176 -0.550076
v -0.128437 0.779852 -0.550420
v -0.131400 0.779696 -0.566339
v -0.124964 0.778268 -0.551474
v -0.136210 0.779579 -0.598369
v -0.135936 0.779176 -0.582063
v -0.134755 0.779852 -0.582179
v -0.134554 0.779696 -0.598369
v -0.131142 0.778268 -0.582535
v -0.133023 0.779579 -0.630723
v -0.135936 0.779176 -0.614676
v -0.134755 0.779852 -0.614560
v -0.131400 0.779696 -0.630400
v -0.131142 0.778268 -0.614204
v -0.123586 0.779579 -0.661833
v -0.129574 0.779176 -0.646663
v -0.128437 0.779852 -0.646318
v -0.122057 0.779696 -0.661200
v -0.124964 0.778268 -0.645265
v -0.108261 0.779579 -0.690505
v -0.117093 0.779176 -0.676794
v -0.116046 0.779852 -0.676234
v -0.106884 0.779696 -0.689585
v -0.112845 0.778268 -0.674523
v -0.087637 0.779579 -0.715635
v -0.098974 0.779176 -0.703911
v -0.098056 0.779852 -0.703158
v -0.086466 0.779696 -0.714465
v -0.095250 0.778268 -0.700855
v -0.062506 0.779579 -0.736259
v -0.075913 0.779176 -0.726973
v -0.075159 0.779852 -0.726055
v -0.061586 0.779696 -0.734883
v -0.072857 0.778268 -0.723249
v -0.033835 0.779579 -0.751585
v -0.048796 0.779176 -0.745092
v -0.048236 0.779852 -0.744044
v -0.033201 0.779696 -0.750055
v -0.046525 0.778268 -0.740843
v -0.002724 0.779579 -0.761022
v -0.018665 0.779176 -0.757572
v -0.018320 0.779852 -0.756436
v -0.002401 0.779696 -0.759398
v -0.017266 0.778268 -0.752963
v 0.013322 0.779176 -0.763935
v 0.013439 0.779852 -0.762753
v 0.013795 0.778268 -0.759141
v 0.062111 0.776043 -0.761667
v 0.045707 0.774183 -0.761606
v 0.029629 0.776043 -0.764866
v 0.046004 0.776895 -0.764629
v 0.062228 0.777611 -0.762252
v 0.029629 0.777611 -0.765463
v 0.045993 0.778262 -0.764515
v 0.093345 0.776043 -0.752192
v 0.077244 0.774183 -0.755333
v 0.078125 0.776895 -0.758240
v 0.093573 0.777611 -0.752744
v 0.078092 0.778262 -0.758130
v 0.122130 0.776043 -0.736806
v 0.106951 0.774183 -0.743028
v 0.108383 0.776895 -0.745707
v 0.122461 0.777611 -0.737303
v 0.108329 0.778262 -0.745606
v 0.147360 0.776043 -0.716100
v 0.133686 0.774183 -0.725163
v 0.135614 0.776895 -0.727512
v 0.147782 0.777611 -0.716522
v 0.135541 0.778262 -0.727423
v 0.168066 0.776043 -0.690870
v 0.156423 0.774183 -0.702427
v 0.158772 0.776895 -0.704354
v 0.168562 0.777611 -0.691202
v 0.158683 0.778262 -0.704281
v 0.183452 0.776043 -0.662085
v 0.174288 0.774183 -0.675691
v 0.176967 0.776895 -0.677123
v 0.184004 0.777611 -0.662313
v 0.176866 0.778262 -0.677069
v 0.192926 0.776043 -0.630851
v 0.186593 0.774183 -0.645984
v 0.189500 0.776895 -0.646866
v 0.193512 0.777611 -0.630968
v 0.189390 0.778262 -0.646832
v 0.196126 0.776043 -0.598369
v 0.192866 0.774183 -0.614447
v 0.195889 0.776895 -0.614745
v 0.196723 0.777611 -0.598369
v 0.195775 0.778262 -0.614733
v 0.192926 0.776043 -0.565888
v 0.192866 0.774183 -0.582292
v 0.195889 0.776895 -0.581994
v 0.193512 0.777611 -0.565771
v 0.195775 0.778262 -0.582005
v 0.183452 0.776043 -0.534654
v 0.186593 0.774183 -0.550755
v 0.189500 0.776895 -0.549873
v 0.184004 0.777611 -0.534425
v 0.189390 0.778262 -0.549906
v 0.168066 0.776043 -0.505869
v 0.174288 0.774183 -0.521048
v 0.176967 0.776895 -0.519616
v 0.168563 0.777611 -0.505537
v 0.176866 0.778262 -0.519670
v 0.147360 0.776043 -0.480639
v 0.156423 0.774183 -0.494312
v 0.158772 0.776895 -0.492385
v 0.147782 0.777611 -0.480216
v 0.158683 0.778262 -0.492458
v 0.122130 0.776043 -0.459933
v 0.133686 0.774183 -0.471575
v 0.135614 0.776895 -0.469227
v 0.122461 0.777611 -0.459436
v 0.135541 0.778262 -0.469316
v 0.093345 0.776043 -0.444547
v 0.106951 0.774183 -0.453711
v 0.108383 0.776895 -0.451032
v 0.093573 0.777611 -0.443995
v 0.108329 0.778262 -0.451133
v 0.062111 0.776043 -0.435072
v 0.077244 0.774183 -0.441406
v 0.078125 0.776895 -0.438499
v 0.062228 0.777611 -0.434486
v 0.078092 0.778262 -0.438609
v 0.029629 0.776043 -0.431873
v 0.045707 0.774183 -0.435133
v 0.046004 0.776895 -0.432110
v 0.029629 0.777611 -0.431276
v 0.045993 0.778262 -0.432224
v -0.002853 0.776043 -0.435072
v 0.013552 0.774183 -0.435133
v 0.013254 0.776895 -0.432110
v -0.002969 0.777611 -0.434486
v 0.013265 0.778262 -0.432224
v -0.034086 0.776043 -0.444547
v -0.017985 0.774183 -0.441406
v -0.018867 0.776895 -0.438499
v -0.034315 0.777611 -0.443995
v -0.018834 0.778262 -0.438609
v -0.062871 0.776043 -0.459933
v -0.047692 0.774183 -0.453711
v -0.049124 0.776895 -0.451032
v -0.063203 0.777611 -0.459436
v -0.049070 0.778262 -0.451133
v -0.088102 0.776043 -0.480639
v -0.074428 0.774183 -0.471575
v -0.076355 0.776895 -0.469227
v -0.088524 0.777611 -0.480216
v -0.076283 0.778262 -0.469316
v -0.108808 0.776043 -0.505869
v -0.097165 0.774183 -0.494312
v -0.099513 0.776895 -0.492385
v -0.109304 0.777611 -0.505537
v -0.099425 0.778262 -0.492458
v -0.124193 0.776043 -0.534654
v -0.115029 0.774183 -0.521048
v -0.117708 0.776895 -0.519616
v -0.124745 0.777611 -0.534425
v -0.117607 0.778262 -0.519670
v -0.133668 0.776043 -0.565888
v -0.127334 0.774183 -0.550755
v -0.130241 0.776895 -0.549873
v -0.134254 0.777611 -0.565771
v -0.130132 0.778262 -0.549906
v -0.136867 0.776043 -0.598369
v -0.133607 0.774183 -0.582292
v -0.136631 0.776895 -0.581994
v -0.137465 0.777611 -0.598369
v -0.136517 0.778262 -0.582005
v -0.133668 0.776043 -0.630851
v -0.133607 0.774183 -0.614447
v -0.136631 0.776895 -0.614745
v -0.134254 0.777611 -0.630968
v -0.136517 0.778262 -0.614733
v -0.124193 0.776043 -0.662085
v -0.127334 0.774183 -0.645984
v -0.130241 0.776895 -0.646866
v -0.124745 0.777611 -0.662313
v -0.130132 0.778262 -0.646832
v -0.108808 0.776043 -0.690870
v -0.115029 0.774183 -0.675691
v -0.117708 0.776895 -0.677123
v -0.109304 0.777611 -0.691202
v -0.117607 0.778262 -0.677069
v -0.088102 0.776043 -0.716100
v -0.097165 0.774183 -0.702427
v -0.099513 0.776895 -0.704354
v -0.088524 0.777611 -0.716522
v -0.099425 0.778262 -0.704281
v -0.062871 0.776043 -0.736806
v -0.074428 0.774183 -0.725164
v -0.076355 0.776895 -0.727512
v -0.063203 0.777611 -0.737303
v -0.076283 0.778262 -0.727423
v -0.034086 0.776043 -0.752192
v -0.047692 0.774183 -0.743028
v -0.049124 0.776895 -0.745707
v -0.034315 0.777611 -0.752744
v -0.049070 0.778262 -0.745606
v -0.002853 0.776043 -0.761667
v -0.017985 0.774183 -0.755333
v -0.018867 0.776895 -0.758240
v -0.002969 0.777611 -0.762252
v -0.018834 0.778262 -0.758130
v 0.013552 0.774183 -0.761606
v 0.013254 0.776895 -0.764629
v 0.013265 0.778262 -0.764515
v 0.029629 0.778759 -0.765091
v 0.062155 0.778759 -0.761887
v 0.029629 0.774959 -0.754333
v 0.060056 0.774959 -0.751336
v 0.093431 0.778759 -0.752400
v 0.089314 0.774959 -0.742461
v -0.002897 0.778759 -0.761887
v -0.000798 0.774959 -0.751336
v 0.122255 0.778759 -0.736993
v 0.116278 0.774959 -0.728049
v 0.147519 0.778759 -0.716259
v 0.139912 0.774959 -0.708652
v 0.168253 0.778759 -0.690995
v 0.159308 0.774959 -0.685018
v 0.183660 0.778759 -0.662171
v 0.173721 0.774959 -0.658054
v 0.193147 0.778759 -0.630895
v 0.182596 0.774959 -0.628796
v 0.196351 0.778759 -0.598369
v 0.185593 0.774959 -0.598369
v 0.193147 0.778759 -0.565844
v 0.182596 0.774959 -0.567942
v 0.183660 0.778759 -0.534568
v 0.173721 0.774959 -0.538685
v 0.168253 0.778759 -0.505744
v 0.159308 0.774959 -0.511720
v 0.147519 0.778759 -0.480479
v 0.139912 0.774959 -0.488086
v 0.122255 0.778759 -0.459745
v 0.116278 0.774959 -0.468690
v 0.093431 0.778759 -0.444339
v 0.089314 0.774959 -0.454278
v 0.062155 0.778759 -0.434851
v 0.060056 0.774959 -0.445402
v 0.029629 0.778759 -0.431648
v 0.029629 0.774959 -0.442406
v -0.002897 0.778759 -0.434851
v -0.000798 0.774959 -0.445402
v -0.034172 0.778759 -0.444339
v -0.030056 0.774959 -0.454278
v -0.062996 0.778759 -0.459745
v -0.057020 0.774959 -0.468690
v -0.088261 0.778759 -0.480479
v -0.080654 0.774959 -0.488086
v -0.108995 0.778759 -0.505744
v -0.100050 0.774959 -0.511720
v -0.124401 0.778759 -0.534568
v -0.114463 0.774959 -0.538685
v -0.133889 0.778759 -0.565844
v -0.123338 0.774959 -0.567942
v -0.137092 0.778759 -0.598369
v -0.126335 0.774959 -0.598369
v -0.133889 0.778759 -0.630895
v -0.123338 0.774959 -0.628796
v -0.124401 0.778759 -0.662171
v -0.114463 0.774959 -0.658054
v -0.108995 0.778759 -0.690995
v -0.100050 0.774959 -0.685018
v -0.088261 0.778759 -0.716259
v -0.080654 0.774959 -0.708652
v -0.062996 0.778759 -0.736993
v -0.057020 0.774959 -0.728049
v -0.034172 0.778759 -0.752400
v -0.030056 0.774959 -0.742461
v 0.029629 0.770613 -0.756692
v 0.060516 0.770613 -0.753650
v 0.090216 0.770613 -0.744640
v -0.001258 0.770613 -0.753650
v 0.117588 0.770613 -0.730010
v 0.141580 0.770613 -0.710320
v 0.161269 0.770613 -0.686329
v 0.175900 0.770613 -0.658957
v 0.184909 0.770613 -0.629256
v 0.187951 0.770613 -0.598369
v 0.184909 0.770613 -0.567482
v 0.175900 0.770613 -0.537782
v 0.161269 0.770613 -0.510410
v 0.141580 0.770613 -0.486419
v 0.117588 0.770613 -0.466729
v 0.090216 0.770613 -0.452099
v 0.060516 0.770613 -0.443089
v 0.029629 0.770613 -0.440047
v -0.001258 0.770613 -0.443089
v -0.030958 0.770613 -0.452099
v -0.058330 0.770613 -0.466729
v -0.082322 0.770613 -0.486419
v -0.102011 0.770613 -0.510410
v -0.116642 0.770613 -0.537782
v -0.125651 0.770613 -0.567482
v -0.128693 0.770613 -0.598369
v -0.125651 0.770613 -0.629256
v -0.116642 0.770613 -0.658957
v -0.102011 0.770613 -0.686329
v -0.082322 0.770613 -0.710320
v -0.058330 0.770613 -0.730010
v -0.030958 0.770613 -0.744640
v 0.029629 0.752726 -0.634657
v 0.036709 0.752726 -0.633960
v 0.043516 0.752726 -0.631895
v 0.049790 0.752726 -0.628542
v 0.055289 0.752726 -0.624029
v 0.059802 0.752726 -0.618530
v 0.063155 0.752726 -0.612256
v 0.065220 0.752726 -0.605449
v 0.065917 0.752726 -0.598369
v 0.065220 0.752726 -0.591290
v 0.063155 0.752726 -0.584483
v 0.059802 0.752726 -0.578209
v 0.055289 0.752726 -0.572710
v 0.049790 0.752726 -0.568197
v 0.043516 0.752726 -0.564844
v 0.036709 0.752726 -0.562779
v 0.029629 0.752726 -0.562081
v 0.022550 0.752726 -0.562779
v 0.015742 0.752726 -0.564844
v 0.009469 0.752726 -0.568197
v 0.003970 0.752726 -0.572710
v -0.000543 0.752726 -0.578209
v -0.003897 0.752726 -0.584483
v -0.005962 0.752726 -0.591290
v -0.006659 0.752726 -0.598369
v -0.005962 0.752726 -0.605449
v -0.003897 0.752726 -0.612256
v -0.000543 0.752726 -0.618530
v 0.003970 0.752726 -0.624029
v 0.009469 0.752726 -0.628542
v 0.015742 0.752726 -0.631895
v 0.022550 0.752726 -0.633960
v 0.035014 0.752284 -0.653047
v 0.045578 0.752284 -0.650946
v 0.055529 0.752284 -0.646824
v 0.064484 0.752284 -0.640841
v 0.072100 0.752284 -0.633225
v 0.078084 0.752284 -0.624269
v 0.082206 0.752284 -0.614318
v 0.084307 0.752284 -0.603755
v 0.084307 0.752284 -0.592984
v 0.082206 0.752284 -0.582420
v 0.078084 0.752284 -0.572470
v 0.072100 0.752284 -0.563514
v 0.064484 0.752284 -0.555898
v 0.055529 0.752284 -0.549914
v 0.045578 0.752284 -0.545793
v 0.035014 0.752284 -0.543691
v 0.024244 0.752284 -0.543691
v 0.013680 0.752284 -0.545793
v 0.003729 0.752284 -0.549914
v -0.005226 0.752284 -0.555898
v -0.012842 0.752284 -0.563514
v -0.018826 0.752284 -0.572470
v -0.022948 0.752284 -0.582420
v -0.025049 0.752284 -0.592984
v -0.025049 0.752284 -0.603755
v -0.022948 0.752284 -0.614318
v -0.018826 0.752284 -0.624269
v -0.012842 0.752284 -0.633225
v -0.005226 0.752284 -0.640841
v 0.003729 0.752284 -0.646824
v 0.013680 0.752284 -0.650946
v 0.024244 0.752284 -0.653047
v 0.044104 0.752489 -0.671140
v 0.036872 0.751734 -0.671905
v 0.029629 0.752489 -0.672566
v 0.036955 0.753193 -0.672755
v 0.044438 0.753734 -0.672816
v 0.029629 0.753734 -0.674275
v 0.037369 0.754072 -0.676949
v 0.058023 0.752489 -0.666918
v 0.051079 0.751734 -0.669079
v 0.051327 0.753193 -0.669896
v 0.058677 0.753734 -0.668497
v 0.052550 0.754072 -0.673929
v 0.070851 0.752489 -0.660061
v 0.064461 0.751734 -0.663536
v 0.064864 0.753193 -0.664289
v 0.071800 0.753734 -0.661482
v 0.066850 0.754072 -0.668006
v 0.082094 0.752489 -0.650834
v 0.076506 0.751734 -0.655488
v 0.077047 0.753193 -0.656148
v 0.083302 0.753734 -0.652043
v 0.079721 0.754072 -0.659406
v 0.091321 0.752489 -0.639591
v 0.086748 0.751734 -0.645246
v 0.087408 0.753193 -0.645787
v 0.092742 0.753734 -0.640540
v 0.090666 0.754072 -0.648461
v 0.098178 0.752489 -0.626763
v 0.094796 0.751734 -0.633202
v 0.095549 0.753193 -0.633604
v 0.099757 0.753734 -0.627417
v 0.099265 0.754072 -0.635591
v 0.102400 0.752489 -0.612844
v 0.100339 0.751734 -0.619819
v 0.101156 0.753193 -0.620067
v 0.104076 0.753734 -0.613178
v 0.105189 0.754072 -0.621290
v 0.103826 0.752489 -0.598369
v 0.103165 0.751734 -0.605612
v 0.104015 0.753193 -0.605696
v 0.105534 0.753734 -0.598369
v 0.108209 0.754072 -0.606109
v 0.102400 0.752489 -0.583894
v 0.103165 0.751734 -0.591127
v 0.104015 0.753193 -0.591043
v 0.104076 0.753734 -0.583561
v 0.108209 0.754072 -0.590630
v 0.098178 0.752489 -0.569976
v 0.100339 0.751734 -0.576920
v 0.101156 0.753193 -0.576672
v 0.099757 0.753734 -0.569322
v 0.105189 0.754072 -0.575449
v 0.091321 0.752489 -0.557148
v 0.094796 0.751734 -0.563537
v 0.095549 0.753193 -0.563135
v 0.092742 0.753734 -0.556199
v 0.099265 0.754072 -0.561148
v 0.082094 0.752489 -0.545905
v 0.086748 0.751734 -0.551493
v 0.087408 0.753193 -0.550951
v 0.083302 0.753734 -0.544696
v 0.090666 0.754072 -0.548278
v 0.070851 0.752489 -0.536677
v 0.076506 0.751734 -0.541250
v 0.077047 0.753193 -0.540590
v 0.071800 0.753734 -0.535256
v 0.079721 0.754072 -0.537333
v 0.058023 0.752489 -0.529821
v 0.064461 0.751734 -0.533203
v 0.064864 0.753193 -0.532450
v 0.058677 0.753734 -0.528242
v 0.066851 0.754072 -0.528733
v 0.044104 0.752489 -0.525599
v 0.051079 0.751734 -0.527659
v 0.051327 0.753193 -0.526842
v 0.044438 0.753734 -0.523923
v 0.052550 0.754072 -0.522810
v 0.029629 0.752489 -0.524173
v 0.036872 0.751734 -0.524834
v 0.036956 0.753193 -0.523984
v 0.029629 0.753734 -0.522464
v 0.037369 0.754072 -0.519790
v 0.015154 0.752489 -0.525599
v 0.022387 0.751734 -0.524834
v 0.022303 0.753193 -0.523984
v 0.014821 0.753734 -0.523923
v 0.021890 0.754072 -0.519790
v 0.001235 0.752489 -0.529821
v 0.008180 0.751734 -0.527659
v 0.007932 0.753193 -0.526842
v 0.000581 0.753734 -0.528242
v 0.006708 0.754072 -0.522810
v -0.011592 0.752489 -0.536677
v -0.005203 0.751734 -0.533203
v -0.005606 0.753193 -0.532450
v -0.012542 0.753734 -0.535256
v -0.007592 0.754072 -0.528733
v -0.022836 0.752489 -0.545905
v -0.017247 0.751734 -0.541250
v -0.017789 0.753193 -0.540590
v -0.024044 0.753734 -0.544696
v -0.020462 0.754072 -0.537333
v -0.032063 0.752489 -0.557148
v -0.027490 0.751734 -0.551493
v -0.028150 0.753193 -0.550951
v -0.033484 0.753734 -0.556199
v -0.031407 0.754072 -0.548278
v -0.038919 0.752489 -0.569976
v -0.035537 0.751734 -0.563537
v -0.036291 0.753193 -0.563135
v -0.040498 0.753734 -0.569322
v -0.040007 0.754072 -0.561148
v -0.043142 0.752489 -0.583894
v -0.041081 0.751734 -0.576920
v -0.041898 0.753193 -0.576672
v -0.044818 0.753734 -0.583561
v -0.045931 0.754072 -0.575449
v -0.044567 0.752489 -0.598369
v -0.043907 0.751734 -0.591127
v -0.044756 0.753193 -0.591043
v -0.046276 0.753734 -0.598369
v -0.048950 0.754072 -0.590630
v -0.043142 0.752489 -0.612844
v -0.043907 0.751734 -0.605612
v -0.044756 0.753193 -0.605696
v -0.044818 0.753734 -0.613178
v -0.048950 0.754072 -0.606109
v -0.038919 0.752489 -0.626763
v -0.041081 0.751734 -0.619819
v -0.041898 0.753193 -0.620067
v -0.040498 0.753734 -0.627417
v -0.045930 0.754072 -0.621290
v -0.032063 0.752489 -0.639591
v -0.035537 0.751734 -0.633202
v -0.036291 0.753193 -0.633604
v -0.033484 0.753734 -0.640540
v -0.040007 0.754072 -0.635591
v -0.022836 0.752489 -0.650834
v -0.027490 0.751734 -0.645246
v -0.028150 0.753193 -0.645787
v -0.024044 0.753734 -0.652043
v -0.031407 0.754072 -0.648461
v -0.011592 0.752489 -0.660061
v -0.017247 0.751734 -0.655488
v -0.017789 0.753193 -0.656148
v -0.012542 0.753734 -0.661482
v -0.020462 0.754072 -0.659406
v 0.001235 0.752489 -0.666918
v -0.005203 0.751734 -0.663536
v -0.005606 0.753193 -0.664289
v 0.000581 0.753734 -0.668497
v -0.007592 0.754072 -0.668006
v 0.015154 0.752489 -0.671140
v 0.008180 0.751734 -0.669079
v 0.007932 0.753193 -0.669896
v 0.014821 0.753734 -0.672816
v 0.006708 0.754072 -0.673929
v 0.022387 0.751734 -0.671905
v 0.022303 0.753193 -0.672755
v 0.021890 0.754072 -0.676949
v 0.029629 0.754267 -0.683558
v 0.046249 0.754267 -0.681921
v 0.062230 0.754267 -0.677074
v 0.013010 0.754267 -0.681921
v 0.076958 0.754267 -0.669201
v 0.089867 0.754267 -0.658607
v 0.100461 0.754267 -0.645698
v 0.108333 0.754267 -0.630970
v 0.113181 0.754267 -0.614989
v 0.114818 0.754267 -0.598369
v 0.113181 0.754267 -0.581750
v 0.108333 0.754267 -0.565769
v 0.100461 0.754267 -0.551041
v 0.089867 0.754267 -0.538132
v 0.076958 0.754267 -0.527537
v 0.062230 0.754267 -0.519665
v 0.046249 0.754267 -0.514817
v 0.029629 0.754267 -0.513180
v 0.013010 0.754267 -0.514817
v -0.002971 0.754267 -0.519665
v -0.017699 0.754267 -0.527537
v -0.030608 0.754267 -0.538132
v -0.041203 0.754267 -0.551041
v -0.049075 0.754267 -0.565769
v -0.053923 0.754267 -0.581750
v -0.055560 0.754267 -0.598369
v -0.053923 0.754267 -0.614989
v -0.049075 0.754267 -0.630970
v -0.041203 0.754267 -0.645698
v -0.030608 0.754267 -0.658607
v -0.017699 0.754267 -0.669201
v -0.002971 0.754267 -0.677074
v 0.042759 0.749740 -0.664376
v 0.036127 0.750237 -0.664339
v 0.029629 0.749740 -0.665669
v 0.036259 0.749614 -0.665686
v 0.042888 0.749568 -0.665028
v 0.029629 0.749568 -0.666334
v 0.036374 0.749543 -0.666848
v 0.055384 0.749740 -0.660546
v 0.048872 0.750237 -0.661804
v 0.049265 0.749614 -0.663099
v 0.055638 0.749568 -0.661160
v 0.049604 0.749543 -0.664216
v 0.067019 0.749740 -0.654327
v 0.060878 0.750237 -0.656831
v 0.061515 0.749614 -0.658024
v 0.067388 0.749568 -0.654880
v 0.062066 0.749543 -0.659054
v 0.077217 0.749740 -0.645958
v 0.071682 0.750237 -0.649611
v 0.072541 0.749614 -0.650657
v 0.077687 0.749568 -0.646427
v 0.073282 0.749543 -0.651560
v 0.085587 0.749740 -0.635759
v 0.080871 0.750237 -0.640423
v 0.081917 0.749614 -0.641281
v 0.086139 0.749568 -0.636128
v 0.082820 0.749543 -0.642022
v 0.091806 0.749740 -0.624124
v 0.088091 0.750237 -0.629618
v 0.089284 0.749614 -0.630256
v 0.092420 0.749568 -0.624378
v 0.090314 0.749543 -0.630806
v 0.095636 0.749740 -0.611499
v 0.093064 0.750237 -0.617612
v 0.094359 0.749614 -0.618005
v 0.096287 0.749568 -0.611629
v 0.095476 0.749543 -0.618344
v 0.096929 0.749740 -0.598369
v 0.095599 0.750237 -0.604867
v 0.096945 0.749614 -0.604999
v 0.097593 0.749568 -0.598369
v 0.098108 0.749543 -0.605114
v 0.095636 0.749740 -0.585240
v 0.095599 0.750237 -0.591872
v 0.096945 0.749614 -0.591739
v 0.096287 0.749568 -0.585110
v 0.098108 0.749543 -0.591625
v 0.091806 0.749740 -0.572615
v 0.093064 0.750237 -0.579127
v 0.094359 0.749614 -0.578734
v 0.092420 0.749568 -0.572361
v 0.095476 0.749543 -0.578395
v 0.085587 0.749740 -0.560979
v 0.088091 0.750237 -0.567121
v 0.089284 0.749614 -0.566483
v 0.086139 0.749568 -0.560610
v 0.090314 0.749543 -0.565933
v 0.077217 0.749740 -0.550781
v 0.080871 0.750237 -0.556316
v 0.081917 0.749614 -0.555458
v 0.077687 0.749568 -0.550311
v 0.082820 0.749543 -0.554717
v 0.067019 0.749740 -0.542412
v 0.071682 0.750237 -0.547127
v 0.072541 0.749614 -0.546081
v 0.067388 0.749568 -0.541859
v 0.073282 0.749543 -0.545179
v 0.055384 0.749740 -0.536192
v 0.060878 0.750237 -0.539908
v 0.061515 0.749614 -0.538714
v 0.055638 0.749568 -0.535579
v 0.062066 0.749543 -0.537685
v 0.042759 0.749740 -0.532363
v 0.048872 0.750237 -0.534935
v 0.049265 0.749614 -0.533640
v 0.042888 0.749568 -0.531711
v 0.049604 0.749543 -0.532523
v 0.029629 0.749740 -0.531069
v 0.036127 0.750237 -0.532400
v 0.036259 0.749614 -0.531053
v 0.029629 0.749568 -0.530405
v 0.036374 0.749543 -0.529891
v 0.016500 0.749740 -0.532363
v 0.023132 0.750237 -0.532400
v 0.022999 0.749614 -0.531053
v 0.016370 0.749568 -0.531711
v 0.022885 0.749543 -0.529891
v 0.003875 0.749740 -0.536192
v 0.010387 0.750237 -0.534935
v 0.009994 0.749614 -0.533640
v 0.003620 0.749568 -0.535579
v 0.009655 0.749543 -0.532523
v -0.007761 0.749740 -0.542412
v -0.001619 0.750237 -0.539908
v -0.002257 0.749614 -0.538714
v -0.008130 0.749568 -0.541859
v -0.002808 0.749543 -0.537685
v -0.017959 0.749740 -0.550781
v -0.012424 0.750237 -0.547127
v -0.013282 0.749614 -0.546081
v -0.018429 0.749568 -0.550311
v -0.014023 0.749543 -0.545179
v -0.026329 0.749740 -0.560979
v -0.021613 0.750237 -0.556316
v -0.022659 0.749614 -0.555458
v -0.026881 0.749568 -0.560610
v -0.023561 0.749543 -0.554717
v -0.032548 0.749740 -0.572615
v -0.028832 0.750237 -0.567121
v -0.030026 0.749614 -0.566483
v -0.033162 0.749568 -0.572361
v -0.031056 0.749543 -0.565933
v -0.036378 0.749740 -0.585240
v -0.033805 0.750237 -0.579127
v -0.035100 0.749614 -0.578734
v -0.037029 0.749568 -0.585110
v -0.036218 0.749543 -0.578395
v -0.037671 0.749740 -0.598369
v -0.036340 0.750237 -0.591872
v -0.037687 0.749614 -0.591739
v -0.038335 0.749568 -0.598369
v -0.038849 0.749543 -0.591625
v -0.036378 0.749740 -0.611499
v -0.036340 0.750237 -0.604867
v -0.037687 0.749614 -0.604999
v -0.037029 0.749568 -0.611629
v -0.038849 0.749543 -0.605114
v -0.032548 0.749740 -0.624124
v -0.033805 0.750237 -0.617612
v -0.035100 0.749614 -0.618005
v -0.033162 0.749568 -0.624378
v -0.036218 0.749543 -0.618344
v -0.026329 0.749740 -0.635759
v -0.028832 0.750237 -0.629618
v -0.030026 0.749614 -0.630256
v -0.026881 0.749568 -0.636128
v -0.031056 0.749543 -0.630806
v -0.017959 0.749740 -0.645958
v -0.021613 0.750237 -0.640423
v -0.022659 0.749614 -0.641281
v -0.018429 0.749568 -0.646427
v -0.023561 0.749543 -0.642022
v -0.007761 0.749740 -0.654327
v -0.012424 0.750237 -0.649611
v -0.013282 0.749614 -0.650657
v -0.008130 0.749568 -0.654880
v -0.014023 0.749543 -0.651560
v 0.003875 0.749740 -0.660546
v -0.001619 0.750237 -0.656831
v -0.002257 0.749614 -0.658024
v 0.003620 0.749568 -0.661160
v -0.002808 0.749543 -0.659054
v 0.016500 0.749740 -0.664376
v 0.010387 0.750237 -0.661804
v 0.009994 0.749614 -0.663099
v 0.016370 0.749568 -0.665028
v 0.009655 0.749543 -0.664216
v 0.023132 0.750237 -0.664339
v 0.022999 0.749614 -0.665686
v 0.022885 0.749543 -0.666848
v 0.029629 0.751271 -0.661655
v 0.041976 0.751271 -0.660439
v 0.053848 0.751271 -0.656838
v 0.017283 0.751271 -0.660439
v 0.064789 0.751271 -0.650990
v 0.074379 0.751271 -0.643119
v 0.082249 0.751271 -0.633529
v 0.088098 0.751271 -0.622588
v 0.091699 0.751271 -0.610716
v 0.092915 0.751271 -0.598369
v 0.091699 0.751271 -0.586023
v 0.088098 0.751271 -0.574151
v 0.082249 0.751271 -0.563210
v 0.074379 0.751271 -0.553620
v 0.064789 0.751271 -0.545749
v 0.053848 0.751271 -0.539901
v 0.041976 0.751271 -0.536300
v 0.029629 0.751271 -0.535084
v 0.017283 0.751271 -0.536300
v 0.005411 0.751271 -0.539901
v -0.005531 0.751271 -0.545749
v -0.015121 0.751271 -0.553620
v -0.022991 0.751271 -0.563210
v -0.028839 0.751271 -0.574151
v -0.032441 0.751271 -0.586023
v -0.033657 0.751271 -0.598369
v -0.032441 0.751271 -0.610716
v -0.028839 0.751271 -0.622588
v -0.022991 0.751271 -0.633529
v -0.015121 0.751271 -0.643119
v -0.005531 0.751271 -0.650990
v 0.005411 0.751271 -0.656838
v 0.043886 0.749972 -0.670045
v 0.036698 0.749669 -0.670145
v 0.029629 0.749972 -0.671449
v 0.036832 0.750440 -0.671501
v 0.057596 0.749972 -0.665886
v 0.050565 0.749669 -0.667386
v 0.050961 0.750440 -0.668690
v 0.070230 0.749972 -0.659133
v 0.063628 0.749669 -0.661976
v 0.064270 0.750440 -0.663177
v 0.081304 0.749972 -0.650045
v 0.075383 0.749669 -0.654121
v 0.076248 0.750440 -0.655174
v 0.090393 0.749972 -0.638970
v 0.085381 0.749669 -0.644123
v 0.086434 0.750440 -0.644988
v 0.097146 0.749972 -0.626336
v 0.093236 0.749669 -0.632368
v 0.094437 0.750440 -0.633010
v 0.101305 0.749972 -0.612626
v 0.098646 0.749669 -0.619305
v 0.099950 0.750440 -0.619701
v 0.102709 0.749972 -0.598369
v 0.101405 0.749669 -0.605439
v 0.102760 0.750440 -0.605572
v 0.101305 0.749972 -0.584112
v 0.101405 0.749669 -0.591300
v 0.102760 0.750440 -0.591167
v 0.097146 0.749972 -0.570403
v 0.098646 0.749669 -0.577433
v 0.099950 0.750440 -0.577038
v 0.090393 0.749972 -0.557768
v 0.093236 0.749669 -0.564371
v 0.094437 0.750440 -0.563729
v 0.081304 0.749972 -0.546694
v 0.085381 0.749669 -0.552615
v 0.086434 0.750440 -0.551751
v 0.070230 0.749972 -0.537606
v 0.075383 0.749669 -0.542618
v 0.076248 0.750440 -0.541565
v 0.057596 0.749972 -0.530852
v 0.063628 0.749669 -0.534763
v 0.064270 0.750440 -0.533561
v 0.043886 0.749972 -0.526694
v 0.050565 0.749669 -0.529352
v 0.050961 0.750440 -0.528048
v 0.029629 0.749972 -0.525290
v 0.036698 0.749669 -0.526594
v 0.036832 0.750440 -0.525238
v 0.015372 0.749972 -0.526694
v 0.022560 0.749669 -0.526594
v 0.022426 0.750440 -0.525238
v 0.001663 0.749972 -0.530852
v 0.008693 0.749669 -0.529352
v 0.008298 0.750440 -0.528048
v -0.010972 0.749972 -0.537606
v -0.004369 0.749669 -0.534763
v -0.005011 0.750440 -0.533561
v -0.022046 0.749972 -0.546694
v -0.016125 0.749669 -0.542618
v -0.016989 0.750440 -0.541565
v -0.031134 0.749972 -0.557768
v -0.026122 0.749669 -0.552615
v -0.027176 0.750440 -0.551751
v -0.037888 0.749972 -0.570403
v -0.033977 0.749669 -0.564371
v -0.035179 0.750440 -0.563729
v -0.042046 0.749972 -0.584112
v -0.039388 0.749669 -0.577433
v -0.040692 0.750440 -0.577038
v -0.043451 0.749972 -0.598369
v -0.042146 0.749669 -0.591300
v -0.043502 0.750440 -0.591167
v -0.042046 0.749972 -0.612626
v -0.042146 0.749669 -0.605439
v -0.043502 0.750440 -0.605572
v -0.037888 0.749972 -0.626336
v -0.039388 0.749669 -0.619305
v -0.040692 0.750440 -0.619701
v -0.031134 0.749972 -0.638970
v -0.033977 0.749669 -0.632368
v -0.035179 0.750440 -0.633010
v -0.022046 0.749972 -0.650045
v -0.026122 0.749669 -0.644123
v -0.027176 0.750440 -0.644988
v -0.010972 0.749972 -0.659133
v -0.016125 0.749669 -0.654121
v -0.016989 0.750440 -0.655174
v 0.001663 0.749972 -0.665886
v -0.004369 0.749669 -0.661976
v -0.005011 0.750440 -0.663177
v 0.015372 0.749972 -0.670045
v 0.008693 0.749669 -0.667386
v 0.008298 0.750440 -0.668690
v 0.022560 0.749669 -0.670145
v 0.022426 0.750440 -0.671501
v 0.029629 0.751037 -0.672067
v 0.044007 0.751037 -0.670651
v 0.056587 0.749550 -0.663452
v 0.043372 0.749550 -0.667461
v 0.057832 0.751037 -0.666458
v 0.029629 0.749550 -0.668814
v 0.015886 0.749550 -0.667461
v 0.015251 0.751037 -0.670651
v 0.068766 0.749550 -0.656942
v 0.070574 0.751037 -0.659647
v 0.079441 0.749550 -0.648181
v 0.081742 0.751037 -0.650482
v 0.088202 0.749550 -0.637506
v 0.090907 0.751037 -0.639314
v 0.094712 0.749550 -0.625327
v 0.097717 0.751037 -0.626572
v 0.098720 0.749550 -0.612112
v 0.101911 0.751037 -0.612747
v 0.100074 0.749550 -0.598369
v 0.103327 0.751037 -0.598369
v 0.098720 0.749550 -0.584626
v 0.101911 0.751037 -0.583992
v 0.094712 0.749550 -0.571411
v 0.097717 0.751037 -0.570166
v 0.088202 0.749550 -0.559232
v 0.090907 0.751037 -0.557425
v 0.079441 0.749550 -0.548557
v 0.081742 0.751037 -0.546257
v 0.068766 0.749550 -0.539797
v 0.070574 0.751037 -0.537092
v 0.056587 0.749550 -0.533287
v 0.057832 0.751037 -0.530281
v 0.043372 0.749550 -0.529278
v 0.044007 0.751037 -0.526087
v 0.029629 0.749550 -0.527925
v 0.029629 0.751037 -0.524671
v 0.015886 0.749550 -0.529278
v 0.015251 0.751037 -0.526087
v 0.002671 0.749550 -0.533287
v 0.001426 0.751037 -0.530281
v -0.009508 0.749550 -0.539797
v -0.011315 0.751037 -0.537092
v -0.020183 0.749550 -0.548557
v -0.022483 0.751037 -0.546257
v -0.028944 0.749550 -0.559232
v -0.031649 0.751037 -0.557425
v -0.035453 0.749550 -0.571411
v -0.038459 0.751037 -0.570166
v -0.039462 0.749550 -0.584626
v -0.042653 0.751037 -0.583992
v -0.040816 0.749550 -0.598369
v -0.044069 0.751037 -0.598369
v -0.039462 0.749550 -0.612112
v -0.042653 0.751037 -0.612747
v -0.035453 0.749550 -0.625327
v -0.038459 0.751037 -0.626572
v -0.028944 0.749550 -0.637506
v -0.031649 0.751037 -0.639314
v -0.020183 0.749550 -0.648181
v -0.022483 0.751037 -0.650482
v -0.009508 0.749550 -0.656942
v -0.011315 0.751037 -0.659647
v 0.002671 0.749550 -0.663452
v 0.001426 0.751037 -0.666458
v 0.040703 0.798278 -0.710803
v 0.062425 0.798278 -0.706482
v 0.082886 0.798278 -0.698007
v 0.101301 0.798278 -0.685702
v 0.116962 0.798278 -0.670042
v 0.129266 0.798278 -0.651627
v 0.137742 0.798278 -0.631165
v 0.142063 0.798278 -0.609443
v 0.142063 0.798278 -0.587296
v 0.137742 0.798278 -0.565574
v 0.129266 0.798278 -0.545112
v 0.116962 0.798278 -0.526697
v 0.101301 0.798278 -0.511037
v 0.082886 0.798278 -0.498732
v 0.062425 0.798278 -0.490257
v 0.040703 0.798278 -0.485936
v 0.018555 0.798278 -0.485936
v -0.003166 0.798278 -0.490257
v -0.023628 0.798278 -0.498732
v -0.042043 0.798278 -0.511037
v -0.057704 0.798278 -0.526697
v -0.070008 0.798278 -0.545112
v -0.078483 0.798278 -0.565574
v -0.082804 0.798278 -0.587296
v -0.082804 0.798278 -0.609443
v -0.078483 0.798278 -0.631165
v -0.070008 0.798278 -0.651627
v -0.057704 0.798278 -0.670042
v -0.042043 0.798278 -0.685702
v -0.023628 0.798278 -0.698007
v -0.003166 0.798278 -0.706482
v 0.018555 0.798278 -0.710803
v 0.038115 0.774778 -0.684526
v 0.054760 0.774778 -0.681215
v 0.070439 0.774778 -0.674720
v 0.084551 0.774778 -0.665291
v 0.096551 0.774778 -0.653291
v 0.105980 0.774778 -0.639180
v 0.112474 0.774778 -0.623500
v 0.115785 0.774778 -0.606855
v 0.115785 0.774778 -0.589884
v 0.112474 0.774778 -0.573239
v 0.105980 0.774778 -0.557559
v 0.096551 0.774778 -0.543448
v 0.084551 0.774778 -0.531447
v 0.070439 0.774778 -0.522019
v 0.054760 0.774778 -0.515524
v 0.038115 0.774778 -0.512213
v 0.021144 0.774778 -0.512213
v 0.004498 0.774778 -0.515524
v -0.011181 0.774778 -0.522019
v -0.025292 0.774778 -0.531447
v -0.037293 0.774778 -0.543448
v -0.046721 0.774778 -0.557559
v -0.053216 0.774778 -0.573239
v -0.056527 0.774778 -0.589884
v -0.056527 0.774778 -0.606855
v -0.053216 0.774778 -0.623500
v -0.046721 0.774778 -0.639180
v -0.037293 0.774778 -0.653291
v -0.025292 0.774778 -0.665291
v -0.011181 0.774778 -0.674720
v 0.004498 0.774778 -0.681215
v 0.021144 0.774778 -0.684526
v 0.029629 0.780000 -0.695447
v 0.051082 0.792044 -0.706222
v 0.071711 0.792044 -0.699964
v 0.090723 0.792044 -0.689803
v 0.107387 0.792044 -0.676127
v 0.121062 0.792044 -0.659463
v 0.131224 0.792044 -0.640451
v 0.137482 0.792044 -0.619823
v 0.139595 0.792044 -0.598369
v 0.137482 0.792044 -0.576916
v 0.131224 0.792044 -0.556287
v 0.121062 0.792044 -0.537276
v 0.107387 0.792044 -0.520612
v 0.090723 0.792044 -0.506936
v 0.071711 0.792044 -0.496774
v 0.051082 0.792044 -0.490517
v 0.029629 0.792044 -0.488404
v 0.008176 0.792044 -0.490517
v -0.012453 0.792044 -0.496774
v -0.031465 0.792044 -0.506936
v -0.048128 0.792044 -0.520612
v -0.061804 0.792044 -0.537276
v -0.071966 0.792044 -0.556287
v -0.078224 0.792044 -0.576916
v -0.080337 0.792044 -0.598369
v -0.078224 0.792044 -0.619823
v -0.071966 0.792044 -0.640451
v -0.061804 0.792044 -0.659463
v -0.048128 0.792044 -0.676127
v -0.031465 0.792044 -0.689803
v -0.012453 0.792044 -0.699964
v 0.008176 0.792044 -0.706222
v 0.035251 0.768678 -0.655452
v 0.046279 0.768678 -0.653258
v 0.056668 0.768678 -0.648955
v 0.066017 0.768678 -0.642708
v 0.073968 0.768678 -0.634757
v 0.080215 0.768678 -0.625408
v 0.084518 0.768678 -0.615020
v 0.086711 0.768678 -0.603991
v 0.086711 0.768678 -0.592747
v 0.084518 0.768678 -0.581719
v 0.080215 0.768678 -0.571331
v 0.073968 0.768678 -0.561982
v 0.066017 0.768678 -0.554031
v 0.056668 0.768678 -0.547784
v 0.046279 0.768678 -0.543481
v 0.035251 0.768678 -0.541287
v 0.024007 0.768678 -0.541287
v 0.012979 0.768678 -0.543481
v 0.002591 0.768678 -0.547784
v -0.006759 0.768678 -0.554031
v -0.014710 0.768678 -0.561982
v -0.020956 0.768678 -0.571331
v -0.025259 0.768678 -0.581719
v -0.027453 0.768678 -0.592747
v -0.027453 0.768678 -0.603991
v -0.025259 0.768678 -0.615020
v -0.020956 0.768678 -0.625408
v -0.014710 0.768678 -0.634757
v -0.006759 0.768678 -0.642708
v 0.002591 0.768678 -0.648955
v 0.012979 0.768678 -0.653258
v 0.024007 0.768678 -0.655452
v 0.029629 0.771002 -0.671799
v 0.043955 0.771002 -0.670388
v 0.057730 0.771002 -0.666210
v 0.070425 0.771002 -0.659424
v 0.081552 0.771002 -0.650292
v 0.090684 0.771002 -0.639165
v 0.097469 0.771002 -0.626470
v 0.101648 0.771002 -0.612695
v 0.103059 0.771002 -0.598369
v 0.101648 0.771002 -0.584044
v 0.097469 0.771002 -0.570269
v 0.090684 0.771002 -0.557574
v 0.081552 0.771002 -0.546447
v 0.070425 0.771002 -0.537315
v 0.057730 0.771002 -0.530529
v 0.043955 0.771002 -0.526351
v 0.029629 0.771002 -0.524940
v 0.015304 0.771002 -0.526351
v 0.001529 0.771002 -0.530529
v -0.011166 0.771002 -0.537315
v -0.022293 0.771002 -0.546447
v -0.031425 0.771002 -0.557574
v -0.038211 0.771002 -0.570269
v -0.042390 0.771002 -0.584044
v -0.043801 0.771002 -0.598369
v -0.042390 0.771002 -0.612695
v -0.038211 0.771002 -0.626470
v -0.031425 0.771002 -0.639165
v -0.022293 0.771002 -0.650292
v -0.011166 0.771002 -0.659424
v 0.001529 0.771002 -0.666210
v 0.015304 0.771002 -0.670388
v 0.029629 0.792044 -0.708335
v 0.048568 0.780000 -0.693582
v 0.066779 0.780000 -0.688058
v 0.083563 0.780000 -0.679087
v 0.098274 0.780000 -0.667014
v 0.110347 0.780000 -0.652303
v 0.119318 0.780000 -0.635520
v 0.124842 0.780000 -0.617308
v 0.126707 0.780000 -0.598369
v 0.124842 0.780000 -0.579430
v 0.119318 0.780000 -0.561219
v 0.110347 0.780000 -0.544436
v 0.098274 0.780000 -0.529725
v 0.083563 0.780000 -0.517652
v 0.066779 0.780000 -0.508681
v 0.048568 0.780000 -0.503157
v 0.029629 0.780000 -0.501291
v 0.010690 0.780000 -0.503157
v -0.007521 0.780000 -0.508681
v -0.024305 0.780000 -0.517652
v -0.039015 0.780000 -0.529725
v -0.051088 0.780000 -0.544436
v -0.060059 0.780000 -0.561219
v -0.065584 0.780000 -0.579430
v -0.067449 0.780000 -0.598369
v -0.065584 0.780000 -0.617308
v -0.060059 0.780000 -0.635520
v -0.051088 0.780000 -0.652303
v -0.039015 0.780000 -0.667014
v -0.024305 0.780000 -0.679087
v -0.007521 0.780000 -0.688058
v 0.010690 0.780000 -0.693582
v 0.019347 0.785979 -0.702764
v -0.000822 0.785979 -0.698752
v -0.019820 0.785979 -0.690882
v -0.036918 0.785979 -0.679458
v -0.051459 0.785979 -0.664917
v -0.062884 0.785979 -0.647819
v -0.070753 0.785979 -0.628820
v -0.074765 0.785979 -0.608651
v -0.074765 0.785979 -0.588087
v -0.070753 0.785979 -0.567919
v -0.062884 0.785979 -0.548920
v -0.051459 0.785979 -0.531822
v -0.036918 0.785979 -0.517281
v -0.019820 0.785979 -0.505856
v -0.000822 0.785979 -0.497987
v 0.019347 0.785979 -0.493975
v 0.039911 0.785979 -0.493975
v 0.060080 0.785979 -0.497987
v 0.079078 0.785979 -0.505856
v 0.096177 0.785979 -0.517281
v 0.110718 0.785979 -0.531822
v 0.122142 0.785979 -0.548920
v 0.130012 0.785979 -0.567919
v 0.134024 0.785979 -0.588087
v 0.134024 0.785979 -0.608651
v 0.130012 0.785979 -0.628820
v 0.122142 0.785979 -0.647819
v 0.110718 0.785979 -0.664917
v 0.096177 0.785979 -0.679458
v 0.079078 0.785979 -0.690882
v 0.060080 0.785979 -0.698752
v 0.039911 0.785979 -0.702764
v 0.015906 0.767525 -0.631500
v 0.009706 0.767525 -0.628187
v 0.004272 0.767525 -0.623727
v -0.000188 0.767525 -0.618293
v -0.003502 0.767525 -0.612093
v -0.005543 0.767525 -0.605365
v -0.006232 0.767525 -0.598369
v -0.005543 0.767525 -0.591373
v -0.003502 0.767525 -0.584646
v -0.000188 0.767525 -0.578446
v 0.004272 0.767525 -0.573012
v 0.009706 0.767525 -0.568552
v 0.015906 0.767525 -0.565238
v 0.022633 0.767525 -0.563198
v 0.029629 0.767525 -0.562509
v 0.036625 0.767525 -0.563198
v 0.043353 0.767525 -0.565238
v 0.049552 0.767525 -0.568552
v 0.054987 0.767525 -0.573012
v 0.059446 0.767525 -0.578446
v 0.062760 0.767525 -0.584646
v 0.064801 0.767525 -0.591373
v 0.065490 0.767525 -0.598369
v 0.064801 0.767525 -0.605365
v 0.062760 0.767525 -0.612093
v 0.059446 0.767525 -0.618293
v 0.054987 0.767525 -0.623727
v 0.049552 0.767525 -0.628187
v 0.022633 0.767525 -0.633541
v 0.029629 0.767525 -0.634230
v 0.043353 0.767525 -0.631500
v 0.036625 0.767525 -0.633541
v 0.041058 0.796815 -0.714413
v 0.063478 0.796815 -0.709953
v 0.084596 0.796815 -0.701206
v 0.103603 0.796815 -0.688506
v 0.119766 0.796815 -0.672343
v 0.132466 0.796815 -0.653337
v 0.141213 0.796815 -0.632218
v 0.145673 0.796815 -0.609799
v 0.145673 0.796815 -0.586940
v 0.141213 0.796815 -0.564521
v 0.132466 0.796815 -0.543402
v 0.119766 0.796815 -0.524396
v 0.103603 0.796815 -0.508233
v 0.084596 0.796815 -0.495533
v 0.063478 0.796815 -0.486785
v 0.041058 0.796815 -0.482326
v 0.018200 0.796815 -0.482326
v -0.004219 0.796815 -0.486785
v -0.025338 0.796815 -0.495533
v -0.044344 0.796815 -0.508233
v -0.060508 0.796815 -0.524396
v -0.073207 0.796815 -0.543402
v -0.081955 0.796815 -0.564521
v -0.086414 0.796815 -0.586940
v -0.086414 0.796815 -0.609799
v -0.081955 0.796815 -0.632218
v -0.073207 0.796815 -0.653337
v -0.060508 0.796815 -0.672343
v -0.044344 0.796815 -0.688506
v -0.025338 0.796815 -0.701206
v -0.004219 0.796815 -0.709953
v 0.018200 0.796815 -0.714413
v 0.038157 0.770106 -0.684950
v 0.054884 0.770106 -0.681622
v 0.070640 0.770106 -0.675096
v 0.084821 0.770106 -0.665621
v 0.096880 0.770106 -0.653561
v 0.106356 0.770106 -0.639380
v 0.112882 0.770106 -0.623624
v 0.116209 0.770106 -0.606897
v 0.116209 0.770106 -0.589842
v 0.112882 0.770106 -0.573115
v 0.106356 0.770106 -0.557358
v 0.096880 0.770106 -0.543178
v 0.084821 0.770106 -0.531118
v 0.070640 0.770106 -0.521643
v 0.054884 0.770106 -0.515116
v 0.038157 0.770106 -0.511789
v 0.021102 0.770106 -0.511789
v 0.004375 0.770106 -0.515116
v -0.011382 0.770106 -0.521643
v -0.025562 0.770106 -0.531118
v -0.037622 0.770106 -0.543178
v -0.047097 0.770106 -0.557358
v -0.053624 0.770106 -0.573115
v -0.056951 0.770106 -0.589842
v -0.056951 0.770106 -0.606897
v -0.053624 0.770106 -0.623624
v -0.047097 0.770106 -0.639380
v -0.037622 0.770106 -0.653561
v -0.025562 0.770106 -0.665621
v -0.011382 0.770106 -0.675096
v 0.004375 0.770106 -0.681622
v 0.021102 0.770106 -0.684950
v 0.029629 0.773362 -0.694143
v 0.051779 0.790144 -0.709723
v 0.073077 0.790144 -0.703262
v 0.092706 0.790144 -0.692770
v 0.109911 0.790144 -0.678651
v 0.124030 0.790144 -0.661446
v 0.134522 0.790144 -0.641817
v 0.140983 0.790144 -0.620519
v 0.143164 0.790144 -0.598369
v 0.140983 0.790144 -0.576220
v 0.134522 0.790144 -0.554921
v 0.124030 0.790144 -0.535293
v 0.109911 0.790144 -0.518088
v 0.092706 0.790144 -0.503968
v 0.073077 0.790144 -0.493477
v 0.051779 0.790144 -0.487016
v 0.029629 0.790144 -0.484834
v 0.007480 0.790144 -0.487016
v -0.013819 0.790144 -0.493477
v -0.033448 0.790144 -0.503968
v -0.050652 0.790144 -0.518088
v -0.064772 0.790144 -0.535293
v -0.075264 0.790144 -0.554921
v -0.081724 0.790144 -0.576220
v -0.083906 0.790144 -0.598369
v -0.081724 0.790144 -0.620519
v -0.075264 0.790144 -0.641817
v -0.064772 0.790144 -0.661446
v -0.050652 0.790144 -0.678651
v -0.033448 0.790144 -0.692770
v -0.013819 0.790144 -0.703262
v 0.007480 0.790144 -0.709723
v 0.035952 0.764882 -0.662571
v 0.048356 0.764882 -0.660104
v 0.060040 0.764882 -0.655264
v 0.070555 0.764882 -0.648238
v 0.079498 0.764882 -0.639295
v 0.086524 0.764882 -0.628780
v 0.091363 0.764882 -0.617096
v 0.093831 0.764882 -0.604693
v 0.093831 0.764882 -0.592046
v 0.091363 0.764882 -0.579642
v 0.086524 0.764882 -0.567959
v 0.079498 0.764882 -0.557443
v 0.070555 0.764882 -0.548501
v 0.060040 0.764882 -0.541475
v 0.048356 0.764882 -0.536635
v 0.035952 0.764882 -0.534168
v 0.023306 0.764882 -0.534168
v 0.010902 0.764882 -0.536635
v -0.000782 0.764882 -0.541475
v -0.011297 0.764882 -0.548501
v -0.020239 0.764882 -0.557443
v -0.027266 0.764882 -0.567959
v -0.032105 0.764882 -0.579642
v -0.034572 0.764882 -0.592046
v -0.034572 0.764882 -0.604693
v -0.032105 0.764882 -0.617096
v -0.027266 0.764882 -0.628780
v -0.020239 0.764882 -0.639295
v -0.011297 0.764882 -0.648238
v -0.000782 0.764882 -0.655264
v 0.010902 0.764882 -0.660104
v 0.023306 0.764882 -0.662571
v 0.029629 0.767078 -0.673565
v 0.044299 0.767078 -0.672120
v 0.058405 0.767078 -0.667841
v 0.071406 0.767078 -0.660892
v 0.082801 0.767078 -0.651541
v 0.092152 0.767078 -0.640146
v 0.099101 0.767078 -0.627145
v 0.103380 0.767078 -0.613039
v 0.104825 0.767078 -0.598369
v 0.103380 0.767078 -0.583699
v 0.099101 0.767078 -0.569593
v 0.092152 0.767078 -0.556593
v 0.082801 0.767078 -0.545198
v 0.071406 0.767078 -0.535846
v 0.058405 0.767078 -0.528898
v 0.044299 0.767078 -0.524619
v 0.029629 0.767078 -0.523174
v 0.014959 0.767078 -0.524619
v 0.000853 0.767078 -0.528898
v -0.012147 0.767078 -0.535846
v -0.023542 0.767078 -0.545198
v -0.032894 0.767078 -0.556593
v -0.039843 0.767078 -0.569593
v -0.044122 0.767078 -0.583699
v -0.045566 0.767078 -0.598369
v -0.044122 0.767078 -0.613039
v -0.039843 0.767078 -0.627145
v -0.032894 0.767078 -0.640146
v -0.023542 0.767078 -0.651541
v -0.012147 0.767078 -0.660892
v 0.000853 0.767078 -0.667841
v 0.014959 0.767078 -0.672120
v 0.029629 0.790144 -0.711904
v 0.050337 0.780143 -0.702475
v 0.070249 0.780143 -0.696435
v 0.088600 0.780143 -0.686626
v 0.104685 0.780143 -0.673425
v 0.117886 0.780143 -0.657341
v 0.127695 0.780143 -0.638989
v 0.133735 0.780143 -0.619077
v 0.135774 0.780143 -0.598369
v 0.133735 0.780143 -0.577661
v 0.127695 0.780143 -0.557749
v 0.117886 0.780143 -0.539398
v 0.104685 0.780143 -0.523313
v 0.088600 0.780143 -0.510113
v 0.070249 0.780143 -0.500304
v 0.050337 0.780143 -0.494264
v 0.029629 0.780143 -0.492224
v 0.008921 0.780143 -0.494264
v -0.010991 0.780143 -0.500304
v -0.029342 0.780143 -0.510113
v -0.045427 0.780143 -0.523313
v -0.058627 0.780143 -0.539398
v -0.068436 0.780143 -0.557749
v -0.074477 0.780143 -0.577661
v -0.076516 0.780143 -0.598369
v -0.074477 0.780143 -0.619077
v -0.068436 0.780143 -0.638989
v -0.058627 0.780143 -0.657341
v -0.045427 0.780143 -0.673425
v -0.029342 0.780143 -0.686626
v -0.010991 0.780143 -0.696435
v 0.008921 0.780143 -0.702475
v 0.018858 0.784440 -0.707727
v -0.002269 0.784440 -0.703525
v -0.022171 0.784440 -0.695281
v -0.040082 0.784440 -0.683313
v -0.055315 0.784440 -0.668081
v -0.067283 0.784440 -0.650170
v -0.075526 0.784440 -0.630268
v -0.079729 0.784440 -0.609140
v -0.079729 0.784440 -0.587599
v -0.075526 0.784440 -0.566471
v -0.067283 0.784440 -0.546569
v -0.055315 0.784440 -0.528658
v -0.040083 0.784440 -0.513425
v -0.022171 0.784440 -0.501458
v -0.002269 0.784440 -0.493214
v 0.018858 0.784440 -0.489011
v 0.040400 0.784440 -0.489011
v 0.061528 0.784440 -0.493214
v 0.081430 0.784440 -0.501458
v 0.099341 0.784440 -0.513425
v 0.114573 0.784440 -0.528658
v 0.126541 0.784440 -0.546569
v 0.134785 0.784440 -0.566471
v 0.138987 0.784440 -0.587599
v 0.138987 0.784440 -0.609140
v 0.134785 0.784440 -0.630268
v 0.126541 0.784440 -0.650170
v 0.114573 0.784440 -0.668081
v 0.099341 0.784440 -0.683313
v 0.081430 0.784440 -0.695281
v 0.061528 0.784440 -0.703525
v 0.040400 0.784440 -0.707727
v 0.029629 0.760831 -0.624869
v 0.034799 0.760831 -0.624360
v 0.039770 0.760831 -0.622852
v 0.044352 0.760831 -0.620403
v 0.048367 0.760831 -0.617108
v 0.051663 0.760831 -0.613092
v 0.054112 0.760831 -0.608510
v 0.055620 0.760831 -0.603539
v 0.056129 0.760831 -0.598369
v 0.055620 0.760831 -0.593199
v 0.054112 0.760831 -0.588228
v 0.051663 0.760831 -0.583647
v 0.048367 0.760831 -0.579631
v 0.044352 0.760831 -0.576335
v 0.039770 0.760831 -0.573887
v 0.034799 0.760831 -0.572379
v 0.029629 0.760831 -0.571869
v 0.024459 0.760831 -0.572379
v 0.019488 0.760831 -0.573887
v 0.014907 0.760831 -0.576335
v 0.010891 0.760831 -0.579631
v 0.007595 0.760831 -0.583647
v 0.005146 0.760831 -0.588228
v 0.003638 0.760831 -0.593199
v 0.003129 0.760831 -0.598369
v 0.003638 0.760831 -0.603539
v 0.005146 0.760831 -0.608510
v 0.007595 0.760831 -0.613092
v 0.010891 0.760831 -0.617108
v 0.014907 0.760831 -0.620403
v 0.019488 0.760831 -0.622852
v 0.024459 0.760831 -0.624360
v 0.033530 0.760575 -0.637975
v 0.041182 0.760575 -0.636452
v 0.048389 0.760575 -0.633467
v 0.054876 0.760575 -0.629133
v 0.060392 0.760575 -0.623616
v 0.064727 0.760575 -0.617129
v 0.067712 0.760575 -0.609922
v 0.069234 0.760575 -0.602270
v 0.069234 0.760575 -0.594469
v 0.067712 0.760575 -0.586817
v 0.064727 0.760575 -0.579609
v 0.060392 0.760575 -0.573123
v 0.054876 0.760575 -0.567606
v 0.048389 0.760575 -0.563272
v 0.041182 0.760575 -0.560286
v 0.033530 0.760575 -0.558764
v 0.025728 0.760575 -0.558764
v 0.018077 0.760575 -0.560286
v 0.010869 0.760575 -0.563272
v 0.004382 0.760575 -0.567606
v -0.001134 0.760575 -0.573123
v -0.005468 0.760575 -0.579609
v -0.008454 0.760575 -0.586817
v -0.009976 0.760575 -0.594469
v -0.009976 0.760575 -0.602270
v -0.008454 0.760575 -0.609922
v -0.005468 0.760575 -0.617129
v -0.001134 0.760575 -0.623616
v 0.004382 0.760575 -0.629133
v 0.010869 0.760575 -0.633467
v 0.018077 0.760575 -0.636452
v 0.025728 0.760575 -0.637975
v 0.040370 0.763281 -0.652368
v 0.035167 0.763680 -0.654598
v 0.029629 0.763281 -0.653426
v 0.034921 0.762568 -0.652095
v 0.040022 0.761559 -0.650620
v 0.029629 0.761559 -0.651643
v 0.034812 0.760559 -0.650990
v 0.050699 0.763281 -0.649235
v 0.046030 0.763680 -0.652437
v 0.045300 0.762568 -0.650030
v 0.050016 0.761559 -0.647588
v 0.044978 0.760559 -0.648968
v 0.060217 0.763281 -0.644148
v 0.056263 0.763680 -0.648198
v 0.055078 0.762568 -0.645981
v 0.059227 0.761559 -0.642665
v 0.054554 0.760559 -0.645001
v 0.068560 0.763281 -0.637300
v 0.065473 0.763680 -0.642045
v 0.063877 0.762568 -0.640101
v 0.067300 0.761559 -0.636040
v 0.063173 0.760559 -0.639243
v 0.075407 0.763281 -0.628957
v 0.073305 0.763680 -0.634213
v 0.071361 0.762568 -0.632618
v 0.073925 0.761559 -0.627967
v 0.070502 0.760559 -0.631913
v 0.080495 0.763281 -0.619439
v 0.079458 0.763680 -0.625004
v 0.077240 0.762568 -0.623818
v 0.078848 0.761559 -0.618756
v 0.076261 0.760559 -0.623295
v 0.083628 0.763281 -0.609110
v 0.083697 0.763680 -0.614771
v 0.081290 0.762568 -0.614041
v 0.081880 0.761559 -0.608763
v 0.080228 0.760559 -0.613718
v 0.084686 0.763281 -0.598369
v 0.085858 0.763680 -0.603907
v 0.083355 0.762568 -0.603661
v 0.082903 0.761559 -0.598369
v 0.082250 0.760559 -0.603552
v 0.083628 0.763281 -0.587628
v 0.085858 0.763680 -0.592831
v 0.083355 0.762568 -0.593078
v 0.081880 0.761559 -0.587976
v 0.082250 0.760559 -0.593187
v 0.080495 0.763281 -0.577300
v 0.083697 0.763680 -0.581968
v 0.081290 0.762568 -0.582698
v 0.078848 0.761559 -0.577982
v 0.080228 0.760559 -0.583020
v 0.075407 0.763281 -0.567781
v 0.079458 0.763680 -0.571735
v 0.077240 0.762568 -0.572921
v 0.073925 0.761559 -0.568772
v 0.076261 0.760559 -0.573444
v 0.068560 0.763281 -0.559438
v 0.073305 0.763680 -0.562526
v 0.071361 0.762568 -0.564121
v 0.067300 0.761559 -0.560699
v 0.070502 0.760559 -0.564826
v 0.060217 0.763281 -0.552591
v 0.065473 0.763680 -0.554694
v 0.063877 0.762568 -0.556638
v 0.059227 0.761559 -0.554074
v 0.063173 0.760559 -0.557496
v 0.050699 0.763281 -0.547503
v 0.056263 0.763680 -0.548540
v 0.055078 0.762568 -0.550758
v 0.050016 0.761559 -0.549151
v 0.054554 0.760559 -0.551737
v 0.040370 0.763281 -0.544370
v 0.046030 0.763680 -0.544302
v 0.045300 0.762568 -0.546708
v 0.040022 0.761559 -0.546119
v 0.044978 0.760559 -0.547771
v 0.029629 0.763281 -0.543312
v 0.035167 0.763680 -0.542141
v 0.034921 0.762568 -0.544644
v 0.029629 0.761559 -0.545095
v 0.034812 0.760559 -0.545749
v 0.018888 0.763281 -0.544370
v 0.024091 0.763680 -0.542141
v 0.024338 0.762568 -0.544644
v 0.019236 0.761559 -0.546119
v 0.024446 0.760559 -0.545749
v 0.008560 0.763281 -0.547503
v 0.013228 0.763680 -0.544302
v 0.013958 0.762568 -0.546708
v 0.009242 0.761559 -0.549151
v 0.014280 0.760559 -0.547771
v -0.000959 0.763281 -0.552591
v 0.002995 0.763680 -0.548540
v 0.004180 0.762568 -0.550758
v 0.000032 0.761559 -0.554074
v 0.004704 0.760559 -0.551737
v -0.009302 0.763281 -0.559438
v -0.006214 0.763680 -0.554694
v -0.004619 0.762568 -0.556638
v -0.008041 0.761559 -0.560699
v -0.003915 0.760559 -0.557496
v -0.016149 0.763281 -0.567781
v -0.014046 0.763680 -0.562526
v -0.012102 0.762568 -0.564121
v -0.014667 0.761559 -0.568772
v -0.011244 0.760559 -0.564826
v -0.021237 0.763281 -0.577300
v -0.020200 0.763680 -0.571735
v -0.017982 0.762568 -0.572921
v -0.019590 0.761559 -0.577982
v -0.017003 0.760559 -0.573444
v -0.024370 0.763281 -0.587628
v -0.024438 0.763680 -0.581968
v -0.022032 0.762568 -0.582698
v -0.022621 0.761559 -0.587976
v -0.020969 0.760559 -0.583020
v -0.025428 0.763281 -0.598369
v -0.026599 0.763680 -0.592831
v -0.024097 0.762568 -0.593078
v -0.023645 0.761559 -0.598369
v -0.022992 0.760559 -0.593187
v -0.024370 0.763281 -0.609110
v -0.026599 0.763680 -0.603907
v -0.024097 0.762568 -0.603661
v -0.022621 0.761559 -0.608763
v -0.022992 0.760559 -0.603552
v -0.021237 0.763281 -0.619439
v -0.024438 0.763680 -0.614771
v -0.022032 0.762568 -0.614041
v -0.019590 0.761559 -0.618756
v -0.020969 0.760559 -0.613718
v -0.016149 0.763281 -0.628957
v -0.020200 0.763680 -0.625004
v -0.017982 0.762568 -0.623818
v -0.014667 0.761559 -0.627967
v -0.017003 0.760559 -0.623295
v -0.009302 0.763281 -0.637300
v -0.014046 0.763680 -0.634213
v -0.012102 0.762568 -0.632618
v -0.008041 0.761559 -0.636040
v -0.011244 0.760559 -0.631913
v -0.000959 0.763281 -0.644148
v -0.006214 0.763680 -0.642045
v -0.004619 0.762568 -0.640101
v 0.000032 0.761559 -0.642665
v -0.003915 0.760559 -0.639243
v 0.008560 0.763281 -0.649235
v 0.002995 0.763680 -0.648198
v 0.004180 0.762568 -0.645981
v 0.009242 0.761559 -0.647588
v 0.004704 0.760559 -0.645001
v 0.018888 0.763281 -0.652368
v 0.013228 0.763680 -0.652437
v 0.013958 0.762568 -0.650030
v 0.019236 0.761559 -0.650620
v 0.014280 0.760559 -0.648968
v 0.024091 0.763680 -0.654598
v 0.024338 0.762568 -0.652095
v 0.024446 0.760559 -0.650990
v 0.041105 0.763960 -0.656060
v 0.052139 0.763960 -0.652713
v 0.029629 0.763960 -0.657190
v 0.018154 0.763960 -0.656060
v 0.062308 0.763960 -0.647277
v 0.071222 0.763960 -0.639962
v 0.078537 0.763960 -0.631049
v 0.083973 0.763960 -0.620879
v 0.087320 0.763960 -0.609845
v 0.088450 0.763960 -0.598369
v 0.087320 0.763960 -0.586894
v 0.083973 0.763960 -0.575860
v 0.078537 0.763960 -0.565690
v 0.071222 0.763960 -0.556777
v 0.062308 0.763960 -0.549462
v 0.052139 0.763960 -0.544026
v 0.041105 0.763960 -0.540679
v 0.029629 0.763960 -0.539548
v 0.018154 0.763960 -0.540679
v 0.007119 0.763960 -0.544026
v -0.003050 0.763960 -0.549462
v -0.011963 0.763960 -0.556777
v -0.019279 0.763960 -0.565690
v -0.024714 0.763960 -0.575860
v -0.028062 0.763960 -0.586894
v -0.029192 0.763960 -0.598369
v -0.028062 0.763960 -0.609845
v -0.024714 0.763960 -0.620879
v -0.019279 0.763960 -0.631049
v -0.011963 0.763960 -0.639962
v -0.003050 0.763960 -0.647277
v 0.007119 0.763960 -0.652713
v 0.039824 0.758990 -0.649622
v 0.034783 0.759374 -0.650698
v 0.029629 0.758990 -0.650626
v 0.034671 0.758728 -0.649555
v 0.049627 0.758990 -0.646648
v 0.044893 0.759374 -0.648687
v 0.044560 0.758728 -0.647588
v 0.058661 0.758990 -0.641819
v 0.054416 0.759374 -0.644742
v 0.053875 0.758728 -0.643730
v 0.066580 0.758990 -0.635320
v 0.062986 0.759374 -0.639015
v 0.062258 0.758728 -0.638128
v 0.073079 0.758990 -0.627402
v 0.070275 0.759374 -0.631727
v 0.069388 0.758728 -0.630999
v 0.077908 0.758990 -0.618367
v 0.076002 0.759374 -0.623156
v 0.074990 0.758728 -0.622615
v 0.080882 0.758990 -0.608564
v 0.079946 0.759374 -0.613633
v 0.078848 0.758728 -0.613300
v 0.081886 0.758990 -0.598369
v 0.081957 0.759374 -0.603523
v 0.080815 0.758728 -0.603411
v 0.080882 0.758990 -0.588175
v 0.081957 0.759374 -0.593216
v 0.080815 0.758728 -0.593328
v 0.077908 0.758990 -0.578372
v 0.079946 0.759374 -0.583106
v 0.078848 0.758728 -0.583439
v 0.073079 0.758990 -0.569337
v 0.076002 0.759374 -0.573583
v 0.074990 0.758728 -0.574124
v 0.066580 0.758990 -0.561418
v 0.070275 0.759374 -0.565012
v 0.069388 0.758728 -0.565740
v 0.058661 0.758990 -0.554920
v 0.062986 0.759374 -0.557723
v 0.062258 0.758728 -0.558611
v 0.049627 0.758990 -0.550091
v 0.054416 0.759374 -0.551997
v 0.053875 0.758728 -0.553009
v 0.039824 0.758990 -0.547117
v 0.044893 0.759374 -0.548052
v 0.044560 0.758728 -0.549150
v 0.029629 0.758990 -0.546113
v 0.034783 0.759374 -0.546041
v 0.034671 0.758728 -0.547183
v 0.019434 0.758990 -0.547117
v 0.024475 0.759374 -0.546041
v 0.024588 0.758728 -0.547183
v 0.009631 0.758990 -0.550091
v 0.014366 0.759374 -0.548052
v 0.014699 0.758728 -0.549150
v 0.000597 0.758990 -0.554920
v 0.004842 0.759374 -0.551997
v 0.005383 0.758728 -0.553009
v -0.007322 0.758990 -0.561418
v -0.003728 0.759374 -0.557723
v -0.003000 0.758728 -0.558611
v -0.013821 0.758990 -0.569337
v -0.011017 0.759374 -0.565012
v -0.010130 0.758728 -0.565740
v -0.018650 0.758990 -0.578372
v -0.016743 0.759374 -0.573583
v -0.015731 0.758728 -0.574124
v -0.021623 0.758990 -0.588175
v -0.020688 0.759374 -0.583106
v -0.019590 0.758728 -0.583439
v -0.022627 0.758990 -0.598369
v -0.022699 0.759374 -0.593215
v -0.021557 0.758728 -0.593328
v -0.021623 0.758990 -0.608564
v -0.022699 0.759374 -0.603523
v -0.021557 0.758728 -0.603411
v -0.018650 0.758990 -0.618367
v -0.020688 0.759374 -0.613633
v -0.019590 0.758728 -0.613300
v -0.013821 0.758990 -0.627402
v -0.016743 0.759374 -0.623156
v -0.015731 0.758728 -0.622615
v -0.007322 0.758990 -0.635320
v -0.011017 0.759374 -0.631727
v -0.010130 0.758728 -0.630999
v 0.000597 0.758990 -0.641819
v -0.003728 0.759374 -0.639015
v -0.003000 0.758728 -0.638128
v 0.009631 0.758990 -0.646648
v 0.004842 0.759374 -0.644742
v 0.005383 0.758728 -0.643730
v 0.019434 0.758990 -0.649622
v 0.014366 0.759374 -0.648687
v 0.014699 0.758728 -0.647588
v 0.024475 0.759374 -0.650698
v 0.024588 0.758728 -0.649555
v 0.038879 0.758894 -0.644871
v 0.034378 0.758690 -0.646585
v 0.029629 0.758894 -0.645782
v 0.034201 0.759317 -0.644787
v 0.047773 0.758894 -0.642173
v 0.043693 0.758690 -0.644732
v 0.043169 0.759317 -0.643003
v 0.055970 0.758894 -0.637792
v 0.052468 0.758690 -0.641098
v 0.051616 0.759317 -0.639504
v 0.063155 0.758894 -0.631895
v 0.060365 0.758690 -0.635821
v 0.059219 0.759317 -0.634425
v 0.069051 0.758894 -0.624710
v 0.067081 0.758690 -0.629105
v 0.065684 0.759317 -0.627959
v 0.073433 0.758894 -0.616513
v 0.072357 0.758690 -0.621208
v 0.070764 0.759317 -0.620357
v 0.076131 0.758894 -0.607619
v 0.075992 0.758690 -0.612433
v 0.074263 0.759317 -0.611909
v 0.077042 0.758894 -0.598369
v 0.077845 0.758690 -0.603118
v 0.076047 0.759317 -0.602941
v 0.076131 0.758894 -0.589120
v 0.077845 0.758690 -0.593621
v 0.076047 0.759317 -0.593798
v 0.073433 0.758894 -0.580225
v 0.075992 0.758690 -0.584305
v 0.074263 0.759317 -0.584830
v 0.069051 0.758894 -0.572028
v 0.072357 0.758690 -0.575531
v 0.070764 0.759317 -0.576382
v 0.063155 0.758894 -0.564844
v 0.067081 0.758690 -0.567634
v 0.065684 0.759317 -0.568780
v 0.055970 0.758894 -0.558947
v 0.060365 0.758690 -0.560918
v 0.059219 0.759317 -0.562314
v 0.047773 0.758894 -0.554566
v 0.052468 0.758690 -0.555641
v 0.051616 0.759317 -0.557234
v 0.038879 0.758894 -0.551868
v 0.043693 0.758690 -0.552006
v 0.043169 0.759317 -0.553735
v 0.029629 0.758894 -0.550957
v 0.034378 0.758690 -0.550154
v 0.034201 0.759317 -0.551951
v 0.020379 0.758894 -0.551868
v 0.024880 0.758690 -0.550154
v 0.025057 0.759317 -0.551951
v 0.011485 0.758894 -0.554566
v 0.015565 0.758690 -0.552006
v 0.016090 0.759317 -0.553735
v 0.003288 0.758894 -0.558947
v 0.006790 0.758690 -0.555641
v 0.007642 0.759317 -0.557234
v -0.003897 0.758894 -0.564844
v -0.001107 0.758690 -0.560918
v 0.000039 0.759317 -0.562314
v -0.009793 0.758894 -0.572028
v -0.007822 0.758690 -0.567634
v -0.006426 0.759317 -0.568780
v -0.014174 0.758894 -0.580225
v -0.013099 0.758690 -0.575531
v -0.011506 0.759317 -0.576382
v -0.016872 0.758894 -0.589120
v -0.016734 0.758690 -0.584305
v -0.015005 0.759317 -0.584830
v -0.017784 0.758894 -0.598369
v -0.018587 0.758690 -0.593621
v -0.016789 0.759317 -0.593798
v -0.016872 0.758894 -0.607619
v -0.018587 0.758690 -0.603118
v -0.016789 0.759317 -0.602941
v -0.014174 0.758894 -0.616513
v -0.016734 0.758690 -0.612433
v -0.015005 0.759317 -0.611909
v -0.009793 0.758894 -0.624710
v -0.013099 0.758690 -0.621208
v -0.011506 0.759317 -0.620357
v -0.003897 0.758894 -0.631895
v -0.007822 0.758690 -0.629105
v -0.006426 0.759317 -0.627959
v 0.003288 0.758894 -0.637792
v -0.001107 0.758690 -0.635821
v 0.000039 0.759317 -0.634425
v 0.011485 0.758894 -0.642173
v 0.006790 0.758690 -0.641098
v 0.007642 0.759317 -0.639504
v 0.020379 0.758894 -0.644871
v 0.015565 0.758690 -0.644732
v 0.016090 0.759317 -0.643004
v 0.024880 0.758690 -0.646585
v 0.025057 0.759317 -0.644787
v 0.038431 0.759977 -0.642618
v 0.029629 0.759977 -0.643485
v 0.039379 0.758632 -0.647384
v 0.048754 0.758632 -0.644540
v 0.029629 0.758632 -0.648344
v 0.046894 0.759977 -0.640051
v 0.020828 0.759977 -0.642618
v 0.019880 0.758632 -0.647384
v 0.054694 0.759977 -0.635882
v 0.057393 0.758632 -0.639922
v 0.061531 0.759977 -0.630271
v 0.064966 0.758632 -0.633707
v 0.067142 0.759977 -0.623434
v 0.071181 0.758632 -0.626134
v 0.071311 0.759977 -0.615634
v 0.075800 0.758632 -0.617494
v 0.073878 0.759977 -0.607171
v 0.078643 0.758632 -0.608119
v 0.074745 0.759977 -0.598369
v 0.079604 0.758632 -0.598369
v 0.073878 0.759977 -0.589568
v 0.078643 0.758632 -0.588620
v 0.071311 0.759977 -0.581104
v 0.075800 0.758632 -0.579245
v 0.067142 0.759977 -0.573304
v 0.071181 0.758632 -0.570605
v 0.061531 0.759977 -0.566468
v 0.064966 0.758632 -0.563032
v 0.054694 0.759977 -0.560857
v 0.057393 0.758632 -0.556817
v 0.046894 0.759977 -0.556688
v 0.048754 0.758632 -0.552199
v 0.038431 0.759977 -0.554121
v 0.039379 0.758632 -0.549355
v 0.029629 0.759977 -0.553254
v 0.029629 0.758632 -0.548395
v 0.020828 0.759977 -0.554121
v 0.019880 0.758632 -0.549355
v 0.012364 0.759977 -0.556688
v 0.010505 0.758632 -0.552199
v 0.004564 0.759977 -0.560857
v 0.001865 0.758632 -0.556817
v -0.002272 0.759977 -0.566468
v -0.005708 0.758632 -0.563032
v -0.007883 0.759977 -0.573304
v -0.011923 0.758632 -0.570605
v -0.012052 0.759977 -0.581104
v -0.016541 0.758632 -0.579245
v -0.014620 0.759977 -0.589568
v -0.019385 0.758632 -0.588620
v -0.015487 0.759977 -0.598369
v -0.020345 0.758632 -0.598369
v -0.014620 0.759977 -0.607171
v -0.019385 0.758632 -0.608119
v -0.012052 0.759977 -0.615634
v -0.016541 0.758632 -0.617494
v -0.007883 0.759977 -0.623434
v -0.011923 0.758632 -0.626134
v -0.002272 0.759977 -0.630271
v -0.005708 0.758632 -0.633707
v 0.004564 0.759977 -0.635882
v 0.001865 0.758632 -0.639922
v 0.012364 0.759977 -0.640051
v 0.010505 0.758632 -0.644540
v 0.039912 0.759855 -0.650066
v 0.029629 0.759855 -0.651078
v 0.049800 0.759855 -0.647066
v 0.019346 0.759855 -0.650066
v 0.058913 0.759855 -0.642195
v 0.066900 0.759855 -0.635640
v 0.073455 0.759855 -0.627653
v 0.078326 0.759855 -0.618540
v 0.081325 0.759855 -0.608652
v 0.082338 0.759855 -0.598369
v 0.081325 0.759855 -0.588086
v 0.078326 0.759855 -0.578198
v 0.073455 0.759855 -0.569086
v 0.066900 0.759855 -0.561098
v 0.058913 0.759855 -0.554543
v 0.049800 0.759855 -0.549673
v 0.039912 0.759855 -0.546673
v 0.029629 0.759855 -0.545660
v 0.019346 0.759855 -0.546673
v 0.009458 0.759855 -0.549673
v 0.000346 0.759855 -0.554543
v -0.007642 0.759855 -0.561098
v -0.014197 0.759855 -0.569086
v -0.019068 0.759855 -0.578198
v -0.022067 0.759855 -0.588086
v -0.023080 0.759855 -0.598369
v -0.022067 0.759855 -0.608652
v -0.019068 0.759855 -0.618540
v -0.014197 0.759855 -0.627653
v -0.007642 0.759855 -0.635640
v 0.000346 0.759855 -0.642195
v 0.009458 0.759855 -0.647066
v 0.052466 0.812643 -0.713176
v 0.041155 0.812705 -0.715388
v 0.029629 0.812643 -0.715425
v 0.041060 0.812445 -0.714426
v 0.052308 0.811836 -0.712382
v 0.029629 0.811836 -0.714616
v 0.040971 0.809544 -0.713529
v 0.074425 0.812643 -0.706515
v 0.063762 0.812705 -0.710891
v 0.063482 0.812445 -0.709966
v 0.074115 0.811836 -0.705767
v 0.063220 0.809544 -0.709103
v 0.094662 0.812643 -0.695698
v 0.085058 0.812705 -0.702070
v 0.084603 0.812445 -0.701217
v 0.094212 0.811836 -0.695024
v 0.084178 0.809544 -0.700422
v 0.112400 0.812643 -0.681140
v 0.104224 0.812705 -0.689264
v 0.103611 0.812445 -0.688516
v 0.111828 0.811836 -0.680568
v 0.103039 0.809544 -0.687819
v 0.126958 0.812643 -0.663402
v 0.120524 0.812705 -0.672964
v 0.119776 0.812445 -0.672351
v 0.126284 0.811836 -0.662952
v 0.119079 0.809544 -0.671779
v 0.137775 0.812643 -0.643165
v 0.133330 0.812705 -0.653799
v 0.132477 0.812445 -0.653343
v 0.137027 0.811836 -0.642855
v 0.131682 0.809544 -0.652918
v 0.144436 0.812643 -0.621206
v 0.142151 0.812705 -0.632502
v 0.141226 0.812445 -0.632222
v 0.143642 0.811836 -0.621048
v 0.140363 0.809544 -0.631960
v 0.146685 0.812643 -0.598369
v 0.146648 0.812705 -0.609895
v 0.145686 0.812445 -0.609800
v 0.145875 0.811836 -0.598369
v 0.144788 0.809544 -0.609712
v 0.144436 0.812643 -0.575533
v 0.146648 0.812705 -0.586844
v 0.145686 0.812445 -0.586939
v 0.143642 0.811836 -0.575691
v 0.144788 0.809544 -0.587027
v 0.137775 0.812643 -0.553574
v 0.142151 0.812705 -0.564236
v 0.141226 0.812445 -0.564517
v 0.137027 0.811836 -0.553884
v 0.140363 0.809544 -0.564779
v 0.126958 0.812643 -0.533337
v 0.133330 0.812705 -0.542940
v 0.132477 0.812445 -0.543396
v 0.126284 0.811836 -0.533786
v 0.131682 0.809544 -0.543821
v 0.112400 0.812643 -0.515598
v 0.120524 0.812705 -0.523774
v 0.119776 0.812445 -0.524388
v 0.111828 0.811836 -0.516171
v 0.119079 0.809544 -0.524960
v 0.094662 0.812643 -0.501041
v 0.104224 0.812705 -0.507475
v 0.103611 0.812445 -0.508222
v 0.094212 0.811836 -0.501714
v 0.103039 0.809544 -0.508919
v 0.074425 0.812643 -0.490224
v 0.085058 0.812705 -0.494669
v 0.084603 0.812445 -0.495521
v 0.074115 0.811836 -0.490972
v 0.084177 0.809544 -0.496317
v 0.052466 0.812643 -0.483563
v 0.063762 0.812705 -0.485848
v 0.063482 0.812445 -0.486773
v 0.052308 0.811836 -0.484357
v 0.063220 0.809544 -0.487636
v 0.029629 0.812643 -0.481313
v 0.041155 0.812705 -0.481351
v 0.041060 0.812445 -0.482313
v 0.029629 0.811836 -0.482123
v 0.040971 0.809544 -0.483210
v 0.006793 0.812643 -0.483563
v 0.018104 0.812705 -0.481351
v 0.018199 0.812445 -0.482313
v 0.006951 0.811836 -0.484357
v 0.018287 0.809544 -0.483210
v -0.015166 0.812643 -0.490224
v -0.004504 0.812705 -0.485848
v -0.004223 0.812445 -0.486773
v -0.014856 0.811836 -0.490972
v -0.003962 0.809544 -0.487636
v -0.035404 0.812643 -0.501041
v -0.025800 0.812705 -0.494669
v -0.025344 0.812445 -0.495521
v -0.034954 0.811836 -0.501714
v -0.024919 0.809544 -0.496317
v -0.053142 0.812643 -0.515598
v -0.044966 0.812705 -0.507475
v -0.044353 0.812445 -0.508222
v -0.052569 0.811836 -0.516171
v -0.043781 0.809544 -0.508919
v -0.067699 0.812643 -0.533337
v -0.061265 0.812705 -0.523774
v -0.060518 0.812445 -0.524388
v -0.067026 0.811836 -0.533786
v -0.059821 0.809544 -0.524960
v -0.078516 0.812643 -0.553574
v -0.074072 0.812705 -0.542940
v -0.073219 0.812445 -0.543396
v -0.077768 0.811836 -0.553884
v -0.072424 0.809544 -0.543821
v -0.085178 0.812643 -0.575533
v -0.082893 0.812705 -0.564236
v -0.081967 0.812445 -0.564517
v -0.084383 0.811836 -0.575691
v -0.081104 0.809544 -0.564779
v -0.087427 0.812643 -0.598369
v -0.087390 0.812705 -0.586844
v -0.086427 0.812445 -0.586939
v -0.086617 0.811836 -0.598369
v -0.085530 0.809544 -0.587027
v -0.085178 0.812643 -0.621206
v -0.087390 0.812705 -0.609895
v -0.086427 0.812445 -0.609800
v -0.084383 0.811836 -0.621048
v -0.085530 0.809544 -0.609712
v -0.078516 0.812643 -0.643165
v -0.082893 0.812705 -0.632502
v -0.081967 0.812445 -0.632222
v -0.077768 0.811836 -0.642855
v -0.081104 0.809544 -0.631960
v -0.067699 0.812643 -0.663402
v -0.074072 0.812705 -0.653799
v -0.073219 0.812445 -0.653343
v -0.067026 0.811836 -0.662952
v -0.072424 0.809544 -0.652918
v -0.053142 0.812643 -0.681140
v -0.061265 0.812705 -0.672964
v -0.060518 0.812445 -0.672351
v -0.052569 0.811836 -0.680568
v -0.059821 0.809544 -0.671779
v -0.035404 0.812643 -0.695698
v -0.044966 0.812705 -0.689264
v -0.044353 0.812445 -0.688516
v -0.034954 0.811836 -0.695024
v -0.043781 0.809544 -0.687819
v -0.015166 0.812643 -0.706515
v -0.025800 0.812705 -0.702070
v -0.025344 0.812445 -0.701217
v -0.014856 0.811836 -0.705767
v -0.024919 0.809544 -0.700422
v 0.006793 0.812643 -0.713176
v -0.004504 0.812705 -0.710891
v -0.004223 0.812445 -0.709966
v 0.006951 0.811836 -0.712382
v -0.003962 0.809544 -0.709103
v 0.018104 0.812705 -0.715388
v 0.018199 0.812445 -0.714426
v 0.018287 0.809544 -0.713529
v 0.052987 0.811227 -0.715796
v 0.041339 0.808785 -0.717262
v 0.029629 0.811227 -0.718097
v 0.041350 0.811940 -0.717368
v 0.052889 0.812272 -0.715305
v 0.029629 0.812272 -0.717596
v 0.041268 0.812507 -0.716543
v 0.075447 0.811227 -0.708983
v 0.064309 0.808785 -0.712693
v 0.064340 0.811940 -0.712795
v 0.075255 0.812272 -0.708520
v 0.064099 0.812507 -0.712002
v 0.096146 0.811227 -0.697919
v 0.085946 0.808785 -0.703731
v 0.085996 0.811940 -0.703825
v 0.095868 0.812272 -0.697502
v 0.085606 0.812507 -0.703094
v 0.114289 0.811227 -0.683030
v 0.105419 0.808785 -0.690719
v 0.105487 0.811940 -0.690802
v 0.113935 0.812272 -0.682675
v 0.104961 0.812507 -0.690161
v 0.129179 0.811227 -0.664886
v 0.121979 0.808785 -0.674159
v 0.122062 0.811940 -0.674227
v 0.128762 0.812272 -0.664608
v 0.121421 0.812507 -0.673701
v 0.140243 0.811227 -0.644187
v 0.134990 0.808785 -0.654686
v 0.135085 0.811940 -0.654737
v 0.139780 0.812272 -0.643995
v 0.134354 0.812507 -0.654346
v 0.147056 0.811227 -0.621727
v 0.143953 0.808785 -0.633049
v 0.144055 0.811940 -0.633080
v 0.146564 0.812272 -0.621629
v 0.143262 0.812507 -0.632839
v 0.149357 0.811227 -0.598369
v 0.148522 0.808785 -0.610079
v 0.148628 0.811940 -0.610090
v 0.148855 0.812272 -0.598369
v 0.147803 0.812507 -0.610008
v 0.147056 0.811227 -0.575012
v 0.148522 0.808785 -0.586659
v 0.148628 0.811940 -0.586649
v 0.146564 0.812272 -0.575109
v 0.147803 0.812507 -0.586730
v 0.140243 0.811227 -0.552552
v 0.143953 0.808785 -0.563690
v 0.144055 0.811940 -0.563659
v 0.139780 0.812272 -0.552743
v 0.143262 0.812507 -0.563899
v 0.129179 0.811227 -0.531852
v 0.134990 0.808785 -0.542053
v 0.135085 0.811940 -0.542002
v 0.128762 0.812272 -0.532131
v 0.134354 0.812507 -0.542393
v 0.114289 0.811227 -0.513709
v 0.121979 0.808785 -0.522580
v 0.122062 0.811940 -0.522512
v 0.113935 0.812272 -0.514064
v 0.121421 0.812507 -0.523038
v 0.096146 0.811227 -0.498819
v 0.105419 0.808785 -0.506019
v 0.105487 0.811940 -0.505937
v 0.095868 0.812272 -0.499236
v 0.104961 0.812507 -0.506578
v 0.075447 0.811227 -0.487755
v 0.085946 0.808785 -0.493008
v 0.085996 0.811940 -0.492914
v 0.075255 0.812272 -0.488219
v 0.085606 0.812507 -0.493645
v 0.052987 0.811227 -0.480942
v 0.064309 0.808785 -0.484046
v 0.064340 0.811940 -0.483943
v 0.052889 0.812272 -0.481434
v 0.064099 0.812507 -0.484737
v 0.029629 0.811227 -0.478642
v 0.041339 0.808785 -0.479477
v 0.041350 0.811940 -0.479370
v 0.029629 0.812272 -0.479143
v 0.041268 0.812507 -0.480195
v 0.006271 0.811227 -0.480942
v 0.017919 0.808785 -0.479477
v 0.017909 0.811940 -0.479370
v 0.006369 0.812272 -0.481434
v 0.017990 0.812507 -0.480195
v -0.016189 0.811227 -0.487755
v -0.005051 0.808785 -0.484046
v -0.005082 0.811940 -0.483943
v -0.015997 0.812272 -0.488219
v -0.004841 0.812507 -0.484737
v -0.036888 0.811227 -0.498820
v -0.026688 0.808785 -0.493008
v -0.026738 0.811940 -0.492914
v -0.036609 0.812272 -0.499236
v -0.026347 0.812507 -0.493645
v -0.055031 0.811227 -0.513709
v -0.046161 0.808785 -0.506019
v -0.046228 0.811940 -0.505937
v -0.054676 0.812272 -0.514064
v -0.045702 0.812507 -0.506578
v -0.069921 0.811227 -0.531852
v -0.062721 0.808785 -0.522580
v -0.062803 0.811940 -0.522512
v -0.069504 0.812272 -0.532131
v -0.062163 0.812507 -0.523038
v -0.080985 0.811227 -0.552552
v -0.075732 0.808785 -0.542053
v -0.075826 0.811940 -0.542002
v -0.080521 0.812272 -0.552743
v -0.075095 0.812507 -0.542393
v -0.087798 0.811227 -0.575012
v -0.084695 0.808785 -0.563690
v -0.084797 0.811940 -0.563659
v -0.087306 0.812272 -0.575109
v -0.084003 0.812507 -0.563899
v -0.090098 0.811227 -0.598369
v -0.089264 0.808785 -0.586659
v -0.089370 0.811940 -0.586649
v -0.089597 0.812272 -0.598369
v -0.088545 0.812507 -0.586730
v -0.087798 0.811227 -0.621727
v -0.089264 0.808785 -0.610079
v -0.089370 0.811940 -0.610090
v -0.087306 0.812272 -0.621629
v -0.088545 0.812507 -0.610008
v -0.080985 0.811227 -0.644187
v -0.084695 0.808785 -0.633049
v -0.084797 0.811940 -0.633080
v -0.080521 0.812272 -0.643995
v -0.084003 0.812507 -0.632839
v -0.069921 0.811227 -0.664886
v -0.075732 0.808785 -0.654686
v -0.075826 0.811940 -0.654737
v -0.069504 0.812272 -0.664608
v -0.075095 0.812507 -0.654346
v -0.055031 0.811227 -0.683030
v -0.062721 0.808785 -0.674159
v -0.062803 0.811940 -0.674227
v -0.054676 0.812272 -0.682675
v -0.062163 0.812507 -0.673701
v -0.036888 0.811227 -0.697919
v -0.046161 0.808785 -0.690719
v -0.046228 0.811940 -0.690802
v -0.036609 0.812272 -0.697502
v -0.045702 0.812507 -0.690161
v -0.016189 0.811227 -0.708983
v -0.026688 0.808785 -0.703731
v -0.026738 0.811940 -0.703825
v -0.015997 0.812272 -0.708520
v -0.026347 0.812507 -0.703094
v 0.006271 0.811227 -0.715796
v -0.005051 0.808785 -0.712693
v -0.005082 0.811940 -0.712795
v 0.006369 0.812272 -0.715305
v -0.004841 0.812507 -0.712002
v 0.017919 0.808785 -0.717262
v 0.017909 0.811940 -0.717368
v 0.017990 0.812507 -0.716543
v 0.029629 0.812655 -0.716543
v 0.052684 0.812655 -0.714273
v 0.029629 0.804603 -0.713113
v 0.052015 0.804603 -0.710908
v 0.074852 0.812655 -0.707548
v 0.073540 0.804603 -0.704379
v 0.006575 0.812655 -0.714273
v 0.007244 0.804603 -0.710908
v 0.095283 0.812655 -0.696627
v 0.093377 0.804603 -0.693775
v 0.113191 0.812655 -0.681931
v 0.110765 0.804603 -0.679505
v 0.127887 0.812655 -0.664023
v 0.125035 0.804603 -0.662118
v 0.138808 0.812655 -0.643593
v 0.135639 0.804603 -0.642280
v 0.145532 0.812655 -0.621424
v 0.142168 0.804603 -0.620755
v 0.147803 0.812655 -0.598369
v 0.144373 0.804603 -0.598369
v 0.145532 0.812655 -0.575315
v 0.142168 0.804603 -0.575984
v 0.138808 0.812655 -0.553146
v 0.135639 0.804603 -0.554459
v 0.127887 0.812655 -0.532715
v 0.125035 0.804603 -0.534621
v 0.113191 0.812655 -0.514808
v 0.110765 0.804603 -0.517233
v 0.095283 0.812655 -0.500111
v 0.093377 0.804603 -0.502963
v 0.074852 0.812655 -0.489191
v 0.073540 0.804603 -0.492360
v 0.052684 0.812655 -0.482466
v 0.052015 0.804603 -0.485830
v 0.029629 0.812655 -0.480195
v 0.029629 0.804603 -0.483626
v 0.006575 0.812655 -0.482466
v 0.007244 0.804603 -0.485830
v -0.015594 0.812655 -0.489191
v -0.014281 0.804603 -0.492360
v -0.036025 0.812655 -0.500111
v -0.034119 0.804603 -0.502963
v -0.053932 0.812655 -0.514808
v -0.051507 0.804603 -0.517233
v -0.068629 0.812655 -0.532715
v -0.065777 0.804603 -0.534621
v -0.079549 0.812655 -0.553146
v -0.076380 0.804603 -0.554459
v -0.086274 0.812655 -0.575315
v -0.082910 0.804603 -0.575984
v -0.088545 0.812655 -0.598369
v -0.085115 0.804603 -0.598369
v -0.086274 0.812655 -0.621424
v -0.082910 0.804603 -0.620755
v -0.079549 0.812655 -0.643593
v -0.076380 0.804603 -0.642280
v -0.068629 0.812655 -0.664023
v -0.065777 0.804603 -0.662118
v -0.053932 0.812655 -0.681931
v -0.051507 0.804603 -0.679505
v -0.036025 0.812655 -0.696627
v -0.034119 0.804603 -0.693775
v -0.015594 0.812655 -0.707548
v -0.014281 0.804603 -0.704379
v 0.029629 0.803569 -0.716902
v 0.052754 0.803569 -0.714625
v 0.074990 0.803569 -0.707880
v 0.006505 0.803569 -0.714625
v 0.095483 0.803569 -0.696926
v 0.113445 0.803569 -0.682185
v 0.128186 0.803569 -0.664223
v 0.139139 0.803569 -0.643730
v 0.145885 0.803569 -0.621494
v 0.148162 0.803569 -0.598369
v 0.145885 0.803569 -0.575245
v 0.139139 0.803569 -0.553009
v 0.128186 0.803569 -0.532516
v 0.113445 0.803569 -0.514554
v 0.095483 0.803569 -0.499813
v 0.074990 0.803569 -0.488859
v 0.052754 0.803569 -0.482114
v 0.029629 0.803569 -0.479836
v 0.006505 0.803569 -0.482114
v -0.015731 0.803569 -0.488859
v -0.036224 0.803569 -0.499813
v -0.054186 0.803569 -0.514554
v -0.068927 0.803569 -0.532516
v -0.079881 0.803569 -0.553009
v -0.086626 0.803569 -0.575245
v -0.088904 0.803569 -0.598369
v -0.086626 0.803569 -0.621494
v -0.079881 0.803569 -0.643730
v -0.068927 0.803569 -0.664223
v -0.054186 0.803569 -0.682185
v -0.036224 0.803569 -0.696926
v -0.015731 0.803569 -0.707880
v 0.029629 0.780143 -0.704515
v 0.048314 0.773362 -0.692303
v 0.066280 0.773362 -0.686853
v 0.082838 0.773362 -0.678002
v 0.097351 0.773362 -0.666092
v 0.109262 0.773362 -0.651578
v 0.118113 0.773362 -0.635020
v 0.123563 0.773362 -0.617054
v 0.125403 0.773362 -0.598369
v 0.123563 0.773362 -0.579685
v 0.118113 0.773362 -0.561718
v 0.109262 0.773362 -0.545160
v 0.097351 0.773362 -0.530647
v 0.082838 0.773362 -0.518736
v 0.066280 0.773362 -0.509886
v 0.048314 0.773362 -0.504436
v 0.029629 0.773362 -0.502596
v 0.010945 0.773362 -0.504436
v -0.007022 0.773362 -0.509886
v -0.023580 0.773362 -0.518736
v -0.038093 0.773362 -0.530647
v -0.050004 0.773362 -0.545160
v -0.058854 0.773362 -0.561718
v -0.064304 0.773362 -0.579685
v -0.066145 0.773362 -0.598369
v -0.064304 0.773362 -0.617054
v -0.058854 0.773362 -0.635020
v -0.050004 0.773362 -0.651578
v -0.038093 0.773362 -0.666092
v -0.023580 0.773362 -0.678002
v -0.007022 0.773362 -0.686853
v 0.010945 0.773362 -0.692303
v 0.039602 0.776678 -0.699623
v 0.059164 0.776678 -0.695732
v 0.077591 0.776678 -0.688099
v 0.094174 0.776678 -0.677018
v 0.108278 0.776678 -0.662915
v 0.119359 0.776678 -0.646331
v 0.126991 0.776678 -0.627904
v 0.130882 0.776678 -0.608342
v 0.130882 0.776678 -0.588397
v 0.126991 0.776678 -0.568835
v 0.119359 0.776678 -0.550408
v 0.108278 0.776678 -0.533824
v 0.094174 0.776678 -0.519721
v 0.077591 0.776678 -0.508640
v 0.059164 0.776678 -0.501007
v 0.039602 0.776678 -0.497116
v 0.019657 0.776678 -0.497116
v 0.000095 0.776678 -0.501007
v -0.018332 0.776678 -0.508640
v -0.034916 0.776678 -0.519721
v -0.049019 0.776678 -0.533824
v -0.060100 0.776678 -0.550408
v -0.067733 0.776678 -0.568835
v -0.071624 0.776678 -0.588397
v -0.071624 0.776678 -0.608342
v -0.067733 0.776678 -0.627904
v -0.060100 0.776678 -0.646331
v -0.049019 0.776678 -0.662915
v -0.034916 0.776678 -0.677018
v -0.018332 0.776678 -0.688099
v 0.000095 0.776678 -0.695732
v 0.019657 0.776678 -0.699623
v 0.078026 0.778759 -0.757911
v 0.013288 0.778759 -0.764287
v 0.135396 0.778759 -0.727246
v 0.158506 0.778759 -0.704136
v 0.176664 0.778759 -0.676961
v 0.189171 0.778759 -0.646766
v 0.195547 0.778759 -0.614711
v 0.195547 0.778759 -0.582028
v 0.189171 0.778759 -0.549973
v 0.176664 0.778759 -0.519778
v 0.158506 0.778759 -0.492603
v 0.135396 0.778759 -0.469492
v 0.108221 0.778759 -0.451335
v 0.078026 0.778759 -0.438827
v 0.045971 0.778759 -0.432451
v 0.013288 0.778759 -0.432451
v -0.018767 0.778759 -0.438827
v -0.048963 0.778759 -0.451335
v -0.076137 0.778759 -0.469492
v -0.099248 0.778759 -0.492603
v -0.117406 0.778759 -0.519778
v -0.129913 0.778759 -0.549973
v -0.136289 0.778759 -0.582028
v -0.136289 0.778759 -0.614711
v -0.129913 0.778759 -0.646766
v -0.117406 0.778759 -0.676961
v -0.099248 0.778759 -0.704136
v -0.076137 0.778759 -0.727246
v -0.048963 0.778759 -0.745404
v -0.018767 0.778759 -0.757911
v 0.045147 0.770613 -0.755929
v 0.108221 0.778759 -0.745404
v 0.042854 0.766415 -0.732646
v 0.068796 0.766415 -0.727485
v 0.093233 0.766415 -0.717363
v 0.115225 0.766415 -0.702669
v 0.133928 0.766415 -0.683966
v 0.148623 0.766415 -0.661973
v 0.158745 0.766415 -0.637536
v 0.163905 0.766415 -0.611594
v 0.163905 0.766415 -0.585144
v 0.158745 0.766415 -0.559202
v 0.148623 0.766415 -0.534766
v 0.133928 0.766415 -0.512773
v 0.115225 0.766415 -0.494070
v 0.093233 0.766415 -0.479375
v 0.068796 0.766415 -0.469253
v 0.042854 0.766415 -0.464093
v 0.016404 0.766415 -0.464093
v -0.009538 0.766415 -0.469253
v -0.033975 0.766415 -0.479375
v -0.055967 0.766415 -0.494070
v -0.074670 0.766415 -0.512773
v -0.089365 0.766415 -0.534766
v -0.099487 0.766415 -0.559202
v -0.104647 0.766415 -0.585144
v -0.104647 0.766415 -0.611594
v -0.099487 0.766415 -0.637536
v -0.089365 0.766415 -0.661973
v -0.074670 0.766415 -0.683966
v -0.055967 0.766415 -0.702669
v -0.033975 0.766415 -0.717363
v -0.009538 0.766415 -0.727485
v 0.016404 0.766415 -0.732646
v 0.039331 0.760634 -0.696875
v 0.058362 0.760634 -0.693090
v 0.076289 0.760634 -0.685664
v 0.092423 0.760634 -0.674884
v 0.106144 0.760634 -0.661163
v 0.116924 0.760634 -0.645029
v 0.124350 0.760634 -0.627102
v 0.128135 0.760634 -0.608071
v 0.128135 0.760634 -0.588667
v 0.124350 0.760634 -0.569636
v 0.116924 0.760634 -0.551709
v 0.106144 0.760634 -0.535575
v 0.092423 0.760634 -0.521855
v 0.076289 0.760634 -0.511074
v 0.058362 0.760634 -0.503649
v 0.039331 0.760634 -0.499863
v 0.019927 0.760634 -0.499863
v 0.000896 0.760634 -0.503649
v -0.017031 0.760634 -0.511074
v -0.033165 0.760634 -0.521855
v -0.046885 0.760634 -0.535575
v -0.057666 0.760634 -0.551709
v -0.065091 0.760634 -0.569636
v -0.068877 0.760634 -0.588667
v -0.068877 0.760634 -0.608071
v -0.065091 0.760634 -0.627102
v -0.057666 0.760634 -0.645029
v -0.046885 0.760634 -0.661163
v -0.033165 0.760634 -0.674884
v -0.017031 0.760634 -0.685664
v 0.000896 0.760634 -0.693090
v 0.019927 0.760634 -0.696875
v 0.036293 0.758894 -0.666031
v 0.049365 0.758894 -0.663431
v 0.061679 0.758894 -0.658331
v 0.072761 0.758894 -0.650926
v 0.082186 0.758894 -0.641501
v 0.089591 0.758894 -0.630419
v 0.094691 0.758894 -0.618106
v 0.097291 0.758894 -0.605033
v 0.097291 0.758894 -0.591705
v 0.094691 0.758894 -0.578633
v 0.089591 0.758894 -0.566319
v 0.082186 0.758894 -0.555237
v 0.072761 0.758894 -0.545813
v 0.061679 0.758894 -0.538408
v 0.049365 0.758894 -0.533307
v 0.036293 0.758894 -0.530707
v 0.022965 0.758894 -0.530707
v 0.009893 0.758894 -0.533307
v -0.002421 0.758894 -0.538408
v -0.013503 0.758894 -0.545813
v -0.022927 0.758894 -0.555237
v -0.030332 0.758894 -0.566319
v -0.035433 0.758894 -0.578633
v -0.038033 0.758894 -0.591705
v -0.038033 0.758894 -0.605033
v -0.035433 0.758894 -0.618106
v -0.030332 0.758894 -0.630419
v -0.022927 0.758894 -0.641501
v -0.013503 0.758894 -0.650926
v -0.002421 0.758894 -0.658331
v 0.009893 0.758894 -0.663431
v 0.022965 0.758894 -0.666031
v 0.033643 0.758826 -0.639123
v 0.041517 0.758826 -0.637557
v 0.048933 0.758826 -0.634485
v 0.055608 0.758826 -0.630025
v 0.061284 0.758826 -0.624348
v 0.065744 0.758826 -0.617673
v 0.068817 0.758826 -0.610257
v 0.070383 0.758826 -0.602383
v 0.070383 0.758826 -0.594356
v 0.068817 0.758826 -0.586482
v 0.065744 0.758826 -0.579065
v 0.061284 0.758826 -0.572390
v 0.055608 0.758826 -0.566714
v 0.048933 0.758826 -0.562254
v 0.041517 0.758826 -0.559182
v 0.033643 0.758826 -0.557616
v 0.025615 0.758826 -0.557616
v 0.017742 0.758826 -0.559182
v 0.010325 0.758826 -0.562254
v 0.003650 0.758826 -0.566714
v -0.002026 0.758826 -0.572390
v -0.006486 0.758826 -0.579065
v -0.009558 0.758826 -0.586482
v -0.011124 0.758826 -0.594356
v -0.011124 0.758826 -0.602383
v -0.009558 0.758826 -0.610257
v -0.006486 0.758826 -0.617673
v -0.002026 0.758826 -0.624348
v 0.003650 0.758826 -0.630025
v 0.010325 0.758826 -0.634485
v 0.017742 0.758826 -0.637557
v 0.025615 0.758826 -0.639123
v 0.075588 0.770613 -0.749874
v 0.014111 0.770613 -0.755929
v 0.130067 0.770613 -0.720754
v 0.152013 0.770613 -0.698808
v 0.169256 0.770613 -0.673002
v 0.181134 0.770613 -0.644328
v 0.187188 0.770613 -0.613888
v 0.187188 0.770613 -0.582851
v 0.181134 0.770613 -0.552411
v 0.169256 0.770613 -0.523737
v 0.152013 0.770613 -0.497931
v 0.130067 0.770613 -0.475985
v 0.104261 0.770613 -0.458742
v 0.075588 0.770613 -0.446865
v 0.045147 0.770613 -0.440810
v 0.014111 0.770613 -0.440810
v -0.016329 0.770613 -0.446865
v -0.045003 0.770613 -0.458742
v -0.070809 0.770613 -0.475985
v -0.092755 0.770613 -0.497931
v -0.109998 0.770613 -0.523737
v -0.121875 0.770613 -0.552411
v -0.127930 0.770613 -0.582851
v -0.127930 0.770613 -0.613888
v -0.121875 0.770613 -0.644328
v -0.109998 0.770613 -0.673002
v -0.092755 0.770613 -0.698808
v -0.070809 0.770613 -0.720754
v -0.045003 0.770613 -0.737997
v -0.016329 0.770613 -0.749874
v 0.104262 0.770613 -0.737997
v 0.043037 0.761717 -0.734506
v 0.069339 0.761717 -0.729275
v 0.094114 0.761717 -0.719012
v 0.116411 0.761717 -0.704114
v 0.135374 0.761717 -0.685152
v 0.150272 0.761717 -0.662854
v 0.160535 0.761717 -0.638079
v 0.165766 0.761717 -0.611778
v 0.165766 0.761717 -0.584961
v 0.160535 0.761717 -0.558660
v 0.150272 0.761717 -0.533884
v 0.135374 0.761717 -0.511587
v 0.116411 0.761717 -0.492625
v 0.094114 0.761717 -0.477726
v 0.069339 0.761717 -0.467464
v 0.043037 0.761717 -0.462232
v 0.016221 0.761717 -0.462232
v -0.010081 0.761717 -0.467464
v -0.034856 0.761717 -0.477726
v -0.057153 0.761717 -0.492625
v -0.076115 0.761717 -0.511587
v -0.091014 0.761717 -0.533884
v -0.101276 0.761717 -0.558660
v -0.106508 0.761717 -0.584961
v -0.106508 0.761717 -0.611778
v -0.101276 0.761717 -0.638079
v -0.091014 0.761717 -0.662854
v -0.076115 0.761717 -0.685152
v -0.057153 0.761717 -0.704114
v -0.034856 0.761717 -0.719012
v -0.010081 0.761717 -0.729275
v 0.016221 0.761717 -0.734506
v 0.040208 0.755890 -0.705776
v 0.060958 0.755890 -0.701648
v 0.080505 0.755890 -0.693552
v 0.098097 0.755890 -0.681797
v 0.113057 0.755890 -0.666837
v 0.124812 0.755890 -0.649245
v 0.132908 0.755890 -0.629699
v 0.137036 0.755890 -0.608948
v 0.137036 0.755890 -0.587791
v 0.132908 0.755890 -0.567040
v 0.124812 0.755890 -0.547493
v 0.113057 0.755890 -0.529902
v 0.098097 0.755890 -0.514941
v 0.080505 0.755890 -0.503187
v 0.060958 0.755890 -0.495090
v 0.040208 0.755890 -0.490963
v 0.019051 0.755890 -0.490963
v -0.001700 0.755890 -0.495090
v -0.021247 0.755890 -0.503187
v -0.038838 0.755890 -0.514941
v -0.053799 0.755890 -0.529902
v -0.065553 0.755890 -0.547493
v -0.073650 0.755890 -0.567040
v -0.077777 0.755890 -0.587791
v -0.077777 0.755890 -0.608948
v -0.073650 0.755890 -0.629699
v -0.065553 0.755890 -0.649245
v -0.053799 0.755890 -0.666837
v -0.038838 0.755890 -0.681797
v -0.021247 0.755890 -0.693552
v -0.001700 0.755890 -0.701648
v 0.019051 0.755890 -0.705776
v 0.036534 0.749550 -0.668475
v 0.062836 0.749550 -0.660496
v 0.084084 0.749550 -0.643059
v 0.091756 0.749550 -0.631577
v 0.097040 0.749550 -0.618818
v 0.099734 0.749550 -0.605274
v 0.099734 0.749550 -0.591465
v 0.097040 0.749550 -0.577920
v 0.091756 0.749550 -0.565162
v 0.084084 0.749550 -0.553680
v 0.074319 0.749550 -0.543915
v 0.062836 0.749550 -0.536243
v 0.050078 0.749550 -0.530958
v 0.036534 0.749550 -0.528264
v 0.022724 0.749550 -0.528264
v 0.009180 0.749550 -0.530958
v -0.003578 0.749550 -0.536243
v -0.015060 0.749550 -0.543915
v -0.024825 0.749550 -0.553680
v -0.032497 0.749550 -0.565162
v -0.037782 0.749550 -0.577920
v -0.040476 0.749550 -0.591465
v -0.040476 0.749550 -0.605274
v -0.037782 0.749550 -0.618818
v -0.032497 0.749550 -0.631577
v -0.024825 0.749550 -0.643059
v -0.015060 0.749550 -0.652824
v -0.003578 0.749550 -0.660496
v 0.009180 0.749550 -0.665781
v 0.074319 0.749550 -0.652824
v -0.024414 0.754267 -0.532518
v 0.104759 0.754267 -0.638527
v -0.010528 0.754267 -0.523240
v 0.021279 0.754267 -0.683148
v 0.095481 0.754267 -0.652412
v 0.004900 0.754267 -0.516849
v 0.004900 0.754267 -0.679890
v 0.083672 0.754267 -0.664221
v 0.021279 0.754267 -0.513591
v -0.010528 0.754267 -0.673499
v 0.069787 0.754267 -0.673499
v 0.037979 0.754267 -0.513591
v -0.024414 0.754267 -0.664221
v 0.054358 0.754267 -0.679890
v 0.054358 0.754267 -0.516849
v -0.036222 0.754267 -0.652412
v 0.037979 0.754267 -0.683148
v 0.069787 0.754267 -0.523240
v -0.045500 0.754267 -0.638527
v 0.083672 0.754267 -0.532518
v -0.051891 0.754267 -0.623098
v 0.095481 0.754267 -0.544326
v -0.055149 0.754267 -0.606719
v 0.104759 0.754267 -0.558212
v -0.055149 0.754267 -0.590019
v 0.111150 0.754267 -0.573640
v -0.051891 0.754267 -0.573640
v 0.114408 0.754267 -0.590019
v -0.045500 0.754267 -0.558212
v 0.114408 0.754267 -0.606719
v -0.036222 0.754267 -0.544326
v 0.111150 0.754267 -0.623098
v 0.044916 0.774959 -0.753582
v 0.074903 0.774959 -0.747617
v 0.103150 0.774959 -0.735917
v 0.128571 0.774959 -0.718931
v 0.150190 0.774959 -0.697311
v 0.167176 0.774959 -0.671890
v 0.178877 0.774959 -0.643643
v 0.184841 0.774959 -0.613656
v 0.184841 0.774959 -0.583082
v 0.178877 0.774959 -0.553096
v 0.167176 0.774959 -0.524849
v 0.150190 0.774959 -0.499427
v 0.128571 0.774959 -0.477808
v 0.103150 0.774959 -0.460822
v 0.074903 0.774959 -0.449122
v 0.044916 0.774959 -0.443157
v 0.014342 0.774959 -0.443157
v -0.015645 0.774959 -0.449122
v -0.043891 0.774959 -0.460822
v -0.069313 0.774959 -0.477808
v -0.090932 0.774959 -0.499427
v -0.107918 0.774959 -0.524849
v -0.119618 0.774959 -0.553096
v -0.125583 0.774959 -0.583082
v -0.125583 0.774959 -0.613656
v -0.119618 0.774959 -0.643643
v -0.107918 0.774959 -0.671890
v -0.090932 0.774959 -0.697311
v -0.069313 0.774959 -0.718931
v -0.043891 0.774959 -0.735917
v -0.015645 0.774959 -0.747617
v 0.014342 0.774959 -0.753582
v 0.045884 0.779579 -0.763409
v 0.045722 0.779696 -0.761762
v 0.077769 0.779579 -0.757067
v 0.077289 0.779696 -0.755483
v 0.107805 0.779579 -0.744626
v 0.107024 0.779696 -0.743166
v 0.134836 0.779579 -0.726564
v 0.133786 0.779696 -0.725284
v 0.157824 0.779579 -0.703576
v 0.156544 0.779696 -0.702526
v 0.175885 0.779579 -0.676545
v 0.174426 0.779696 -0.675765
v 0.188327 0.779579 -0.646510
v 0.186742 0.779696 -0.646029
v 0.194669 0.779579 -0.614624
v 0.193021 0.779696 -0.614462
v 0.194669 0.779579 -0.582114
v 0.193021 0.779696 -0.582277
v 0.188327 0.779579 -0.550229
v 0.186742 0.779696 -0.550710
v 0.175885 0.779579 -0.520194
v 0.174426 0.779696 -0.520974
v 0.157824 0.779579 -0.493163
v 0.156544 0.779696 -0.494213
v 0.134836 0.779579 -0.470175
v 0.133786 0.779696 -0.471454
v 0.107805 0.779579 -0.452113
v 0.107024 0.779696 -0.453573
v 0.077769 0.779579 -0.439672
v 0.077289 0.779696 -0.441256
v 0.045884 0.779579 -0.433330
v 0.045722 0.779696 -0.434977
v 0.013374 0.779579 -0.433330
v 0.013536 0.779696 -0.434977
v -0.018511 0.779579 -0.439672
v -0.018031 0.779696 -0.441256
v -0.048546 0.779579 -0.452113
v -0.047766 0.779696 -0.453573
v -0.075578 0.779579 -0.470175
v -0.074527 0.779696 -0.471454
v -0.098566 0.779579 -0.493163
v -0.097286 0.779696 -0.494213
v -0.116627 0.779579 -0.520194
v -0.115167 0.779696 -0.520974
v -0.129068 0.779579 -0.550229
v -0.127484 0.779696 -0.550710
v -0.135411 0.779579 -0.582114
v -0.133763 0.779696 -0.582277
v -0.135411 0.779579 -0.614624
v -0.133763 0.779696 -0.614462
v -0.129068 0.779579 -0.646510
v -0.127484 0.779696 -0.646029
v -0.116627 0.779579 -0.676545
v -0.115167 0.779696 -0.675765
v -0.098566 0.779579 -0.703576
v -0.097286 0.779696 -0.702526
v -0.075578 0.779579 -0.726564
v -0.074527 0.779696 -0.725284
v -0.048546 0.779579 -0.744626
v -0.047766 0.779696 -0.743166
v -0.018511 0.779579 -0.757067
v -0.018031 0.779696 -0.755483
v 0.013374 0.779579 -0.763409
v 0.013536 0.779696 -0.761762
v 0.045949 0.776043 -0.764063
v 0.046007 0.777611 -0.764658
v 0.077960 0.776043 -0.757696
v 0.078134 0.777611 -0.758267
v 0.108115 0.776043 -0.745206
v 0.108396 0.777611 -0.745732
v 0.135253 0.776043 -0.727072
v 0.135632 0.777611 -0.727534
v 0.158332 0.776043 -0.703993
v 0.158794 0.777611 -0.704372
v 0.176465 0.776043 -0.676855
v 0.176992 0.777611 -0.677136
v 0.188956 0.776043 -0.646701
v 0.189527 0.777611 -0.646874
v 0.195323 0.776043 -0.614689
v 0.195918 0.777611 -0.614747
v 0.195323 0.776043 -0.582050
v 0.195918 0.777611 -0.581991
v 0.188956 0.776043 -0.550038
v 0.189527 0.777611 -0.549865
v 0.176465 0.776043 -0.519884
v 0.176992 0.777611 -0.519602
v 0.158332 0.776043 -0.492746
v 0.158794 0.777611 -0.492367
v 0.135253 0.776043 -0.469666
v 0.135632 0.777611 -0.469205
v 0.108115 0.776043 -0.451533
v 0.108396 0.777611 -0.451006
v 0.077960 0.776043 -0.439043
v 0.078134 0.777611 -0.438471
v 0.045949 0.776043 -0.432675
v 0.046007 0.777611 -0.432081
v 0.013310 0.776043 -0.432675
v 0.013251 0.777611 -0.432081
v -0.018702 0.776043 -0.439043
v -0.018875 0.777611 -0.438471
v -0.048856 0.776043 -0.451533
v -0.049138 0.777611 -0.451006
v -0.075995 0.776043 -0.469666
v -0.076374 0.777611 -0.469205
v -0.099074 0.776043 -0.492746
v -0.099535 0.777611 -0.492367
v -0.117207 0.776043 -0.519884
v -0.117734 0.777611 -0.519602
v -0.129697 0.776043 -0.550038
v -0.130269 0.777611 -0.549865
v -0.136065 0.776043 -0.582050
v -0.136659 0.777611 -0.581991
v -0.136065 0.776043 -0.614689
v -0.136659 0.777611 -0.614747
v -0.129697 0.776043 -0.646701
v -0.130269 0.777611 -0.646874
v -0.117207 0.776043 -0.676855
v -0.117734 0.777611 -0.677136
v -0.099074 0.776043 -0.703993
v -0.099535 0.777611 -0.704372
v -0.075995 0.776043 -0.727072
v -0.076374 0.777611 -0.727534
v -0.048856 0.776043 -0.745206
v -0.049138 0.777611 -0.745732
v -0.018702 0.776043 -0.757696
v -0.018875 0.777611 -0.758267
v 0.013310 0.776043 -0.764063
v 0.013251 0.777611 -0.764658
v 0.045971 0.778759 -0.764287
v -0.040895 0.751037 -0.619763
v 0.086598 0.751037 -0.551616
v -0.043714 0.751037 -0.605593
v 0.094625 0.751037 -0.563628
v -0.043714 0.751037 -0.591146
v 0.100154 0.751037 -0.576976
v -0.040895 0.751037 -0.576976
v 0.102972 0.751037 -0.591146
v -0.035366 0.751037 -0.563628
v 0.102972 0.751037 -0.605593
v -0.027340 0.751037 -0.551616
v 0.100154 0.751037 -0.619763
v -0.017124 0.751037 -0.541400
v 0.094625 0.751037 -0.633110
v -0.005112 0.751037 -0.533374
v 0.022406 0.751037 -0.671712
v 0.086598 0.751037 -0.645123
v 0.008236 0.751037 -0.527845
v 0.008236 0.751037 -0.668894
v 0.076383 0.751037 -0.655339
v 0.022406 0.751037 -0.525026
v -0.005112 0.751037 -0.663365
v 0.064370 0.751037 -0.663365
v 0.036853 0.751037 -0.525026
v -0.017124 0.751037 -0.655339
v 0.051023 0.751037 -0.668894
v 0.051023 0.751037 -0.527845
v -0.027340 0.751037 -0.645123
v 0.022724 0.749550 -0.668475
v 0.064370 0.751037 -0.533374
v -0.035366 0.751037 -0.633110
v 0.076383 0.751037 -0.541400
v 0.048021 0.751271 -0.658999
v 0.023419 0.751271 -0.661422
v 0.069823 0.751271 -0.647345
v 0.078605 0.751271 -0.638563
v 0.085505 0.751271 -0.628236
v 0.090258 0.751271 -0.616761
v 0.092681 0.751271 -0.604579
v 0.092681 0.751271 -0.592159
v 0.090258 0.751271 -0.579978
v 0.085505 0.751271 -0.568503
v 0.078605 0.751271 -0.558176
v 0.069823 0.751271 -0.549393
v 0.059496 0.751271 -0.542493
v 0.048021 0.751271 -0.537740
v 0.035839 0.751271 -0.535317
v 0.023419 0.751271 -0.535317
v 0.011238 0.751271 -0.537740
v -0.000237 0.751271 -0.542493
v -0.010564 0.751271 -0.549393
v -0.019347 0.751271 -0.558176
v -0.026247 0.751271 -0.568503
v -0.031000 0.751271 -0.579978
v -0.033423 0.751271 -0.592159
v -0.033423 0.751271 -0.604579
v -0.031000 0.751271 -0.616761
v -0.026247 0.751271 -0.628236
v -0.019347 0.751271 -0.638563
v -0.010564 0.751271 -0.647345
v -0.000237 0.751271 -0.654246
v 0.011238 0.751271 -0.658999
v 0.059496 0.751271 -0.654246
v 0.033686 0.752694 -0.639555
v 0.041643 0.752694 -0.637972
v 0.049138 0.752694 -0.634868
v 0.055884 0.752694 -0.630360
v 0.061620 0.752694 -0.624624
v 0.066128 0.752694 -0.617878
v 0.069232 0.752694 -0.610383
v 0.070815 0.752694 -0.602426
v 0.070815 0.752694 -0.594313
v 0.069232 0.752694 -0.586356
v 0.066128 0.752694 -0.578861
v 0.061620 0.752694 -0.572115
v 0.055884 0.752694 -0.566378
v 0.049138 0.752694 -0.561871
v 0.041643 0.752694 -0.558766
v 0.033686 0.752694 -0.557184
v 0.025573 0.752694 -0.557184
v 0.017616 0.752694 -0.558766
v 0.010120 0.752694 -0.561871
v 0.003375 0.752694 -0.566378
v -0.002362 0.752694 -0.572115
v -0.006869 0.752694 -0.578861
v -0.009974 0.752694 -0.586356
v -0.011557 0.752694 -0.594313
v -0.011557 0.752694 -0.602426
v -0.009974 0.752694 -0.610383
v -0.006869 0.752694 -0.617878
v -0.002362 0.752694 -0.624624
v 0.003375 0.752694 -0.630360
v 0.010120 0.752694 -0.634868
v 0.017616 0.752694 -0.637972
v 0.025573 0.752694 -0.639555
v 0.036902 0.752489 -0.672208
v 0.037069 0.753734 -0.673909
v 0.051167 0.752489 -0.669371
v 0.051663 0.753734 -0.671006
v 0.064605 0.752489 -0.663805
v 0.065411 0.753734 -0.665312
v 0.076699 0.752489 -0.655724
v 0.077783 0.753734 -0.657045
v 0.086984 0.752489 -0.645439
v 0.088305 0.753734 -0.646523
v 0.095064 0.752489 -0.633345
v 0.096571 0.753734 -0.634151
v 0.100630 0.752489 -0.619907
v 0.102266 0.753734 -0.620403
v 0.103468 0.752489 -0.605642
v 0.105169 0.753734 -0.605809
v 0.103468 0.752489 -0.591097
v 0.105169 0.753734 -0.590929
v 0.100630 0.752489 -0.576831
v 0.102266 0.753734 -0.576335
v 0.095064 0.752489 -0.563394
v 0.096571 0.753734 -0.562588
v 0.086984 0.752489 -0.551300
v 0.088305 0.753734 -0.550216
v 0.076699 0.752489 -0.541015
v 0.077783 0.753734 -0.539694
v 0.064605 0.752489 -0.532934
v 0.065411 0.753734 -0.531427
v 0.051167 0.752489 -0.527368
v 0.051663 0.753734 -0.525733
v 0.036902 0.752489 -0.524530
v 0.037069 0.753734 -0.522830
v 0.022357 0.752489 -0.524530
v 0.022189 0.753734 -0.522830
v 0.008091 0.752489 -0.527368
v 0.007595 0.753734 -0.525733
v -0.005347 0.752489 -0.532934
v -0.006152 0.753734 -0.531427
v -0.017440 0.752489 -0.541015
v -0.018524 0.753734 -0.539694
v -0.027725 0.752489 -0.551300
v -0.029046 0.753734 -0.550216
v -0.035806 0.752489 -0.563394
v -0.037313 0.753734 -0.562588
v -0.041372 0.752489 -0.576831
v -0.043007 0.753734 -0.576335
v -0.044210 0.752489 -0.591097
v -0.045910 0.753734 -0.590929
v -0.044210 0.752489 -0.605642
v -0.045910 0.753734 -0.605809
v -0.041372 0.752489 -0.619907
v -0.043007 0.753734 -0.620403
v -0.035806 0.752489 -0.633345
v -0.037313 0.753734 -0.634151
v -0.027725 0.752489 -0.645439
v -0.029046 0.753734 -0.646523
v -0.017440 0.752489 -0.655724
v -0.018524 0.753734 -0.657045
v -0.005347 0.752489 -0.663805
v -0.006152 0.753734 -0.665312
v 0.008091 0.752489 -0.669371
v 0.007595 0.753734 -0.671006
v 0.022357 0.752489 -0.672208
v 0.022189 0.753734 -0.673909
v 0.050078 0.749550 -0.665781
v 0.036226 0.749740 -0.665345
v 0.036291 0.749568 -0.666006
v 0.049165 0.749740 -0.662771
v 0.049358 0.749568 -0.663407
v 0.061354 0.749740 -0.657722
v 0.061667 0.749568 -0.658308
v 0.072324 0.749740 -0.650393
v 0.072745 0.749568 -0.650906
v 0.081653 0.749740 -0.641064
v 0.082166 0.749568 -0.641485
v 0.088982 0.749740 -0.630094
v 0.089568 0.749568 -0.630407
v 0.094031 0.749740 -0.617905
v 0.094667 0.749568 -0.618098
v 0.096605 0.749740 -0.604966
v 0.097266 0.749568 -0.605031
v 0.096605 0.749740 -0.591773
v 0.097266 0.749568 -0.591708
v 0.094031 0.749740 -0.578833
v 0.094667 0.749568 -0.578640
v 0.088982 0.749740 -0.566644
v 0.089568 0.749568 -0.566331
v 0.081653 0.749740 -0.555675
v 0.082166 0.749568 -0.555254
v 0.072324 0.749740 -0.546346
v 0.072745 0.749568 -0.545833
v 0.061354 0.749740 -0.539016
v 0.061667 0.749568 -0.538431
v 0.049165 0.749740 -0.533968
v 0.049358 0.749568 -0.533332
v 0.036226 0.749740 -0.531394
v 0.036291 0.749568 -0.530733
v 0.023033 0.749740 -0.531394
v 0.022968 0.749568 -0.530733
v 0.010093 0.749740 -0.533968
v 0.009900 0.749568 -0.533332
v -0.002096 0.749740 -0.539016
v -0.002409 0.749568 -0.538431
v -0.013065 0.749740 -0.546346
v -0.013487 0.749568 -0.545833
v -0.022394 0.749740 -0.555675
v -0.022908 0.749568 -0.555254
v -0.029724 0.749740 -0.566644
v -0.030310 0.749568 -0.566331
v -0.034773 0.749740 -0.578833
v -0.035408 0.749568 -0.578640
v -0.037346 0.749740 -0.591773
v -0.038008 0.749568 -0.591708
v -0.037346 0.749740 -0.604966
v -0.038008 0.749568 -0.605031
v -0.034773 0.749740 -0.617905
v -0.035408 0.749568 -0.618098
v -0.029724 0.749740 -0.630094
v -0.030310 0.749568 -0.630407
v -0.022394 0.749740 -0.641064
v -0.022908 0.749568 -0.641485
v -0.013065 0.749740 -0.650393
v -0.013487 0.749568 -0.650906
v -0.002096 0.749740 -0.657722
v -0.002409 0.749568 -0.658308
v 0.010093 0.749740 -0.662771
v 0.009900 0.749568 -0.663407
v 0.023033 0.749740 -0.665345
v 0.022968 0.749568 -0.666006
v 0.035839 0.751271 -0.661422
v 0.036792 0.749972 -0.671097
v 0.050843 0.749972 -0.668302
v 0.064079 0.749972 -0.662820
v 0.075990 0.749972 -0.654860
v 0.086120 0.749972 -0.644730
v 0.094079 0.749972 -0.632819
v 0.099562 0.749972 -0.619583
v 0.102357 0.749972 -0.605532
v 0.102357 0.749972 -0.591206
v 0.099562 0.749972 -0.577156
v 0.094079 0.749972 -0.563920
v 0.086120 0.749972 -0.552008
v 0.075990 0.749972 -0.541878
v 0.064079 0.749972 -0.533919
v 0.050843 0.749972 -0.528437
v 0.036792 0.749972 -0.525642
v 0.022466 0.749972 -0.525642
v 0.008415 0.749972 -0.528437
v -0.004820 0.749972 -0.533919
v -0.016732 0.749972 -0.541878
v -0.026862 0.749972 -0.552008
v -0.034821 0.749972 -0.563920
v -0.040303 0.749972 -0.577156
v -0.043098 0.749972 -0.591206
v -0.043098 0.749972 -0.605532
v -0.040303 0.749972 -0.619583
v -0.034821 0.749972 -0.632819
v -0.026862 0.749972 -0.644730
v -0.016732 0.749972 -0.654861
v -0.004820 0.749972 -0.662820
v 0.008415 0.749972 -0.668302
v 0.022466 0.749972 -0.671097
v 0.036853 0.751037 -0.671712
v 0.040408 0.792044 -0.707805
v 0.061550 0.792044 -0.703600
v 0.081466 0.792044 -0.695350
v 0.099390 0.792044 -0.683374
v 0.114634 0.792044 -0.668131
v 0.126610 0.792044 -0.650207
v 0.134859 0.792044 -0.630291
v 0.139065 0.792044 -0.609148
v 0.139065 0.792044 -0.587591
v 0.134859 0.792044 -0.566448
v 0.126610 0.792044 -0.546532
v 0.114634 0.792044 -0.528608
v 0.099390 0.792044 -0.513365
v 0.081466 0.792044 -0.501389
v 0.061550 0.792044 -0.493139
v 0.040408 0.792044 -0.488934
v 0.018851 0.792044 -0.488934
v -0.002292 0.792044 -0.493139
v -0.022208 0.792044 -0.501389
v -0.040132 0.792044 -0.513365
v -0.055375 0.792044 -0.528608
v -0.067352 0.792044 -0.546532
v -0.075601 0.792044 -0.566448
v -0.079807 0.792044 -0.587591
v -0.079807 0.792044 -0.609148
v -0.075601 0.792044 -0.630291
v -0.067352 0.792044 -0.650207
v -0.055375 0.792044 -0.668131
v -0.040132 0.792044 -0.683374
v -0.022208 0.792044 -0.695350
v -0.002292 0.792044 -0.703600
v 0.018851 0.792044 -0.707805
v 0.036833 0.771003 -0.671515
v 0.050965 0.771003 -0.668704
v 0.064277 0.771003 -0.663190
v 0.076257 0.771003 -0.655185
v 0.086445 0.771003 -0.644997
v 0.094450 0.771003 -0.633017
v 0.099964 0.771003 -0.619705
v 0.102775 0.771003 -0.605574
v 0.102775 0.771003 -0.591165
v 0.099964 0.771003 -0.577034
v 0.094450 0.771003 -0.563722
v 0.086445 0.771003 -0.551742
v 0.076257 0.771003 -0.541553
v 0.064277 0.771003 -0.533549
v 0.050965 0.771003 -0.528035
v 0.036833 0.771003 -0.525224
v 0.022425 0.771003 -0.525224
v 0.008293 0.771003 -0.528035
v -0.005018 0.771003 -0.533549
v -0.016998 0.771003 -0.541553
v -0.027187 0.771003 -0.551742
v -0.035192 0.771003 -0.563722
v -0.040705 0.771003 -0.577034
v -0.043516 0.771003 -0.591165
v -0.043516 0.771003 -0.605574
v -0.040705 0.771003 -0.619705
v -0.035192 0.771003 -0.633017
v -0.027187 0.771003 -0.644997
v -0.016998 0.771003 -0.655185
v -0.005018 0.771003 -0.663190
v 0.008293 0.771003 -0.668704
v 0.022425 0.771003 -0.671515
v 0.025604 0.767667 -0.557499
v 0.010270 0.767667 -0.634588
v 0.048988 0.767667 -0.634588
v 0.033655 0.767667 -0.557499
v 0.003576 0.767667 -0.630115
v 0.041551 0.767667 -0.559070
v -0.002117 0.767667 -0.624422
v 0.041551 0.767667 -0.637669
v 0.048988 0.767667 -0.562151
v -0.006589 0.767667 -0.617729
v 0.055682 0.767667 -0.566624
v -0.009670 0.767667 -0.610291
v 0.061375 0.767667 -0.572316
v -0.011241 0.767667 -0.602395
v 0.065848 0.767667 -0.579010
v -0.011241 0.767667 -0.594344
v 0.068929 0.767667 -0.586448
v -0.009670 0.767667 -0.586448
v 0.070499 0.767667 -0.594344
v -0.006589 0.767667 -0.579010
v 0.070499 0.767667 -0.602395
v -0.002117 0.767667 -0.572316
v 0.068929 0.767667 -0.610291
v 0.003576 0.767667 -0.566624
v 0.065848 0.767667 -0.617729
v 0.010270 0.767667 -0.562151
v 0.025604 0.767667 -0.639239
v 0.061375 0.767667 -0.624422
v 0.017708 0.767667 -0.559070
v 0.017708 0.767667 -0.637669
v 0.055682 0.767667 -0.630115
v 0.063933 0.812655 -0.711454
v -0.045339 0.812655 -0.689719
v 0.041212 0.812655 -0.480765
v 0.018046 0.812655 -0.715974
v -0.026077 0.812655 -0.702589
v 0.018046 0.812655 -0.480765
v 0.104598 0.812655 -0.689719
v -0.004675 0.812655 -0.711454
v -0.004675 0.812655 -0.485284
v 0.120978 0.812655 -0.673338
v 0.041247 0.803569 -0.716331
v -0.026077 0.812655 -0.494150
v 0.133849 0.812655 -0.654076
v 0.085336 0.812655 -0.702589
v -0.045339 0.812655 -0.507020
v 0.142714 0.812655 -0.632673
v -0.061720 0.812655 -0.523401
v 0.147234 0.812655 -0.609952
v -0.074590 0.812655 -0.542663
v 0.147234 0.812655 -0.586786
v -0.083456 0.812655 -0.564065
v 0.142714 0.812655 -0.564065
v -0.087975 0.812655 -0.586786
v 0.133849 0.812655 -0.542663
v -0.087975 0.812655 -0.609952
v 0.120978 0.812655 -0.523401
v -0.083456 0.812655 -0.632673
v 0.104598 0.812655 -0.507020
v -0.074590 0.812655 -0.654076
v 0.085336 0.812655 -0.494150
v -0.061720 0.812655 -0.673338
v 0.063933 0.812655 -0.485284
v 0.020114 0.780000 -0.694980
v 0.001449 0.780000 -0.691267
v -0.016133 0.780000 -0.683984
v -0.031956 0.780000 -0.673411
v -0.045413 0.780000 -0.659955
v -0.055986 0.780000 -0.644131
v -0.063268 0.780000 -0.626550
v -0.066981 0.780000 -0.607885
v -0.066981 0.780000 -0.588854
v -0.063268 0.780000 -0.570189
v -0.055986 0.780000 -0.552607
v -0.045413 0.780000 -0.536784
v -0.031956 0.780000 -0.523327
v -0.016133 0.780000 -0.512754
v 0.001449 0.780000 -0.505472
v 0.020114 0.780000 -0.501759
v 0.039144 0.780000 -0.501759
v 0.057809 0.780000 -0.505472
v 0.075391 0.780000 -0.512754
v 0.091215 0.780000 -0.523327
v 0.104671 0.780000 -0.536784
v 0.115244 0.780000 -0.552607
v 0.122527 0.780000 -0.570189
v 0.126239 0.780000 -0.588854
v 0.126239 0.780000 -0.607885
v 0.122527 0.780000 -0.626550
v 0.115244 0.780000 -0.644131
v 0.104671 0.780000 -0.659955
v 0.091215 0.780000 -0.673411
v 0.075391 0.780000 -0.683984
v 0.057809 0.780000 -0.691267
v 0.039144 0.780000 -0.694980
v 0.033655 0.767667 -0.639239
v 0.040758 0.790144 -0.711357
v 0.062587 0.790144 -0.707015
v 0.083149 0.790144 -0.698498
v 0.101655 0.790144 -0.686133
v 0.117393 0.790144 -0.670395
v 0.129758 0.790144 -0.651889
v 0.138275 0.790144 -0.631327
v 0.142617 0.790144 -0.609498
v 0.142617 0.790144 -0.587241
v 0.138275 0.790144 -0.565412
v 0.129758 0.790144 -0.544850
v 0.117393 0.790144 -0.526344
v 0.101655 0.790144 -0.510606
v 0.083149 0.790144 -0.498241
v 0.062587 0.790144 -0.489723
v 0.040758 0.790144 -0.485381
v 0.018501 0.790144 -0.485381
v -0.003328 0.790144 -0.489723
v -0.023891 0.790144 -0.498241
v -0.042396 0.790144 -0.510606
v -0.058134 0.790144 -0.526344
v -0.070499 0.790144 -0.544850
v -0.079017 0.790144 -0.565412
v -0.083359 0.790144 -0.587241
v -0.083359 0.790144 -0.609498
v -0.079017 0.790144 -0.631327
v -0.070499 0.790144 -0.651889
v -0.058134 0.790144 -0.670395
v -0.042396 0.790144 -0.686133
v -0.023891 0.790144 -0.698498
v -0.003328 0.790144 -0.707015
v 0.018501 0.790144 -0.711357
v 0.037000 0.767078 -0.673203
v 0.051457 0.767078 -0.670327
v 0.065076 0.767078 -0.664686
v 0.077333 0.767078 -0.656496
v 0.087756 0.767078 -0.646073
v 0.095946 0.767078 -0.633816
v 0.101587 0.767078 -0.620197
v 0.104462 0.767078 -0.605740
v 0.104462 0.767078 -0.590999
v 0.101587 0.767078 -0.576541
v 0.095946 0.767078 -0.562923
v 0.087756 0.767078 -0.550666
v 0.077333 0.767078 -0.540243
v 0.065076 0.767078 -0.532053
v 0.051457 0.767078 -0.526412
v 0.037000 0.767078 -0.523536
v 0.022259 0.767078 -0.523536
v 0.007801 0.767078 -0.526412
v -0.005818 0.767078 -0.532053
v -0.018074 0.767078 -0.540243
v -0.028498 0.767078 -0.550666
v -0.036687 0.767078 -0.562923
v -0.042328 0.767078 -0.576541
v -0.045204 0.767078 -0.590999
v -0.045204 0.767078 -0.605740
v -0.042328 0.767078 -0.620197
v -0.036687 0.767078 -0.633816
v -0.028498 0.767078 -0.646073
v -0.018074 0.767078 -0.656496
v -0.005818 0.767078 -0.664686
v 0.007801 0.767078 -0.670327
v 0.022259 0.767078 -0.673203
v 0.023864 0.763960 -0.539832
v 0.001901 0.763960 -0.650245
v 0.057357 0.763960 -0.650245
v 0.035395 0.763960 -0.539832
v -0.007686 0.763960 -0.643838
v 0.054476 0.759855 -0.644854
v 0.046704 0.763960 -0.542081
v -0.015840 0.763960 -0.635685
v 0.046704 0.763960 -0.654657
v 0.057357 0.763960 -0.546494
v -0.022246 0.763960 -0.626097
v 0.066945 0.763960 -0.552900
v -0.026659 0.763960 -0.615444
v 0.075098 0.763960 -0.561054
v -0.028908 0.763960 -0.604135
v 0.081504 0.763960 -0.570641
v -0.028908 0.763960 -0.592604
v 0.085917 0.763960 -0.581295
v -0.026659 0.763960 -0.581295
v 0.088167 0.763960 -0.592604
v -0.022246 0.763960 -0.570641
v 0.088167 0.763960 -0.604135
v -0.015840 0.763960 -0.561054
v 0.085917 0.763960 -0.615444
v -0.007686 0.763960 -0.552900
v 0.081504 0.763960 -0.626097
v 0.001901 0.763960 -0.546494
v 0.023864 0.763960 -0.656907
v 0.075098 0.763960 -0.635685
v 0.012554 0.763960 -0.542081
v 0.012554 0.763960 -0.654657
v 0.066945 0.763960 -0.643838
v 0.064037 0.803569 -0.711798
v -0.045567 0.803569 -0.689996
v 0.041247 0.803569 -0.480408
v 0.018011 0.803569 -0.716331
v -0.026247 0.803569 -0.702906
v 0.018011 0.803569 -0.480408
v 0.104825 0.803569 -0.689996
v -0.004779 0.803569 -0.711798
v -0.004779 0.803569 -0.484941
v 0.121256 0.803569 -0.673566
v -0.026247 0.803569 -0.493833
v 0.134166 0.803569 -0.654245
v 0.085505 0.803569 -0.702906
v -0.045567 0.803569 -0.506742
v 0.143058 0.803569 -0.632778
v -0.061998 0.803569 -0.523173
v 0.147591 0.803569 -0.609988
v -0.074907 0.803569 -0.542493
v 0.147591 0.803569 -0.586751
v -0.083799 0.803569 -0.563961
v 0.143058 0.803569 -0.563961
v -0.088333 0.803569 -0.586751
v 0.134166 0.803569 -0.542493
v -0.088333 0.803569 -0.609988
v 0.121256 0.803569 -0.523173
v -0.083799 0.803569 -0.632778
v 0.104825 0.803569 -0.506742
v -0.074907 0.803569 -0.654245
v 0.085505 0.803569 -0.493833
v -0.061998 0.803569 -0.673566
v 0.064037 0.803569 -0.484941
v 0.019225 0.780143 -0.704003
v -0.001183 0.780143 -0.699944
v -0.020407 0.780143 -0.691981
v -0.037708 0.780143 -0.680420
v -0.052422 0.780143 -0.665707
v -0.063982 0.780143 -0.648406
v -0.071945 0.780143 -0.629182
v -0.076005 0.780143 -0.608773
v -0.076005 0.780143 -0.587965
v -0.071945 0.780143 -0.567557
v -0.063982 0.780143 -0.548333
v -0.052422 0.780143 -0.531032
v -0.037708 0.780143 -0.516318
v -0.020407 0.780143 -0.504758
v -0.001183 0.780143 -0.496795
v 0.019225 0.780143 -0.492736
v 0.040033 0.780143 -0.492736
v 0.060441 0.780143 -0.496795
v 0.079666 0.780143 -0.504758
v 0.096967 0.780143 -0.516318
v 0.111680 0.780143 -0.531032
v 0.123241 0.780143 -0.548333
v 0.131204 0.780143 -0.567557
v 0.135263 0.780143 -0.587965
v 0.135263 0.780143 -0.608773
v 0.131204 0.780143 -0.629182
v 0.123241 0.780143 -0.648406
v 0.111680 0.780143 -0.665707
v 0.096967 0.780143 -0.680421
v 0.079666 0.780143 -0.691981
v 0.060441 0.780143 -0.699944
v 0.040033 0.780143 -0.704003
v 0.024463 0.759855 -0.650824
v 0.035395 0.763960 -0.656907
v 0.070374 0.759855 -0.631808
v 0.076114 0.759855 -0.623216
v 0.080068 0.759855 -0.613670
v 0.082084 0.759855 -0.603536
v 0.082084 0.759855 -0.593203
v 0.080068 0.759855 -0.583069
v 0.076114 0.759855 -0.573523
v 0.070374 0.759855 -0.564931
v 0.063067 0.759855 -0.557625
v 0.054476 0.759855 -0.551884
v 0.044930 0.759855 -0.547930
v 0.034796 0.759855 -0.545914
v 0.024463 0.759855 -0.545914
v 0.014329 0.759855 -0.547930
v 0.004782 0.759855 -0.551884
v -0.003809 0.759855 -0.557625
v -0.011115 0.759855 -0.564931
v -0.016856 0.759855 -0.573523
v -0.020810 0.759855 -0.583069
v -0.022826 0.759855 -0.593203
v -0.022826 0.759855 -0.603536
v -0.020810 0.759855 -0.613670
v -0.016856 0.759855 -0.623216
v -0.011115 0.759855 -0.631808
v -0.003809 0.759855 -0.639114
v 0.004782 0.759855 -0.644854
v 0.014329 0.759855 -0.648809
v 0.063067 0.759855 -0.639114
v 0.015122 0.758632 -0.550547
v 0.015122 0.758632 -0.646192
v 0.061333 0.758632 -0.637000
v 0.024731 0.758632 -0.548636
v 0.006071 0.758632 -0.642443
v 0.053187 0.758632 -0.642443
v 0.034527 0.758632 -0.548636
v -0.002074 0.758632 -0.637000
v 0.025202 0.759977 -0.643320
v 0.044136 0.758632 -0.550547
v -0.009001 0.758632 -0.630073
v 0.044136 0.758632 -0.646192
v 0.053187 0.758632 -0.554296
v -0.014444 0.758632 -0.621927
v 0.061333 0.758632 -0.559739
v -0.018193 0.758632 -0.612876
v 0.068260 0.758632 -0.566666
v -0.020104 0.758632 -0.603268
v 0.073703 0.758632 -0.574812
v -0.020104 0.758632 -0.593471
v 0.077452 0.758632 -0.583863
v -0.018193 0.758632 -0.583863
v 0.079363 0.758632 -0.593471
v -0.014444 0.758632 -0.574812
v 0.079363 0.758632 -0.603268
v -0.009001 0.758632 -0.566666
v 0.077452 0.758632 -0.612876
v -0.002074 0.758632 -0.559739
v 0.073703 0.758632 -0.621927
v 0.006071 0.758632 -0.554296
v 0.024731 0.758632 -0.648103
v 0.068260 0.758632 -0.630073
v 0.042741 0.759977 -0.641593
v 0.034527 0.758632 -0.648103
v 0.058284 0.759977 -0.633285
v 0.064545 0.759977 -0.627024
v 0.069464 0.759977 -0.619661
v 0.072852 0.759977 -0.611481
v 0.074580 0.759977 -0.602797
v 0.074580 0.759977 -0.593942
v 0.072852 0.759977 -0.585258
v 0.069464 0.759977 -0.577077
v 0.064545 0.759977 -0.569715
v 0.058284 0.759977 -0.563454
v 0.050921 0.759977 -0.558535
v 0.042741 0.759977 -0.555146
v 0.034056 0.759977 -0.553419
v 0.025202 0.759977 -0.553419
v 0.016518 0.759977 -0.555146
v 0.008337 0.759977 -0.558535
v 0.000975 0.759977 -0.563454
v -0.005286 0.759977 -0.569715
v -0.010206 0.759977 -0.577077
v -0.013594 0.759977 -0.585258
v -0.015321 0.759977 -0.593942
v -0.015321 0.759977 -0.602797
v -0.013594 0.759977 -0.611481
v -0.010206 0.759977 -0.619661
v -0.005286 0.759977 -0.627024
v 0.000975 0.759977 -0.633285
v 0.008337 0.759977 -0.638204
v 0.016518 0.759977 -0.641593
v 0.034796 0.759855 -0.650824
v 0.050921 0.759977 -0.638204
v 0.032590 0.760813 -0.628428
v 0.038397 0.760813 -0.627273
v 0.043867 0.760813 -0.625007
v 0.048791 0.760813 -0.621718
v 0.052977 0.760813 -0.617531
v 0.056267 0.760813 -0.612608
v 0.058533 0.760813 -0.607137
v 0.059688 0.760813 -0.601330
v 0.059688 0.760813 -0.595409
v 0.058533 0.760813 -0.589602
v 0.056267 0.760813 -0.584131
v 0.052977 0.760813 -0.579208
v 0.048791 0.760813 -0.575021
v 0.043867 0.760813 -0.571732
v 0.038397 0.760813 -0.569466
v 0.032590 0.760813 -0.568311
v 0.026669 0.760813 -0.568311
v 0.020861 0.760813 -0.569466
v 0.015391 0.760813 -0.571732
v 0.010468 0.760813 -0.575021
v 0.006281 0.760813 -0.579208
v 0.002991 0.760813 -0.584131
v 0.000726 0.760813 -0.589602
v -0.000430 0.760813 -0.595409
v -0.000430 0.760813 -0.601330
v 0.000726 0.760813 -0.607137
v 0.002991 0.760813 -0.612608
v 0.006281 0.760813 -0.617531
v 0.010468 0.760813 -0.621718
v 0.015391 0.760813 -0.625007
v 0.020861 0.760813 -0.627273
v 0.026669 0.760813 -0.628428
v 0.035026 0.763281 -0.653161
v 0.034851 0.761559 -0.651387
v 0.045611 0.763281 -0.651055
v 0.045094 0.761559 -0.649349
v 0.055583 0.763281 -0.646925
v 0.054742 0.761559 -0.645353
v 0.064557 0.763281 -0.640929
v 0.063426 0.761559 -0.639551
v 0.072189 0.763281 -0.633297
v 0.070810 0.761559 -0.632166
v 0.078185 0.763281 -0.624323
v 0.076613 0.761559 -0.623482
v 0.082315 0.763281 -0.614352
v 0.080609 0.761559 -0.613834
v 0.084421 0.763281 -0.603766
v 0.082647 0.761559 -0.603591
v 0.084421 0.763281 -0.592973
v 0.082647 0.761559 -0.593148
v 0.082315 0.763281 -0.582387
v 0.080609 0.761559 -0.582905
v 0.078185 0.763281 -0.572416
v 0.076613 0.761559 -0.573256
v 0.072189 0.763281 -0.563442
v 0.070810 0.761559 -0.564573
v 0.064557 0.763281 -0.555810
v 0.063426 0.761559 -0.557188
v 0.055583 0.763281 -0.549814
v 0.054742 0.761559 -0.551386
v 0.045611 0.763281 -0.545683
v 0.045094 0.761559 -0.547389
v 0.035026 0.763281 -0.543578
v 0.034851 0.761559 -0.545352
v 0.024233 0.763281 -0.543578
v 0.024407 0.761559 -0.545352
v 0.013647 0.763281 -0.545683
v 0.014165 0.761559 -0.547389
v 0.003676 0.763281 -0.549814
v 0.004516 0.761559 -0.551386
v -0.005298 0.763281 -0.555810
v -0.004167 0.761559 -0.557188
v -0.012930 0.763281 -0.563442
v -0.011552 0.761559 -0.564573
v -0.018927 0.763281 -0.572416
v -0.017354 0.761559 -0.573256
v -0.023057 0.763281 -0.582387
v -0.021351 0.761559 -0.582905
v -0.025162 0.763281 -0.592973
v -0.023388 0.761559 -0.593148
v -0.025162 0.763281 -0.603766
v -0.023388 0.761559 -0.603591
v -0.023057 0.763281 -0.614352
v -0.021351 0.761559 -0.613834
v -0.018927 0.763281 -0.624323
v -0.017354 0.761559 -0.623482
v -0.012930 0.763281 -0.633297
v -0.011552 0.761559 -0.632166
v -0.005298 0.763281 -0.640929
v -0.004167 0.761559 -0.639551
v 0.003676 0.763281 -0.646925
v 0.004516 0.761559 -0.645353
v 0.013647 0.763281 -0.651055
v 0.014165 0.761559 -0.649349
v 0.024233 0.763281 -0.653161
v 0.024407 0.761559 -0.651387
v 0.044930 0.759855 -0.648809
v 0.034751 0.758990 -0.650374
v 0.044798 0.758990 -0.648376
v 0.054263 0.758990 -0.644455
v 0.062780 0.758990 -0.638764
v 0.070024 0.758990 -0.631520
v 0.075715 0.758990 -0.623003
v 0.079635 0.758990 -0.613539
v 0.081634 0.758990 -0.603491
v 0.081634 0.758990 -0.593247
v 0.079635 0.758990 -0.583200
v 0.075715 0.758990 -0.573736
v 0.070024 0.758990 -0.565218
v 0.062780 0.758990 -0.557975
v 0.054263 0.758990 -0.552283
v 0.044798 0.758990 -0.548363
v 0.034751 0.758990 -0.546365
v 0.024507 0.758990 -0.546365
v 0.014460 0.758990 -0.548363
v 0.004996 0.758990 -0.552283
v -0.003522 0.758990 -0.557975
v -0.010766 0.758990 -0.565218
v -0.016457 0.758990 -0.573736
v -0.020377 0.758990 -0.583200
v -0.022376 0.758990 -0.593247
v -0.022376 0.758990 -0.603491
v -0.020377 0.758990 -0.613539
v -0.016457 0.758990 -0.623003
v -0.010766 0.758990 -0.631520
v -0.003522 0.758990 -0.638764
v 0.004996 0.758990 -0.644455
v 0.014460 0.758990 -0.648376
v 0.024507 0.758990 -0.650374
v 0.034276 0.758894 -0.645554
v 0.043392 0.758894 -0.643740
v 0.051979 0.758894 -0.640183
v 0.059707 0.758894 -0.635020
v 0.066280 0.758894 -0.628448
v 0.071443 0.758894 -0.620719
v 0.075000 0.758894 -0.612132
v 0.076813 0.758894 -0.603017
v 0.076813 0.758894 -0.593722
v 0.075000 0.758894 -0.584606
v 0.071443 0.758894 -0.576019
v 0.066280 0.758894 -0.568291
v 0.059707 0.758894 -0.561719
v 0.051979 0.758894 -0.556555
v 0.043392 0.758894 -0.552998
v 0.034276 0.758894 -0.551185
v 0.024982 0.758894 -0.551185
v 0.015866 0.758894 -0.552998
v 0.007279 0.758894 -0.556555
v -0.000449 0.758894 -0.561719
v -0.007021 0.758894 -0.568291
v -0.012185 0.758894 -0.576019
v -0.015742 0.758894 -0.584606
v -0.017555 0.758894 -0.593722
v -0.017555 0.758894 -0.603017
v -0.015742 0.758894 -0.612132
v -0.012185 0.758894 -0.620719
v -0.007021 0.758894 -0.628448
v -0.000449 0.758894 -0.635020
v 0.007279 0.758894 -0.640183
v 0.015866 0.758894 -0.643740
v 0.024982 0.758894 -0.645554
v 0.034056 0.759977 -0.643320
v 0.040876 0.804603 -0.712560
v 0.062937 0.804603 -0.708172
v 0.083719 0.804603 -0.699564
v 0.102422 0.804603 -0.687067
v 0.118327 0.804603 -0.671162
v 0.130824 0.804603 -0.652459
v 0.139432 0.804603 -0.631678
v 0.143820 0.804603 -0.609616
v 0.143820 0.804603 -0.587123
v 0.139432 0.804603 -0.565061
v 0.130824 0.804603 -0.544280
v 0.118327 0.804603 -0.525577
v 0.102422 0.804603 -0.509672
v 0.083719 0.804603 -0.497175
v 0.062937 0.804603 -0.488567
v 0.040876 0.804603 -0.484179
v 0.018382 0.804603 -0.484179
v -0.003679 0.804603 -0.488567
v -0.024460 0.804603 -0.497175
v -0.043163 0.804603 -0.509672
v -0.059069 0.804603 -0.525577
v -0.071565 0.804603 -0.544280
v -0.080173 0.804603 -0.565061
v -0.084562 0.804603 -0.587123
v -0.084562 0.804603 -0.609616
v -0.080173 0.804603 -0.631678
v -0.071565 0.804603 -0.652459
v -0.059069 0.804603 -0.671162
v -0.043163 0.804603 -0.687067
v -0.024460 0.804603 -0.699564
v -0.003679 0.804603 -0.708172
v 0.018382 0.804603 -0.712560
v 0.041103 0.812643 -0.714861
v 0.041023 0.811836 -0.714055
v 0.063609 0.812643 -0.710385
v 0.063374 0.811836 -0.709610
v 0.084809 0.812643 -0.701603
v 0.084427 0.811836 -0.700889
v 0.103888 0.812643 -0.688855
v 0.103375 0.811836 -0.688228
v 0.120114 0.812643 -0.672629
v 0.119488 0.811836 -0.672115
v 0.132863 0.812643 -0.653549
v 0.132149 0.811836 -0.653167
v 0.141644 0.812643 -0.632349
v 0.140869 0.811836 -0.632114
v 0.146121 0.812643 -0.609843
v 0.145315 0.811836 -0.609763
v 0.146121 0.812643 -0.586896
v 0.145315 0.811836 -0.586975
v 0.141644 0.812643 -0.564390
v 0.140869 0.811836 -0.564625
v 0.132863 0.812643 -0.543190
v 0.132149 0.811836 -0.543571
v 0.120114 0.812643 -0.524110
v 0.119488 0.811836 -0.524624
v 0.103888 0.812643 -0.507884
v 0.103375 0.811836 -0.508510
v 0.084809 0.812643 -0.495136
v 0.084427 0.811836 -0.495850
v 0.063609 0.812643 -0.486354
v 0.063374 0.811836 -0.487129
v 0.041103 0.812643 -0.481877
v 0.041023 0.811836 -0.482683
v 0.018156 0.812643 -0.481877
v 0.018235 0.811836 -0.482683
v -0.004350 0.812643 -0.486354
v -0.004115 0.811836 -0.487129
v -0.025550 0.812643 -0.495136
v -0.025169 0.811836 -0.495850
v -0.044630 0.812643 -0.507884
v -0.044116 0.811836 -0.508510
v -0.060856 0.812643 -0.524110
v -0.060230 0.811836 -0.524624
v -0.073605 0.812643 -0.543190
v -0.072890 0.811836 -0.543572
v -0.082386 0.812643 -0.564390
v -0.081611 0.811836 -0.564625
v -0.086863 0.812643 -0.586896
v -0.086057 0.811836 -0.586975
v -0.086863 0.812643 -0.609843
v -0.086057 0.811836 -0.609763
v -0.082386 0.812643 -0.632349
v -0.081611 0.811836 -0.632114
v -0.073605 0.812643 -0.653549
v -0.072890 0.811836 -0.653167
v -0.060856 0.812643 -0.672629
v -0.060230 0.811836 -0.672115
v -0.044630 0.812643 -0.688855
v -0.044116 0.811836 -0.688228
v -0.025550 0.812643 -0.701603
v -0.025169 0.811836 -0.700889
v -0.004350 0.812643 -0.710385
v -0.004115 0.811836 -0.709610
v 0.018156 0.812643 -0.714861
v 0.018235 0.811836 -0.714055
v 0.041364 0.811227 -0.717520
v 0.041315 0.812272 -0.717021
v 0.064384 0.811227 -0.712941
v 0.064239 0.812272 -0.712461
v 0.086068 0.811227 -0.703959
v 0.085832 0.812272 -0.703517
v 0.105583 0.811227 -0.690920
v 0.105265 0.812272 -0.690532
v 0.122180 0.811227 -0.674323
v 0.121792 0.812272 -0.674005
v 0.135219 0.811227 -0.654808
v 0.134777 0.812272 -0.654572
v 0.144201 0.811227 -0.633124
v 0.143721 0.812272 -0.632979
v 0.148780 0.811227 -0.610105
v 0.148281 0.812272 -0.610056
v 0.148780 0.811227 -0.586634
v 0.148281 0.812272 -0.586683
v 0.144201 0.811227 -0.563614
v 0.143721 0.812272 -0.563760
v 0.135219 0.811227 -0.541930
v 0.134777 0.812272 -0.542167
v 0.122180 0.811227 -0.522415
v 0.121792 0.812272 -0.522733
v 0.105583 0.811227 -0.505819
v 0.105265 0.812272 -0.506207
v 0.086068 0.811227 -0.492779
v 0.085832 0.812272 -0.493222
v 0.064384 0.811227 -0.483798
v 0.064239 0.812272 -0.484277
v 0.041364 0.811227 -0.479219
v 0.041315 0.812272 -0.479718
v 0.017894 0.811227 -0.479219
v 0.017943 0.812272 -0.479718
v -0.005126 0.811227 -0.483798
v -0.004980 0.812272 -0.484277
v -0.026810 0.811227 -0.492779
v -0.026573 0.812272 -0.493222
v -0.046325 0.811227 -0.505819
v -0.046007 0.812272 -0.506207
v -0.062921 0.811227 -0.522415
v -0.062534 0.812272 -0.522733
v -0.075961 0.811227 -0.541930
v -0.075519 0.812272 -0.542167
v -0.084943 0.811227 -0.563614
v -0.084463 0.812272 -0.563760
v -0.089521 0.811227 -0.586634
v -0.089022 0.812272 -0.586683
v -0.089521 0.811227 -0.610105
v -0.089022 0.812272 -0.610056
v -0.084943 0.811227 -0.633124
v -0.084463 0.812272 -0.632979
v -0.075961 0.811227 -0.654808
v -0.075518 0.812272 -0.654572
v -0.062921 0.811227 -0.674323
v -0.062534 0.812272 -0.674005
v -0.046325 0.811227 -0.690920
v -0.046007 0.812272 -0.690532
v -0.026810 0.811227 -0.703959
v -0.026573 0.812272 -0.703517
v -0.005126 0.811227 -0.712941
v -0.004980 0.812272 -0.712461
v 0.017894 0.811227 -0.717520
v 0.017943 0.812272 -0.717021
v 0.041212 0.812655 -0.715974
v 0.039017 0.773362 -0.693682
v 0.057431 0.773362 -0.690019
v 0.074776 0.773362 -0.682834
v 0.090387 0.773362 -0.672403
v 0.103663 0.773362 -0.659127
v 0.114094 0.773362 -0.643517
v 0.121279 0.773362 -0.626171
v 0.124941 0.773362 -0.607757
v 0.124941 0.773362 -0.588982
v 0.121279 0.773362 -0.570568
v 0.114094 0.773362 -0.553222
v 0.103663 0.773362 -0.537611
v 0.090387 0.773362 -0.524336
v 0.074776 0.773362 -0.513905
v 0.057431 0.773362 -0.506720
v 0.039017 0.773362 -0.503057
v 0.020242 0.773362 -0.503057
v 0.001828 0.773362 -0.506720
v -0.015518 0.773362 -0.513905
v -0.031129 0.773362 -0.524336
v -0.044405 0.773362 -0.537611
v -0.054835 0.773362 -0.553222
v -0.062020 0.773362 -0.570568
v -0.065683 0.773362 -0.588982
v -0.065683 0.773362 -0.607757
v -0.062020 0.773362 -0.626171
v -0.054835 0.773362 -0.643517
v -0.044405 0.773362 -0.659127
v -0.031129 0.773362 -0.672403
v -0.015518 0.773362 -0.682834
v 0.001828 0.773362 -0.690019
v 0.020242 0.773362 -0.693682
vn 0.1346 0.7239 -0.6766
vn 0.2003 0.7239 -0.6602
vn 0.2451 0.5357 -0.8081
vn 0.1647 0.5357 -0.8282
vn 0.2640 0.7239 -0.6374
vn 0.3231 0.5357 -0.7801
vn 0.3629 0.3172 -0.8762
vn 0.2753 0.3172 -0.9075
vn 0.1850 0.3172 -0.9301
vn -0.1346 0.7239 -0.6766
vn -0.0676 0.7239 -0.6866
vn -0.0828 0.5357 -0.8403
vn -0.1647 0.5357 -0.8282
vn -0.0000 0.7239 -0.6899
vn -0.0000 0.5357 -0.8444
vn -0.0000 0.3172 -0.9484
vn -0.0930 0.3172 -0.9438
vn -0.1850 0.3172 -0.9301
vn 0.3833 0.7239 -0.5736
vn 0.4377 0.7239 -0.5333
vn 0.5357 0.5357 -0.6527
vn 0.4691 0.5357 -0.7021
vn 0.4878 0.7239 -0.4878
vn 0.5971 0.5357 -0.5971
vn 0.6706 0.3172 -0.6706
vn 0.6016 0.3172 -0.7331
vn 0.5269 0.3172 -0.7885
vn 0.5333 0.7239 -0.4377
vn 0.6527 0.5357 -0.5357
vn 0.5736 0.7239 -0.3833
vn 0.7021 0.5357 -0.4691
vn 0.7885 0.3172 -0.5269
vn 0.7331 0.3172 -0.6016
vn 0.6084 0.7239 -0.3252
vn 0.7447 0.5357 -0.3981
vn 0.6374 0.7239 -0.2640
vn 0.7801 0.5357 -0.3231
vn 0.8762 0.3172 -0.3629
vn 0.8364 0.3172 -0.4471
vn 0.6602 0.7239 -0.2003
vn 0.8081 0.5357 -0.2451
vn 0.6766 0.7239 -0.1346
vn 0.8282 0.5357 -0.1647
vn 0.9301 0.3172 -0.1850
vn 0.9075 0.3172 -0.2753
vn 0.6866 0.7239 -0.0676
vn 0.8403 0.5357 -0.0828
vn 0.6899 0.7239 -0.0000
vn 0.8444 0.5357 -0.0000
vn 0.9484 0.3172 -0.0000
vn 0.9438 0.3172 -0.0930
vn 0.6866 0.7239 0.0676
vn 0.8403 0.5357 0.0828
vn 0.6766 0.7239 0.1346
vn 0.8282 0.5357 0.1647
vn 0.9301 0.3172 0.1850
vn 0.9438 0.3172 0.0930
vn 0.6602 0.7239 0.2003
vn 0.8081 0.5357 0.2451
vn 0.6374 0.7239 0.2640
vn 0.7801 0.5357 0.3231
vn 0.8762 0.3172 0.3629
vn 0.9075 0.3172 0.2753
vn 0.6084 0.7239 0.3252
vn 0.7447 0.5357 0.3981
vn 0.5736 0.7239 0.3833
vn 0.7021 0.5357 0.4691
vn 0.7885 0.3172 0.5269
vn 0.8364 0.3172 0.4471
vn 0.5333 0.7239 0.4377
vn 0.6527 0.5357 0.5357
vn 0.4878 0.7239 0.4878
vn 0.5971 0.5357 0.5971
vn 0.6706 0.3172 0.6706
vn 0.7331 0.3172 0.6016
vn 0.4377 0.7239 0.5333
vn 0.5357 0.5357 0.6527
vn 0.3833 0.7239 0.5736
vn 0.4691 0.5357 0.7021
vn 0.5269 0.3172 0.7885
vn 0.6016 0.3172 0.7331
vn 0.3252 0.7239 0.6084
vn 0.3981 0.5357 0.7447
vn 0.2640 0.7239 0.6374
vn 0.3231 0.5357 0.7801
vn 0.3629 0.3172 0.8762
vn 0.4471 0.3172 0.8364
vn 0.2003 0.7239 0.6602
vn 0.2451 0.5357 0.8081
vn 0.1346 0.7239 0.6766
vn 0.1647 0.5357 0.8282
vn 0.1850 0.3172 0.9301
vn 0.2753 0.3172 0.9075
vn 0.0676 0.7239 0.6866
vn 0.0828 0.5357 0.8403
vn -0.0000 0.7239 0.6899
vn -0.0000 0.5357 0.8444
vn -0.0000 0.3172 0.9484
vn 0.0930 0.3172 0.9438
vn -0.0676 0.7239 0.6866
vn -0.0828 0.5357 0.8403
vn -0.1346 0.7239 0.6766
vn -0.1647 0.5357 0.8282
vn -0.1850 0.3172 0.9301
vn -0.0930 0.3172 0.9438
vn -0.2003 0.7239 0.6602
vn -0.2451 0.5357 0.8081
vn -0.2640 0.7239 0.6374
vn -0.3231 0.5357 0.7801
vn -0.3629 0.3172 0.8762
vn -0.2753 0.3172 0.9075
vn -0.3252 0.7239 0.6084
vn -0.3981 0.5357 0.7447
vn -0.3833 0.7239 0.5736
vn -0.4691 0.5357 0.7021
vn -0.5269 0.3172 0.7885
vn -0.4471 0.3172 0.8364
vn -0.4377 0.7239 0.5333
vn -0.5357 0.5357 0.6527
vn -0.4878 0.7239 0.4878
vn -0.5971 0.5357 0.5971
vn -0.6706 0.3172 0.6706
vn -0.6016 0.3172 0.7331
vn -0.5333 0.7239 0.4377
vn -0.6527 0.5357 0.5357
vn -0.5736 0.7239 0.3833
vn -0.7021 0.5357 0.4691
vn -0.7885 0.3172 0.5269
vn -0.7331 0.3172 0.6016
vn -0.6084 0.7239 0.3252
vn -0.7447 0.5357 0.3981
vn -0.6374 0.7239 0.2640
vn -0.7801 0.5357 0.3231
vn -0.8762 0.3172 0.3629
vn -0.8364 0.3172 0.4471
vn -0.6602 0.7239 0.2003
vn -0.8081 0.5357 0.2451
vn -0.6766 0.7239 0.1346
vn -0.8282 0.5357 0.1647
vn -0.9301 0.3172 0.1850
vn -0.9075 0.3172 0.2753
vn -0.6866 0.7239 0.0676
vn -0.8403 0.5357 0.0828
vn -0.6899 0.7239 -0.0000
vn -0.8444 0.5357 -0.0000
vn -0.9484 0.3172 -0.0000
vn -0.9438 0.3172 0.0930
vn -0.6866 0.7239 -0.0676
vn -0.8403 0.5357 -0.0828
vn -0.6766 0.7239 -0.1346
vn -0.8282 0.5357 -0.1647
vn -0.9301 0.3172 -0.1850
vn -0.9438 0.3172 -0.0930
vn -0.6602 0.7239 -0.2003
vn -0.8081 0.5357 -0.2451
vn -0.6374 0.7239 -0.2640
vn -0.7801 0.5357 -0.3231
vn -0.8762 0.3172 -0.3629
vn -0.9075 0.3172 -0.2753
vn -0.6084 0.7239 -0.3252
vn -0.7447 0.5357 -0.3981
vn -0.5736 0.7239 -0.3833
vn -0.7021 0.5357 -0.4691
vn -0.7885 0.3172 -0.5269
vn -0.8364 0.3172 -0.4471
vn -0.5333 0.7239 -0.4377
vn -0.6527 0.5357 -0.5357
vn -0.4878 0.7239 -0.4878
vn -0.5971 0.5357 -0.5971
vn -0.6706 0.3172 -0.6706
vn -0.7331 0.3172 -0.6016
vn -0.4377 0.7239 -0.5333
vn -0.5357 0.5357 -0.6527
vn -0.3833 0.7239 -0.5736
vn -0.4691 0.5357 -0.7021
vn -0.5269 0.3172 -0.7885
vn -0.6016 0.3172 -0.7331
vn -0.3252 0.7239 -0.6084
vn -0.3981 0.5357 -0.7447
vn -0.2640 0.7239 -0.6374
vn -0.3231 0.5357 -0.7801
vn -0.3629 0.3172 -0.8762
vn -0.4471 0.3172 -0.8364
vn -0.2003 0.7239 -0.6602
vn -0.2451 0.5357 -0.8081
vn -0.2753 0.3172 -0.9075
vn -0.0000 -0.9208 -0.3901
vn -0.0000 -0.8731 -0.4876
vn 0.0478 -0.8731 -0.4852
vn 0.0382 -0.9208 -0.3882
vn -0.0000 -0.8234 -0.5674
vn 0.0556 -0.8234 -0.5647
vn 0.1107 -0.8234 -0.5565
vn 0.0951 -0.8731 -0.4782
vn 0.0761 -0.9208 -0.3826
vn 0.3252 0.7239 -0.6084
vn 0.3981 0.5357 -0.7447
vn 0.4471 0.3172 -0.8364
vn -0.0000 0.9864 0.1645
vn -0.0161 0.9864 0.1637
vn -0.0265 0.9628 0.2690
vn -0.0000 0.9628 0.2703
vn -0.0321 0.9864 0.1613
vn -0.0527 0.9628 0.2651
vn -0.0752 0.9227 0.3782
vn -0.0378 0.9227 0.3838
vn -0.0000 0.9227 0.3856
vn -0.0477 0.9864 0.1574
vn -0.0785 0.9628 0.2586
vn -0.0629 0.9864 0.1520
vn -0.1034 0.9628 0.2497
vn -0.1476 0.9227 0.3563
vn -0.1119 0.9227 0.3690
vn -0.0775 0.9864 0.1451
vn -0.1274 0.9628 0.2383
vn -0.0914 0.9864 0.1368
vn -0.1501 0.9628 0.2247
vn -0.2142 0.9227 0.3206
vn -0.1818 0.9227 0.3401
vn -0.1043 0.9864 0.1271
vn -0.1715 0.9628 0.2089
vn -0.1163 0.9864 0.1163
vn -0.1911 0.9628 0.1911
vn -0.2727 0.9227 0.2727
vn -0.2446 0.9227 0.2981
vn -0.1271 0.9864 0.1043
vn -0.2089 0.9628 0.1715
vn -0.1368 0.9864 0.0914
vn -0.2247 0.9628 0.1501
vn -0.3206 0.9227 0.2142
vn -0.2981 0.9227 0.2446
vn -0.1451 0.9864 0.0775
vn -0.2383 0.9628 0.1274
vn -0.1520 0.9864 0.0629
vn -0.2497 0.9628 0.1034
vn -0.3563 0.9227 0.1476
vn -0.3401 0.9227 0.1818
vn -0.1574 0.9864 0.0477
vn -0.2586 0.9628 0.0785
vn -0.1613 0.9864 0.0321
vn -0.2651 0.9628 0.0527
vn -0.3782 0.9227 0.0752
vn -0.3690 0.9227 0.1119
vn -0.1637 0.9864 0.0161
vn -0.2690 0.9628 0.0265
vn -0.1645 0.9864 -0.0000
vn -0.2703 0.9628 -0.0000
vn -0.3856 0.9227 -0.0000
vn -0.3838 0.9227 0.0378
vn -0.1637 0.9864 -0.0161
vn -0.2690 0.9628 -0.0265
vn -0.1613 0.9864 -0.0321
vn -0.2651 0.9628 -0.0527
vn -0.3782 0.9227 -0.0752
vn -0.3838 0.9227 -0.0378
vn -0.1574 0.9864 -0.0477
vn -0.2586 0.9628 -0.0785
vn -0.1520 0.9864 -0.0629
vn -0.2497 0.9628 -0.1034
vn -0.3563 0.9227 -0.1476
vn -0.3690 0.9227 -0.1119
vn -0.1451 0.9864 -0.0775
vn -0.2383 0.9628 -0.1274
vn -0.1368 0.9864 -0.0914
vn -0.2247 0.9628 -0.1501
vn -0.3206 0.9227 -0.2142
vn -0.3401 0.9227 -0.1818
vn -0.1271 0.9864 -0.1043
vn -0.2089 0.9628 -0.1715
vn -0.1163 0.9864 -0.1163
vn -0.1911 0.9628 -0.1911
vn -0.2727 0.9227 -0.2727
vn -0.2981 0.9227 -0.2446
vn -0.1043 0.9864 -0.1271
vn -0.1715 0.9628 -0.2089
vn -0.0914 0.9864 -0.1368
vn -0.1501 0.9628 -0.2247
vn -0.2142 0.9227 -0.3206
vn -0.2446 0.9227 -0.2981
vn -0.0775 0.9864 -0.1451
vn -0.1274 0.9628 -0.2383
vn -0.0629 0.9864 -0.1520
vn -0.1034 0.9628 -0.2497
vn -0.1476 0.9227 -0.3563
vn -0.1818 0.9227 -0.3401
vn -0.0477 0.9864 -0.1574
vn -0.0785 0.9628 -0.2586
vn -0.0321 0.9864 -0.1613
vn -0.0527 0.9628 -0.2651
vn -0.0752 0.9227 -0.3782
vn -0.1119 0.9227 -0.3690
vn -0.0161 0.9864 -0.1637
vn -0.0265 0.9628 -0.2690
vn -0.0000 0.9864 -0.1645
vn -0.0000 0.9628 -0.2703
vn -0.0000 0.9227 -0.3856
vn -0.0378 0.9227 -0.3838
vn 0.0161 0.9864 -0.1637
vn 0.0265 0.9628 -0.2690
vn 0.0321 0.9864 -0.1613
vn 0.0527 0.9628 -0.2651
vn 0.0752 0.9227 -0.3782
vn 0.0378 0.9227 -0.3838
vn 0.0477 0.9864 -0.1574
vn 0.0785 0.9628 -0.2586
vn 0.0629 0.9864 -0.1520
vn 0.1034 0.9628 -0.2497
vn 0.1476 0.9227 -0.3563
vn 0.1119 0.9227 -0.3690
vn 0.0775 0.9864 -0.1451
vn 0.1274 0.9628 -0.2383
vn 0.0914 0.9864 -0.1368
vn 0.1501 0.9628 -0.2247
vn 0.2142 0.9227 -0.3206
vn 0.1818 0.9227 -0.3401
vn 0.1043 0.9864 -0.1271
vn 0.1715 0.9628 -0.2089
vn 0.1163 0.9864 -0.1163
vn 0.1911 0.9628 -0.1911
vn 0.2727 0.9227 -0.2727
vn 0.2446 0.9227 -0.2981
vn 0.1271 0.9864 -0.1043
vn 0.2089 0.9628 -0.1715
vn 0.1368 0.9864 -0.0914
vn 0.2247 0.9628 -0.1501
vn 0.3206 0.9227 -0.2142
vn 0.2981 0.9227 -0.2446
vn 0.1451 0.9864 -0.0775
vn 0.2383 0.9628 -0.1274
vn 0.1520 0.9864 -0.0629
vn 0.2497 0.9628 -0.1034
vn 0.3563 0.9227 -0.1476
vn 0.3401 0.9227 -0.1818
vn 0.1574 0.9864 -0.0477
vn 0.2586 0.9628 -0.0785
vn 0.1613 0.9864 -0.0321
vn 0.2651 0.9628 -0.0527
vn 0.3782 0.9227 -0.0752
vn 0.3690 0.9227 -0.1119
vn 0.1637 0.9864 -0.0161
vn 0.2690 0.9628 -0.0265
vn 0.1645 0.9864 -0.0000
vn 0.2703 0.9628 -0.0000
vn 0.3856 0.9227 -0.0000
vn 0.3838 0.9227 -0.0378
vn 0.1637 0.9864 0.0161
vn 0.2690 0.9628 0.0265
vn 0.1613 0.9864 0.0321
vn 0.2651 0.9628 0.0527
vn 0.3782 0.9227 0.0752
vn 0.3838 0.9227 0.0378
vn 0.1574 0.9864 0.0477
vn 0.2586 0.9628 0.0785
vn 0.1520 0.9864 0.0629
vn 0.2497 0.9628 0.1034
vn 0.3563 0.9227 0.1476
vn 0.3690 0.9227 0.1119
vn 0.1451 0.9864 0.0775
vn 0.2383 0.9628 0.1274
vn 0.1368 0.9864 0.0914
vn 0.2247 0.9628 0.1501
vn 0.3206 0.9227 0.2142
vn 0.3401 0.9227 0.1818
vn 0.1271 0.9864 0.1043
vn 0.2089 0.9628 0.1715
vn 0.1163 0.9864 0.1163
vn 0.1911 0.9628 0.1911
vn 0.2727 0.9227 0.2727
vn 0.2981 0.9227 0.2446
vn 0.1043 0.9864 0.1271
vn 0.1715 0.9628 0.2089
vn 0.0914 0.9864 0.1368
vn 0.1501 0.9628 0.2247
vn 0.2142 0.9227 0.3206
vn 0.2446 0.9227 0.2981
vn 0.0775 0.9864 0.1451
vn 0.1274 0.9628 0.2383
vn 0.0629 0.9864 0.1520
vn 0.1034 0.9628 0.2497
vn 0.1476 0.9227 0.3563
vn 0.1818 0.9227 0.3401
vn 0.0477 0.9864 0.1574
vn 0.0785 0.9628 0.2586
vn 0.0321 0.9864 0.1613
vn 0.0527 0.9628 0.2651
vn 0.0752 0.9227 0.3782
vn 0.1119 0.9227 0.3690
vn 0.0161 0.9864 0.1637
vn 0.0265 0.9628 0.2690
vn 0.0378 0.9227 0.3838
vn -0.0000 0.9986 0.0537
vn -0.0053 0.9986 0.0534
vn -0.0092 0.9956 0.0931
vn -0.0000 0.9956 0.0935
vn -0.0105 0.9986 0.0527
vn -0.0182 0.9956 0.0917
vn -0.0156 0.9986 0.0514
vn -0.0271 0.9956 0.0895
vn -0.0205 0.9986 0.0496
vn -0.0358 0.9956 0.0864
vn -0.0253 0.9986 0.0473
vn -0.0441 0.9956 0.0825
vn -0.0298 0.9986 0.0446
vn -0.0520 0.9956 0.0778
vn -0.0341 0.9986 0.0415
vn -0.0593 0.9956 0.0723
vn -0.0380 0.9986 0.0380
vn -0.0661 0.9956 0.0661
vn -0.0415 0.9986 0.0341
vn -0.0723 0.9956 0.0593
vn -0.0446 0.9986 0.0298
vn -0.0778 0.9956 0.0520
vn -0.0473 0.9986 0.0253
vn -0.0825 0.9956 0.0441
vn -0.0496 0.9986 0.0205
vn -0.0864 0.9956 0.0358
vn -0.0514 0.9986 0.0156
vn -0.0895 0.9956 0.0271
vn -0.0527 0.9986 0.0105
vn -0.0917 0.9956 0.0182
vn -0.0534 0.9986 0.0053
vn -0.0931 0.9956 0.0092
vn -0.0537 0.9986 -0.0000
vn -0.0935 0.9956 -0.0000
vn -0.0534 0.9986 -0.0053
vn -0.0931 0.9956 -0.0092
vn -0.0527 0.9986 -0.0105
vn -0.0917 0.9956 -0.0182
vn -0.0514 0.9986 -0.0156
vn -0.0895 0.9956 -0.0271
vn -0.0496 0.9986 -0.0205
vn -0.0864 0.9956 -0.0358
vn -0.0473 0.9986 -0.0253
vn -0.0825 0.9956 -0.0441
vn -0.0446 0.9986 -0.0298
vn -0.0778 0.9956 -0.0520
vn -0.0415 0.9986 -0.0341
vn -0.0723 0.9956 -0.0593
vn -0.0380 0.9986 -0.0380
vn -0.0661 0.9956 -0.0661
vn -0.0341 0.9986 -0.0415
vn -0.0593 0.9956 -0.0723
vn -0.0298 0.9986 -0.0446
vn -0.0520 0.9956 -0.0778
vn -0.0253 0.9986 -0.0473
vn -0.0441 0.9956 -0.0825
vn -0.0205 0.9986 -0.0496
vn -0.0358 0.9956 -0.0864
vn -0.0156 0.9986 -0.0514
vn -0.0271 0.9956 -0.0895
vn -0.0105 0.9986 -0.0527
vn -0.0182 0.9956 -0.0917
vn -0.0053 0.9986 -0.0534
vn -0.0092 0.9956 -0.0931
vn -0.0000 0.9986 -0.0537
vn -0.0000 0.9956 -0.0935
vn 0.0053 0.9986 -0.0534
vn 0.0092 0.9956 -0.0931
vn 0.0105 0.9986 -0.0527
vn 0.0182 0.9956 -0.0917
vn 0.0156 0.9986 -0.0514
vn 0.0271 0.9956 -0.0895
vn 0.0205 0.9986 -0.0496
vn 0.0358 0.9956 -0.0864
vn 0.0253 0.9986 -0.0473
vn 0.0441 0.9956 -0.0825
vn 0.0298 0.9986 -0.0446
vn 0.0520 0.9956 -0.0778
vn 0.0341 0.9986 -0.0415
vn 0.0593 0.9956 -0.0723
vn 0.0380 0.9986 -0.0380
vn 0.0661 0.9956 -0.0661
vn 0.0415 0.9986 -0.0341
vn 0.0723 0.9956 -0.0593
vn 0.0446 0.9986 -0.0298
vn 0.0778 0.9956 -0.0520
vn 0.0473 0.9986 -0.0253
vn 0.0825 0.9956 -0.0441
vn 0.0496 0.9986 -0.0205
vn 0.0864 0.9956 -0.0358
vn 0.0514 0.9986 -0.0156
vn 0.0895 0.9956 -0.0271
vn 0.0527 0.9986 -0.0105
vn 0.0917 0.9956 -0.0182
vn 0.0534 0.9986 -0.0053
vn 0.0931 0.9956 -0.0092
vn 0.0537 0.9986 -0.0000
vn 0.0935 0.9956 -0.0000
vn 0.0534 0.9986 0.0053
vn 0.0931 0.9956 0.0092
vn 0.0527 0.9986 0.0105
vn 0.0917 0.9956 0.0182
vn 0.0514 0.9986 0.0156
vn 0.0895 0.9956 0.0271
vn 0.0496 0.9986 0.0205
vn 0.0864 0.9956 0.0358
vn 0.0473 0.9986 0.0253
vn 0.0825 0.9956 0.0441
vn 0.0446 0.9986 0.0298
vn 0.0778 0.9956 0.0520
vn 0.0415 0.9986 0.0341
vn 0.0723 0.9956 0.0593
vn 0.0380 0.9986 0.0380
vn 0.0661 0.9956 0.0661
vn 0.0341 0.9986 0.0415
vn 0.0593 0.9956 0.0723
vn 0.0298 0.9986 0.0446
vn 0.0520 0.9956 0.0778
vn 0.0253 0.9986 0.0473
vn 0.0441 0.9956 0.0825
vn 0.0205 0.9986 0.0496
vn 0.0358 0.9956 0.0864
vn 0.0156 0.9986 0.0514
vn 0.0271 0.9956 0.0895
vn 0.0105 0.9986 0.0527
vn 0.0182 0.9956 0.0917
vn 0.0053 0.9986 0.0534
vn 0.0092 0.9956 0.0931
vn -0.0000 1.0000 0.0026
vn -0.0003 1.0000 0.0029
vn -0.0021 0.9998 0.0218
vn -0.0000 0.9998 0.0217
vn -0.0005 1.0000 0.0025
vn -0.0042 0.9998 0.0213
vn -0.0009 1.0000 0.0028
vn -0.0064 0.9998 0.0209
vn -0.0010 1.0000 0.0024
vn -0.0083 0.9998 0.0200
vn -0.0014 1.0000 0.0026
vn -0.0103 0.9998 0.0193
vn -0.0014 1.0000 0.0022
vn -0.0120 0.9998 0.0180
vn -0.0019 1.0000 0.0023
vn -0.0139 0.9998 0.0169
vn -0.0018 1.0000 0.0018
vn -0.0153 0.9998 0.0153
vn -0.0023 1.0000 0.0019
vn -0.0169 0.9998 0.0139
vn -0.0022 1.0000 0.0014
vn -0.0180 0.9998 0.0120
vn -0.0026 1.0000 0.0014
vn -0.0193 0.9998 0.0103
vn -0.0024 1.0000 0.0010
vn -0.0200 0.9998 0.0083
vn -0.0028 1.0000 0.0009
vn -0.0209 0.9998 0.0064
vn -0.0025 1.0000 0.0005
vn -0.0213 0.9998 0.0042
vn -0.0029 1.0000 0.0003
vn -0.0218 0.9998 0.0021
vn -0.0026 1.0000 -0.0000
vn -0.0217 0.9998 -0.0000
vn -0.0029 1.0000 -0.0003
vn -0.0218 0.9998 -0.0021
vn -0.0025 1.0000 -0.0005
vn -0.0213 0.9998 -0.0042
vn -0.0028 1.0000 -0.0009
vn -0.0209 0.9998 -0.0064
vn -0.0024 1.0000 -0.0010
vn -0.0200 0.9998 -0.0083
vn -0.0026 1.0000 -0.0014
vn -0.0193 0.9998 -0.0103
vn -0.0022 1.0000 -0.0014
vn -0.0180 0.9998 -0.0120
vn -0.0023 1.0000 -0.0019
vn -0.0169 0.9998 -0.0139
vn -0.0018 1.0000 -0.0018
vn -0.0153 0.9998 -0.0153
vn -0.0019 1.0000 -0.0023
vn -0.0139 0.9998 -0.0169
vn -0.0014 1.0000 -0.0022
vn -0.0120 0.9998 -0.0180
vn -0.0014 1.0000 -0.0026
vn -0.0103 0.9998 -0.0193
vn -0.0010 1.0000 -0.0024
vn -0.0083 0.9998 -0.0200
vn -0.0009 1.0000 -0.0028
vn -0.0064 0.9998 -0.0209
vn -0.0005 1.0000 -0.0025
vn -0.0042 0.9998 -0.0213
vn -0.0003 1.0000 -0.0029
vn -0.0021 0.9998 -0.0218
vn -0.0000 1.0000 -0.0026
vn -0.0000 0.9998 -0.0217
vn 0.0003 1.0000 -0.0029
vn 0.0021 0.9998 -0.0218
vn 0.0005 1.0000 -0.0025
vn 0.0042 0.9998 -0.0213
vn 0.0009 1.0000 -0.0028
vn 0.0064 0.9998 -0.0209
vn 0.0010 1.0000 -0.0024
vn 0.0083 0.9998 -0.0200
vn 0.0014 1.0000 -0.0026
vn 0.0103 0.9998 -0.0193
vn 0.0014 1.0000 -0.0022
vn 0.0120 0.9998 -0.0180
vn 0.0019 1.0000 -0.0023
vn 0.0139 0.9998 -0.0169
vn 0.0018 1.0000 -0.0018
vn 0.0153 0.9998 -0.0153
vn 0.0023 1.0000 -0.0019
vn 0.0169 0.9998 -0.0139
vn 0.0022 1.0000 -0.0014
vn 0.0180 0.9998 -0.0120
vn 0.0026 1.0000 -0.0014
vn 0.0193 0.9998 -0.0103
vn 0.0024 1.0000 -0.0010
vn 0.0200 0.9998 -0.0083
vn 0.0028 1.0000 -0.0009
vn 0.0209 0.9998 -0.0064
vn 0.0025 1.0000 -0.0005
vn 0.0213 0.9998 -0.0042
vn 0.0029 1.0000 -0.0003
vn 0.0218 0.9998 -0.0021
vn 0.0026 1.0000 -0.0000
vn 0.0217 0.9998 -0.0000
vn 0.0029 1.0000 0.0003
vn 0.0218 0.9998 0.0021
vn 0.0025 1.0000 0.0005
vn 0.0213 0.9998 0.0042
vn 0.0028 1.0000 0.0009
vn 0.0209 0.9998 0.0064
vn 0.0024 1.0000 0.0010
vn 0.0200 0.9998 0.0083
vn 0.0026 1.0000 0.0014
vn 0.0193 0.9998 0.0103
vn 0.0022 1.0000 0.0014
vn 0.0180 0.9998 0.0120
vn 0.0023 1.0000 0.0019
vn 0.0169 0.9998 0.0139
vn 0.0018 1.0000 0.0018
vn 0.0153 0.9998 0.0153
vn 0.0019 1.0000 0.0023
vn 0.0139 0.9998 0.0169
vn 0.0014 1.0000 0.0022
vn 0.0120 0.9998 0.0180
vn 0.0014 1.0000 0.0026
vn 0.0103 0.9998 0.0193
vn 0.0010 1.0000 0.0024
vn 0.0083 0.9998 0.0200
vn 0.0009 1.0000 0.0028
vn 0.0064 0.9998 0.0209
vn 0.0005 1.0000 0.0025
vn 0.0042 0.9998 0.0213
vn 0.0003 1.0000 0.0029
vn 0.0021 0.9998 0.0218
vn -0.0000 1.0000 -0.0000
vn 0.1415 -0.8731 -0.4666
vn 0.1132 -0.9208 -0.3733
vn 0.1647 -0.8234 -0.5430
vn 0.2172 -0.8234 -0.5243
vn 0.1866 -0.8731 -0.4505
vn 0.1493 -0.9208 -0.3604
vn -0.0761 -0.9208 -0.3826
vn -0.0951 -0.8731 -0.4782
vn -0.0478 -0.8731 -0.4852
vn -0.0382 -0.9208 -0.3882
vn -0.1107 -0.8234 -0.5565
vn -0.0556 -0.8234 -0.5647
vn 0.2167 -0.9208 -0.3243
vn 0.2709 -0.8731 -0.4054
vn 0.3093 -0.8731 -0.3769
vn 0.2475 -0.9208 -0.3015
vn 0.3153 -0.8234 -0.4718
vn 0.3600 -0.8234 -0.4386
vn 0.4012 -0.8234 -0.4012
vn 0.3448 -0.8731 -0.3448
vn 0.2758 -0.9208 -0.2758
vn 0.3769 -0.8731 -0.3093
vn 0.3015 -0.9208 -0.2475
vn 0.4386 -0.8234 -0.3600
vn 0.4718 -0.8234 -0.3153
vn 0.4054 -0.8731 -0.2709
vn 0.3243 -0.9208 -0.2167
vn 0.4300 -0.8731 -0.2298
vn 0.3440 -0.9208 -0.1839
vn 0.5004 -0.8234 -0.2675
vn 0.5243 -0.8234 -0.2172
vn 0.4505 -0.8731 -0.1866
vn 0.3604 -0.9208 -0.1493
vn 0.4666 -0.8731 -0.1415
vn 0.3733 -0.9208 -0.1132
vn 0.5430 -0.8234 -0.1647
vn 0.5565 -0.8234 -0.1107
vn 0.4782 -0.8731 -0.0951
vn 0.3826 -0.9208 -0.0761
vn 0.4852 -0.8731 -0.0478
vn 0.3882 -0.9208 -0.0382
vn 0.5647 -0.8234 -0.0556
vn 0.5674 -0.8234 -0.0000
vn 0.4876 -0.8731 -0.0000
vn 0.3901 -0.9208 -0.0000
vn 0.4852 -0.8731 0.0478
vn 0.3882 -0.9208 0.0382
vn 0.5647 -0.8234 0.0556
vn 0.5565 -0.8234 0.1107
vn 0.4782 -0.8731 0.0951
vn 0.3826 -0.9208 0.0761
vn 0.4666 -0.8731 0.1415
vn 0.3733 -0.9208 0.1132
vn 0.5430 -0.8234 0.1647
vn 0.5243 -0.8234 0.2172
vn 0.4505 -0.8731 0.1866
vn 0.3604 -0.9208 0.1493
vn 0.4300 -0.8731 0.2298
vn 0.3440 -0.9208 0.1839
vn 0.5004 -0.8234 0.2675
vn 0.4718 -0.8234 0.3153
vn 0.4054 -0.8731 0.2709
vn 0.3243 -0.9208 0.2167
vn 0.3769 -0.8731 0.3093
vn 0.3015 -0.9208 0.2475
vn 0.4386 -0.8234 0.3600
vn 0.4012 -0.8234 0.4012
vn 0.3448 -0.8731 0.3448
vn 0.2758 -0.9208 0.2758
vn 0.3093 -0.8731 0.3769
vn 0.2475 -0.9208 0.3015
vn 0.3600 -0.8234 0.4386
vn 0.3153 -0.8234 0.4718
vn 0.2709 -0.8731 0.4054
vn 0.2167 -0.9208 0.3243
vn 0.2298 -0.8731 0.4300
vn 0.1839 -0.9208 0.3440
vn 0.2675 -0.8234 0.5004
vn 0.2172 -0.8234 0.5243
vn 0.1866 -0.8731 0.4505
vn 0.1493 -0.9208 0.3604
vn 0.1415 -0.8731 0.4666
vn 0.1132 -0.9208 0.3733
vn 0.1647 -0.8234 0.5430
vn 0.1107 -0.8234 0.5565
vn 0.0951 -0.8731 0.4782
vn 0.0761 -0.9208 0.3826
vn 0.0478 -0.8731 0.4852
vn 0.0382 -0.9208 0.3882
vn 0.0556 -0.8234 0.5647
vn -0.0000 -0.8234 0.5674
vn -0.0000 -0.8731 0.4876
vn -0.0000 -0.9208 0.3901
vn -0.0478 -0.8731 0.4852
vn -0.0382 -0.9208 0.3882
vn -0.0556 -0.8234 0.5647
vn -0.1107 -0.8234 0.5565
vn -0.0951 -0.8731 0.4782
vn -0.0761 -0.9208 0.3826
vn -0.1415 -0.8731 0.4666
vn -0.1132 -0.9208 0.3733
vn -0.1647 -0.8234 0.5430
vn -0.2172 -0.8234 0.5243
vn -0.1866 -0.8731 0.4505
vn -0.1493 -0.9208 0.3604
vn -0.2298 -0.8731 0.4300
vn -0.1839 -0.9208 0.3440
vn -0.2675 -0.8234 0.5004
vn -0.3153 -0.8234 0.4718
vn -0.2709 -0.8731 0.4054
vn -0.2167 -0.9208 0.3243
vn -0.3093 -0.8731 0.3769
vn -0.2475 -0.9208 0.3015
vn -0.3600 -0.8234 0.4386
vn -0.4012 -0.8234 0.4012
vn -0.3448 -0.8731 0.3448
vn -0.2758 -0.9208 0.2758
vn -0.3769 -0.8731 0.3093
vn -0.3015 -0.9208 0.2475
vn -0.4386 -0.8234 0.3600
vn -0.4718 -0.8234 0.3153
vn -0.4054 -0.8731 0.2709
vn -0.3243 -0.9208 0.2167
vn -0.4300 -0.8731 0.2298
vn -0.3440 -0.9208 0.1839
vn -0.5004 -0.8234 0.2675
vn -0.5243 -0.8234 0.2172
vn -0.4505 -0.8731 0.1866
vn -0.3604 -0.9208 0.1493
vn -0.4666 -0.8731 0.1415
vn -0.3733 -0.9208 0.1132
vn -0.5430 -0.8234 0.1647
vn -0.5565 -0.8234 0.1107
vn -0.4782 -0.8731 0.0951
vn -0.3826 -0.9208 0.0761
vn -0.4852 -0.8731 0.0478
vn -0.3882 -0.9208 0.0382
vn -0.5647 -0.8234 0.0556
vn -0.5674 -0.8234 -0.0000
vn -0.4876 -0.8731 -0.0000
vn -0.3901 -0.9208 -0.0000
vn -0.4852 -0.8731 -0.0478
vn -0.3882 -0.9208 -0.0382
vn -0.5647 -0.8234 -0.0556
vn -0.5565 -0.8234 -0.1107
vn -0.4782 -0.8731 -0.0951
vn -0.3826 -0.9208 -0.0761
vn -0.4666 -0.8731 -0.1415
vn -0.3733 -0.9208 -0.1132
vn -0.5430 -0.8234 -0.1647
vn -0.5243 -0.8234 -0.2172
vn -0.4505 -0.8731 -0.1866
vn -0.3604 -0.9208 -0.1493
vn -0.4300 -0.8731 -0.2298
vn -0.3440 -0.9208 -0.1839
vn -0.5004 -0.8234 -0.2675
vn -0.4718 -0.8234 -0.3153
vn -0.4054 -0.8731 -0.2709
vn -0.3243 -0.9208 -0.2167
vn -0.3769 -0.8731 -0.3093
vn -0.3015 -0.9208 -0.2475
vn -0.4386 -0.8234 -0.3600
vn -0.4012 -0.8234 -0.4012
vn -0.3448 -0.8731 -0.3448
vn -0.2758 -0.9208 -0.2758
vn -0.3093 -0.8731 -0.3769
vn -0.2475 -0.9208 -0.3015
vn -0.3600 -0.8234 -0.4386
vn -0.3153 -0.8234 -0.4718
vn -0.2709 -0.8731 -0.4054
vn -0.2167 -0.9208 -0.3243
vn -0.2298 -0.8731 -0.4300
vn -0.1839 -0.9208 -0.3440
vn -0.2675 -0.8234 -0.5004
vn -0.2172 -0.8234 -0.5243
vn -0.1866 -0.8731 -0.4505
vn -0.1493 -0.9208 -0.3604
vn -0.1415 -0.8731 -0.4666
vn -0.1132 -0.9208 -0.3733
vn -0.1647 -0.8234 -0.5430
vn 0.2298 -0.8731 -0.4300
vn 0.1839 -0.9208 -0.3440
vn 0.2675 -0.8234 -0.5004
vn -0.0000 -0.9799 -0.1993
vn -0.0000 -0.9570 -0.2901
vn 0.0284 -0.9570 -0.2887
vn 0.0195 -0.9799 -0.1983
vn 0.0566 -0.9570 -0.2845
vn 0.0389 -0.9799 -0.1955
vn 0.0842 -0.9570 -0.2776
vn 0.0579 -0.9799 -0.1907
vn 0.1110 -0.9570 -0.2680
vn 0.0763 -0.9799 -0.1841
vn 0.1368 -0.9570 -0.2559
vn 0.0940 -0.9799 -0.1758
vn 0.1612 -0.9570 -0.2412
vn 0.1107 -0.9799 -0.1657
vn 0.1840 -0.9570 -0.2243
vn 0.1264 -0.9799 -0.1541
vn 0.2051 -0.9570 -0.2051
vn 0.1409 -0.9799 -0.1409
vn 0.2243 -0.9570 -0.1840
vn 0.1541 -0.9799 -0.1264
vn 0.2412 -0.9570 -0.1612
vn 0.1657 -0.9799 -0.1107
vn 0.2559 -0.9570 -0.1368
vn 0.1758 -0.9799 -0.0940
vn 0.2680 -0.9570 -0.1110
vn 0.1841 -0.9799 -0.0763
vn 0.2776 -0.9570 -0.0842
vn 0.1907 -0.9799 -0.0579
vn 0.2845 -0.9570 -0.0566
vn 0.1955 -0.9799 -0.0389
vn 0.2887 -0.9570 -0.0284
vn 0.1983 -0.9799 -0.0195
vn 0.2901 -0.9570 -0.0000
vn 0.1993 -0.9799 -0.0000
vn 0.2887 -0.9570 0.0284
vn 0.1983 -0.9799 0.0195
vn 0.2845 -0.9570 0.0566
vn 0.1955 -0.9799 0.0389
vn 0.2776 -0.9570 0.0842
vn 0.1907 -0.9799 0.0579
vn 0.2680 -0.9570 0.1110
vn 0.1841 -0.9799 0.0763
vn 0.2559 -0.9570 0.1368
vn 0.1758 -0.9799 0.0940
vn 0.2412 -0.9570 0.1612
vn 0.1657 -0.9799 0.1107
vn 0.2243 -0.9570 0.1840
vn 0.1541 -0.9799 0.1264
vn 0.2051 -0.9570 0.2051
vn 0.1409 -0.9799 0.1409
vn 0.1840 -0.9570 0.2243
vn 0.1264 -0.9799 0.1541
vn 0.1612 -0.9570 0.2412
vn 0.1107 -0.9799 0.1657
vn 0.1368 -0.9570 0.2559
vn 0.0940 -0.9799 0.1758
vn 0.1110 -0.9570 0.2680
vn 0.0763 -0.9799 0.1841
vn 0.0842 -0.9570 0.2776
vn 0.0579 -0.9799 0.1907
vn 0.0566 -0.9570 0.2845
vn 0.0389 -0.9799 0.1955
vn 0.0284 -0.9570 0.2887
vn 0.0195 -0.9799 0.1983
vn -0.0000 -0.9570 0.2901
vn -0.0000 -0.9799 0.1993
vn -0.0284 -0.9570 0.2887
vn -0.0195 -0.9799 0.1983
vn -0.0566 -0.9570 0.2845
vn -0.0389 -0.9799 0.1955
vn -0.0842 -0.9570 0.2776
vn -0.0579 -0.9799 0.1907
vn -0.1110 -0.9570 0.2680
vn -0.0763 -0.9799 0.1841
vn -0.1368 -0.9570 0.2559
vn -0.0940 -0.9799 0.1758
vn -0.1612 -0.9570 0.2412
vn -0.1107 -0.9799 0.1657
vn -0.1840 -0.9570 0.2243
vn -0.1264 -0.9799 0.1541
vn -0.2051 -0.9570 0.2051
vn -0.1409 -0.9799 0.1409
vn -0.2243 -0.9570 0.1840
vn -0.1541 -0.9799 0.1264
vn -0.2412 -0.9570 0.1612
vn -0.1657 -0.9799 0.1107
vn -0.2559 -0.9570 0.1368
vn -0.1758 -0.9799 0.0940
vn -0.2680 -0.9570 0.1110
vn -0.1841 -0.9799 0.0763
vn -0.2776 -0.9570 0.0842
vn -0.1907 -0.9799 0.0579
vn -0.2845 -0.9570 0.0566
vn -0.1955 -0.9799 0.0389
vn -0.2887 -0.9570 0.0284
vn -0.1983 -0.9799 0.0195
vn -0.2901 -0.9570 -0.0000
vn -0.1993 -0.9799 -0.0000
vn -0.2887 -0.9570 -0.0284
vn -0.1983 -0.9799 -0.0195
vn -0.2845 -0.9570 -0.0566
vn -0.1955 -0.9799 -0.0389
vn -0.2776 -0.9570 -0.0842
vn -0.1907 -0.9799 -0.0579
vn -0.2680 -0.9570 -0.1110
vn -0.1841 -0.9799 -0.0763
vn -0.2559 -0.9570 -0.1368
vn -0.1758 -0.9799 -0.0940
vn -0.2412 -0.9570 -0.1612
vn -0.1657 -0.9799 -0.1107
vn -0.2243 -0.9570 -0.1840
vn -0.1541 -0.9799 -0.1264
vn -0.2051 -0.9570 -0.2051
vn -0.1409 -0.9799 -0.1409
vn -0.1840 -0.9570 -0.2243
vn -0.1264 -0.9799 -0.1541
vn -0.1612 -0.9570 -0.2412
vn -0.1107 -0.9799 -0.1657
vn -0.1368 -0.9570 -0.2559
vn -0.0940 -0.9799 -0.1758
vn -0.1110 -0.9570 -0.2680
vn -0.0763 -0.9799 -0.1841
vn -0.0842 -0.9570 -0.2776
vn -0.0579 -0.9799 -0.1907
vn -0.0566 -0.9570 -0.2845
vn -0.0389 -0.9799 -0.1955
vn -0.0284 -0.9570 -0.2887
vn -0.0195 -0.9799 -0.1983
vn -0.0000 -0.9976 -0.0687
vn -0.0000 -0.9924 -0.1227
vn 0.0120 -0.9924 -0.1221
vn 0.0067 -0.9976 -0.0684
vn 0.0239 -0.9924 -0.1203
vn 0.0134 -0.9976 -0.0674
vn 0.0356 -0.9924 -0.1174
vn 0.0199 -0.9976 -0.0658
vn 0.0469 -0.9924 -0.1133
vn 0.0263 -0.9976 -0.0635
vn 0.0578 -0.9924 -0.1082
vn 0.0324 -0.9976 -0.0606
vn 0.0681 -0.9924 -0.1020
vn 0.0382 -0.9976 -0.0571
vn 0.0778 -0.9924 -0.0948
vn 0.0436 -0.9976 -0.0531
vn 0.0867 -0.9924 -0.0867
vn 0.0486 -0.9976 -0.0486
vn 0.0948 -0.9924 -0.0778
vn 0.0531 -0.9976 -0.0436
vn 0.1020 -0.9924 -0.0681
vn 0.0571 -0.9976 -0.0382
vn 0.1082 -0.9924 -0.0578
vn 0.0606 -0.9976 -0.0324
vn 0.1133 -0.9924 -0.0469
vn 0.0635 -0.9976 -0.0263
vn 0.1174 -0.9924 -0.0356
vn 0.0658 -0.9976 -0.0199
vn 0.1203 -0.9924 -0.0239
vn 0.0674 -0.9976 -0.0134
vn 0.1221 -0.9924 -0.0120
vn 0.0684 -0.9976 -0.0067
vn 0.1227 -0.9924 -0.0000
vn 0.0687 -0.9976 -0.0000
vn 0.1221 -0.9924 0.0120
vn 0.0684 -0.9976 0.0067
vn 0.1203 -0.9924 0.0239
vn 0.0674 -0.9976 0.0134
vn 0.1174 -0.9924 0.0356
vn 0.0658 -0.9976 0.0199
vn 0.1133 -0.9924 0.0469
vn 0.0635 -0.9976 0.0263
vn 0.1082 -0.9924 0.0578
vn 0.0606 -0.9976 0.0324
vn 0.1020 -0.9924 0.0681
vn 0.0571 -0.9976 0.0382
vn 0.0948 -0.9924 0.0778
vn 0.0531 -0.9976 0.0436
vn 0.0867 -0.9924 0.0867
vn 0.0486 -0.9976 0.0486
vn 0.0778 -0.9924 0.0948
vn 0.0436 -0.9976 0.0531
vn 0.0681 -0.9924 0.1020
vn 0.0382 -0.9976 0.0571
vn 0.0578 -0.9924 0.1082
vn 0.0324 -0.9976 0.0606
vn 0.0469 -0.9924 0.1133
vn 0.0263 -0.9976 0.0635
vn 0.0356 -0.9924 0.1174
vn 0.0199 -0.9976 0.0658
vn 0.0239 -0.9924 0.1203
vn 0.0134 -0.9976 0.0674
vn 0.0120 -0.9924 0.1221
vn 0.0067 -0.9976 0.0684
vn -0.0000 -0.9924 0.1227
vn -0.0000 -0.9976 0.0687
vn -0.0120 -0.9924 0.1221
vn -0.0067 -0.9976 0.0684
vn -0.0239 -0.9924 0.1203
vn -0.0134 -0.9976 0.0674
vn -0.0356 -0.9924 0.1174
vn -0.0199 -0.9976 0.0658
vn -0.0469 -0.9924 0.1133
vn -0.0263 -0.9976 0.0635
vn -0.0578 -0.9924 0.1082
vn -0.0324 -0.9976 0.0606
vn -0.0681 -0.9924 0.1020
vn -0.0382 -0.9976 0.0571
vn -0.0778 -0.9924 0.0948
vn -0.0436 -0.9976 0.0531
vn -0.0867 -0.9924 0.0867
vn -0.0486 -0.9976 0.0486
vn -0.0948 -0.9924 0.0778
vn -0.0531 -0.9976 0.0436
vn -0.1020 -0.9924 0.0681
vn -0.0571 -0.9976 0.0382
vn -0.1082 -0.9924 0.0578
vn -0.0606 -0.9976 0.0324
vn -0.1133 -0.9924 0.0469
vn -0.0635 -0.9976 0.0263
vn -0.1174 -0.9924 0.0356
vn -0.0658 -0.9976 0.0199
vn -0.1203 -0.9924 0.0239
vn -0.0674 -0.9976 0.0134
vn -0.1221 -0.9924 0.0120
vn -0.0684 -0.9976 0.0067
vn -0.1227 -0.9924 -0.0000
vn -0.0687 -0.9976 -0.0000
vn -0.1221 -0.9924 -0.0120
vn -0.0684 -0.9976 -0.0067
vn -0.1203 -0.9924 -0.0239
vn -0.0674 -0.9976 -0.0134
vn -0.1174 -0.9924 -0.0356
vn -0.0658 -0.9976 -0.0199
vn -0.1133 -0.9924 -0.0469
vn -0.0635 -0.9976 -0.0263
vn -0.1082 -0.9924 -0.0578
vn -0.0606 -0.9976 -0.0324
vn -0.1020 -0.9924 -0.0681
vn -0.0571 -0.9976 -0.0382
vn -0.0948 -0.9924 -0.0778
vn -0.0531 -0.9976 -0.0436
vn -0.0867 -0.9924 -0.0867
vn -0.0486 -0.9976 -0.0486
vn -0.0778 -0.9924 -0.0948
vn -0.0436 -0.9976 -0.0531
vn -0.0681 -0.9924 -0.1020
vn -0.0382 -0.9976 -0.0571
vn -0.0578 -0.9924 -0.1082
vn -0.0324 -0.9976 -0.0606
vn -0.0469 -0.9924 -0.1133
vn -0.0263 -0.9976 -0.0635
vn -0.0356 -0.9924 -0.1174
vn -0.0199 -0.9976 -0.0658
vn -0.0239 -0.9924 -0.1203
vn -0.0134 -0.9976 -0.0674
vn -0.0120 -0.9924 -0.1221
vn -0.0067 -0.9976 -0.0684
vn -0.0024 -0.9999 0.0121
vn -0.0012 -0.9999 0.0122
vn 0.0038 -0.9993 -0.0385
vn 0.0075 -0.9993 -0.0379
vn -0.0000 -0.9999 0.0123
vn -0.0000 -0.9993 -0.0387
vn -0.0000 -0.9816 -0.1910
vn 0.0187 -0.9816 -0.1901
vn 0.0373 -0.9816 -0.1873
vn -0.0068 -0.9999 0.0102
vn -0.0058 -0.9999 0.0108
vn 0.0182 -0.9993 -0.0341
vn 0.0215 -0.9993 -0.0322
vn -0.0047 -0.9999 0.0114
vn 0.0148 -0.9993 -0.0357
vn 0.0731 -0.9816 -0.1765
vn 0.0900 -0.9816 -0.1684
vn 0.1061 -0.9816 -0.1588
vn -0.0102 -0.9999 0.0068
vn -0.0095 -0.9999 0.0078
vn 0.0299 -0.9993 -0.0245
vn 0.0322 -0.9993 -0.0215
vn -0.0087 -0.9999 0.0087
vn 0.0274 -0.9993 -0.0274
vn 0.1351 -0.9816 -0.1351
vn 0.1476 -0.9816 -0.1212
vn 0.1588 -0.9816 -0.1061
vn -0.0114 -0.9999 0.0047
vn -0.0108 -0.9999 0.0058
vn 0.0341 -0.9993 -0.0182
vn 0.0357 -0.9993 -0.0148
vn 0.1684 -0.9816 -0.0900
vn 0.1765 -0.9816 -0.0731
vn -0.0121 -0.9999 0.0024
vn -0.0118 -0.9999 0.0036
vn 0.0370 -0.9993 -0.0112
vn 0.0379 -0.9993 -0.0075
vn 0.1828 -0.9816 -0.0554
vn 0.1873 -0.9816 -0.0373
vn -0.0123 -0.9999 -0.0000
vn -0.0122 -0.9999 0.0012
vn 0.0385 -0.9993 -0.0038
vn 0.0387 -0.9993 -0.0000
vn 0.1901 -0.9816 -0.0187
vn 0.1910 -0.9816 -0.0000
vn -0.0121 -0.9999 -0.0024
vn -0.0122 -0.9999 -0.0012
vn 0.0385 -0.9993 0.0038
vn 0.0379 -0.9993 0.0075
vn 0.1901 -0.9816 0.0187
vn 0.1873 -0.9816 0.0373
vn -0.0114 -0.9999 -0.0047
vn -0.0118 -0.9999 -0.0036
vn 0.0370 -0.9993 0.0112
vn 0.0357 -0.9993 0.0148
vn 0.1828 -0.9816 0.0554
vn 0.1765 -0.9816 0.0731
vn -0.0102 -0.9999 -0.0068
vn -0.0108 -0.9999 -0.0058
vn 0.0341 -0.9993 0.0182
vn 0.0322 -0.9993 0.0215
vn 0.1684 -0.9816 0.0900
vn 0.1588 -0.9816 0.1061
vn -0.0087 -0.9999 -0.0087
vn -0.0095 -0.9999 -0.0078
vn 0.0299 -0.9993 0.0245
vn 0.0274 -0.9993 0.0274
vn 0.1476 -0.9816 0.1212
vn 0.1351 -0.9816 0.1351
vn -0.0068 -0.9999 -0.0102
vn -0.0078 -0.9999 -0.0095
vn 0.0245 -0.9993 0.0299
vn 0.0215 -0.9993 0.0322
vn 0.1212 -0.9816 0.1476
vn 0.1061 -0.9816 0.1588
vn -0.0047 -0.9999 -0.0114
vn -0.0058 -0.9999 -0.0108
vn 0.0182 -0.9993 0.0341
vn 0.0148 -0.9993 0.0357
vn 0.0900 -0.9816 0.1684
vn 0.0731 -0.9816 0.1765
vn -0.0024 -0.9999 -0.0121
vn -0.0036 -0.9999 -0.0118
vn 0.0112 -0.9993 0.0370
vn 0.0075 -0.9993 0.0379
vn 0.0554 -0.9816 0.1828
vn 0.0373 -0.9816 0.1873
vn -0.0000 -0.9999 -0.0123
vn -0.0012 -0.9999 -0.0122
vn 0.0038 -0.9993 0.0385
vn -0.0000 -0.9993 0.0387
vn 0.0187 -0.9816 0.1901
vn -0.0000 -0.9816 0.1910
vn 0.0024 -0.9999 -0.0121
vn 0.0012 -0.9999 -0.0122
vn -0.0038 -0.9993 0.0385
vn -0.0075 -0.9993 0.0379
vn -0.0187 -0.9816 0.1901
vn -0.0373 -0.9816 0.1873
vn 0.0047 -0.9999 -0.0114
vn 0.0036 -0.9999 -0.0118
vn -0.0112 -0.9993 0.0370
vn -0.0148 -0.9993 0.0357
vn -0.0554 -0.9816 0.1828
vn -0.0731 -0.9816 0.1765
vn 0.0068 -0.9999 -0.0102
vn 0.0058 -0.9999 -0.0108
vn -0.0182 -0.9993 0.0341
vn -0.0215 -0.9993 0.0322
vn -0.0900 -0.9816 0.1684
vn -0.1061 -0.9816 0.1588
vn 0.0087 -0.9999 -0.0087
vn 0.0078 -0.9999 -0.0095
vn -0.0245 -0.9993 0.0299
vn -0.0274 -0.9993 0.0274
vn -0.1212 -0.9816 0.1476
vn -0.1351 -0.9816 0.1351
vn 0.0102 -0.9999 -0.0068
vn 0.0095 -0.9999 -0.0078
vn -0.0299 -0.9993 0.0245
vn -0.0322 -0.9993 0.0215
vn -0.1476 -0.9816 0.1212
vn -0.1588 -0.9816 0.1061
vn 0.0114 -0.9999 -0.0047
vn 0.0108 -0.9999 -0.0058
vn -0.0341 -0.9993 0.0182
vn -0.0357 -0.9993 0.0148
vn -0.1684 -0.9816 0.0900
vn -0.1765 -0.9816 0.0731
vn 0.0121 -0.9999 -0.0024
vn 0.0118 -0.9999 -0.0036
vn -0.0370 -0.9993 0.0112
vn -0.0379 -0.9993 0.0075
vn -0.1828 -0.9816 0.0554
vn -0.1873 -0.9816 0.0373
vn 0.0123 -0.9999 -0.0000
vn 0.0122 -0.9999 -0.0012
vn -0.0385 -0.9993 0.0038
vn -0.0387 -0.9993 -0.0000
vn -0.1901 -0.9816 0.0187
vn -0.1910 -0.9816 -0.0000
vn 0.0121 -0.9999 0.0024
vn 0.0122 -0.9999 0.0012
vn -0.0385 -0.9993 -0.0038
vn -0.0379 -0.9993 -0.0075
vn -0.1901 -0.9816 -0.0187
vn -0.1873 -0.9816 -0.0373
vn 0.0114 -0.9999 0.0047
vn 0.0118 -0.9999 0.0036
vn -0.0370 -0.9993 -0.0112
vn -0.0357 -0.9993 -0.0148
vn -0.1828 -0.9816 -0.0554
vn -0.1765 -0.9816 -0.0731
vn 0.0102 -0.9999 0.0068
vn 0.0108 -0.9999 0.0058
vn -0.0341 -0.9993 -0.0182
vn -0.0322 -0.9993 -0.0215
vn -0.1684 -0.9816 -0.0900
vn -0.1588 -0.9816 -0.1061
vn 0.0087 -0.9999 0.0087
vn 0.0095 -0.9999 0.0078
vn -0.0299 -0.9993 -0.0245
vn -0.0274 -0.9993 -0.0274
vn -0.1476 -0.9816 -0.1212
vn -0.1351 -0.9816 -0.1351
vn 0.0068 -0.9999 0.0102
vn 0.0078 -0.9999 0.0095
vn -0.0245 -0.9993 -0.0299
vn -0.0215 -0.9993 -0.0322
vn -0.1212 -0.9816 -0.1476
vn -0.1061 -0.9816 -0.1588
vn 0.0047 -0.9999 0.0114
vn 0.0058 -0.9999 0.0108
vn -0.0182 -0.9993 -0.0341
vn -0.0148 -0.9993 -0.0357
vn -0.0900 -0.9816 -0.1684
vn -0.0731 -0.9816 -0.1765
vn 0.0024 -0.9999 0.0121
vn 0.0036 -0.9999 0.0118
vn -0.0112 -0.9993 -0.0370
vn -0.0075 -0.9993 -0.0379
vn -0.0554 -0.9816 -0.1828
vn -0.0373 -0.9816 -0.1873
vn -0.0078 -0.9999 0.0095
vn 0.0245 -0.9993 -0.0299
vn 0.1212 -0.9816 -0.1476
vn -0.0386 -0.9976 0.0578
vn -0.0217 -0.9992 0.0325
vn -0.0248 -0.9992 0.0302
vn -0.0441 -0.9976 0.0537
vn -0.0277 -0.9992 0.0277
vn -0.0492 -0.9976 0.0492
vn 0.0578 -0.9976 -0.0386
vn 0.0325 -0.9992 -0.0217
vn 0.0345 -0.9992 -0.0184
vn 0.0613 -0.9976 -0.0328
vn 0.0361 -0.9992 -0.0150
vn 0.0642 -0.9976 -0.0266
vn -0.0266 -0.9976 0.0642
vn -0.0150 -0.9992 0.0361
vn -0.0184 -0.9992 0.0345
vn -0.0328 -0.9976 0.0613
vn -0.0136 -0.9976 -0.0682
vn -0.0076 -0.9992 -0.0384
vn -0.0038 -0.9992 -0.0389
vn -0.0068 -0.9976 -0.0692
vn -0.0000 -0.9992 -0.0391
vn -0.0000 -0.9976 -0.0695
vn 0.0492 -0.9976 -0.0492
vn 0.0277 -0.9992 -0.0277
vn 0.0302 -0.9992 -0.0248
vn 0.0537 -0.9976 -0.0441
vn -0.0136 -0.9976 0.0682
vn -0.0076 -0.9992 0.0384
vn -0.0114 -0.9992 0.0374
vn -0.0202 -0.9976 0.0665
vn -0.0266 -0.9976 -0.0642
vn -0.0150 -0.9992 -0.0361
vn -0.0114 -0.9992 -0.0374
vn -0.0202 -0.9976 -0.0665
vn 0.0386 -0.9976 -0.0578
vn 0.0217 -0.9992 -0.0325
vn 0.0248 -0.9992 -0.0302
vn 0.0441 -0.9976 -0.0537
vn -0.0000 -0.9976 0.0695
vn -0.0000 -0.9992 0.0391
vn -0.0038 -0.9992 0.0389
vn -0.0068 -0.9976 0.0692
vn -0.0386 -0.9976 -0.0578
vn -0.0217 -0.9992 -0.0325
vn -0.0184 -0.9992 -0.0345
vn -0.0328 -0.9976 -0.0613
vn 0.0266 -0.9976 -0.0642
vn 0.0150 -0.9992 -0.0361
vn 0.0184 -0.9992 -0.0345
vn 0.0328 -0.9976 -0.0613
vn 0.0136 -0.9976 0.0682
vn 0.0076 -0.9992 0.0384
vn 0.0038 -0.9992 0.0389
vn 0.0068 -0.9976 0.0692
vn -0.0492 -0.9976 -0.0492
vn -0.0277 -0.9992 -0.0277
vn -0.0248 -0.9992 -0.0302
vn -0.0441 -0.9976 -0.0537
vn 0.0136 -0.9976 -0.0682
vn 0.0076 -0.9992 -0.0384
vn 0.0114 -0.9992 -0.0374
vn 0.0202 -0.9976 -0.0665
vn 0.0266 -0.9976 0.0642
vn 0.0150 -0.9992 0.0361
vn 0.0114 -0.9992 0.0374
vn 0.0202 -0.9976 0.0665
vn -0.0578 -0.9976 -0.0386
vn -0.0325 -0.9992 -0.0217
vn -0.0302 -0.9992 -0.0248
vn -0.0537 -0.9976 -0.0441
vn 0.0038 -0.9992 -0.0389
vn 0.0068 -0.9976 -0.0692
vn 0.0386 -0.9976 0.0578
vn 0.0217 -0.9992 0.0325
vn 0.0184 -0.9992 0.0345
vn 0.0328 -0.9976 0.0613
vn -0.0642 -0.9976 -0.0266
vn -0.0361 -0.9992 -0.0150
vn -0.0345 -0.9992 -0.0184
vn -0.0613 -0.9976 -0.0328
vn 0.0492 -0.9976 0.0492
vn 0.0277 -0.9992 0.0277
vn 0.0248 -0.9992 0.0302
vn 0.0441 -0.9976 0.0537
vn -0.0682 -0.9976 -0.0136
vn -0.0384 -0.9992 -0.0076
vn -0.0374 -0.9992 -0.0114
vn -0.0665 -0.9976 -0.0202
vn 0.0578 -0.9976 0.0386
vn 0.0325 -0.9992 0.0217
vn 0.0302 -0.9992 0.0248
vn 0.0537 -0.9976 0.0441
vn -0.0695 -0.9976 -0.0000
vn -0.0391 -0.9992 -0.0000
vn -0.0389 -0.9992 -0.0038
vn -0.0692 -0.9976 -0.0068
vn 0.0642 -0.9976 0.0266
vn 0.0361 -0.9992 0.0150
vn 0.0345 -0.9992 0.0184
vn 0.0613 -0.9976 0.0328
vn -0.0682 -0.9976 0.0136
vn -0.0384 -0.9992 0.0076
vn -0.0389 -0.9992 0.0038
vn -0.0692 -0.9976 0.0068
vn 0.0682 -0.9976 0.0136
vn 0.0384 -0.9992 0.0076
vn 0.0374 -0.9992 0.0114
vn 0.0665 -0.9976 0.0202
vn -0.0642 -0.9976 0.0266
vn -0.0361 -0.9992 0.0150
vn -0.0374 -0.9992 0.0114
vn -0.0665 -0.9976 0.0202
vn 0.0695 -0.9976 -0.0000
vn 0.0391 -0.9992 -0.0000
vn 0.0389 -0.9992 0.0038
vn 0.0692 -0.9976 0.0068
vn -0.0578 -0.9976 0.0386
vn -0.0325 -0.9992 0.0217
vn -0.0345 -0.9992 0.0184
vn -0.0613 -0.9976 0.0328
vn 0.0682 -0.9976 -0.0136
vn 0.0384 -0.9992 -0.0076
vn 0.0389 -0.9992 -0.0038
vn 0.0692 -0.9976 -0.0068
vn -0.0302 -0.9992 0.0248
vn -0.0537 -0.9976 0.0441
vn 0.0374 -0.9992 -0.0114
vn 0.0665 -0.9976 -0.0202
vn -0.0467 0.8794 0.4738
vn -0.0000 0.8794 0.4761
vn -0.0929 0.8794 0.4670
vn -0.0961 0.8702 0.4833
vn -0.0483 0.8702 0.4904
vn -0.0000 0.8702 0.4928
vn -0.1382 0.8794 0.4556
vn -0.1822 0.8794 0.4399
vn -0.1886 0.8702 0.4553
vn -0.1430 0.8702 0.4716
vn -0.2244 0.8794 0.4199
vn -0.2645 0.8794 0.3959
vn -0.2738 0.8702 0.4097
vn -0.2323 0.8702 0.4346
vn -0.3020 0.8794 0.3680
vn -0.3367 0.8794 0.3367
vn -0.3484 0.8702 0.3484
vn -0.3126 0.8702 0.3809
vn -0.3680 0.8794 0.3020
vn -0.3959 0.8794 0.2645
vn -0.4097 0.8702 0.2738
vn -0.3809 0.8702 0.3126
vn -0.4199 0.8794 0.2244
vn -0.4399 0.8794 0.1822
vn -0.4553 0.8702 0.1886
vn -0.4346 0.8702 0.2323
vn -0.4556 0.8794 0.1382
vn -0.4670 0.8794 0.0929
vn -0.4833 0.8702 0.0961
vn -0.4716 0.8702 0.1430
vn -0.4738 0.8794 0.0467
vn -0.4761 0.8794 -0.0000
vn -0.4928 0.8702 -0.0000
vn -0.4904 0.8702 0.0483
vn -0.4738 0.8794 -0.0467
vn -0.4670 0.8794 -0.0929
vn -0.4833 0.8702 -0.0961
vn -0.4904 0.8702 -0.0483
vn -0.4556 0.8794 -0.1382
vn -0.4399 0.8794 -0.1822
vn -0.4553 0.8702 -0.1886
vn -0.4716 0.8702 -0.1430
vn -0.4199 0.8794 -0.2244
vn -0.3959 0.8794 -0.2645
vn -0.4097 0.8702 -0.2738
vn -0.4346 0.8702 -0.2323
vn -0.3680 0.8794 -0.3020
vn -0.3367 0.8794 -0.3367
vn -0.3484 0.8702 -0.3484
vn -0.3809 0.8702 -0.3126
vn -0.3020 0.8794 -0.3680
vn -0.2645 0.8794 -0.3959
vn -0.2738 0.8702 -0.4097
vn -0.3126 0.8702 -0.3809
vn -0.2244 0.8794 -0.4199
vn -0.1822 0.8794 -0.4399
vn -0.1886 0.8702 -0.4553
vn -0.2323 0.8702 -0.4346
vn -0.1382 0.8794 -0.4556
vn -0.0929 0.8794 -0.4670
vn -0.0961 0.8702 -0.4833
vn -0.1430 0.8702 -0.4716
vn -0.0467 0.8794 -0.4738
vn -0.0000 0.8794 -0.4761
vn -0.0000 0.8702 -0.4928
vn -0.0483 0.8702 -0.4904
vn 0.0467 0.8794 -0.4738
vn 0.0929 0.8794 -0.4670
vn 0.0961 0.8702 -0.4833
vn 0.0483 0.8702 -0.4904
vn 0.1382 0.8794 -0.4556
vn 0.1822 0.8794 -0.4399
vn 0.1886 0.8702 -0.4553
vn 0.1430 0.8702 -0.4716
vn 0.2244 0.8794 -0.4199
vn 0.2645 0.8794 -0.3959
vn 0.2738 0.8702 -0.4097
vn 0.2323 0.8702 -0.4346
vn 0.3020 0.8794 -0.3680
vn 0.3367 0.8794 -0.3367
vn 0.3484 0.8702 -0.3484
vn 0.3126 0.8702 -0.3809
vn 0.3680 0.8794 -0.3020
vn 0.3959 0.8794 -0.2645
vn 0.4097 0.8702 -0.2738
vn 0.3809 0.8702 -0.3126
vn 0.4199 0.8794 -0.2244
vn 0.4399 0.8794 -0.1822
vn 0.4553 0.8702 -0.1886
vn 0.4346 0.8702 -0.2323
vn 0.4556 0.8794 -0.1382
vn 0.4670 0.8794 -0.0929
vn 0.4833 0.8702 -0.0961
vn 0.4716 0.8702 -0.1430
vn 0.4738 0.8794 -0.0467
vn 0.4761 0.8794 -0.0000
vn 0.4928 0.8702 -0.0000
vn 0.4904 0.8702 -0.0483
vn 0.4738 0.8794 0.0467
vn 0.4670 0.8794 0.0929
vn 0.4833 0.8702 0.0961
vn 0.4904 0.8702 0.0483
vn 0.4556 0.8794 0.1382
vn 0.4399 0.8794 0.1822
vn 0.4553 0.8702 0.1886
vn 0.4716 0.8702 0.1430
vn 0.4199 0.8794 0.2244
vn 0.3959 0.8794 0.2645
vn 0.4097 0.8702 0.2738
vn 0.4346 0.8702 0.2323
vn 0.3680 0.8794 0.3020
vn 0.3367 0.8794 0.3367
vn 0.3484 0.8702 0.3484
vn 0.3809 0.8702 0.3126
vn 0.3020 0.8794 0.3680
vn 0.2645 0.8794 0.3959
vn 0.2738 0.8702 0.4097
vn 0.3126 0.8702 0.3809
vn 0.2244 0.8794 0.4199
vn 0.1822 0.8794 0.4399
vn 0.1886 0.8702 0.4553
vn 0.2323 0.8702 0.4346
vn 0.1382 0.8794 0.4556
vn 0.0929 0.8794 0.4670
vn 0.0961 0.8702 0.4833
vn 0.1430 0.8702 0.4716
vn 0.0467 0.8794 0.4738
vn 0.0483 0.8702 0.4904
vn 0.0676 0.7239 -0.6866
vn 0.0492 0.8651 -0.4992
vn 0.0979 0.8651 -0.4919
vn -0.0000 0.8651 -0.5016
vn -0.0000 0.9920 -0.1266
vn 0.0124 0.9920 -0.1260
vn 0.0247 0.9920 -0.1242
vn -0.0309 0.9489 0.3140
vn -0.0615 0.9489 0.3094
vn -0.0000 0.9489 0.3155
vn 0.1456 0.8651 -0.4800
vn 0.1919 0.8651 -0.4634
vn 0.0367 0.9920 -0.1211
vn 0.0484 0.9920 -0.1170
vn -0.0916 0.9489 0.3019
vn -0.1207 0.9489 0.2915
vn 0.2364 0.8651 -0.4423
vn 0.2787 0.8651 -0.4170
vn 0.0597 0.9920 -0.1116
vn 0.0703 0.9920 -0.1053
vn -0.1487 0.9489 0.2782
vn -0.1753 0.9489 0.2623
vn 0.3182 0.8651 -0.3877
vn 0.3547 0.8651 -0.3547
vn 0.0803 0.9920 -0.0979
vn 0.0895 0.9920 -0.0895
vn -0.2002 0.9489 0.2439
vn -0.2231 0.9489 0.2231
vn 0.3877 0.8651 -0.3182
vn 0.4170 0.8651 -0.2787
vn 0.0979 0.9920 -0.0803
vn 0.1053 0.9920 -0.0703
vn -0.2439 0.9489 0.2002
vn -0.2623 0.9489 0.1753
vn 0.4423 0.8651 -0.2364
vn 0.4634 0.8651 -0.1919
vn 0.1116 0.9920 -0.0597
vn 0.1170 0.9920 -0.0484
vn -0.2782 0.9489 0.1487
vn -0.2915 0.9489 0.1207
vn 0.4800 0.8651 -0.1456
vn 0.4919 0.8651 -0.0979
vn 0.1211 0.9920 -0.0367
vn 0.1242 0.9920 -0.0247
vn -0.3019 0.9489 0.0916
vn -0.3094 0.9489 0.0615
vn 0.4991 0.8651 -0.0492
vn 0.5016 0.8651 -0.0000
vn 0.1260 0.9920 -0.0124
vn 0.1266 0.9920 -0.0000
vn -0.3140 0.9489 0.0309
vn -0.3155 0.9489 -0.0000
vn 0.4991 0.8651 0.0492
vn 0.4919 0.8651 0.0979
vn 0.1260 0.9920 0.0124
vn 0.1242 0.9920 0.0247
vn -0.3140 0.9489 -0.0309
vn -0.3094 0.9489 -0.0615
vn 0.4800 0.8651 0.1456
vn 0.4634 0.8651 0.1919
vn 0.1211 0.9920 0.0367
vn 0.1170 0.9920 0.0484
vn -0.3019 0.9489 -0.0916
vn -0.2915 0.9489 -0.1207
vn 0.4423 0.8651 0.2364
vn 0.4170 0.8651 0.2787
vn 0.1116 0.9920 0.0597
vn 0.1053 0.9920 0.0703
vn -0.2782 0.9489 -0.1487
vn -0.2623 0.9489 -0.1753
vn 0.3877 0.8651 0.3182
vn 0.3547 0.8651 0.3547
vn 0.0979 0.9920 0.0803
vn 0.0895 0.9920 0.0895
vn -0.2439 0.9489 -0.2002
vn -0.2231 0.9489 -0.2231
vn 0.3182 0.8651 0.3877
vn 0.2787 0.8651 0.4170
vn 0.0803 0.9920 0.0979
vn 0.0703 0.9920 0.1053
vn -0.2002 0.9489 -0.2439
vn -0.1753 0.9489 -0.2623
vn 0.2364 0.8651 0.4423
vn 0.1919 0.8651 0.4634
vn 0.0597 0.9920 0.1116
vn 0.0484 0.9920 0.1170
vn -0.1487 0.9489 -0.2782
vn -0.1207 0.9489 -0.2915
vn 0.1456 0.8651 0.4800
vn 0.0979 0.8651 0.4919
vn 0.0367 0.9920 0.1211
vn 0.0247 0.9920 0.1242
vn -0.0916 0.9489 -0.3019
vn -0.0615 0.9489 -0.3094
vn 0.0492 0.8651 0.4992
vn -0.0000 0.8651 0.5016
vn 0.0124 0.9920 0.1260
vn -0.0000 0.9920 0.1266
vn -0.0309 0.9489 -0.3140
vn -0.0000 0.9489 -0.3155
vn -0.0492 0.8651 0.4992
vn -0.0979 0.8651 0.4919
vn -0.0124 0.9920 0.1260
vn -0.0247 0.9920 0.1242
vn 0.0309 0.9489 -0.3140
vn 0.0615 0.9489 -0.3094
vn -0.1456 0.8651 0.4800
vn -0.1919 0.8651 0.4634
vn -0.0367 0.9920 0.1211
vn -0.0484 0.9920 0.1170
vn 0.0916 0.9489 -0.3019
vn 0.1207 0.9489 -0.2915
vn -0.2364 0.8651 0.4423
vn -0.2787 0.8651 0.4170
vn -0.0597 0.9920 0.1116
vn -0.0703 0.9920 0.1053
vn 0.1487 0.9489 -0.2782
vn 0.1753 0.9489 -0.2623
vn -0.3182 0.8651 0.3877
vn -0.3547 0.8651 0.3547
vn -0.0803 0.9920 0.0979
vn -0.0895 0.9920 0.0895
vn 0.2002 0.9489 -0.2439
vn 0.2231 0.9489 -0.2231
vn -0.3877 0.8651 0.3182
vn -0.4170 0.8651 0.2787
vn -0.0979 0.9920 0.0803
vn -0.1053 0.9920 0.0703
vn 0.2439 0.9489 -0.2002
vn 0.2623 0.9489 -0.1753
vn -0.4423 0.8651 0.2364
vn -0.4634 0.8651 0.1919
vn -0.1116 0.9920 0.0597
vn -0.1170 0.9920 0.0484
vn 0.2782 0.9489 -0.1487
vn 0.2915 0.9489 -0.1207
vn -0.4800 0.8651 0.1456
vn -0.4919 0.8651 0.0979
vn -0.1211 0.9920 0.0367
vn -0.1242 0.9920 0.0247
vn 0.3019 0.9489 -0.0916
vn 0.3094 0.9489 -0.0615
vn -0.4991 0.8651 0.0492
vn -0.5016 0.8651 -0.0000
vn -0.1260 0.9920 0.0124
vn -0.1266 0.9920 -0.0000
vn 0.3140 0.9489 -0.0309
vn 0.3155 0.9489 -0.0000
vn -0.4991 0.8651 -0.0492
vn -0.4919 0.8651 -0.0979
vn -0.1260 0.9920 -0.0124
vn -0.1242 0.9920 -0.0247
vn 0.3140 0.9489 0.0309
vn 0.3094 0.9489 0.0615
vn -0.4800 0.8651 -0.1456
vn -0.4634 0.8651 -0.1919
vn -0.1211 0.9920 -0.0367
vn -0.1170 0.9920 -0.0484
vn 0.3019 0.9489 0.0916
vn 0.2915 0.9489 0.1207
vn -0.4423 0.8651 -0.2364
vn -0.4170 0.8651 -0.2787
vn -0.1116 0.9920 -0.0597
vn -0.1053 0.9920 -0.0703
vn 0.2782 0.9489 0.1487
vn 0.2623 0.9489 0.1753
vn -0.3877 0.8651 -0.3182
vn -0.3547 0.8651 -0.3547
vn -0.0979 0.9920 -0.0803
vn -0.0895 0.9920 -0.0895
vn 0.2439 0.9489 0.2002
vn 0.2231 0.9489 0.2231
vn -0.3182 0.8651 -0.3877
vn -0.2787 0.8651 -0.4170
vn -0.0803 0.9920 -0.0979
vn -0.0703 0.9920 -0.1053
vn 0.2002 0.9489 0.2439
vn 0.1753 0.9489 0.2623
vn -0.2364 0.8651 -0.4423
vn -0.1919 0.8651 -0.4634
vn -0.0597 0.9920 -0.1116
vn -0.0484 0.9920 -0.1170
vn 0.1487 0.9489 0.2782
vn 0.1207 0.9489 0.2915
vn -0.1456 0.8651 -0.4800
vn -0.0979 0.8651 -0.4919
vn -0.0367 0.9920 -0.1211
vn -0.0247 0.9920 -0.1242
vn 0.0916 0.9489 0.3019
vn 0.0615 0.9489 0.3094
vn -0.0492 0.8651 -0.4992
vn -0.0124 0.9920 -0.1260
vn 0.0309 0.9489 0.3140
vn 0.0715 -0.6840 -0.7260
vn 0.1423 -0.6840 -0.7155
vn -0.0000 -0.6840 -0.7295
vn -0.0000 -0.3067 -0.9518
vn 0.0933 -0.3067 -0.9472
vn 0.1857 -0.3067 -0.9335
vn 0.0976 0.0878 -0.9913
vn 0.1943 0.0878 -0.9770
vn -0.0000 0.0879 -0.9961
vn 0.0930 0.3172 -0.9438
vn 0.2118 -0.6840 -0.6981
vn 0.2792 -0.6840 -0.6739
vn 0.2763 -0.3067 -0.9108
vn 0.3642 -0.3067 -0.8794
vn 0.2892 0.0879 -0.9532
vn 0.3812 0.0879 -0.9203
vn 0.3439 -0.6840 -0.6433
vn 0.4053 -0.6840 -0.6065
vn 0.4487 -0.3067 -0.8394
vn 0.5288 -0.3067 -0.7914
vn 0.4696 0.0878 -0.8785
vn 0.5534 0.0878 -0.8283
vn 0.4628 -0.6840 -0.5639
vn 0.5158 -0.6840 -0.5158
vn 0.6038 -0.3067 -0.7358
vn 0.6730 -0.3067 -0.6730
vn 0.6319 0.0879 -0.7700
vn 0.7044 0.0879 -0.7044
vn 0.5639 -0.6840 -0.4628
vn 0.6065 -0.6840 -0.4053
vn 0.7358 -0.3067 -0.6038
vn 0.7914 -0.3067 -0.5288
vn 0.7700 0.0878 -0.6319
vn 0.8283 0.0878 -0.5534
vn 0.6433 -0.6840 -0.3439
vn 0.6739 -0.6840 -0.2792
vn 0.8394 -0.3067 -0.4487
vn 0.8794 -0.3067 -0.3642
vn 0.8785 0.0879 -0.4696
vn 0.9203 0.0879 -0.3812
vn 0.6981 -0.6840 -0.2118
vn 0.7155 -0.6840 -0.1423
vn 0.9108 -0.3067 -0.2763
vn 0.9335 -0.3067 -0.1857
vn 0.9532 0.0879 -0.2892
vn 0.9770 0.0878 -0.1943
vn 0.7260 -0.6840 -0.0715
vn 0.7295 -0.6840 -0.0000
vn 0.9472 -0.3067 -0.0933
vn 0.9518 -0.3067 -0.0000
vn 0.9913 0.0878 -0.0976
vn 0.9961 0.0878 -0.0000
vn 0.7260 -0.6840 0.0715
vn 0.7155 -0.6840 0.1423
vn 0.9472 -0.3067 0.0933
vn 0.9335 -0.3067 0.1857
vn 0.9913 0.0879 0.0976
vn 0.9770 0.0879 0.1943
vn 0.6981 -0.6840 0.2118
vn 0.6739 -0.6840 0.2792
vn 0.9108 -0.3067 0.2763
vn 0.8794 -0.3067 0.3642
vn 0.9532 0.0879 0.2892
vn 0.9203 0.0879 0.3812
vn 0.6433 -0.6840 0.3439
vn 0.6065 -0.6840 0.4053
vn 0.8394 -0.3067 0.4487
vn 0.7914 -0.3067 0.5288
vn 0.8785 0.0879 0.4696
vn 0.8283 0.0879 0.5534
vn 0.5639 -0.6840 0.4628
vn 0.5158 -0.6840 0.5158
vn 0.7358 -0.3067 0.6038
vn 0.6730 -0.3067 0.6730
vn 0.7700 0.0879 0.6319
vn 0.7044 0.0879 0.7044
vn 0.4628 -0.6840 0.5639
vn 0.4053 -0.6840 0.6065
vn 0.6038 -0.3067 0.7358
vn 0.5288 -0.3067 0.7914
vn 0.6319 0.0878 0.7700
vn 0.5534 0.0878 0.8283
vn 0.3439 -0.6840 0.6433
vn 0.2792 -0.6840 0.6739
vn 0.4487 -0.3067 0.8394
vn 0.3642 -0.3067 0.8794
vn 0.4696 0.0878 0.8785
vn 0.3812 0.0878 0.9203
vn 0.2118 -0.6840 0.6981
vn 0.1423 -0.6840 0.7155
vn 0.2763 -0.3067 0.9108
vn 0.1857 -0.3067 0.9335
vn 0.2892 0.0878 0.9532
vn 0.1943 0.0878 0.9770
vn 0.0715 -0.6840 0.7260
vn -0.0000 -0.6840 0.7295
vn 0.0933 -0.3067 0.9472
vn -0.0000 -0.3067 0.9518
vn 0.0976 0.0878 0.9913
vn -0.0000 0.0879 0.9961
vn -0.0715 -0.6840 0.7260
vn -0.1423 -0.6840 0.7155
vn -0.0933 -0.3067 0.9472
vn -0.1857 -0.3067 0.9335
vn -0.0976 0.0879 0.9913
vn -0.1943 0.0879 0.9770
vn -0.2118 -0.6840 0.6981
vn -0.2792 -0.6840 0.6739
vn -0.2763 -0.3067 0.9108
vn -0.3642 -0.3067 0.8794
vn -0.2892 0.0879 0.9532
vn -0.3812 0.0879 0.9203
vn -0.3439 -0.6840 0.6433
vn -0.4053 -0.6840 0.6065
vn -0.4487 -0.3067 0.8394
vn -0.5288 -0.3067 0.7914
vn -0.4696 0.0878 0.8785
vn -0.5534 0.0878 0.8283
vn -0.4628 -0.6840 0.5639
vn -0.5158 -0.6840 0.5158
vn -0.6038 -0.3067 0.7358
vn -0.6730 -0.3067 0.6730
vn -0.6319 0.0879 0.7700
vn -0.7044 0.0879 0.7044
vn -0.5639 -0.6840 0.4628
vn -0.6065 -0.6840 0.4053
vn -0.7358 -0.3067 0.6038
vn -0.7914 -0.3067 0.5288
vn -0.7700 0.0878 0.6319
vn -0.8283 0.0878 0.5534
vn -0.6433 -0.6840 0.3439
vn -0.6739 -0.6840 0.2792
vn -0.8394 -0.3067 0.4487
vn -0.8794 -0.3067 0.3642
vn -0.8785 0.0879 0.4696
vn -0.9203 0.0879 0.3812
vn -0.6981 -0.6840 0.2118
vn -0.7155 -0.6840 0.1423
vn -0.9108 -0.3067 0.2763
vn -0.9335 -0.3067 0.1857
vn -0.9532 0.0879 0.2892
vn -0.9770 0.0878 0.1943
vn -0.7260 -0.6840 0.0715
vn -0.7295 -0.6840 -0.0000
vn -0.9472 -0.3067 0.0933
vn -0.9518 -0.3067 -0.0000
vn -0.9913 0.0878 0.0976
vn -0.9961 0.0878 -0.0000
vn -0.7260 -0.6840 -0.0715
vn -0.7155 -0.6840 -0.1423
vn -0.9472 -0.3067 -0.0933
vn -0.9335 -0.3067 -0.1857
vn -0.9913 0.0879 -0.0976
vn -0.9770 0.0879 -0.1943
vn -0.6981 -0.6840 -0.2118
vn -0.6739 -0.6840 -0.2792
vn -0.9108 -0.3067 -0.2763
vn -0.8794 -0.3067 -0.3642
vn -0.9532 0.0879 -0.2892
vn -0.9203 0.0879 -0.3812
vn -0.6433 -0.6840 -0.3439
vn -0.6065 -0.6840 -0.4053
vn -0.8394 -0.3067 -0.4487
vn -0.7914 -0.3067 -0.5288
vn -0.8785 0.0879 -0.4696
vn -0.8283 0.0879 -0.5534
vn -0.5639 -0.6840 -0.4628
vn -0.5158 -0.6840 -0.5158
vn -0.7358 -0.3067 -0.6038
vn -0.6730 -0.3067 -0.6730
vn -0.7700 0.0879 -0.6319
vn -0.7044 0.0879 -0.7044
vn -0.4628 -0.6840 -0.5639
vn -0.4053 -0.6840 -0.6065
vn -0.6038 -0.3067 -0.7358
vn -0.5288 -0.3067 -0.7914
vn -0.6319 0.0878 -0.7700
vn -0.5534 0.0878 -0.8283
vn -0.3439 -0.6840 -0.6433
vn -0.2792 -0.6840 -0.6739
vn -0.4487 -0.3067 -0.8394
vn -0.3642 -0.3067 -0.8794
vn -0.4696 0.0878 -0.8785
vn -0.3812 0.0878 -0.9203
vn -0.2118 -0.6840 -0.6981
vn -0.1423 -0.6840 -0.7155
vn -0.2763 -0.3067 -0.9108
vn -0.1857 -0.3067 -0.9335
vn -0.2892 0.0878 -0.9532
vn -0.1943 0.0878 -0.9770
vn -0.0715 -0.6840 -0.7260
vn -0.0933 -0.3067 -0.9472
vn -0.0976 0.0878 -0.9913
vn 0.0828 0.5357 -0.8403
vn -0.9286 -0.3220 -0.1847
vn -0.9060 -0.3220 -0.2748
vn -0.9123 -0.3017 -0.2768
vn -0.9351 -0.3017 -0.1860
vn -0.8747 -0.3220 -0.3623
vn -0.8808 -0.3017 -0.3648
vn -0.7994 -0.5013 -0.3311
vn -0.8280 -0.5013 -0.2512
vn -0.8487 -0.5013 -0.1688
vn 0.7872 -0.3220 0.5260
vn 0.7318 -0.3220 0.6006
vn 0.7370 -0.3017 0.6048
vn 0.7927 -0.3017 0.5297
vn 0.6695 -0.3220 0.6695
vn 0.6742 -0.3017 0.6742
vn 0.6118 -0.5013 0.6118
vn 0.6689 -0.5013 0.5489
vn 0.7195 -0.5013 0.4807
vn -0.9467 -0.3220 -0.0000
vn -0.9422 -0.3220 -0.0928
vn -0.9488 -0.3017 -0.0934
vn -0.9534 -0.3017 -0.0000
vn -0.8611 -0.5013 -0.0848
vn -0.8653 -0.5013 -0.0000
vn 0.8747 -0.3220 0.3623
vn 0.8350 -0.3220 0.4463
vn 0.8408 -0.3017 0.4494
vn 0.8808 -0.3017 0.3648
vn 0.7631 -0.5013 0.4079
vn 0.7994 -0.5013 0.3311
vn -0.9286 -0.3220 0.1847
vn -0.9422 -0.3220 0.0928
vn -0.9488 -0.3017 0.0934
vn -0.9351 -0.3017 0.1860
vn -0.8611 -0.5013 0.0848
vn -0.8487 -0.5013 0.1688
vn 0.9286 -0.3220 0.1847
vn 0.9060 -0.3220 0.2748
vn 0.9123 -0.3017 0.2768
vn 0.9351 -0.3017 0.1860
vn 0.8280 -0.5013 0.2512
vn 0.8487 -0.5013 0.1688
vn -0.8747 -0.3220 0.3623
vn -0.9060 -0.3220 0.2748
vn -0.9123 -0.3017 0.2768
vn -0.8808 -0.3017 0.3648
vn -0.8280 -0.5013 0.2512
vn -0.7994 -0.5013 0.3311
vn 0.9467 -0.3220 -0.0000
vn 0.9422 -0.3220 0.0928
vn 0.9488 -0.3017 0.0934
vn 0.9534 -0.3017 -0.0000
vn 0.8611 -0.5013 0.0848
vn 0.8653 -0.5013 -0.0000
vn -0.7872 -0.3220 0.5260
vn -0.8350 -0.3220 0.4463
vn -0.8408 -0.3017 0.4494
vn -0.7927 -0.3017 0.5297
vn -0.7631 -0.5013 0.4079
vn -0.7194 -0.5013 0.4807
vn 0.9286 -0.3220 -0.1847
vn 0.9422 -0.3220 -0.0928
vn 0.9488 -0.3017 -0.0934
vn 0.9351 -0.3017 -0.1860
vn 0.8611 -0.5013 -0.0848
vn 0.8487 -0.5013 -0.1688
vn -0.6695 -0.3220 0.6695
vn -0.7318 -0.3220 0.6006
vn -0.7370 -0.3017 0.6048
vn -0.6742 -0.3017 0.6742
vn -0.6689 -0.5013 0.5489
vn -0.6118 -0.5013 0.6118
vn 0.8747 -0.3220 -0.3623
vn 0.9060 -0.3220 -0.2748
vn 0.9123 -0.3017 -0.2768
vn 0.8808 -0.3017 -0.3648
vn 0.8280 -0.5013 -0.2512
vn 0.7994 -0.5013 -0.3311
vn -0.5260 -0.3220 0.7872
vn -0.6006 -0.3220 0.7318
vn -0.6048 -0.3017 0.7370
vn -0.5297 -0.3017 0.7927
vn -0.5489 -0.5013 0.6689
vn -0.4807 -0.5013 0.7194
vn 0.7872 -0.3220 -0.5260
vn 0.8350 -0.3220 -0.4463
vn 0.8408 -0.3017 -0.4494
vn 0.7927 -0.3017 -0.5297
vn 0.7631 -0.5013 -0.4079
vn 0.7194 -0.5013 -0.4807
vn -0.3623 -0.3220 0.8747
vn -0.4463 -0.3220 0.8350
vn -0.4494 -0.3017 0.8408
vn -0.3649 -0.3017 0.8808
vn -0.4079 -0.5013 0.7631
vn -0.3311 -0.5013 0.7994
vn -0.1847 -0.3220 -0.9286
vn -0.0928 -0.3220 -0.9422
vn -0.0934 -0.3017 -0.9488
vn -0.1860 -0.3017 -0.9351
vn -0.0000 -0.3220 -0.9467
vn -0.0000 -0.3017 -0.9534
vn -0.0000 -0.5013 -0.8653
vn -0.0848 -0.5013 -0.8611
vn -0.1688 -0.5013 -0.8487
vn 0.6695 -0.3220 -0.6695
vn 0.7318 -0.3220 -0.6006
vn 0.7370 -0.3017 -0.6048
vn 0.6742 -0.3017 -0.6742
vn 0.6689 -0.5013 -0.5489
vn 0.6118 -0.5013 -0.6118
vn -0.1847 -0.3220 0.9286
vn -0.2748 -0.3220 0.9060
vn -0.2768 -0.3017 0.9123
vn -0.1860 -0.3017 0.9351
vn -0.2512 -0.5013 0.8280
vn -0.1688 -0.5013 0.8487
vn -0.3623 -0.3220 -0.8747
vn -0.2748 -0.3220 -0.9060
vn -0.2768 -0.3017 -0.9123
vn -0.3648 -0.3017 -0.8808
vn -0.2512 -0.5013 -0.8280
vn -0.3311 -0.5013 -0.7994
vn 0.5260 -0.3220 -0.7872
vn 0.6006 -0.3220 -0.7318
vn 0.6048 -0.3017 -0.7370
vn 0.5297 -0.3017 -0.7927
vn 0.5489 -0.5013 -0.6689
vn 0.4807 -0.5013 -0.7194
vn -0.0000 -0.3220 0.9467
vn -0.0928 -0.3220 0.9422
vn -0.0934 -0.3017 0.9488
vn -0.0000 -0.3017 0.9534
vn -0.0848 -0.5013 0.8611
vn -0.0000 -0.5013 0.8653
vn -0.5260 -0.3220 -0.7872
vn -0.4463 -0.3220 -0.8350
vn -0.4494 -0.3017 -0.8408
vn -0.5297 -0.3017 -0.7927
vn -0.4079 -0.5013 -0.7631
vn -0.4807 -0.5013 -0.7194
vn 0.3623 -0.3220 -0.8747
vn 0.4463 -0.3220 -0.8350
vn 0.4494 -0.3017 -0.8408
vn 0.3649 -0.3017 -0.8808
vn 0.4079 -0.5013 -0.7631
vn 0.3311 -0.5013 -0.7994
vn 0.1847 -0.3220 0.9286
vn 0.0928 -0.3220 0.9422
vn 0.0934 -0.3017 0.9488
vn 0.1860 -0.3017 0.9351
vn 0.0848 -0.5013 0.8611
vn 0.1688 -0.5013 0.8487
vn -0.6695 -0.3220 -0.6695
vn -0.6006 -0.3220 -0.7318
vn -0.6048 -0.3017 -0.7370
vn -0.6742 -0.3017 -0.6742
vn -0.5489 -0.5013 -0.6689
vn -0.6118 -0.5013 -0.6118
vn 0.1847 -0.3220 -0.9286
vn 0.2748 -0.3220 -0.9060
vn 0.2768 -0.3017 -0.9123
vn 0.1860 -0.3017 -0.9351
vn 0.2512 -0.5013 -0.8280
vn 0.1688 -0.5013 -0.8487
vn 0.3623 -0.3220 0.8747
vn 0.2748 -0.3220 0.9060
vn 0.2768 -0.3017 0.9123
vn 0.3648 -0.3017 0.8808
vn 0.2512 -0.5013 0.8280
vn 0.3311 -0.5013 0.7994
vn -0.7872 -0.3220 -0.5260
vn -0.7318 -0.3220 -0.6006
vn -0.7370 -0.3017 -0.6048
vn -0.7927 -0.3017 -0.5297
vn -0.6689 -0.5013 -0.5489
vn -0.7195 -0.5013 -0.4807
vn 0.0012 -0.9999 0.0122
vn -0.0038 -0.9993 -0.0385
vn -0.0187 -0.9816 -0.1901
vn 0.5260 -0.3220 0.7872
vn 0.4463 -0.3220 0.8350
vn 0.4494 -0.3017 0.8408
vn 0.5297 -0.3017 0.7927
vn 0.4079 -0.5013 0.7631
vn 0.4807 -0.5013 0.7194
vn -0.8350 -0.3220 -0.4463
vn -0.8408 -0.3017 -0.4494
vn -0.7631 -0.5013 -0.4079
vn 0.6006 -0.3220 0.7318
vn 0.6048 -0.3017 0.7370
vn 0.5489 -0.5013 0.6689
vn -0.0756 -0.9219 0.3799
vn -0.1124 -0.9220 0.3706
vn -0.0661 -0.9737 0.2178
vn -0.0442 -0.9740 0.2221
vn -0.1482 -0.9219 0.3579
vn -0.0867 -0.9740 0.2093
vn -0.0269 -0.9975 0.0650
vn -0.0219 -0.9971 0.0722
vn -0.0137 -0.9975 0.0691
vn 0.0756 -0.9219 0.3799
vn 0.0380 -0.9220 0.3854
vn 0.0223 -0.9737 0.2265
vn 0.0442 -0.9740 0.2221
vn -0.0000 -0.9219 0.3874
vn -0.0000 -0.9740 0.2265
vn -0.0000 -0.9975 0.0704
vn 0.0074 -0.9971 0.0751
vn 0.0137 -0.9975 0.0691
vn -0.2152 -0.9219 0.3221
vn -0.2457 -0.9220 0.2994
vn -0.1444 -0.9737 0.1760
vn -0.1258 -0.9740 0.1883
vn -0.2739 -0.9219 0.2739
vn -0.1602 -0.9740 0.1602
vn -0.0498 -0.9975 0.0498
vn -0.0479 -0.9971 0.0584
vn -0.0391 -0.9975 0.0585
vn -0.2994 -0.9220 0.2457
vn -0.1760 -0.9737 0.1444
vn -0.3221 -0.9219 0.2152
vn -0.1883 -0.9740 0.1258
vn -0.0585 -0.9975 0.0391
vn -0.0584 -0.9971 0.0479
vn -0.3416 -0.9220 0.1826
vn -0.2008 -0.9737 0.1073
vn -0.3579 -0.9219 0.1482
vn -0.2093 -0.9740 0.0867
vn -0.0650 -0.9975 0.0269
vn -0.0666 -0.9971 0.0356
vn -0.3706 -0.9220 0.1124
vn -0.2178 -0.9737 0.0661
vn -0.3799 -0.9219 0.0756
vn -0.2221 -0.9740 0.0442
vn -0.0691 -0.9975 0.0137
vn -0.0722 -0.9971 0.0219
vn -0.3854 -0.9220 0.0380
vn -0.2265 -0.9737 0.0223
vn -0.3874 -0.9219 -0.0000
vn -0.2265 -0.9740 -0.0000
vn -0.0704 -0.9975 -0.0000
vn -0.0751 -0.9971 0.0074
vn -0.3854 -0.9220 -0.0380
vn -0.2265 -0.9737 -0.0223
vn -0.3799 -0.9219 -0.0756
vn -0.2221 -0.9740 -0.0442
vn -0.0691 -0.9975 -0.0137
vn -0.0751 -0.9971 -0.0074
vn -0.3706 -0.9220 -0.1124
vn -0.2178 -0.9737 -0.0661
vn -0.3579 -0.9219 -0.1482
vn -0.2093 -0.9740 -0.0867
vn -0.0650 -0.9975 -0.0269
vn -0.0722 -0.9971 -0.0219
vn -0.3416 -0.9220 -0.1826
vn -0.2008 -0.9737 -0.1073
vn -0.3221 -0.9219 -0.2152
vn -0.1883 -0.9740 -0.1258
vn -0.0585 -0.9975 -0.0391
vn -0.0666 -0.9971 -0.0356
vn -0.2994 -0.9220 -0.2457
vn -0.1760 -0.9737 -0.1444
vn -0.2739 -0.9219 -0.2739
vn -0.1602 -0.9740 -0.1602
vn -0.0498 -0.9975 -0.0498
vn -0.0584 -0.9971 -0.0479
vn -0.2457 -0.9220 -0.2994
vn -0.1444 -0.9737 -0.1760
vn -0.2152 -0.9219 -0.3221
vn -0.1258 -0.9740 -0.1883
vn -0.0391 -0.9975 -0.0585
vn -0.0479 -0.9971 -0.0584
vn -0.1826 -0.9220 -0.3416
vn -0.1073 -0.9737 -0.2008
vn -0.1482 -0.9219 -0.3579
vn -0.0867 -0.9740 -0.2093
vn -0.0269 -0.9975 -0.0650
vn -0.0356 -0.9971 -0.0666
vn -0.1124 -0.9220 -0.3706
vn -0.0661 -0.9737 -0.2178
vn -0.0756 -0.9219 -0.3799
vn -0.0442 -0.9740 -0.2221
vn -0.0137 -0.9975 -0.0691
vn -0.0219 -0.9971 -0.0722
vn -0.0380 -0.9220 -0.3854
vn -0.0223 -0.9737 -0.2265
vn -0.0000 -0.9219 -0.3874
vn -0.0000 -0.9740 -0.2265
vn -0.0000 -0.9975 -0.0704
vn -0.0074 -0.9971 -0.0751
vn 0.0380 -0.9220 -0.3854
vn 0.0223 -0.9737 -0.2265
vn 0.0756 -0.9219 -0.3799
vn 0.0442 -0.9740 -0.2221
vn 0.0137 -0.9975 -0.0691
vn 0.0074 -0.9971 -0.0751
vn 0.1124 -0.9220 -0.3706
vn 0.0661 -0.9737 -0.2178
vn 0.1482 -0.9219 -0.3579
vn 0.0867 -0.9740 -0.2093
vn 0.0269 -0.9975 -0.0650
vn 0.0219 -0.9971 -0.0722
vn 0.1826 -0.9220 -0.3416
vn 0.1073 -0.9737 -0.2008
vn 0.2152 -0.9219 -0.3221
vn 0.1258 -0.9740 -0.1883
vn 0.0391 -0.9975 -0.0585
vn 0.0356 -0.9971 -0.0666
vn 0.2457 -0.9220 -0.2994
vn 0.1444 -0.9737 -0.1760
vn 0.2739 -0.9219 -0.2739
vn 0.1602 -0.9740 -0.1602
vn 0.0498 -0.9975 -0.0498
vn 0.0479 -0.9971 -0.0584
vn 0.2994 -0.9220 -0.2457
vn 0.1760 -0.9737 -0.1444
vn 0.3221 -0.9219 -0.2152
vn 0.1883 -0.9740 -0.1258
vn 0.0585 -0.9975 -0.0391
vn 0.0584 -0.9971 -0.0479
vn 0.3416 -0.9220 -0.1826
vn 0.2008 -0.9737 -0.1073
vn 0.3579 -0.9219 -0.1482
vn 0.2093 -0.9740 -0.0867
vn 0.0650 -0.9975 -0.0269
vn 0.0666 -0.9971 -0.0356
vn 0.3706 -0.9220 -0.1124
vn 0.2178 -0.9737 -0.0661
vn 0.3799 -0.9219 -0.0756
vn 0.2221 -0.9740 -0.0442
vn 0.0691 -0.9975 -0.0137
vn 0.0722 -0.9971 -0.0219
vn 0.3854 -0.9220 -0.0380
vn 0.2265 -0.9737 -0.0223
vn 0.3874 -0.9219 -0.0000
vn 0.2265 -0.9740 -0.0000
vn 0.0704 -0.9975 -0.0000
vn 0.0751 -0.9971 -0.0074
vn 0.3854 -0.9220 0.0380
vn 0.2265 -0.9737 0.0223
vn 0.3799 -0.9219 0.0756
vn 0.2221 -0.9740 0.0442
vn 0.0691 -0.9975 0.0137
vn 0.0751 -0.9971 0.0074
vn 0.3706 -0.9220 0.1124
vn 0.2178 -0.9737 0.0661
vn 0.3579 -0.9219 0.1482
vn 0.2093 -0.9740 0.0867
vn 0.0650 -0.9975 0.0269
vn 0.0722 -0.9971 0.0219
vn 0.3416 -0.9220 0.1826
vn 0.2008 -0.9737 0.1073
vn 0.3221 -0.9219 0.2152
vn 0.1883 -0.9740 0.1258
vn 0.0585 -0.9975 0.0391
vn 0.0666 -0.9971 0.0356
vn 0.2994 -0.9220 0.2457
vn 0.1760 -0.9737 0.1444
vn 0.2739 -0.9219 0.2739
vn 0.1602 -0.9740 0.1602
vn 0.0498 -0.9975 0.0498
vn 0.0584 -0.9971 0.0479
vn 0.2457 -0.9220 0.2994
vn 0.1444 -0.9737 0.1760
vn 0.2152 -0.9219 0.3221
vn 0.1258 -0.9740 0.1883
vn 0.0391 -0.9975 0.0585
vn 0.0479 -0.9971 0.0584
vn 0.1826 -0.9220 0.3416
vn 0.1073 -0.9737 0.2008
vn 0.1482 -0.9219 0.3579
vn 0.0867 -0.9740 0.2093
vn 0.0269 -0.9975 0.0650
vn 0.0356 -0.9971 0.0666
vn 0.1124 -0.9220 0.3706
vn 0.0661 -0.9737 0.2178
vn 0.0219 -0.9971 0.0722
vn -0.1826 -0.9220 0.3416
vn -0.1073 -0.9737 0.2008
vn -0.0356 -0.9971 0.0666
vn -0.0000 -1.0000 -0.0000
vn -0.0000 -1.0000 0.0078
vn -0.0021 -0.9998 0.0216
vn -0.0015 -1.0000 0.0077
vn -0.0074 -0.9971 0.0751
vn -0.0063 -0.9998 0.0207
vn -0.0030 -1.0000 0.0072
vn -0.0102 -0.9998 0.0191
vn -0.0043 -1.0000 0.0065
vn -0.0137 -0.9998 0.0168
vn -0.0055 -1.0000 0.0055
vn -0.0168 -0.9998 0.0137
vn -0.0065 -1.0000 0.0043
vn -0.0191 -0.9998 0.0102
vn -0.0072 -1.0000 0.0030
vn -0.0207 -0.9998 0.0063
vn -0.0077 -1.0000 0.0015
vn -0.0216 -0.9998 0.0021
vn -0.0078 -1.0000 -0.0000
vn -0.0216 -0.9998 -0.0021
vn -0.0077 -1.0000 -0.0015
vn -0.0207 -0.9998 -0.0063
vn -0.0072 -1.0000 -0.0030
vn -0.0191 -0.9998 -0.0102
vn -0.0065 -1.0000 -0.0043
vn -0.0168 -0.9998 -0.0137
vn -0.0055 -1.0000 -0.0055
vn -0.0137 -0.9998 -0.0168
vn -0.0043 -1.0000 -0.0065
vn -0.0102 -0.9998 -0.0191
vn -0.0030 -1.0000 -0.0072
vn -0.0063 -0.9998 -0.0207
vn -0.0015 -1.0000 -0.0077
vn -0.0021 -0.9998 -0.0216
vn -0.0000 -1.0000 -0.0078
vn 0.0021 -0.9998 -0.0216
vn 0.0015 -1.0000 -0.0077
vn 0.0063 -0.9998 -0.0207
vn 0.0030 -1.0000 -0.0072
vn 0.0102 -0.9998 -0.0191
vn 0.0043 -1.0000 -0.0065
vn 0.0137 -0.9998 -0.0168
vn 0.0055 -1.0000 -0.0055
vn 0.0168 -0.9998 -0.0137
vn 0.0065 -1.0000 -0.0043
vn 0.0191 -0.9998 -0.0102
vn 0.0072 -1.0000 -0.0030
vn 0.0207 -0.9998 -0.0063
vn 0.0077 -1.0000 -0.0015
vn 0.0216 -0.9998 -0.0021
vn 0.0078 -1.0000 -0.0000
vn 0.0216 -0.9998 0.0021
vn 0.0077 -1.0000 0.0015
vn 0.0207 -0.9998 0.0063
vn 0.0072 -1.0000 0.0030
vn 0.0191 -0.9998 0.0102
vn 0.0065 -1.0000 0.0043
vn 0.0168 -0.9998 0.0137
vn 0.0055 -1.0000 0.0055
vn 0.0137 -0.9998 0.0168
vn 0.0043 -1.0000 0.0065
vn 0.0102 -0.9998 0.0191
vn 0.0030 -1.0000 0.0072
vn 0.0063 -0.9998 0.0207
vn 0.0015 -1.0000 0.0077
vn 0.0021 -0.9998 0.0216
vn 0.0928 -0.3220 -0.9422
vn 0.0848 -0.5015 -0.8610
vn 0.1688 -0.5015 -0.8485
vn -0.0000 -0.5015 -0.8651
vn -0.0000 -0.7860 -0.6182
vn 0.0606 -0.7860 -0.6152
vn 0.1206 -0.7860 -0.6063
vn 0.0260 -0.9642 -0.2641
vn 0.0518 -0.9642 -0.2602
vn -0.0000 -0.9642 -0.2653
vn 0.2511 -0.5015 -0.8279
vn 0.3311 -0.5015 -0.7993
vn 0.1794 -0.7860 -0.5916
vn 0.2366 -0.7860 -0.5711
vn 0.0770 -0.9642 -0.2539
vn 0.1015 -0.9642 -0.2451
vn 0.4078 -0.5015 -0.7630
vn 0.4806 -0.5015 -0.7193
vn 0.2914 -0.7860 -0.5452
vn 0.3434 -0.7860 -0.5140
vn 0.1251 -0.9642 -0.2340
vn 0.1474 -0.9642 -0.2206
vn 0.5488 -0.5015 -0.6688
vn 0.6117 -0.5015 -0.6117
vn 0.3922 -0.7860 -0.4779
vn 0.4371 -0.7860 -0.4371
vn 0.1683 -0.9642 -0.2051
vn 0.1876 -0.9642 -0.1876
vn 0.6688 -0.5015 -0.5488
vn 0.7193 -0.5015 -0.4806
vn 0.4779 -0.7860 -0.3922
vn 0.5140 -0.7860 -0.3434
vn 0.2051 -0.9642 -0.1683
vn 0.2206 -0.9642 -0.1474
vn 0.7630 -0.5015 -0.4078
vn 0.7993 -0.5015 -0.3311
vn 0.5452 -0.7860 -0.2914
vn 0.5711 -0.7860 -0.2366
vn 0.2340 -0.9642 -0.1251
vn 0.2451 -0.9642 -0.1015
vn 0.8279 -0.5015 -0.2511
vn 0.8485 -0.5015 -0.1688
vn 0.5916 -0.7860 -0.1794
vn 0.6063 -0.7860 -0.1206
vn 0.2539 -0.9642 -0.0770
vn 0.2602 -0.9642 -0.0518
vn 0.8610 -0.5015 -0.0848
vn 0.8651 -0.5015 -0.0000
vn 0.6152 -0.7860 -0.0606
vn 0.6182 -0.7860 -0.0000
vn 0.2641 -0.9642 -0.0260
vn 0.2653 -0.9642 -0.0000
vn 0.8610 -0.5015 0.0848
vn 0.8485 -0.5015 0.1688
vn 0.6152 -0.7860 0.0606
vn 0.6063 -0.7860 0.1206
vn 0.2641 -0.9642 0.0260
vn 0.2602 -0.9642 0.0518
vn 0.8279 -0.5015 0.2511
vn 0.7993 -0.5015 0.3311
vn 0.5916 -0.7860 0.1794
vn 0.5711 -0.7860 0.2366
vn 0.2539 -0.9642 0.0770
vn 0.2451 -0.9642 0.1015
vn 0.7630 -0.5015 0.4078
vn 0.7193 -0.5015 0.4806
vn 0.5452 -0.7860 0.2914
vn 0.5140 -0.7860 0.3434
vn 0.2340 -0.9642 0.1251
vn 0.2206 -0.9642 0.1474
vn 0.6688 -0.5015 0.5488
vn 0.6117 -0.5015 0.6117
vn 0.4779 -0.7860 0.3922
vn 0.4371 -0.7860 0.4371
vn 0.2051 -0.9642 0.1683
vn 0.1876 -0.9642 0.1876
vn 0.5488 -0.5015 0.6688
vn 0.4806 -0.5015 0.7193
vn 0.3922 -0.7860 0.4779
vn 0.3434 -0.7860 0.5140
vn 0.1683 -0.9642 0.2051
vn 0.1474 -0.9642 0.2206
vn 0.4078 -0.5015 0.7630
vn 0.3311 -0.5015 0.7993
vn 0.2914 -0.7860 0.5452
vn 0.2366 -0.7860 0.5711
vn 0.1251 -0.9642 0.2340
vn 0.1015 -0.9642 0.2451
vn 0.2511 -0.5015 0.8279
vn 0.1688 -0.5015 0.8485
vn 0.1794 -0.7860 0.5916
vn 0.1206 -0.7860 0.6063
vn 0.0770 -0.9642 0.2539
vn 0.0518 -0.9642 0.2602
vn 0.0848 -0.5015 0.8610
vn -0.0000 -0.5015 0.8651
vn 0.0606 -0.7860 0.6152
vn -0.0000 -0.7860 0.6182
vn 0.0260 -0.9642 0.2641
vn -0.0000 -0.9642 0.2653
vn -0.0848 -0.5015 0.8610
vn -0.1688 -0.5015 0.8485
vn -0.0606 -0.7860 0.6152
vn -0.1206 -0.7860 0.6063
vn -0.0260 -0.9642 0.2641
vn -0.0518 -0.9642 0.2602
vn -0.2511 -0.5015 0.8279
vn -0.3311 -0.5015 0.7993
vn -0.1794 -0.7860 0.5916
vn -0.2366 -0.7860 0.5711
vn -0.0770 -0.9642 0.2539
vn -0.1015 -0.9642 0.2451
vn -0.4078 -0.5015 0.7630
vn -0.4806 -0.5015 0.7193
vn -0.2914 -0.7860 0.5452
vn -0.3434 -0.7860 0.5140
vn -0.1251 -0.9642 0.2340
vn -0.1474 -0.9642 0.2206
vn -0.5488 -0.5015 0.6688
vn -0.6117 -0.5015 0.6117
vn -0.3922 -0.7860 0.4779
vn -0.4371 -0.7860 0.4371
vn -0.1683 -0.9642 0.2051
vn -0.1876 -0.9642 0.1876
vn -0.6688 -0.5015 0.5488
vn -0.7193 -0.5015 0.4806
vn -0.4779 -0.7860 0.3922
vn -0.5140 -0.7860 0.3434
vn -0.2051 -0.9642 0.1683
vn -0.2206 -0.9642 0.1474
vn -0.7630 -0.5015 0.4078
vn -0.7993 -0.5015 0.3311
vn -0.5452 -0.7860 0.2914
vn -0.5711 -0.7860 0.2366
vn -0.2340 -0.9642 0.1251
vn -0.2451 -0.9642 0.1015
vn -0.8279 -0.5015 0.2511
vn -0.8485 -0.5015 0.1688
vn -0.5916 -0.7860 0.1794
vn -0.6063 -0.7860 0.1206
vn -0.2539 -0.9642 0.0770
vn -0.2602 -0.9642 0.0518
vn -0.8610 -0.5015 0.0848
vn -0.8651 -0.5015 -0.0000
vn -0.6152 -0.7860 0.0606
vn -0.6182 -0.7860 -0.0000
vn -0.2641 -0.9642 0.0260
vn -0.2653 -0.9642 -0.0000
vn -0.8610 -0.5015 -0.0848
vn -0.8485 -0.5015 -0.1688
vn -0.6152 -0.7860 -0.0606
vn -0.6063 -0.7860 -0.1206
vn -0.2641 -0.9642 -0.0260
vn -0.2602 -0.9642 -0.0518
vn -0.8279 -0.5015 -0.2511
vn -0.7993 -0.5015 -0.3311
vn -0.5916 -0.7860 -0.1794
vn -0.5711 -0.7860 -0.2366
vn -0.2539 -0.9642 -0.0770
vn -0.2451 -0.9642 -0.1015
vn -0.7630 -0.5015 -0.4078
vn -0.7193 -0.5015 -0.4806
vn -0.5452 -0.7860 -0.2914
vn -0.5140 -0.7860 -0.3434
vn -0.2340 -0.9642 -0.1251
vn -0.2206 -0.9642 -0.1474
vn -0.6688 -0.5015 -0.5488
vn -0.6117 -0.5015 -0.6117
vn -0.4779 -0.7860 -0.3922
vn -0.4371 -0.7860 -0.4371
vn -0.2051 -0.9642 -0.1683
vn -0.1876 -0.9642 -0.1876
vn -0.5488 -0.5015 -0.6688
vn -0.4806 -0.5015 -0.7193
vn -0.3922 -0.7860 -0.4779
vn -0.3434 -0.7860 -0.5140
vn -0.1683 -0.9642 -0.2051
vn -0.1474 -0.9642 -0.2206
vn -0.4078 -0.5015 -0.7630
vn -0.3311 -0.5015 -0.7993
vn -0.2914 -0.7860 -0.5452
vn -0.2366 -0.7860 -0.5711
vn -0.1251 -0.9642 -0.2340
vn -0.1015 -0.9642 -0.2451
vn -0.2511 -0.5015 -0.8279
vn -0.1688 -0.5015 -0.8485
vn -0.1794 -0.7860 -0.5916
vn -0.1206 -0.7860 -0.6063
vn -0.0770 -0.9642 -0.2539
vn -0.0518 -0.9642 -0.2602
vn -0.0848 -0.5015 -0.8610
vn -0.0606 -0.7860 -0.6152
vn -0.0260 -0.9642 -0.2641
vn -0.0036 -0.9999 0.0118
vn 0.0112 -0.9993 -0.0370
vn 0.0554 -0.9816 -0.1828
vn -0.0380 -0.9220 0.3854
vn -0.0385 -0.9195 0.3912
vn -0.0767 -0.9195 0.3855
vn -0.0000 -0.9195 0.3931
vn -0.0000 -0.9703 0.2419
vn -0.0237 -0.9703 0.2407
vn -0.0472 -0.9703 0.2372
vn -0.0082 -0.9965 0.0834
vn -0.0163 -0.9965 0.0822
vn -0.0000 -0.9965 0.0838
vn -0.1141 -0.9195 0.3761
vn -0.1504 -0.9195 0.3631
vn -0.0702 -0.9703 0.2315
vn -0.0926 -0.9703 0.2235
vn -0.0243 -0.9965 0.0802
vn -0.0321 -0.9965 0.0774
vn -0.1853 -0.9195 0.3466
vn -0.2184 -0.9195 0.3268
vn -0.1140 -0.9703 0.2133
vn -0.1344 -0.9703 0.2011
vn -0.0395 -0.9965 0.0739
vn -0.0466 -0.9965 0.0697
vn -0.2494 -0.9195 0.3038
vn -0.2779 -0.9195 0.2779
vn -0.1534 -0.9703 0.1870
vn -0.1710 -0.9703 0.1710
vn -0.0532 -0.9965 0.0648
vn -0.0593 -0.9965 0.0593
vn -0.3038 -0.9195 0.2494
vn -0.3268 -0.9195 0.2184
vn -0.1870 -0.9703 0.1534
vn -0.2011 -0.9703 0.1344
vn -0.0648 -0.9965 0.0532
vn -0.0697 -0.9965 0.0466
vn -0.3466 -0.9195 0.1853
vn -0.3631 -0.9195 0.1504
vn -0.2133 -0.9703 0.1140
vn -0.2235 -0.9703 0.0926
vn -0.0739 -0.9965 0.0395
vn -0.0774 -0.9965 0.0321
vn -0.3761 -0.9195 0.1141
vn -0.3855 -0.9195 0.0767
vn -0.2315 -0.9703 0.0702
vn -0.2372 -0.9703 0.0472
vn -0.0802 -0.9965 0.0243
vn -0.0822 -0.9965 0.0163
vn -0.3912 -0.9195 0.0385
vn -0.3931 -0.9195 -0.0000
vn -0.2407 -0.9703 0.0237
vn -0.2419 -0.9703 -0.0000
vn -0.0834 -0.9965 0.0082
vn -0.0838 -0.9965 -0.0000
vn -0.3912 -0.9195 -0.0385
vn -0.3855 -0.9195 -0.0767
vn -0.2407 -0.9703 -0.0237
vn -0.2372 -0.9703 -0.0472
vn -0.0834 -0.9965 -0.0082
vn -0.0822 -0.9965 -0.0163
vn -0.3761 -0.9195 -0.1141
vn -0.3631 -0.9195 -0.1504
vn -0.2315 -0.9703 -0.0702
vn -0.2235 -0.9703 -0.0926
vn -0.0802 -0.9965 -0.0243
vn -0.0774 -0.9965 -0.0321
vn -0.3466 -0.9195 -0.1853
vn -0.3268 -0.9195 -0.2184
vn -0.2133 -0.9703 -0.1140
vn -0.2011 -0.9703 -0.1344
vn -0.0739 -0.9965 -0.0395
vn -0.0697 -0.9965 -0.0466
vn -0.3038 -0.9195 -0.2494
vn -0.2779 -0.9195 -0.2779
vn -0.1870 -0.9703 -0.1534
vn -0.1710 -0.9703 -0.1710
vn -0.0648 -0.9965 -0.0532
vn -0.0593 -0.9965 -0.0593
vn -0.2494 -0.9195 -0.3038
vn -0.2184 -0.9195 -0.3268
vn -0.1534 -0.9703 -0.1870
vn -0.1344 -0.9703 -0.2011
vn -0.0532 -0.9965 -0.0648
vn -0.0466 -0.9965 -0.0697
vn -0.1853 -0.9195 -0.3466
vn -0.1504 -0.9195 -0.3631
vn -0.1140 -0.9703 -0.2133
vn -0.0926 -0.9703 -0.2234
vn -0.0395 -0.9965 -0.0739
vn -0.0321 -0.9965 -0.0774
vn -0.1141 -0.9195 -0.3761
vn -0.0767 -0.9195 -0.3855
vn -0.0702 -0.9703 -0.2315
vn -0.0472 -0.9703 -0.2372
vn -0.0243 -0.9965 -0.0802
vn -0.0163 -0.9965 -0.0822
vn -0.0385 -0.9195 -0.3912
vn -0.0000 -0.9195 -0.3931
vn -0.0237 -0.9703 -0.2407
vn -0.0000 -0.9703 -0.2419
vn -0.0082 -0.9965 -0.0834
vn -0.0000 -0.9965 -0.0838
vn 0.0385 -0.9195 -0.3912
vn 0.0767 -0.9195 -0.3855
vn 0.0237 -0.9703 -0.2407
vn 0.0472 -0.9703 -0.2372
vn 0.0082 -0.9965 -0.0834
vn 0.0163 -0.9965 -0.0822
vn 0.1141 -0.9195 -0.3761
vn 0.1504 -0.9195 -0.3631
vn 0.0702 -0.9703 -0.2315
vn 0.0926 -0.9703 -0.2235
vn 0.0243 -0.9965 -0.0802
vn 0.0321 -0.9965 -0.0774
vn 0.1853 -0.9195 -0.3466
vn 0.2184 -0.9195 -0.3268
vn 0.1140 -0.9703 -0.2133
vn 0.1344 -0.9703 -0.2011
vn 0.0395 -0.9965 -0.0739
vn 0.0466 -0.9965 -0.0697
vn 0.2494 -0.9195 -0.3038
vn 0.2779 -0.9195 -0.2779
vn 0.1534 -0.9703 -0.1870
vn 0.1710 -0.9703 -0.1710
vn 0.0532 -0.9965 -0.0648
vn 0.0593 -0.9965 -0.0593
vn 0.3038 -0.9195 -0.2494
vn 0.3268 -0.9195 -0.2184
vn 0.1870 -0.9703 -0.1534
vn 0.2011 -0.9703 -0.1344
vn 0.0648 -0.9965 -0.0532
vn 0.0697 -0.9965 -0.0466
vn 0.3466 -0.9195 -0.1853
vn 0.3631 -0.9195 -0.1504
vn 0.2133 -0.9703 -0.1140
vn 0.2235 -0.9703 -0.0926
vn 0.0739 -0.9965 -0.0395
vn 0.0774 -0.9965 -0.0321
vn 0.3761 -0.9195 -0.1141
vn 0.3855 -0.9195 -0.0767
vn 0.2315 -0.9703 -0.0702
vn 0.2372 -0.9703 -0.0472
vn 0.0802 -0.9965 -0.0243
vn 0.0822 -0.9965 -0.0163
vn 0.3912 -0.9195 -0.0385
vn 0.3931 -0.9195 -0.0000
vn 0.2407 -0.9703 -0.0237
vn 0.2419 -0.9703 -0.0000
vn 0.0834 -0.9965 -0.0082
vn 0.0838 -0.9965 -0.0000
vn 0.3912 -0.9195 0.0385
vn 0.3855 -0.9195 0.0767
vn 0.2407 -0.9703 0.0237
vn 0.2372 -0.9703 0.0472
vn 0.0834 -0.9965 0.0082
vn 0.0822 -0.9965 0.0163
vn 0.3761 -0.9195 0.1141
vn 0.3631 -0.9195 0.1504
vn 0.2315 -0.9703 0.0702
vn 0.2235 -0.9703 0.0926
vn 0.0802 -0.9965 0.0243
vn 0.0774 -0.9965 0.0321
vn 0.3466 -0.9195 0.1853
vn 0.3268 -0.9195 0.2184
vn 0.2133 -0.9703 0.1140
vn 0.2011 -0.9703 0.1344
vn 0.0739 -0.9965 0.0395
vn 0.0697 -0.9965 0.0466
vn 0.3038 -0.9195 0.2494
vn 0.2779 -0.9195 0.2779
vn 0.1870 -0.9703 0.1534
vn 0.1710 -0.9703 0.1710
vn 0.0648 -0.9965 0.0532
vn 0.0593 -0.9965 0.0593
vn 0.2494 -0.9195 0.3038
vn 0.2184 -0.9195 0.3268
vn 0.1534 -0.9703 0.1870
vn 0.1344 -0.9703 0.2011
vn 0.0532 -0.9965 0.0648
vn 0.0466 -0.9965 0.0697
vn 0.1853 -0.9195 0.3466
vn 0.1504 -0.9195 0.3631
vn 0.1140 -0.9703 0.2133
vn 0.0926 -0.9703 0.2234
vn 0.0395 -0.9965 0.0739
vn 0.0321 -0.9965 0.0774
vn 0.1141 -0.9195 0.3761
vn 0.0767 -0.9195 0.3855
vn 0.0702 -0.9703 0.2315
vn 0.0472 -0.9703 0.2372
vn 0.0243 -0.9965 0.0802
vn 0.0163 -0.9965 0.0822
vn 0.0385 -0.9195 0.3912
vn 0.0237 -0.9703 0.2407
vn 0.0082 -0.9965 0.0834
vn -0.0223 -0.9737 0.2265
vn 0.0544 -0.8316 -0.5527
vn 0.1084 -0.8316 -0.5447
vn -0.0000 -0.8316 -0.5554
vn 0.0848 -0.5013 -0.8611
vn 0.1612 -0.8316 -0.5315
vn 0.2125 -0.8316 -0.5131
vn 0.2618 -0.8316 -0.4898
vn 0.3086 -0.8316 -0.4618
vn 0.3523 -0.8316 -0.4293
vn 0.3927 -0.8316 -0.3927
vn 0.4293 -0.8316 -0.3523
vn 0.4618 -0.8316 -0.3086
vn 0.4898 -0.8316 -0.2618
vn 0.5131 -0.8316 -0.2125
vn 0.5315 -0.8316 -0.1612
vn 0.5447 -0.8316 -0.1084
vn 0.5527 -0.8316 -0.0544
vn 0.5554 -0.8316 -0.0000
vn 0.5527 -0.8316 0.0544
vn 0.5447 -0.8316 0.1084
vn 0.5315 -0.8316 0.1612
vn 0.5131 -0.8316 0.2125
vn 0.4898 -0.8316 0.2618
vn 0.4618 -0.8316 0.3086
vn 0.4293 -0.8316 0.3523
vn 0.3927 -0.8316 0.3927
vn 0.3523 -0.8316 0.4293
vn 0.3086 -0.8316 0.4618
vn 0.2618 -0.8316 0.4898
vn 0.2125 -0.8316 0.5131
vn 0.1612 -0.8316 0.5315
vn 0.1084 -0.8316 0.5447
vn 0.0544 -0.8316 0.5527
vn -0.0000 -0.8316 0.5554
vn -0.0544 -0.8316 0.5527
vn -0.1084 -0.8316 0.5447
vn -0.1612 -0.8316 0.5315
vn -0.2125 -0.8316 0.5131
vn -0.2618 -0.8316 0.4898
vn -0.3086 -0.8316 0.4618
vn -0.3523 -0.8316 0.4293
vn -0.3927 -0.8316 0.3927
vn -0.4293 -0.8316 0.3523
vn -0.4618 -0.8316 0.3086
vn -0.4898 -0.8316 0.2618
vn -0.5131 -0.8316 0.2125
vn -0.5315 -0.8316 0.1612
vn -0.5447 -0.8316 0.1084
vn -0.5527 -0.8316 0.0544
vn -0.5554 -0.8316 -0.0000
vn -0.5527 -0.8316 -0.0544
vn -0.5447 -0.8316 -0.1084
vn -0.5315 -0.8316 -0.1612
vn -0.5131 -0.8316 -0.2125
vn -0.4898 -0.8316 -0.2618
vn -0.4618 -0.8316 -0.3086
vn -0.4293 -0.8316 -0.3523
vn -0.3927 -0.8316 -0.3927
vn -0.3523 -0.8316 -0.4293
vn -0.3086 -0.8316 -0.4618
vn -0.2618 -0.8316 -0.4898
vn -0.2125 -0.8316 -0.5131
vn -0.1612 -0.8316 -0.5315
vn -0.1084 -0.8316 -0.5447
vn -0.0544 -0.8316 -0.5527
vn 0.0934 -0.3017 -0.9488
vn -0.0000 0.7205 0.6935
vn -0.0680 0.7205 0.6901
vn -0.0825 0.5404 0.8373
vn -0.0000 0.5404 0.8414
vn -0.1353 0.7205 0.6802
vn -0.1641 0.5404 0.8252
vn -0.1826 0.3525 0.9178
vn -0.0917 0.3525 0.9313
vn -0.0000 0.3525 0.9358
vn -0.2013 0.7205 0.6636
vn -0.2442 0.5404 0.8052
vn -0.2654 0.7205 0.6407
vn -0.3220 0.5404 0.7773
vn -0.3581 0.3525 0.8646
vn -0.2717 0.3525 0.8955
vn -0.3269 0.7205 0.6116
vn -0.3966 0.5404 0.7420
vn -0.3853 0.7205 0.5766
vn -0.4675 0.5404 0.6996
vn -0.5199 0.3525 0.7781
vn -0.4411 0.3525 0.8253
vn -0.4399 0.7205 0.5361
vn -0.5338 0.5404 0.6504
vn -0.4904 0.7205 0.4904
vn -0.5950 0.5404 0.5950
vn -0.6617 0.3525 0.6617
vn -0.5937 0.3525 0.7234
vn -0.5361 0.7205 0.4399
vn -0.6504 0.5404 0.5338
vn -0.5766 0.7205 0.3853
vn -0.6996 0.5404 0.4675
vn -0.7781 0.3525 0.5199
vn -0.7234 0.3525 0.5937
vn -0.6116 0.7205 0.3269
vn -0.7420 0.5404 0.3966
vn -0.6407 0.7205 0.2654
vn -0.7773 0.5404 0.3220
vn -0.8646 0.3525 0.3581
vn -0.8253 0.3525 0.4411
vn -0.6636 0.7205 0.2013
vn -0.8052 0.5404 0.2442
vn -0.6802 0.7205 0.1353
vn -0.8252 0.5404 0.1641
vn -0.9178 0.3525 0.1826
vn -0.8955 0.3525 0.2717
vn -0.6901 0.7205 0.0680
vn -0.8373 0.5404 0.0825
vn -0.6935 0.7205 -0.0000
vn -0.8414 0.5404 -0.0000
vn -0.9358 0.3525 -0.0000
vn -0.9313 0.3525 0.0917
vn -0.6901 0.7205 -0.0680
vn -0.8373 0.5404 -0.0825
vn -0.6802 0.7205 -0.1353
vn -0.8252 0.5404 -0.1641
vn -0.9178 0.3525 -0.1826
vn -0.9313 0.3525 -0.0917
vn -0.6636 0.7205 -0.2013
vn -0.8052 0.5404 -0.2442
vn -0.6407 0.7205 -0.2654
vn -0.7773 0.5404 -0.3220
vn -0.8646 0.3525 -0.3581
vn -0.8955 0.3525 -0.2717
vn -0.6116 0.7205 -0.3269
vn -0.7420 0.5404 -0.3966
vn -0.5766 0.7205 -0.3853
vn -0.6996 0.5404 -0.4675
vn -0.7781 0.3525 -0.5199
vn -0.8253 0.3525 -0.4411
vn -0.5361 0.7205 -0.4399
vn -0.6504 0.5404 -0.5338
vn -0.4904 0.7205 -0.4904
vn -0.5950 0.5404 -0.5950
vn -0.6617 0.3525 -0.6617
vn -0.7234 0.3525 -0.5937
vn -0.4399 0.7205 -0.5361
vn -0.5338 0.5404 -0.6504
vn -0.3853 0.7205 -0.5766
vn -0.4675 0.5404 -0.6996
vn -0.5199 0.3525 -0.7781
vn -0.5937 0.3525 -0.7234
vn -0.3269 0.7205 -0.6116
vn -0.3966 0.5404 -0.7420
vn -0.2654 0.7205 -0.6407
vn -0.3220 0.5404 -0.7773
vn -0.3581 0.3525 -0.8646
vn -0.4411 0.3525 -0.8253
vn -0.2013 0.7205 -0.6636
vn -0.2442 0.5404 -0.8052
vn -0.1353 0.7205 -0.6802
vn -0.1641 0.5404 -0.8252
vn -0.1826 0.3525 -0.9178
vn -0.2717 0.3525 -0.8955
vn -0.0680 0.7205 -0.6901
vn -0.0825 0.5404 -0.8373
vn -0.0000 0.7205 -0.6935
vn -0.0000 0.5404 -0.8414
vn -0.0000 0.3525 -0.9358
vn -0.0917 0.3525 -0.9313
vn 0.0680 0.7205 -0.6901
vn 0.0825 0.5404 -0.8373
vn 0.1353 0.7205 -0.6802
vn 0.1641 0.5404 -0.8252
vn 0.1826 0.3525 -0.9178
vn 0.0917 0.3525 -0.9313
vn 0.2013 0.7205 -0.6636
vn 0.2442 0.5404 -0.8052
vn 0.2654 0.7205 -0.6407
vn 0.3220 0.5404 -0.7773
vn 0.3581 0.3525 -0.8646
vn 0.2717 0.3525 -0.8955
vn 0.3269 0.7205 -0.6116
vn 0.3966 0.5404 -0.7420
vn 0.3853 0.7205 -0.5766
vn 0.4675 0.5404 -0.6996
vn 0.5199 0.3525 -0.7781
vn 0.4411 0.3525 -0.8253
vn 0.4399 0.7205 -0.5361
vn 0.5338 0.5404 -0.6504
vn 0.4904 0.7205 -0.4904
vn 0.5950 0.5404 -0.5950
vn 0.6617 0.3525 -0.6617
vn 0.5937 0.3525 -0.7234
vn 0.5361 0.7205 -0.4399
vn 0.6504 0.5404 -0.5338
vn 0.5766 0.7205 -0.3853
vn 0.6996 0.5404 -0.4675
vn 0.7781 0.3525 -0.5199
vn 0.7234 0.3525 -0.5937
vn 0.6116 0.7205 -0.3269
vn 0.7420 0.5404 -0.3966
vn 0.6407 0.7205 -0.2654
vn 0.7773 0.5404 -0.3220
vn 0.8646 0.3525 -0.3581
vn 0.8253 0.3525 -0.4411
vn 0.6636 0.7205 -0.2013
vn 0.8052 0.5404 -0.2442
vn 0.6802 0.7205 -0.1353
vn 0.8252 0.5404 -0.1641
vn 0.9178 0.3525 -0.1826
vn 0.8955 0.3525 -0.2717
vn 0.6901 0.7205 -0.0680
vn 0.8373 0.5404 -0.0825
vn 0.6935 0.7205 -0.0000
vn 0.8414 0.5404 -0.0000
vn 0.9358 0.3525 -0.0000
vn 0.9313 0.3525 -0.0917
vn 0.6901 0.7205 0.0680
vn 0.8373 0.5404 0.0825
vn 0.6802 0.7205 0.1353
vn 0.8252 0.5404 0.1641
vn 0.9178 0.3525 0.1826
vn 0.9313 0.3525 0.0917
vn 0.6636 0.7205 0.2013
vn 0.8052 0.5404 0.2442
vn 0.6407 0.7205 0.2654
vn 0.7773 0.5404 0.3220
vn 0.8646 0.3525 0.3581
vn 0.8955 0.3525 0.2717
vn 0.6116 0.7205 0.3269
vn 0.7420 0.5404 0.3966
vn 0.5766 0.7205 0.3853
vn 0.6996 0.5404 0.4675
vn 0.7781 0.3525 0.5199
vn 0.8253 0.3525 0.4411
vn 0.5361 0.7205 0.4399
vn 0.6504 0.5404 0.5338
vn 0.4904 0.7205 0.4904
vn 0.5950 0.5404 0.5950
vn 0.6617 0.3525 0.6617
vn 0.7234 0.3525 0.5937
vn 0.4399 0.7205 0.5361
vn 0.5338 0.5404 0.6504
vn 0.3853 0.7205 0.5766
vn 0.4675 0.5404 0.6996
vn 0.5199 0.3525 0.7781
vn 0.5937 0.3525 0.7234
vn 0.3269 0.7205 0.6116
vn 0.3966 0.5404 0.7420
vn 0.2654 0.7205 0.6407
vn 0.3220 0.5404 0.7773
vn 0.3581 0.3525 0.8646
vn 0.4411 0.3525 0.8253
vn 0.2013 0.7205 0.6636
vn 0.2442 0.5404 0.8052
vn 0.1353 0.7205 0.6802
vn 0.1641 0.5404 0.8252
vn 0.1826 0.3525 0.9178
vn 0.2717 0.3525 0.8955
vn 0.0680 0.7205 0.6901
vn 0.0825 0.5404 0.8373
vn 0.0917 0.3525 0.9313
vn -0.0000 0.9951 0.0986
vn -0.0101 0.9947 0.1021
vn -0.0207 0.9774 0.2105
vn -0.0000 0.9775 0.2111
vn -0.0192 0.9951 0.0967
vn -0.0412 0.9775 0.2070
vn -0.0712 0.9310 0.3579
vn -0.0358 0.9311 0.3631
vn -0.0000 0.9310 0.3649
vn -0.0298 0.9947 0.0982
vn -0.0614 0.9774 0.2025
vn -0.0377 0.9951 0.0911
vn -0.0808 0.9775 0.1950
vn -0.1396 0.9310 0.3371
vn -0.1059 0.9311 0.3491
vn -0.0484 0.9947 0.0905
vn -0.0997 0.9774 0.1866
vn -0.0548 0.9951 0.0820
vn -0.1173 0.9775 0.1755
vn -0.2027 0.9310 0.3034
vn -0.1720 0.9311 0.3218
vn -0.0651 0.9947 0.0793
vn -0.1342 0.9774 0.1635
vn -0.0697 0.9951 0.0697
vn -0.1493 0.9775 0.1493
vn -0.2580 0.9310 0.2580
vn -0.2315 0.9311 0.2820
vn -0.0793 0.9947 0.0651
vn -0.1635 0.9774 0.1342
vn -0.0820 0.9951 0.0548
vn -0.1755 0.9775 0.1173
vn -0.3034 0.9310 0.2027
vn -0.2820 0.9311 0.2315
vn -0.0905 0.9947 0.0484
vn -0.1866 0.9774 0.0997
vn -0.0911 0.9951 0.0377
vn -0.1950 0.9775 0.0808
vn -0.3371 0.9310 0.1396
vn -0.3218 0.9311 0.1720
vn -0.0982 0.9947 0.0298
vn -0.2025 0.9774 0.0614
vn -0.0967 0.9951 0.0192
vn -0.2070 0.9775 0.0412
vn -0.3579 0.9310 0.0712
vn -0.3491 0.9311 0.1059
vn -0.1021 0.9947 0.0101
vn -0.2105 0.9774 0.0207
vn -0.0986 0.9951 -0.0000
vn -0.2111 0.9775 -0.0000
vn -0.3649 0.9310 -0.0000
vn -0.3631 0.9311 0.0358
vn -0.1021 0.9947 -0.0101
vn -0.2105 0.9774 -0.0207
vn -0.0967 0.9951 -0.0192
vn -0.2070 0.9775 -0.0412
vn -0.3579 0.9310 -0.0712
vn -0.3631 0.9311 -0.0358
vn -0.0982 0.9947 -0.0298
vn -0.2025 0.9774 -0.0614
vn -0.0911 0.9951 -0.0377
vn -0.1950 0.9775 -0.0808
vn -0.3371 0.9310 -0.1396
vn -0.3491 0.9311 -0.1059
vn -0.0905 0.9947 -0.0484
vn -0.1866 0.9774 -0.0997
vn -0.0820 0.9951 -0.0548
vn -0.1755 0.9775 -0.1173
vn -0.3034 0.9310 -0.2027
vn -0.3218 0.9311 -0.1720
vn -0.0793 0.9947 -0.0651
vn -0.1635 0.9774 -0.1342
vn -0.0697 0.9951 -0.0697
vn -0.1493 0.9775 -0.1493
vn -0.2580 0.9310 -0.2580
vn -0.2820 0.9311 -0.2315
vn -0.0651 0.9947 -0.0793
vn -0.1342 0.9774 -0.1635
vn -0.0548 0.9951 -0.0820
vn -0.1173 0.9775 -0.1755
vn -0.2027 0.9310 -0.3034
vn -0.2315 0.9311 -0.2820
vn -0.0484 0.9947 -0.0905
vn -0.0997 0.9774 -0.1866
vn -0.0377 0.9951 -0.0911
vn -0.0808 0.9775 -0.1950
vn -0.1396 0.9310 -0.3371
vn -0.1720 0.9311 -0.3218
vn -0.0298 0.9947 -0.0982
vn -0.0614 0.9774 -0.2025
vn -0.0192 0.9951 -0.0967
vn -0.0412 0.9775 -0.2070
vn -0.0712 0.9310 -0.3579
vn -0.1059 0.9311 -0.3491
vn -0.0101 0.9947 -0.1021
vn -0.0207 0.9774 -0.2105
vn -0.0000 0.9951 -0.0986
vn -0.0000 0.9775 -0.2111
vn -0.0000 0.9310 -0.3649
vn -0.0358 0.9311 -0.3631
vn 0.0101 0.9947 -0.1021
vn 0.0207 0.9774 -0.2105
vn 0.0192 0.9951 -0.0967
vn 0.0412 0.9775 -0.2070
vn 0.0712 0.9310 -0.3579
vn 0.0358 0.9311 -0.3631
vn 0.0298 0.9947 -0.0982
vn 0.0614 0.9774 -0.2025
vn 0.0377 0.9951 -0.0911
vn 0.0808 0.9775 -0.1950
vn 0.1396 0.9310 -0.3371
vn 0.1059 0.9311 -0.3491
vn 0.0484 0.9947 -0.0905
vn 0.0997 0.9774 -0.1866
vn 0.0548 0.9951 -0.0820
vn 0.1173 0.9775 -0.1755
vn 0.2027 0.9310 -0.3034
vn 0.1720 0.9311 -0.3218
vn 0.0651 0.9947 -0.0793
vn 0.1342 0.9774 -0.1635
vn 0.0697 0.9951 -0.0697
vn 0.1493 0.9775 -0.1493
vn 0.2580 0.9310 -0.2580
vn 0.2315 0.9311 -0.2820
vn 0.0793 0.9947 -0.0651
vn 0.1635 0.9774 -0.1342
vn 0.0820 0.9951 -0.0548
vn 0.1755 0.9775 -0.1173
vn 0.3034 0.9310 -0.2027
vn 0.2820 0.9311 -0.2315
vn 0.0905 0.9947 -0.0484
vn 0.1866 0.9774 -0.0997
vn 0.0911 0.9951 -0.0377
vn 0.1950 0.9775 -0.0808
vn 0.3371 0.9310 -0.1396
vn 0.3218 0.9311 -0.1720
vn 0.0982 0.9947 -0.0298
vn 0.2025 0.9774 -0.0614
vn 0.0967 0.9951 -0.0192
vn 0.2070 0.9775 -0.0412
vn 0.3579 0.9310 -0.0712
vn 0.3491 0.9311 -0.1059
vn 0.1021 0.9947 -0.0101
vn 0.2105 0.9774 -0.0207
vn 0.0986 0.9951 -0.0000
vn 0.2111 0.9775 -0.0000
vn 0.3649 0.9310 -0.0000
vn 0.3631 0.9311 -0.0358
vn 0.1021 0.9947 0.0101
vn 0.2105 0.9774 0.0207
vn 0.0967 0.9951 0.0192
vn 0.2070 0.9775 0.0412
vn 0.3579 0.9310 0.0712
vn 0.3631 0.9311 0.0358
vn 0.0982 0.9947 0.0298
vn 0.2025 0.9774 0.0614
vn 0.0911 0.9951 0.0377
vn 0.1950 0.9775 0.0808
vn 0.3371 0.9310 0.1396
vn 0.3491 0.9311 0.1059
vn 0.0905 0.9947 0.0484
vn 0.1866 0.9774 0.0997
vn 0.0820 0.9951 0.0548
vn 0.1755 0.9775 0.1173
vn 0.3034 0.9310 0.2027
vn 0.3218 0.9311 0.1720
vn 0.0793 0.9947 0.0651
vn 0.1635 0.9774 0.1342
vn 0.0697 0.9951 0.0697
vn 0.1493 0.9775 0.1493
vn 0.2580 0.9310 0.2580
vn 0.2820 0.9311 0.2315
vn 0.0651 0.9947 0.0793
vn 0.1342 0.9774 0.1635
vn 0.0548 0.9951 0.0820
vn 0.1173 0.9775 0.1755
vn 0.2027 0.9310 0.3034
vn 0.2315 0.9311 0.2820
vn 0.0484 0.9947 0.0905
vn 0.0997 0.9774 0.1866
vn 0.0377 0.9951 0.0911
vn 0.0808 0.9775 0.1950
vn 0.1396 0.9310 0.3371
vn 0.1720 0.9311 0.3218
vn 0.0298 0.9947 0.0982
vn 0.0614 0.9774 0.2025
vn 0.0192 0.9951 0.0967
vn 0.0412 0.9775 0.2070
vn 0.0712 0.9310 0.3579
vn 0.1059 0.9311 0.3491
vn 0.0101 0.9947 0.1021
vn 0.0207 0.9774 0.2105
vn 0.0358 0.9311 0.3631
vn 0.0053 0.9996 -0.0265
vn 0.0049 0.9988 -0.0494
vn -0.0000 0.9996 -0.0270
vn 0.0103 0.9996 0.0250
vn 0.0234 0.9988 0.0438
vn 0.0150 0.9996 0.0225
vn -0.0150 0.9996 0.0225
vn -0.0234 0.9988 0.0438
vn -0.0103 0.9996 0.0250
vn -0.0049 0.9988 -0.0494
vn -0.0053 0.9996 -0.0265
vn 0.0315 0.9988 0.0384
vn 0.0191 0.9996 0.0191
vn -0.0144 0.9988 -0.0475
vn -0.0103 0.9996 -0.0250
vn 0.0384 0.9988 0.0315
vn 0.0225 0.9996 0.0150
vn -0.0144 0.9988 0.0475
vn -0.0053 0.9996 0.0265
vn -0.0234 0.9988 -0.0438
vn -0.0150 0.9996 -0.0225
vn 0.0438 0.9988 0.0234
vn 0.0250 0.9996 0.0103
vn -0.0315 0.9988 -0.0384
vn -0.0191 0.9996 -0.0191
vn 0.0475 0.9988 0.0144
vn 0.0265 0.9996 0.0053
vn -0.0384 0.9988 -0.0315
vn -0.0225 0.9996 -0.0150
vn 0.0494 0.9988 0.0049
vn 0.0270 0.9996 -0.0000
vn -0.0438 0.9988 -0.0234
vn -0.0250 0.9996 -0.0103
vn 0.0494 0.9988 -0.0049
vn 0.0265 0.9996 -0.0053
vn -0.0475 0.9988 -0.0144
vn -0.0265 0.9996 -0.0053
vn 0.0475 0.9988 -0.0144
vn 0.0250 0.9996 -0.0103
vn -0.0494 0.9988 -0.0049
vn -0.0270 0.9996 -0.0000
vn 0.0438 0.9988 -0.0234
vn 0.0225 0.9996 -0.0150
vn -0.0494 0.9988 0.0049
vn -0.0265 0.9996 0.0053
vn 0.0384 0.9988 -0.0315
vn 0.0191 0.9996 -0.0191
vn -0.0475 0.9988 0.0144
vn -0.0250 0.9996 0.0103
vn 0.0315 0.9988 -0.0384
vn 0.0150 0.9996 -0.0225
vn -0.0438 0.9988 0.0234
vn -0.0225 0.9996 0.0150
vn 0.0234 0.9988 -0.0438
vn 0.0103 0.9996 -0.0250
vn -0.0000 0.9996 0.0270
vn 0.0049 0.9988 0.0494
vn 0.0053 0.9996 0.0265
vn -0.0384 0.9988 0.0315
vn -0.0191 0.9996 0.0191
vn 0.0144 0.9988 -0.0475
vn 0.0144 0.9988 0.0475
vn -0.0315 0.9988 0.0384
vn -0.0024 0.9999 0.0122
vn -0.0036 0.9999 0.0120
vn 0.0496 0.9853 -0.1635
vn 0.0333 0.9853 -0.1676
vn -0.0048 0.9999 0.0115
vn 0.0654 0.9853 -0.1578
vn 0.1336 0.9371 -0.3225
vn 0.1013 0.9371 -0.3340
vn 0.0681 0.9371 -0.3423
vn 0.0088 0.9999 0.0088
vn 0.0079 0.9999 0.0097
vn -0.1084 0.9853 -0.1321
vn -0.1208 0.9853 -0.1208
vn 0.0069 0.9999 0.0104
vn -0.0949 0.9853 -0.1420
vn -0.1939 0.9371 -0.2902
vn -0.2214 0.9371 -0.2698
vn -0.2468 0.9371 -0.2468
vn -0.0024 0.9999 -0.0122
vn -0.0012 0.9999 -0.0124
vn 0.0167 0.9853 0.1700
vn 0.0333 0.9853 0.1675
vn -0.0000 0.9999 -0.0125
vn -0.0000 0.9853 0.1708
vn -0.0000 0.9371 0.3490
vn 0.0342 0.9371 0.3474
vn 0.0681 0.9371 0.3423
vn 0.0024 0.9999 0.0122
vn 0.0012 0.9999 0.0124
vn -0.0167 0.9853 -0.1700
vn -0.0333 0.9853 -0.1675
vn -0.0000 0.9999 0.0125
vn -0.0000 0.9853 -0.1708
vn -0.0000 0.9371 -0.3490
vn -0.0342 0.9371 -0.3474
vn -0.0681 0.9371 -0.3423
vn 0.0059 0.9999 0.0110
vn -0.0805 0.9853 -0.1507
vn 0.0048 0.9999 0.0115
vn -0.0654 0.9853 -0.1578
vn -0.1336 0.9371 -0.3225
vn -0.1645 0.9371 -0.3078
vn 0.0012 0.9999 -0.0124
vn -0.0167 0.9853 0.1700
vn 0.0024 0.9999 -0.0122
vn -0.0333 0.9853 0.1675
vn -0.0681 0.9371 0.3423
vn -0.0342 0.9371 0.3474
vn -0.0069 0.9999 0.0104
vn -0.0079 0.9999 0.0097
vn 0.1084 0.9853 -0.1321
vn 0.0949 0.9853 -0.1420
vn -0.0088 0.9999 0.0088
vn 0.1208 0.9853 -0.1208
vn 0.2468 0.9371 -0.2468
vn 0.2214 0.9371 -0.2698
vn 0.1939 0.9371 -0.2902
vn 0.0036 0.9999 0.0120
vn -0.0496 0.9853 -0.1635
vn -0.1013 0.9371 -0.3340
vn 0.0036 0.9999 -0.0120
vn -0.0496 0.9853 0.1635
vn 0.0048 0.9999 -0.0115
vn -0.0654 0.9853 0.1578
vn -0.1336 0.9371 0.3225
vn -0.1013 0.9371 0.3340
vn -0.0097 0.9999 0.0079
vn 0.1321 0.9853 -0.1084
vn -0.0104 0.9999 0.0069
vn 0.1420 0.9853 -0.0949
vn 0.2902 0.9371 -0.1939
vn 0.2698 0.9371 -0.2214
vn -0.0000 -0.3465 -0.9380
vn -0.0000 -0.2254 -0.9743
vn 0.0955 -0.2254 -0.9696
vn 0.0919 -0.3465 -0.9335
vn -0.0000 -0.1410 -0.9900
vn 0.0970 -0.1410 -0.9852
vn 0.1931 -0.1410 -0.9710
vn 0.1901 -0.2254 -0.9555
vn 0.1830 -0.3465 -0.9200
vn 0.0059 0.9999 -0.0110
vn -0.0805 0.9853 0.1507
vn 0.0069 0.9999 -0.0104
vn -0.0949 0.9853 0.1420
vn -0.1939 0.9371 0.2902
vn -0.1645 0.9371 0.3078
vn -0.0110 0.9999 0.0059
vn 0.1507 0.9853 -0.0805
vn -0.0115 0.9999 0.0048
vn 0.1578 0.9853 -0.0654
vn 0.3225 0.9371 -0.1336
vn 0.3078 0.9371 -0.1645
vn -0.0059 0.9999 0.0110
vn 0.0805 0.9853 -0.1507
vn 0.1645 0.9371 -0.3078
vn 0.0079 0.9999 -0.0097
vn -0.1084 0.9853 0.1321
vn 0.0088 0.9999 -0.0088
vn -0.1208 0.9853 0.1208
vn -0.2468 0.9371 0.2468
vn -0.2214 0.9371 0.2698
vn -0.0120 0.9999 0.0036
vn 0.1635 0.9853 -0.0496
vn -0.0123 0.9999 0.0024
vn 0.1676 0.9853 -0.0333
vn 0.3423 0.9371 -0.0681
vn 0.3340 0.9371 -0.1013
vn 0.0097 0.9999 -0.0079
vn -0.1321 0.9853 0.1084
vn 0.0104 0.9999 -0.0069
vn -0.1420 0.9853 0.0949
vn -0.2902 0.9371 0.1939
vn -0.2698 0.9371 0.2214
vn -0.0124 0.9999 0.0012
vn 0.1700 0.9853 -0.0167
vn -0.0125 0.9999 -0.0000
vn 0.1708 0.9853 -0.0000
vn 0.3490 0.9371 -0.0000
vn 0.3474 0.9371 -0.0342
vn 0.0110 0.9999 -0.0059
vn -0.1507 0.9853 0.0805
vn 0.0115 0.9999 -0.0048
vn -0.1578 0.9853 0.0654
vn -0.3225 0.9371 0.1336
vn -0.3078 0.9371 0.1645
vn -0.0124 0.9999 -0.0012
vn 0.1700 0.9853 0.0167
vn -0.0123 0.9999 -0.0024
vn 0.1676 0.9853 0.0333
vn 0.3423 0.9371 0.0681
vn 0.3474 0.9371 0.0342
vn 0.0120 0.9999 -0.0036
vn -0.1635 0.9853 0.0496
vn 0.0122 0.9999 -0.0024
vn -0.1675 0.9853 0.0333
vn -0.3423 0.9371 0.0681
vn -0.3340 0.9371 0.1013
vn -0.0120 0.9999 -0.0036
vn 0.1635 0.9853 0.0496
vn -0.0115 0.9999 -0.0048
vn 0.1578 0.9853 0.0654
vn 0.3225 0.9371 0.1336
vn 0.3340 0.9371 0.1013
vn 0.0124 0.9999 -0.0012
vn -0.1700 0.9853 0.0167
vn 0.0125 0.9999 -0.0000
vn -0.1708 0.9853 -0.0000
vn -0.3490 0.9371 -0.0000
vn -0.3474 0.9371 0.0342
vn -0.0110 0.9999 -0.0059
vn 0.1507 0.9853 0.0805
vn -0.0104 0.9999 -0.0069
vn 0.1420 0.9853 0.0949
vn 0.2902 0.9371 0.1939
vn 0.3078 0.9371 0.1645
vn 0.0124 0.9999 0.0012
vn -0.1700 0.9853 -0.0167
vn 0.0122 0.9999 0.0024
vn -0.1675 0.9853 -0.0333
vn -0.3423 0.9371 -0.0681
vn -0.3474 0.9371 -0.0342
vn -0.0097 0.9999 -0.0079
vn 0.1321 0.9853 0.1084
vn -0.0088 0.9999 -0.0088
vn 0.1208 0.9853 0.1208
vn 0.2468 0.9371 0.2468
vn 0.2698 0.9371 0.2214
vn 0.0120 0.9999 0.0036
vn -0.1635 0.9853 -0.0496
vn 0.0115 0.9999 0.0048
vn -0.1578 0.9853 -0.0654
vn -0.3225 0.9371 -0.1336
vn -0.3340 0.9371 -0.1013
vn -0.0079 0.9999 -0.0097
vn 0.1084 0.9853 0.1321
vn -0.0069 0.9999 -0.0104
vn 0.0949 0.9853 0.1420
vn 0.1939 0.9371 0.2902
vn 0.2214 0.9371 0.2698
vn 0.0110 0.9999 0.0059
vn -0.1507 0.9853 -0.0805
vn 0.0104 0.9999 0.0069
vn -0.1420 0.9853 -0.0949
vn -0.2902 0.9371 -0.1939
vn -0.3078 0.9371 -0.1645
vn -0.0059 0.9999 -0.0110
vn 0.0805 0.9853 0.1507
vn -0.0048 0.9999 -0.0115
vn 0.0654 0.9853 0.1578
vn 0.1336 0.9371 0.3225
vn 0.1645 0.9371 0.3078
vn 0.0097 0.9999 0.0079
vn -0.1321 0.9853 -0.1084
vn -0.2698 0.9371 -0.2214
vn -0.0036 0.9999 -0.0120
vn 0.0496 0.9853 0.1635
vn 0.1013 0.9371 0.3340
vn 0.0520 0.8475 0.5282
vn 0.1036 0.8475 0.5206
vn -0.0000 0.8475 0.5308
vn 0.1541 0.8475 0.5079
vn 0.2031 0.8475 0.4904
vn 0.2502 0.8475 0.4681
vn 0.2949 0.8475 0.4413
vn 0.3367 0.8475 0.4103
vn 0.3753 0.8475 0.3753
vn 0.4103 0.8475 0.3367
vn 0.4413 0.8475 0.2949
vn 0.4681 0.8475 0.2502
vn 0.4904 0.8475 0.2031
vn 0.5079 0.8475 0.1541
vn 0.5206 0.8475 0.1036
vn 0.5282 0.8475 0.0520
vn 0.5308 0.8475 -0.0000
vn 0.5282 0.8475 -0.0520
vn 0.5206 0.8475 -0.1036
vn 0.5079 0.8475 -0.1541
vn 0.4904 0.8475 -0.2031
vn 0.4681 0.8475 -0.2502
vn 0.4413 0.8475 -0.2949
vn 0.4103 0.8475 -0.3367
vn 0.3753 0.8475 -0.3753
vn 0.3367 0.8475 -0.4103
vn 0.2949 0.8475 -0.4413
vn 0.2502 0.8475 -0.4681
vn 0.2031 0.8475 -0.4904
vn 0.1541 0.8475 -0.5079
vn 0.1036 0.8475 -0.5206
vn 0.0520 0.8475 -0.5282
vn -0.0000 0.8475 -0.5308
vn -0.0520 0.8475 -0.5282
vn -0.1036 0.8475 -0.5206
vn -0.1541 0.8475 -0.5079
vn -0.2031 0.8475 -0.4904
vn -0.2502 0.8475 -0.4681
vn -0.2949 0.8475 -0.4413
vn -0.3367 0.8475 -0.4103
vn -0.3753 0.8475 -0.3753
vn -0.4103 0.8475 -0.3367
vn -0.4413 0.8475 -0.2949
vn -0.4681 0.8475 -0.2502
vn -0.4904 0.8475 -0.2031
vn -0.5079 0.8475 -0.1541
vn -0.5206 0.8475 -0.1036
vn -0.5282 0.8475 -0.0520
vn -0.5308 0.8475 -0.0000
vn -0.5282 0.8475 0.0520
vn -0.5206 0.8475 0.1036
vn -0.5079 0.8475 0.1541
vn -0.4904 0.8475 0.2031
vn -0.4681 0.8475 0.2502
vn -0.4413 0.8475 0.2949
vn -0.4103 0.8475 0.3367
vn -0.3753 0.8475 0.3753
vn -0.3367 0.8475 0.4103
vn -0.2949 0.8475 0.4413
vn -0.2502 0.8475 0.4681
vn -0.2031 0.8475 0.4904
vn -0.1541 0.8475 0.5079
vn -0.1036 0.8475 0.5206
vn -0.0520 0.8475 0.5282
vn -0.0049 0.9988 0.0494
vn -0.0000 -0.5983 -0.8013
vn -0.0000 -0.4786 -0.8780
vn 0.0861 -0.4786 -0.8738
vn 0.0785 -0.5983 -0.7974
vn 0.1713 -0.4786 -0.8611
vn 0.1563 -0.5983 -0.7859
vn 0.2549 -0.4786 -0.8402
vn 0.2326 -0.5983 -0.7668
vn 0.2723 -0.3465 -0.8976
vn 0.3590 -0.3465 -0.8666
vn 0.3360 -0.4786 -0.8112
vn 0.3066 -0.5983 -0.7403
vn 0.4139 -0.4786 -0.7743
vn 0.3777 -0.5983 -0.7067
vn 0.4422 -0.3465 -0.8273
vn 0.5211 -0.3465 -0.7800
vn 0.4878 -0.4786 -0.7300
vn 0.4452 -0.5983 -0.6662
vn 0.5570 -0.4786 -0.6787
vn 0.5083 -0.5983 -0.6194
vn 0.5951 -0.3465 -0.7251
vn 0.6633 -0.3465 -0.6633
vn 0.6208 -0.4786 -0.6208
vn 0.5666 -0.5983 -0.5666
vn 0.6787 -0.4786 -0.5570
vn 0.6194 -0.5983 -0.5083
vn 0.7251 -0.3465 -0.5951
vn 0.7800 -0.3465 -0.5211
vn 0.7300 -0.4786 -0.4878
vn 0.6662 -0.5983 -0.4452
vn 0.7743 -0.4786 -0.4139
vn 0.7067 -0.5983 -0.3777
vn 0.8273 -0.3465 -0.4422
vn 0.8666 -0.3465 -0.3590
vn 0.8112 -0.4786 -0.3360
vn 0.7403 -0.5983 -0.3066
vn 0.8402 -0.4786 -0.2549
vn 0.7668 -0.5983 -0.2326
vn 0.8976 -0.3465 -0.2723
vn 0.9200 -0.3465 -0.1830
vn 0.8611 -0.4786 -0.1713
vn 0.7859 -0.5983 -0.1563
vn 0.8738 -0.4786 -0.0861
vn 0.7974 -0.5983 -0.0785
vn 0.9335 -0.3465 -0.0919
vn 0.9380 -0.3465 -0.0000
vn 0.8780 -0.4786 -0.0000
vn 0.8013 -0.5983 -0.0000
vn 0.8738 -0.4786 0.0861
vn 0.7974 -0.5983 0.0785
vn 0.9335 -0.3465 0.0919
vn 0.9200 -0.3465 0.1830
vn 0.8611 -0.4786 0.1713
vn 0.7859 -0.5983 0.1563
vn 0.8402 -0.4786 0.2549
vn 0.7668 -0.5983 0.2326
vn 0.8976 -0.3465 0.2723
vn 0.8666 -0.3465 0.3590
vn 0.8112 -0.4786 0.3360
vn 0.7403 -0.5983 0.3066
vn 0.7743 -0.4786 0.4139
vn 0.7067 -0.5983 0.3777
vn 0.8273 -0.3465 0.4422
vn 0.7800 -0.3465 0.5211
vn 0.7300 -0.4786 0.4878
vn 0.6662 -0.5983 0.4452
vn 0.6787 -0.4786 0.5570
vn 0.6194 -0.5983 0.5083
vn 0.7251 -0.3465 0.5951
vn 0.6633 -0.3465 0.6633
vn 0.6208 -0.4786 0.6208
vn 0.5666 -0.5983 0.5666
vn 0.5570 -0.4786 0.6787
vn 0.5083 -0.5983 0.6194
vn 0.5951 -0.3465 0.7251
vn 0.5211 -0.3465 0.7800
vn 0.4878 -0.4786 0.7300
vn 0.4452 -0.5983 0.6662
vn 0.4139 -0.4786 0.7743
vn 0.3777 -0.5983 0.7067
vn 0.4422 -0.3465 0.8273
vn 0.3590 -0.3465 0.8666
vn 0.3360 -0.4786 0.8112
vn 0.3066 -0.5983 0.7403
vn 0.2549 -0.4786 0.8402
vn 0.2326 -0.5983 0.7668
vn 0.2723 -0.3465 0.8976
vn 0.1830 -0.3465 0.9200
vn 0.1713 -0.4786 0.8611
vn 0.1563 -0.5983 0.7859
vn 0.0861 -0.4786 0.8738
vn 0.0785 -0.5983 0.7974
vn 0.0919 -0.3465 0.9335
vn -0.0000 -0.3465 0.9380
vn -0.0000 -0.4786 0.8780
vn -0.0000 -0.5983 0.8013
vn -0.0861 -0.4786 0.8738
vn -0.0785 -0.5983 0.7974
vn -0.0919 -0.3465 0.9335
vn -0.1830 -0.3465 0.9200
vn -0.1713 -0.4786 0.8611
vn -0.1563 -0.5983 0.7859
vn -0.2549 -0.4786 0.8402
vn -0.2326 -0.5983 0.7668
vn -0.2723 -0.3465 0.8976
vn -0.3590 -0.3465 0.8666
vn -0.3360 -0.4786 0.8112
vn -0.3066 -0.5983 0.7403
vn -0.4139 -0.4786 0.7743
vn -0.3777 -0.5983 0.7067
vn -0.4422 -0.3465 0.8273
vn -0.5211 -0.3465 0.7800
vn -0.4878 -0.4786 0.7300
vn -0.4452 -0.5983 0.6662
vn -0.5570 -0.4786 0.6787
vn -0.5083 -0.5983 0.6194
vn -0.5951 -0.3465 0.7251
vn -0.6633 -0.3465 0.6633
vn -0.6208 -0.4786 0.6208
vn -0.5666 -0.5983 0.5666
vn -0.6787 -0.4786 0.5570
vn -0.6194 -0.5983 0.5083
vn -0.7251 -0.3465 0.5951
vn -0.7800 -0.3465 0.5211
vn -0.7300 -0.4786 0.4878
vn -0.6662 -0.5983 0.4452
vn -0.7743 -0.4786 0.4139
vn -0.7067 -0.5983 0.3777
vn -0.8273 -0.3465 0.4422
vn -0.8666 -0.3465 0.3590
vn -0.8112 -0.4786 0.3360
vn -0.7403 -0.5983 0.3066
vn -0.8402 -0.4786 0.2549
vn -0.7668 -0.5983 0.2326
vn -0.8976 -0.3465 0.2723
vn -0.9200 -0.3465 0.1830
vn -0.8611 -0.4786 0.1713
vn -0.7859 -0.5983 0.1563
vn -0.8738 -0.4786 0.0861
vn -0.7974 -0.5983 0.0785
vn -0.9335 -0.3465 0.0919
vn -0.9380 -0.3465 -0.0000
vn -0.8780 -0.4786 -0.0000
vn -0.8013 -0.5983 -0.0000
vn -0.8738 -0.4786 -0.0861
vn -0.7974 -0.5983 -0.0785
vn -0.9335 -0.3465 -0.0919
vn -0.9200 -0.3465 -0.1830
vn -0.8611 -0.4786 -0.1713
vn -0.7859 -0.5983 -0.1563
vn -0.8402 -0.4786 -0.2549
vn -0.7668 -0.5983 -0.2326
vn -0.8976 -0.3465 -0.2723
vn -0.8666 -0.3465 -0.3590
vn -0.8112 -0.4786 -0.3360
vn -0.7403 -0.5983 -0.3066
vn -0.7743 -0.4786 -0.4139
vn -0.7067 -0.5983 -0.3777
vn -0.8273 -0.3465 -0.4422
vn -0.7800 -0.3465 -0.5211
vn -0.7300 -0.4786 -0.4878
vn -0.6662 -0.5983 -0.4452
vn -0.6787 -0.4786 -0.5570
vn -0.6194 -0.5983 -0.5083
vn -0.7251 -0.3465 -0.5951
vn -0.6633 -0.3465 -0.6633
vn -0.6208 -0.4786 -0.6208
vn -0.5666 -0.5983 -0.5666
vn -0.5570 -0.4786 -0.6787
vn -0.5083 -0.5983 -0.6194
vn -0.5951 -0.3465 -0.7251
vn -0.5211 -0.3465 -0.7800
vn -0.4878 -0.4786 -0.7300
vn -0.4452 -0.5983 -0.6662
vn -0.4139 -0.4786 -0.7743
vn -0.3777 -0.5983 -0.7067
vn -0.4422 -0.3465 -0.8273
vn -0.3590 -0.3465 -0.8666
vn -0.3360 -0.4786 -0.8112
vn -0.3066 -0.5983 -0.7403
vn -0.2549 -0.4786 -0.8402
vn -0.2326 -0.5983 -0.7668
vn -0.2723 -0.3465 -0.8976
vn -0.1830 -0.3465 -0.9200
vn -0.1713 -0.4786 -0.8611
vn -0.1563 -0.5983 -0.7859
vn -0.0861 -0.4786 -0.8738
vn -0.0785 -0.5983 -0.7974
vn -0.0919 -0.3465 -0.9335
vn -0.0000 -0.9834 -0.1813
vn -0.0000 -0.9742 -0.2257
vn 0.0221 -0.9742 -0.2246
vn 0.0178 -0.9834 -0.1804
vn -0.0000 -0.9539 -0.3001
vn 0.0294 -0.9539 -0.2986
vn 0.0585 -0.9539 -0.2943
vn 0.0440 -0.9742 -0.2214
vn 0.0354 -0.9834 -0.1778
vn 0.0655 -0.9742 -0.2160
vn 0.0526 -0.9834 -0.1735
vn 0.0871 -0.9539 -0.2872
vn 0.1148 -0.9539 -0.2772
vn 0.0864 -0.9742 -0.2085
vn 0.0694 -0.9834 -0.1675
vn 0.1064 -0.9742 -0.1990
vn 0.0855 -0.9834 -0.1599
vn 0.1415 -0.9539 -0.2646
vn 0.1667 -0.9539 -0.2495
vn 0.1254 -0.9742 -0.1877
vn 0.1007 -0.9834 -0.1507
vn 0.1432 -0.9742 -0.1745
vn 0.1150 -0.9834 -0.1401
vn 0.1904 -0.9539 -0.2320
vn 0.2122 -0.9539 -0.2122
vn 0.1596 -0.9742 -0.1596
vn 0.1282 -0.9834 -0.1282
vn 0.1745 -0.9742 -0.1432
vn 0.1401 -0.9834 -0.1150
vn 0.2320 -0.9539 -0.1904
vn 0.2495 -0.9539 -0.1667
vn 0.1877 -0.9742 -0.1254
vn 0.1507 -0.9834 -0.1007
vn 0.1990 -0.9742 -0.1064
vn 0.1599 -0.9834 -0.0855
vn 0.2646 -0.9539 -0.1415
vn 0.2772 -0.9539 -0.1148
vn 0.2085 -0.9742 -0.0864
vn 0.1675 -0.9834 -0.0694
vn 0.2160 -0.9742 -0.0655
vn 0.1735 -0.9834 -0.0526
vn 0.2872 -0.9539 -0.0871
vn 0.2943 -0.9539 -0.0585
vn 0.2214 -0.9742 -0.0440
vn 0.1778 -0.9834 -0.0354
vn 0.2246 -0.9742 -0.0221
vn 0.1804 -0.9834 -0.0178
vn 0.2986 -0.9539 -0.0294
vn 0.3001 -0.9539 -0.0000
vn 0.2257 -0.9742 -0.0000
vn 0.1813 -0.9834 -0.0000
vn 0.2246 -0.9742 0.0221
vn 0.1804 -0.9834 0.0178
vn 0.2986 -0.9539 0.0294
vn 0.2943 -0.9539 0.0585
vn 0.2214 -0.9742 0.0440
vn 0.1778 -0.9834 0.0354
vn 0.2160 -0.9742 0.0655
vn 0.1735 -0.9834 0.0526
vn 0.2872 -0.9539 0.0871
vn 0.2772 -0.9539 0.1148
vn 0.2085 -0.9742 0.0864
vn 0.1675 -0.9834 0.0694
vn 0.1990 -0.9742 0.1064
vn 0.1599 -0.9834 0.0855
vn 0.2646 -0.9539 0.1415
vn 0.2495 -0.9539 0.1667
vn 0.1877 -0.9742 0.1254
vn 0.1507 -0.9834 0.1007
vn 0.1745 -0.9742 0.1432
vn 0.1401 -0.9834 0.1150
vn 0.2320 -0.9539 0.1904
vn 0.2122 -0.9539 0.2122
vn 0.1596 -0.9742 0.1596
vn 0.1282 -0.9834 0.1282
vn 0.1432 -0.9742 0.1745
vn 0.1150 -0.9834 0.1401
vn 0.1904 -0.9539 0.2320
vn 0.1667 -0.9539 0.2495
vn 0.1254 -0.9742 0.1877
vn 0.1007 -0.9834 0.1507
vn 0.1064 -0.9742 0.1990
vn 0.0855 -0.9834 0.1599
vn 0.1415 -0.9539 0.2646
vn 0.1148 -0.9539 0.2772
vn 0.0864 -0.9742 0.2085
vn 0.0694 -0.9834 0.1675
vn 0.0655 -0.9742 0.2160
vn 0.0526 -0.9834 0.1735
vn 0.0871 -0.9539 0.2872
vn 0.0585 -0.9539 0.2943
vn 0.0440 -0.9742 0.2214
vn 0.0354 -0.9834 0.1778
vn 0.0221 -0.9742 0.2246
vn 0.0178 -0.9834 0.1804
vn 0.0294 -0.9539 0.2986
vn -0.0000 -0.9539 0.3001
vn -0.0000 -0.9742 0.2257
vn -0.0000 -0.9834 0.1813
vn -0.0221 -0.9742 0.2246
vn -0.0178 -0.9834 0.1804
vn -0.0294 -0.9539 0.2986
vn -0.0585 -0.9539 0.2943
vn -0.0440 -0.9742 0.2214
vn -0.0354 -0.9834 0.1778
vn -0.0655 -0.9742 0.2160
vn -0.0526 -0.9834 0.1735
vn -0.0871 -0.9539 0.2872
vn -0.1148 -0.9539 0.2772
vn -0.0864 -0.9742 0.2085
vn -0.0694 -0.9834 0.1675
vn -0.1064 -0.9742 0.1990
vn -0.0855 -0.9834 0.1599
vn -0.1415 -0.9539 0.2646
vn -0.1667 -0.9539 0.2495
vn -0.1254 -0.9742 0.1877
vn -0.1007 -0.9834 0.1507
vn -0.1432 -0.9742 0.1745
vn -0.1150 -0.9834 0.1401
vn -0.1904 -0.9539 0.2320
vn -0.2122 -0.9539 0.2122
vn -0.1596 -0.9742 0.1596
vn -0.1282 -0.9834 0.1282
vn -0.1745 -0.9742 0.1432
vn -0.1401 -0.9834 0.1150
vn -0.2320 -0.9539 0.1904
vn -0.2495 -0.9539 0.1667
vn -0.1877 -0.9742 0.1254
vn -0.1507 -0.9834 0.1007
vn -0.1990 -0.9742 0.1064
vn -0.1599 -0.9834 0.0855
vn -0.2646 -0.9539 0.1415
vn -0.2772 -0.9539 0.1148
vn -0.2085 -0.9742 0.0864
vn -0.1675 -0.9834 0.0694
vn -0.2160 -0.9742 0.0655
vn -0.1735 -0.9834 0.0526
vn -0.2872 -0.9539 0.0871
vn -0.2943 -0.9539 0.0585
vn -0.2214 -0.9742 0.0440
vn -0.1778 -0.9834 0.0354
vn -0.2246 -0.9742 0.0221
vn -0.1804 -0.9834 0.0178
vn -0.2986 -0.9539 0.0294
vn -0.3001 -0.9539 -0.0000
vn -0.2257 -0.9742 -0.0000
vn -0.1813 -0.9834 -0.0000
vn -0.2246 -0.9742 -0.0221
vn -0.1804 -0.9834 -0.0178
vn -0.2986 -0.9539 -0.0294
vn -0.2943 -0.9539 -0.0585
vn -0.2214 -0.9742 -0.0440
vn -0.1778 -0.9834 -0.0354
vn -0.2160 -0.9742 -0.0655
vn -0.1735 -0.9834 -0.0526
vn -0.2872 -0.9539 -0.0871
vn -0.2772 -0.9539 -0.1148
vn -0.2085 -0.9742 -0.0864
vn -0.1675 -0.9834 -0.0694
vn -0.1990 -0.9742 -0.1064
vn -0.1599 -0.9834 -0.0855
vn -0.2646 -0.9539 -0.1415
vn -0.2495 -0.9539 -0.1667
vn -0.1877 -0.9742 -0.1254
vn -0.1507 -0.9834 -0.1007
vn -0.1745 -0.9742 -0.1432
vn -0.1401 -0.9834 -0.1150
vn -0.2320 -0.9539 -0.1904
vn -0.2122 -0.9539 -0.2122
vn -0.1596 -0.9742 -0.1596
vn -0.1282 -0.9834 -0.1282
vn -0.1432 -0.9742 -0.1745
vn -0.1150 -0.9834 -0.1401
vn -0.1904 -0.9539 -0.2320
vn -0.1667 -0.9539 -0.2495
vn -0.1254 -0.9742 -0.1877
vn -0.1007 -0.9834 -0.1507
vn -0.1064 -0.9742 -0.1990
vn -0.0855 -0.9834 -0.1599
vn -0.1415 -0.9539 -0.2646
vn -0.1148 -0.9539 -0.2772
vn -0.0864 -0.9742 -0.2085
vn -0.0694 -0.9834 -0.1675
vn -0.0655 -0.9742 -0.2160
vn -0.0526 -0.9834 -0.1735
vn -0.0871 -0.9539 -0.2872
vn -0.0585 -0.9539 -0.2943
vn -0.0440 -0.9742 -0.2214
vn -0.0354 -0.9834 -0.1778
vn -0.0221 -0.9742 -0.2246
vn -0.0178 -0.9834 -0.1804
vn -0.0294 -0.9539 -0.2986
vn -0.0000 -0.9815 0.1915
vn -0.0000 -0.9901 0.1406
vn -0.0138 -0.9901 0.1399
vn -0.0188 -0.9815 0.1905
vn -0.0274 -0.9901 0.1379
vn -0.0374 -0.9815 0.1878
vn -0.1064 -0.9815 -0.1592
vn -0.0781 -0.9901 -0.1169
vn -0.0663 -0.9901 -0.1240
vn -0.0903 -0.9815 -0.1689
vn -0.0538 -0.9901 -0.1299
vn -0.0733 -0.9815 -0.1769
vn 0.0733 -0.9815 -0.1769
vn 0.0538 -0.9901 -0.1299
vn 0.0663 -0.9901 -0.1240
vn 0.0903 -0.9815 -0.1689
vn 0.0781 -0.9901 -0.1169
vn 0.1064 -0.9815 -0.1592
vn 0.0374 -0.9815 0.1878
vn 0.0274 -0.9901 0.1379
vn 0.0138 -0.9901 0.1399
vn 0.0188 -0.9815 0.1905
vn -0.1354 -0.9815 -0.1354
vn -0.0994 -0.9901 -0.0994
vn -0.0892 -0.9901 -0.1087
vn -0.1215 -0.9815 -0.1480
vn 0.5297 -0.3016 -0.7927
vn 0.5389 -0.2431 -0.8065
vn 0.4573 -0.2431 -0.8555
vn 0.4494 -0.3016 -0.8408
vn 0.4934 -0.4598 -0.7384
vn 0.4186 -0.4598 -0.7832
vn 0.3398 -0.4598 -0.8204
vn 0.3712 -0.2431 -0.8962
vn 0.3649 -0.3016 -0.8808
vn 0.0733 -0.9815 0.1769
vn 0.0538 -0.9901 0.1299
vn 0.0408 -0.9901 0.1345
vn 0.0556 -0.9815 0.1832
vn -0.1592 -0.9815 -0.1064
vn -0.1169 -0.9901 -0.0781
vn -0.1087 -0.9901 -0.0892
vn -0.1480 -0.9815 -0.1215
vn 0.0374 -0.9815 -0.1878
vn 0.0274 -0.9901 -0.1379
vn 0.0408 -0.9901 -0.1345
vn 0.0556 -0.9815 -0.1832
vn 0.1064 -0.9815 0.1592
vn 0.0781 -0.9901 0.1169
vn 0.0663 -0.9901 0.1240
vn 0.0903 -0.9815 0.1689
vn -0.1769 -0.9815 -0.0733
vn -0.1299 -0.9901 -0.0538
vn -0.1240 -0.9901 -0.0663
vn -0.1689 -0.9815 -0.0903
vn 0.1354 -0.9815 0.1354
vn 0.0994 -0.9901 0.0994
vn 0.0892 -0.9901 0.1087
vn 0.1215 -0.9815 0.1480
vn -0.1878 -0.9815 -0.0374
vn -0.1379 -0.9901 -0.0274
vn -0.1345 -0.9901 -0.0408
vn -0.1832 -0.9815 -0.0556
vn 0.1592 -0.9815 0.1064
vn 0.1169 -0.9901 0.0781
vn 0.1087 -0.9901 0.0892
vn 0.1480 -0.9815 0.1215
vn -0.1915 -0.9815 -0.0000
vn -0.1406 -0.9901 -0.0000
vn -0.1399 -0.9901 -0.0138
vn -0.1905 -0.9815 -0.0188
vn 0.1769 -0.9815 0.0733
vn 0.1299 -0.9901 0.0538
vn 0.1240 -0.9901 0.0663
vn 0.1689 -0.9815 0.0903
vn -0.1878 -0.9815 0.0374
vn -0.1379 -0.9901 0.0274
vn -0.1399 -0.9901 0.0138
vn -0.1905 -0.9815 0.0188
vn 0.1878 -0.9815 0.0374
vn 0.1379 -0.9901 0.0274
vn 0.1345 -0.9901 0.0408
vn 0.1832 -0.9815 0.0556
vn -0.1769 -0.9815 0.0733
vn -0.1299 -0.9901 0.0538
vn -0.1345 -0.9901 0.0408
vn -0.1832 -0.9815 0.0556
vn 0.1915 -0.9815 -0.0000
vn 0.1406 -0.9901 -0.0000
vn 0.1399 -0.9901 0.0138
vn 0.1905 -0.9815 0.0188
vn -0.1592 -0.9815 0.1064
vn -0.1169 -0.9901 0.0781
vn -0.1240 -0.9901 0.0663
vn -0.1689 -0.9815 0.0903
vn 0.1878 -0.9815 -0.0374
vn 0.1379 -0.9901 -0.0274
vn 0.1399 -0.9901 -0.0138
vn 0.1905 -0.9815 -0.0188
vn -0.1354 -0.9815 0.1354
vn -0.0994 -0.9901 0.0994
vn -0.1087 -0.9901 0.0892
vn -0.1480 -0.9815 0.1215
vn 0.1769 -0.9815 -0.0733
vn 0.1299 -0.9901 -0.0538
vn 0.1345 -0.9901 -0.0408
vn 0.1832 -0.9815 -0.0556
vn -0.1064 -0.9815 0.1592
vn -0.0781 -0.9901 0.1169
vn -0.0892 -0.9901 0.1087
vn -0.1215 -0.9815 0.1480
vn 0.1592 -0.9815 -0.1064
vn 0.1169 -0.9901 -0.0781
vn 0.1240 -0.9901 -0.0663
vn 0.1689 -0.9815 -0.0903
vn -0.0733 -0.9815 0.1769
vn -0.0538 -0.9901 0.1299
vn -0.0663 -0.9901 0.1240
vn -0.0903 -0.9815 0.1689
vn -0.0374 -0.9815 -0.1878
vn -0.0274 -0.9901 -0.1379
vn -0.0138 -0.9901 -0.1399
vn -0.0188 -0.9815 -0.1905
vn -0.0000 -0.9901 -0.1406
vn -0.0000 -0.9815 -0.1915
vn 0.1354 -0.9815 -0.1354
vn 0.0994 -0.9901 -0.0994
vn 0.1087 -0.9901 -0.0892
vn 0.1480 -0.9815 -0.1215
vn -0.0408 -0.9901 0.1345
vn -0.0556 -0.9815 0.1832
vn -0.0408 -0.9901 -0.1345
vn -0.0556 -0.9815 -0.1832
vn 0.0892 -0.9901 -0.1087
vn 0.1215 -0.9815 -0.1480
vn 0.2828 -0.2254 -0.9323
vn 0.2874 -0.1410 -0.9474
vn 0.3789 -0.1410 -0.9147
vn 0.3728 -0.2254 -0.9001
vn -0.6889 -0.2254 -0.6889
vn -0.6181 -0.2254 -0.7531
vn -0.7000 -0.1410 -0.7000
vn -0.6281 -0.1410 -0.7653
vn -0.5500 -0.1410 -0.8232
vn -0.5413 -0.2254 -0.8101
vn 0.1901 -0.2254 0.9555
vn 0.0955 -0.2254 0.9696
vn 0.1931 -0.1410 0.9710
vn 0.0970 -0.1410 0.9852
vn -0.0000 -0.1410 0.9900
vn -0.0000 -0.2254 0.9743
vn -0.1901 -0.2254 -0.9555
vn -0.0955 -0.2254 -0.9696
vn -0.1931 -0.1410 -0.9710
vn -0.0970 -0.1410 -0.9852
vn -0.4593 -0.2254 -0.8592
vn -0.4667 -0.1410 -0.8731
vn -0.3789 -0.1410 -0.9147
vn -0.3728 -0.2254 -0.9001
vn -0.0955 -0.2254 0.9696
vn -0.0970 -0.1410 0.9852
vn -0.1931 -0.1410 0.9710
vn -0.1901 -0.2254 0.9555
vn 0.5413 -0.2254 -0.8101
vn 0.6181 -0.2254 -0.7531
vn 0.5500 -0.1410 -0.8232
vn 0.6281 -0.1410 -0.7653
vn 0.7000 -0.1410 -0.7000
vn 0.6889 -0.2254 -0.6889
vn -0.2828 -0.2254 -0.9323
vn -0.2874 -0.1410 -0.9474
vn -0.2828 -0.2254 0.9323
vn -0.2874 -0.1410 0.9474
vn -0.3789 -0.1410 0.9147
vn -0.3728 -0.2254 0.9001
vn 0.7531 -0.2254 -0.6181
vn 0.7653 -0.1410 -0.6281
vn 0.8232 -0.1410 -0.5500
vn 0.8101 -0.2254 -0.5413
vn -0.4593 -0.2254 0.8592
vn -0.4667 -0.1410 0.8731
vn -0.5500 -0.1410 0.8232
vn -0.5413 -0.2254 0.8101
vn 0.8592 -0.2254 -0.4593
vn 0.8731 -0.1410 -0.4667
vn 0.9147 -0.1410 -0.3789
vn 0.9001 -0.2254 -0.3728
vn 0.4593 -0.2254 -0.8592
vn 0.4667 -0.1410 -0.8731
vn -0.6181 -0.2254 0.7531
vn -0.6281 -0.1410 0.7653
vn -0.7000 -0.1410 0.7000
vn -0.6889 -0.2254 0.6889
vn 0.9323 -0.2254 -0.2828
vn 0.9474 -0.1410 -0.2874
vn 0.9710 -0.1410 -0.1931
vn 0.9555 -0.2254 -0.1901
vn -0.7531 -0.2254 0.6181
vn -0.7653 -0.1410 0.6281
vn -0.8232 -0.1410 0.5500
vn -0.8101 -0.2254 0.5413
vn 0.9696 -0.2254 -0.0955
vn 0.9852 -0.1410 -0.0970
vn 0.9900 -0.1410 -0.0000
vn 0.9743 -0.2254 -0.0000
vn -0.8592 -0.2254 0.4593
vn -0.8731 -0.1410 0.4667
vn -0.9147 -0.1410 0.3789
vn -0.9001 -0.2254 0.3728
vn 0.9696 -0.2254 0.0955
vn 0.9852 -0.1410 0.0970
vn 0.9710 -0.1410 0.1931
vn 0.9555 -0.2254 0.1901
vn -0.9323 -0.2254 0.2828
vn -0.9474 -0.1410 0.2874
vn -0.9710 -0.1410 0.1931
vn -0.9555 -0.2254 0.1901
vn 0.9323 -0.2254 0.2828
vn 0.9474 -0.1410 0.2874
vn 0.9147 -0.1410 0.3789
vn 0.9001 -0.2254 0.3728
vn -0.9696 -0.2254 0.0955
vn -0.9852 -0.1410 0.0970
vn -0.9900 -0.1410 -0.0000
vn -0.9743 -0.2254 -0.0000
vn 0.8592 -0.2254 0.4593
vn 0.8731 -0.1410 0.4667
vn 0.8232 -0.1410 0.5500
vn 0.8101 -0.2254 0.5413
vn -0.9696 -0.2254 -0.0955
vn -0.9852 -0.1410 -0.0970
vn -0.9710 -0.1410 -0.1931
vn -0.9555 -0.2254 -0.1901
vn 0.7531 -0.2254 0.6181
vn 0.7653 -0.1410 0.6281
vn 0.7000 -0.1410 0.7000
vn 0.6889 -0.2254 0.6889
vn -0.9323 -0.2254 -0.2828
vn -0.9474 -0.1410 -0.2874
vn -0.9147 -0.1410 -0.3789
vn -0.9001 -0.2254 -0.3728
vn 0.6181 -0.2254 0.7531
vn 0.6281 -0.1410 0.7653
vn 0.5500 -0.1410 0.8232
vn 0.5413 -0.2254 0.8101
vn -0.8592 -0.2254 -0.4593
vn -0.8731 -0.1410 -0.4667
vn -0.8232 -0.1410 -0.5500
vn -0.8101 -0.2254 -0.5413
vn 0.4593 -0.2254 0.8592
vn 0.4667 -0.1410 0.8731
vn 0.3789 -0.1410 0.9147
vn 0.3728 -0.2254 0.9001
vn -0.7531 -0.2254 -0.6181
vn -0.7653 -0.1410 -0.6281
vn 0.2828 -0.2254 0.9323
vn 0.2874 -0.1410 0.9474
vn -0.1084 -0.8315 -0.5449
vn -0.1348 -0.7230 -0.6776
vn -0.0677 -0.7230 -0.6875
vn -0.0545 -0.8315 -0.5529
vn -0.0000 -0.7230 -0.6908
vn -0.0000 -0.8315 -0.5556
vn -0.2126 -0.8315 -0.5133
vn -0.2644 -0.7230 -0.6382
vn -0.2005 -0.7230 -0.6611
vn -0.1613 -0.8315 -0.5316
vn -0.3086 -0.8315 -0.4619
vn -0.3838 -0.7230 -0.5744
vn -0.3257 -0.7230 -0.6093
vn -0.2619 -0.8315 -0.4899
vn -0.3928 -0.8315 -0.3928
vn -0.4885 -0.7230 -0.4885
vn -0.4383 -0.7230 -0.5340
vn -0.3524 -0.8315 -0.4294
vn -0.4619 -0.8315 -0.3086
vn -0.5744 -0.7230 -0.3838
vn -0.5340 -0.7230 -0.4383
vn -0.4294 -0.8315 -0.3524
vn -0.5133 -0.8315 -0.2126
vn -0.6382 -0.7230 -0.2644
vn -0.6093 -0.7230 -0.3257
vn -0.4900 -0.8315 -0.2619
vn -0.5449 -0.8315 -0.1084
vn -0.6776 -0.7230 -0.1348
vn -0.6611 -0.7230 -0.2005
vn -0.5316 -0.8315 -0.1613
vn -0.5556 -0.8315 -0.0000
vn -0.6908 -0.7230 -0.0000
vn -0.6875 -0.7230 -0.0677
vn -0.5529 -0.8315 -0.0545
vn -0.5449 -0.8315 0.1084
vn -0.6776 -0.7230 0.1348
vn -0.6875 -0.7230 0.0677
vn -0.5529 -0.8315 0.0545
vn -0.5133 -0.8315 0.2126
vn -0.6382 -0.7230 0.2644
vn -0.6611 -0.7230 0.2005
vn -0.5316 -0.8315 0.1613
vn -0.4619 -0.8315 0.3086
vn -0.5744 -0.7230 0.3838
vn -0.6093 -0.7230 0.3257
vn -0.4899 -0.8315 0.2619
vn -0.3928 -0.8315 0.3928
vn -0.4885 -0.7230 0.4885
vn -0.5340 -0.7230 0.4383
vn -0.4294 -0.8315 0.3524
vn -0.3086 -0.8315 0.4619
vn -0.3838 -0.7230 0.5744
vn -0.4383 -0.7230 0.5340
vn -0.3524 -0.8315 0.4294
vn -0.2126 -0.8315 0.5133
vn -0.2644 -0.7230 0.6382
vn -0.3257 -0.7230 0.6093
vn -0.2619 -0.8315 0.4900
vn -0.1084 -0.8315 0.5449
vn -0.1348 -0.7230 0.6776
vn -0.2005 -0.7230 0.6611
vn -0.1613 -0.8315 0.5316
vn -0.0000 -0.8315 0.5556
vn -0.0000 -0.7230 0.6908
vn -0.0677 -0.7230 0.6875
vn -0.0545 -0.8315 0.5529
vn 0.1084 -0.8315 0.5449
vn 0.1348 -0.7230 0.6776
vn 0.0677 -0.7230 0.6875
vn 0.0545 -0.8315 0.5529
vn 0.2126 -0.8315 0.5133
vn 0.2644 -0.7230 0.6382
vn 0.2005 -0.7230 0.6611
vn 0.1613 -0.8315 0.5316
vn 0.3086 -0.8315 0.4619
vn 0.3838 -0.7230 0.5744
vn 0.3257 -0.7230 0.6093
vn 0.2619 -0.8315 0.4899
vn 0.3928 -0.8315 0.3928
vn 0.4885 -0.7230 0.4885
vn 0.4383 -0.7230 0.5340
vn 0.3524 -0.8315 0.4294
vn 0.4619 -0.8315 0.3086
vn 0.5744 -0.7230 0.3838
vn 0.5340 -0.7230 0.4383
vn 0.4294 -0.8315 0.3524
vn 0.5133 -0.8315 0.2126
vn 0.6382 -0.7230 0.2644
vn 0.6093 -0.7230 0.3257
vn 0.4900 -0.8315 0.2619
vn 0.5449 -0.8315 0.1084
vn 0.6776 -0.7230 0.1348
vn 0.6611 -0.7230 0.2005
vn 0.5316 -0.8315 0.1613
vn 0.5556 -0.8315 -0.0000
vn 0.6908 -0.7230 -0.0000
vn 0.6875 -0.7230 0.0677
vn 0.5529 -0.8315 0.0545
vn 0.5449 -0.8315 -0.1084
vn 0.6776 -0.7230 -0.1348
vn 0.6875 -0.7230 -0.0677
vn 0.5529 -0.8315 -0.0545
vn 0.5133 -0.8315 -0.2126
vn 0.6382 -0.7230 -0.2644
vn 0.6611 -0.7230 -0.2005
vn 0.5316 -0.8315 -0.1613
vn 0.4619 -0.8315 -0.3086
vn 0.5744 -0.7230 -0.3838
vn 0.6093 -0.7230 -0.3257
vn 0.4899 -0.8315 -0.2619
vn 0.3928 -0.8315 -0.3928
vn 0.4885 -0.7230 -0.4885
vn 0.5340 -0.7230 -0.4383
vn 0.4294 -0.8315 -0.3524
vn 0.3086 -0.8315 -0.4619
vn 0.3838 -0.7230 -0.5744
vn 0.4383 -0.7230 -0.5340
vn 0.3524 -0.8315 -0.4294
vn 0.2126 -0.8315 -0.5133
vn 0.2644 -0.7230 -0.6382
vn 0.3257 -0.7230 -0.6093
vn 0.2619 -0.8315 -0.4899
vn 0.1084 -0.8315 -0.5449
vn 0.1348 -0.7230 -0.6776
vn 0.2005 -0.7230 -0.6611
vn 0.1613 -0.8315 -0.5316
vn 0.0677 -0.7230 -0.6875
vn 0.0545 -0.8315 -0.5529
vn -0.0000 -0.3016 -0.9534
vn -0.0000 -0.2431 -0.9700
vn -0.0951 -0.2431 -0.9653
vn -0.0935 -0.3016 -0.9488
vn -0.0000 -0.4598 -0.8880
vn -0.0870 -0.4598 -0.8838
vn -0.1732 -0.4598 -0.8710
vn -0.1892 -0.2431 -0.9514
vn -0.1860 -0.3016 -0.9351
vn 0.0138 -0.9901 -0.1399
vn 0.0188 -0.9815 -0.1905
vn 0.7927 -0.3016 -0.5297
vn 0.8065 -0.2431 -0.5389
vn 0.7498 -0.2431 -0.6154
vn 0.7370 -0.3016 -0.6048
vn 0.7384 -0.4598 -0.4934
vn 0.6865 -0.4598 -0.5634
vn 0.6279 -0.4598 -0.6279
vn 0.6859 -0.2431 -0.6859
vn 0.6742 -0.3016 -0.6742
vn 0.8808 -0.3016 -0.3649
vn 0.8962 -0.2431 -0.3712
vn 0.8555 -0.2431 -0.4573
vn 0.8408 -0.3016 -0.4494
vn 0.8204 -0.4598 -0.3398
vn 0.7832 -0.4598 -0.4186
vn 0.9351 -0.3016 -0.1860
vn 0.9514 -0.2431 -0.1892
vn 0.9282 -0.2431 -0.2816
vn 0.9124 -0.3016 -0.2768
vn 0.8710 -0.4598 -0.1732
vn 0.8498 -0.4598 -0.2578
vn 0.9534 -0.3016 -0.0000
vn 0.9700 -0.2431 -0.0000
vn 0.9653 -0.2431 -0.0951
vn 0.9488 -0.3016 -0.0935
vn 0.8880 -0.4598 -0.0000
vn 0.8837 -0.4598 -0.0870
vn 0.9351 -0.3016 0.1860
vn 0.9514 -0.2431 0.1892
vn 0.9653 -0.2431 0.0951
vn 0.9488 -0.3016 0.0935
vn 0.8710 -0.4598 0.1732
vn 0.8837 -0.4598 0.0870
vn 0.8808 -0.3016 0.3649
vn 0.8962 -0.2431 0.3712
vn 0.9282 -0.2431 0.2816
vn 0.9124 -0.3016 0.2768
vn 0.8204 -0.4598 0.3398
vn 0.8498 -0.4598 0.2578
vn 0.7927 -0.3016 0.5297
vn 0.8065 -0.2431 0.5389
vn 0.8555 -0.2431 0.4573
vn 0.8408 -0.3016 0.4494
vn 0.7384 -0.4598 0.4934
vn 0.7832 -0.4598 0.4186
vn 0.6742 -0.3016 0.6742
vn 0.6859 -0.2431 0.6859
vn 0.7498 -0.2431 0.6154
vn 0.7370 -0.3016 0.6048
vn 0.6279 -0.4598 0.6279
vn 0.6865 -0.4598 0.5634
vn 0.5297 -0.3016 0.7927
vn 0.5389 -0.2431 0.8065
vn 0.6154 -0.2431 0.7498
vn 0.6048 -0.3016 0.7370
vn 0.4934 -0.4598 0.7384
vn 0.5634 -0.4598 0.6865
vn 0.3649 -0.3016 0.8808
vn 0.3712 -0.2431 0.8962
vn 0.4573 -0.2431 0.8555
vn 0.4494 -0.3016 0.8408
vn 0.3398 -0.4598 0.8204
vn 0.4186 -0.4598 0.7832
vn 0.1860 -0.3016 0.9351
vn 0.1892 -0.2431 0.9514
vn 0.2816 -0.2431 0.9282
vn 0.2768 -0.3016 0.9124
vn 0.1732 -0.4598 0.8710
vn 0.2578 -0.4598 0.8498
vn -0.0000 -0.3016 0.9534
vn -0.0000 -0.2431 0.9700
vn 0.0951 -0.2431 0.9653
vn 0.0935 -0.3016 0.9488
vn -0.0000 -0.4598 0.8880
vn 0.0870 -0.4598 0.8837
vn -0.1860 -0.3016 0.9351
vn -0.1892 -0.2431 0.9514
vn -0.0951 -0.2431 0.9653
vn -0.0935 -0.3016 0.9488
vn -0.1732 -0.4598 0.8710
vn -0.0870 -0.4598 0.8837
vn -0.3649 -0.3016 0.8808
vn -0.3712 -0.2431 0.8962
vn -0.2816 -0.2431 0.9282
vn -0.2768 -0.3016 0.9124
vn -0.3398 -0.4598 0.8204
vn -0.2578 -0.4598 0.8498
vn -0.5297 -0.3016 0.7927
vn -0.5389 -0.2431 0.8065
vn -0.4573 -0.2431 0.8555
vn -0.4494 -0.3016 0.8408
vn -0.4934 -0.4598 0.7384
vn -0.4186 -0.4598 0.7832
vn -0.6742 -0.3016 0.6742
vn -0.6859 -0.2431 0.6859
vn -0.6154 -0.2431 0.7498
vn -0.6048 -0.3016 0.7370
vn -0.6279 -0.4598 0.6279
vn -0.5634 -0.4598 0.6865
vn -0.7927 -0.3016 0.5297
vn -0.8065 -0.2431 0.5389
vn -0.7498 -0.2431 0.6154
vn -0.7370 -0.3016 0.6048
vn -0.7384 -0.4598 0.4934
vn -0.6865 -0.4598 0.5634
vn -0.8808 -0.3016 0.3649
vn -0.8962 -0.2431 0.3712
vn -0.8555 -0.2431 0.4573
vn -0.8408 -0.3016 0.4494
vn -0.8204 -0.4598 0.3398
vn -0.7832 -0.4598 0.4186
vn -0.9351 -0.3016 0.1860
vn -0.9514 -0.2431 0.1892
vn -0.9282 -0.2431 0.2816
vn -0.9124 -0.3016 0.2768
vn -0.8710 -0.4598 0.1732
vn -0.8498 -0.4598 0.2578
vn -0.9534 -0.3016 -0.0000
vn -0.9700 -0.2431 -0.0000
vn -0.9653 -0.2431 0.0951
vn -0.9488 -0.3016 0.0935
vn -0.8880 -0.4598 -0.0000
vn -0.8837 -0.4598 0.0870
vn -0.9351 -0.3016 -0.1860
vn -0.9514 -0.2431 -0.1892
vn -0.9653 -0.2431 -0.0951
vn -0.9488 -0.3016 -0.0935
vn -0.8710 -0.4598 -0.1732
vn -0.8837 -0.4598 -0.0870
vn -0.8808 -0.3016 -0.3649
vn -0.8962 -0.2431 -0.3712
vn -0.9282 -0.2431 -0.2816
vn -0.9124 -0.3016 -0.2768
vn -0.8204 -0.4598 -0.3398
vn -0.8498 -0.4598 -0.2578
vn -0.7927 -0.3016 -0.5297
vn -0.8065 -0.2431 -0.5389
vn -0.8555 -0.2431 -0.4573
vn -0.8408 -0.3016 -0.4494
vn -0.7384 -0.4598 -0.4934
vn -0.7832 -0.4598 -0.4186
vn -0.6742 -0.3016 -0.6742
vn -0.6859 -0.2431 -0.6859
vn -0.7498 -0.2431 -0.6154
vn -0.7370 -0.3016 -0.6048
vn -0.6279 -0.4598 -0.6279
vn -0.6865 -0.4598 -0.5634
vn -0.5297 -0.3016 -0.7927
vn -0.5389 -0.2431 -0.8065
vn -0.6154 -0.2431 -0.7498
vn -0.6048 -0.3016 -0.7370
vn -0.4934 -0.4598 -0.7384
vn -0.5634 -0.4598 -0.6865
vn -0.3649 -0.3016 -0.8808
vn -0.3712 -0.2431 -0.8962
vn -0.4573 -0.2431 -0.8555
vn -0.4494 -0.3016 -0.8408
vn -0.3398 -0.4598 -0.8204
vn -0.4186 -0.4598 -0.7832
vn -0.2816 -0.2431 -0.9282
vn -0.2768 -0.3016 -0.9124
vn -0.2578 -0.4598 -0.8498
vn 0.6154 -0.2431 -0.7498
vn 0.6048 -0.3016 -0.7370
vn 0.5634 -0.4598 -0.6865
vn 0.0221 -0.9936 -0.1111
vn -0.0030 -0.9999 0.0150
vn -0.0045 -0.9999 0.0147
vn 0.0329 -0.9936 -0.1084
vn -0.0370 -0.9818 0.1861
vn -0.0551 -0.9818 0.1815
vn -0.0726 -0.9818 0.1753
vn -0.0059 -0.9999 0.0142
vn 0.0434 -0.9936 -0.1047
vn 0.0434 -0.9936 0.1047
vn -0.0059 -0.9999 -0.0142
vn -0.0045 -0.9999 -0.0147
vn 0.0329 -0.9936 0.1084
vn -0.0726 -0.9818 -0.1753
vn -0.0551 -0.9818 -0.1815
vn -0.0370 -0.9818 -0.1861
vn -0.0030 -0.9999 -0.0150
vn 0.0221 -0.9936 0.1111
vn -0.0630 -0.9936 0.0942
vn 0.0085 -0.9999 -0.0128
vn 0.0097 -0.9999 -0.0119
vn -0.0719 -0.9936 0.0876
vn 0.1054 -0.9818 -0.1577
vn 0.1204 -0.9818 -0.1466
vn 0.1341 -0.9818 -0.1341
vn 0.0108 -0.9999 -0.0108
vn -0.0801 -0.9936 0.0801
vn -0.0000 -0.9936 -0.1133
vn -0.0000 -0.9999 0.0153
vn -0.0015 -0.9999 0.0153
vn 0.0111 -0.9936 -0.1128
vn -0.0000 -0.9818 0.1897
vn -0.0186 -0.9818 0.1888
vn 0.0630 -0.9936 0.0942
vn -0.0085 -0.9999 -0.0128
vn -0.0072 -0.9999 -0.0135
vn 0.0534 -0.9936 0.0999
vn -0.1054 -0.9818 -0.1577
vn -0.0894 -0.9818 -0.1673
vn -0.0434 -0.9936 0.1047
vn 0.0059 -0.9999 -0.0142
vn 0.0072 -0.9999 -0.0135
vn -0.0534 -0.9936 0.0999
vn 0.0726 -0.9818 -0.1753
vn 0.0894 -0.9818 -0.1673
vn -0.0221 -0.9936 -0.1111
vn 0.0030 -0.9999 0.0150
vn 0.0015 -0.9999 0.0153
vn -0.0111 -0.9936 -0.1128
vn 0.0370 -0.9818 0.1861
vn 0.0186 -0.9818 0.1888
vn 0.0801 -0.9936 0.0801
vn -0.0108 -0.9999 -0.0108
vn -0.0097 -0.9999 -0.0119
vn 0.0719 -0.9936 0.0876
vn -0.1341 -0.9818 -0.1341
vn -0.1204 -0.9818 -0.1466
vn -0.0000 -0.8960 0.4440
vn -0.0000 -0.9652 0.2613
vn 0.0258 -0.9648 0.2618
vn 0.0435 -0.8961 0.4417
vn -0.0000 -0.9980 0.0633
vn 0.0067 -0.9977 0.0680
vn 0.0124 -0.9980 0.0621
vn 0.0510 -0.9652 0.2563
vn 0.0866 -0.8960 0.4354
vn -0.0434 -0.9936 -0.1047
vn 0.0059 -0.9999 0.0142
vn 0.0045 -0.9999 0.0147
vn -0.0329 -0.9936 -0.1084
vn 0.0726 -0.9818 0.1753
vn 0.0551 -0.9818 0.1815
vn 0.0942 -0.9936 0.0630
vn -0.0128 -0.9999 -0.0085
vn -0.0119 -0.9999 -0.0097
vn 0.0876 -0.9936 0.0719
vn -0.1577 -0.9818 -0.1054
vn -0.1466 -0.9818 -0.1204
vn -0.0221 -0.9936 0.1111
vn 0.0030 -0.9999 -0.0150
vn 0.0045 -0.9999 -0.0147
vn -0.0329 -0.9936 0.1084
vn 0.0370 -0.9818 -0.1861
vn 0.0551 -0.9818 -0.1815
vn -0.0630 -0.9936 -0.0942
vn 0.0085 -0.9999 0.0128
vn 0.0072 -0.9999 0.0135
vn -0.0534 -0.9936 -0.0999
vn 0.1054 -0.9818 0.1577
vn 0.0894 -0.9818 0.1673
vn 0.1047 -0.9936 0.0434
vn -0.0142 -0.9999 -0.0059
vn -0.0135 -0.9999 -0.0072
vn 0.0999 -0.9936 0.0534
vn -0.1753 -0.9818 -0.0726
vn -0.1673 -0.9818 -0.0894
vn -0.0801 -0.9936 -0.0801
vn 0.0108 -0.9999 0.0108
vn 0.0097 -0.9999 0.0119
vn -0.0719 -0.9936 -0.0876
vn 0.1341 -0.9818 0.1341
vn 0.1204 -0.9818 0.1466
vn 0.1111 -0.9936 0.0221
vn -0.0150 -0.9999 -0.0030
vn -0.0147 -0.9999 -0.0045
vn 0.1084 -0.9936 0.0329
vn -0.1861 -0.9818 -0.0370
vn -0.1815 -0.9818 -0.0551
vn -0.0942 -0.9936 -0.0630
vn 0.0128 -0.9999 0.0085
vn 0.0119 -0.9999 0.0097
vn -0.0876 -0.9936 -0.0719
vn 0.1577 -0.9818 0.1054
vn 0.1466 -0.9818 0.1204
vn 0.1133 -0.9936 -0.0000
vn -0.0153 -0.9999 -0.0000
vn -0.0153 -0.9999 -0.0015
vn 0.1128 -0.9936 0.0111
vn -0.1897 -0.9818 -0.0000
vn -0.1888 -0.9818 -0.0186
vn -0.1047 -0.9936 -0.0434
vn 0.0142 -0.9999 0.0059
vn 0.0135 -0.9999 0.0072
vn -0.0999 -0.9936 -0.0534
vn 0.1753 -0.9818 0.0726
vn 0.1673 -0.9818 0.0894
vn 0.1111 -0.9936 -0.0221
vn -0.0150 -0.9999 0.0030
vn -0.0153 -0.9999 0.0015
vn 0.1128 -0.9936 -0.0111
vn -0.1861 -0.9818 0.0370
vn -0.1888 -0.9818 0.0186
vn -0.1111 -0.9936 -0.0221
vn 0.0150 -0.9999 0.0030
vn 0.0147 -0.9999 0.0045
vn -0.1084 -0.9936 -0.0329
vn 0.1861 -0.9818 0.0370
vn 0.1815 -0.9818 0.0551
vn 0.1047 -0.9936 -0.0434
vn -0.0142 -0.9999 0.0059
vn -0.0147 -0.9999 0.0045
vn 0.1084 -0.9936 -0.0329
vn -0.1753 -0.9818 0.0726
vn -0.1815 -0.9818 0.0551
vn -0.1133 -0.9936 -0.0000
vn 0.0153 -0.9999 -0.0000
vn 0.0153 -0.9999 0.0015
vn -0.1128 -0.9936 -0.0111
vn 0.1897 -0.9818 -0.0000
vn 0.1888 -0.9818 0.0186
vn 0.0942 -0.9936 -0.0630
vn -0.0128 -0.9999 0.0085
vn -0.0135 -0.9999 0.0072
vn 0.0999 -0.9936 -0.0534
vn -0.1577 -0.9818 0.1054
vn -0.1673 -0.9818 0.0894
vn -0.1111 -0.9936 0.0221
vn 0.0150 -0.9999 -0.0030
vn 0.0153 -0.9999 -0.0015
vn -0.1128 -0.9936 0.0111
vn 0.1861 -0.9818 -0.0370
vn 0.1888 -0.9818 -0.0186
vn 0.0801 -0.9936 -0.0801
vn -0.0108 -0.9999 0.0108
vn -0.0119 -0.9999 0.0097
vn 0.0876 -0.9936 -0.0719
vn -0.1341 -0.9818 0.1341
vn -0.1466 -0.9818 0.1204
vn -0.1047 -0.9936 0.0434
vn 0.0142 -0.9999 -0.0059
vn 0.0147 -0.9999 -0.0045
vn -0.1084 -0.9936 0.0329
vn 0.1753 -0.9818 -0.0726
vn 0.1815 -0.9818 -0.0551
vn 0.0630 -0.9936 -0.0942
vn -0.0085 -0.9999 0.0128
vn -0.0097 -0.9999 0.0119
vn 0.0719 -0.9936 -0.0876
vn -0.1054 -0.9818 0.1577
vn -0.1204 -0.9818 0.1466
vn -0.0942 -0.9936 0.0630
vn 0.0128 -0.9999 -0.0085
vn 0.0135 -0.9999 -0.0072
vn -0.0999 -0.9936 0.0534
vn 0.1577 -0.9818 -0.1054
vn 0.1673 -0.9818 -0.0894
vn -0.0072 -0.9999 0.0135
vn 0.0534 -0.9936 -0.0999
vn -0.0894 -0.9818 0.1673
vn -0.0015 -0.9999 -0.0153
vn 0.0111 -0.9936 0.1128
vn -0.0186 -0.9818 -0.1888
vn -0.0000 -0.9818 -0.1897
vn -0.0000 -0.9999 -0.0153
vn -0.0000 -0.9936 0.1133
vn 0.0119 -0.9999 -0.0097
vn -0.0876 -0.9936 0.0719
vn 0.1466 -0.9818 -0.1204
vn -0.1699 -0.8960 0.4102
vn -0.1000 -0.9652 0.2414
vn -0.0764 -0.9648 0.2518
vn -0.1288 -0.8961 0.4248
vn -0.0242 -0.9980 0.0585
vn -0.0198 -0.9977 0.0654
vn -0.0124 -0.9980 0.0621
vn -0.0510 -0.9652 0.2563
vn -0.0866 -0.8960 0.4354
vn 0.0015 -0.9999 -0.0153
vn -0.0111 -0.9936 0.1128
vn 0.0186 -0.9818 -0.1888
vn -0.3139 -0.8960 0.3139
vn -0.1848 -0.9652 0.1848
vn -0.1669 -0.9648 0.2034
vn -0.2816 -0.8961 0.3431
vn -0.0448 -0.9980 0.0448
vn -0.0433 -0.9977 0.0528
vn -0.0352 -0.9980 0.0527
vn -0.1452 -0.9652 0.2173
vn -0.2467 -0.8960 0.3691
vn -0.3691 -0.8960 0.2467
vn -0.2173 -0.9652 0.1452
vn -0.2034 -0.9648 0.1669
vn -0.3431 -0.8961 0.2816
vn -0.0527 -0.9980 0.0352
vn -0.0528 -0.9977 0.0433
vn -0.4102 -0.8960 0.1699
vn -0.2414 -0.9652 0.1000
vn -0.2320 -0.9648 0.1240
vn -0.3915 -0.8961 0.2092
vn -0.0585 -0.9980 0.0242
vn -0.0602 -0.9977 0.0322
vn -0.4354 -0.8960 0.0866
vn -0.2563 -0.9652 0.0510
vn -0.2518 -0.9648 0.0764
vn -0.4248 -0.8961 0.1288
vn -0.0621 -0.9980 0.0124
vn -0.0654 -0.9977 0.0198
vn -0.4440 -0.8960 -0.0000
vn -0.2613 -0.9652 -0.0000
vn -0.2618 -0.9648 0.0258
vn -0.4417 -0.8961 0.0435
vn -0.0633 -0.9980 -0.0000
vn -0.0680 -0.9977 0.0067
vn -0.4354 -0.8960 -0.0866
vn -0.2563 -0.9652 -0.0510
vn -0.2618 -0.9648 -0.0258
vn -0.4417 -0.8961 -0.0435
vn -0.0621 -0.9980 -0.0124
vn -0.0680 -0.9977 -0.0067
vn -0.4102 -0.8960 -0.1699
vn -0.2414 -0.9652 -0.1000
vn -0.2518 -0.9648 -0.0764
vn -0.4248 -0.8961 -0.1288
vn -0.0585 -0.9980 -0.0242
vn -0.0654 -0.9977 -0.0198
vn -0.3691 -0.8960 -0.2467
vn -0.2173 -0.9652 -0.1452
vn -0.2320 -0.9648 -0.1240
vn -0.3915 -0.8961 -0.2092
vn -0.0527 -0.9980 -0.0352
vn -0.0602 -0.9977 -0.0322
vn -0.3139 -0.8960 -0.3139
vn -0.1848 -0.9652 -0.1848
vn -0.2034 -0.9648 -0.1669
vn -0.3431 -0.8961 -0.2816
vn -0.0448 -0.9980 -0.0448
vn -0.0528 -0.9977 -0.0433
vn -0.2467 -0.8960 -0.3691
vn -0.1452 -0.9652 -0.2173
vn -0.1669 -0.9648 -0.2034
vn -0.2816 -0.8961 -0.3431
vn -0.0352 -0.9980 -0.0527
vn -0.0433 -0.9977 -0.0528
vn -0.1699 -0.8960 -0.4102
vn -0.1000 -0.9652 -0.2414
vn -0.1240 -0.9648 -0.2320
vn -0.2092 -0.8961 -0.3915
vn -0.0242 -0.9980 -0.0585
vn -0.0322 -0.9977 -0.0602
vn -0.0866 -0.8960 -0.4354
vn -0.0510 -0.9652 -0.2563
vn -0.0764 -0.9648 -0.2518
vn -0.1288 -0.8961 -0.4248
vn -0.0124 -0.9980 -0.0621
vn -0.0198 -0.9977 -0.0654
vn -0.0000 -0.8960 -0.4440
vn -0.0000 -0.9652 -0.2613
vn -0.0258 -0.9648 -0.2618
vn -0.0435 -0.8961 -0.4417
vn -0.0000 -0.9980 -0.0633
vn -0.0067 -0.9977 -0.0680
vn 0.0866 -0.8960 -0.4354
vn 0.0510 -0.9652 -0.2563
vn 0.0258 -0.9648 -0.2618
vn 0.0435 -0.8961 -0.4417
vn 0.0124 -0.9980 -0.0621
vn 0.0067 -0.9977 -0.0680
vn 0.1699 -0.8960 -0.4102
vn 0.1000 -0.9652 -0.2414
vn 0.0764 -0.9648 -0.2518
vn 0.1288 -0.8961 -0.4248
vn 0.0242 -0.9980 -0.0585
vn 0.0198 -0.9977 -0.0654
vn 0.2467 -0.8960 -0.3691
vn 0.1452 -0.9652 -0.2173
vn 0.1240 -0.9648 -0.2320
vn 0.2092 -0.8961 -0.3915
vn 0.0352 -0.9980 -0.0527
vn 0.0322 -0.9977 -0.0602
vn 0.3139 -0.8960 -0.3139
vn 0.1848 -0.9652 -0.1848
vn 0.1669 -0.9648 -0.2034
vn 0.2816 -0.8961 -0.3431
vn 0.0448 -0.9980 -0.0448
vn 0.0433 -0.9977 -0.0528
vn 0.3691 -0.8960 -0.2467
vn 0.2173 -0.9652 -0.1452
vn 0.2034 -0.9648 -0.1669
vn 0.3431 -0.8961 -0.2816
vn 0.0527 -0.9980 -0.0352
vn 0.0528 -0.9977 -0.0433
vn 0.4102 -0.8960 -0.1699
vn 0.2414 -0.9652 -0.1000
vn 0.2320 -0.9648 -0.1240
vn 0.3915 -0.8961 -0.2092
vn 0.0585 -0.9980 -0.0242
vn 0.0602 -0.9977 -0.0322
vn 0.4354 -0.8960 -0.0866
vn 0.2563 -0.9652 -0.0510
vn 0.2518 -0.9648 -0.0764
vn 0.4248 -0.8961 -0.1288
vn 0.0621 -0.9980 -0.0124
vn 0.0654 -0.9977 -0.0198
vn 0.4440 -0.8960 -0.0000
vn 0.2613 -0.9652 -0.0000
vn 0.2618 -0.9648 -0.0258
vn 0.4417 -0.8961 -0.0435
vn 0.0633 -0.9980 -0.0000
vn 0.0680 -0.9977 -0.0067
vn 0.4354 -0.8960 0.0866
vn 0.2563 -0.9652 0.0510
vn 0.2618 -0.9648 0.0258
vn 0.4417 -0.8961 0.0435
vn 0.0621 -0.9980 0.0124
vn 0.0680 -0.9977 0.0067
vn 0.4102 -0.8960 0.1699
vn 0.2414 -0.9652 0.1000
vn 0.2518 -0.9648 0.0764
vn 0.4248 -0.8961 0.1288
vn 0.0585 -0.9980 0.0242
vn 0.0654 -0.9977 0.0198
vn 0.3691 -0.8960 0.2467
vn 0.2173 -0.9652 0.1452
vn 0.2320 -0.9648 0.1240
vn 0.3915 -0.8961 0.2092
vn 0.0527 -0.9980 0.0352
vn 0.0602 -0.9977 0.0322
vn 0.3139 -0.8960 0.3139
vn 0.1848 -0.9652 0.1848
vn 0.2034 -0.9648 0.1669
vn 0.3431 -0.8961 0.2816
vn 0.0448 -0.9980 0.0448
vn 0.0528 -0.9977 0.0433
vn 0.2467 -0.8960 0.3691
vn 0.1452 -0.9652 0.2173
vn 0.1669 -0.9648 0.2034
vn 0.2816 -0.8961 0.3431
vn 0.0352 -0.9980 0.0527
vn 0.0433 -0.9977 0.0528
vn 0.1699 -0.8960 0.4102
vn 0.1000 -0.9652 0.2414
vn 0.1240 -0.9648 0.2320
vn 0.2092 -0.8961 0.3915
vn 0.0242 -0.9980 0.0585
vn 0.0322 -0.9977 0.0602
vn 0.0764 -0.9648 0.2518
vn 0.1288 -0.8961 0.4248
vn 0.0198 -0.9977 0.0654
vn 0.1860 -0.3016 -0.9351
vn 0.1892 -0.2431 -0.9514
vn 0.0951 -0.2431 -0.9653
vn 0.0935 -0.3016 -0.9488
vn 0.1732 -0.4598 -0.8710
vn 0.0870 -0.4598 -0.8837
vn -0.1240 -0.9648 0.2320
vn -0.2092 -0.8961 0.3915
vn -0.0322 -0.9977 0.0602
vn -0.0000 -1.0000 0.0064
vn -0.0017 -0.9998 0.0176
vn -0.0012 -1.0000 0.0063
vn -0.0067 -0.9977 0.0680
vn -0.0051 -0.9998 0.0169
vn -0.0024 -1.0000 0.0059
vn -0.0083 -0.9998 0.0156
vn -0.0035 -1.0000 0.0053
vn -0.0112 -0.9998 0.0137
vn -0.0045 -1.0000 0.0045
vn -0.0137 -0.9998 0.0112
vn -0.0053 -1.0000 0.0035
vn -0.0156 -0.9998 0.0083
vn -0.0059 -1.0000 0.0024
vn -0.0169 -0.9998 0.0051
vn -0.0063 -1.0000 0.0012
vn -0.0176 -0.9998 0.0017
vn -0.0064 -1.0000 -0.0000
vn -0.0176 -0.9998 -0.0017
vn -0.0063 -1.0000 -0.0012
vn -0.0169 -0.9998 -0.0051
vn -0.0059 -1.0000 -0.0024
vn -0.0156 -0.9998 -0.0083
vn -0.0053 -1.0000 -0.0035
vn -0.0137 -0.9998 -0.0112
vn -0.0045 -1.0000 -0.0045
vn -0.0112 -0.9998 -0.0137
vn -0.0035 -1.0000 -0.0053
vn -0.0083 -0.9998 -0.0156
vn -0.0024 -1.0000 -0.0059
vn -0.0051 -0.9998 -0.0169
vn -0.0012 -1.0000 -0.0063
vn -0.0017 -0.9998 -0.0176
vn -0.0000 -1.0000 -0.0064
vn 0.0017 -0.9998 -0.0176
vn 0.0012 -1.0000 -0.0063
vn 0.0051 -0.9998 -0.0169
vn 0.0024 -1.0000 -0.0059
vn 0.0083 -0.9998 -0.0156
vn 0.0035 -1.0000 -0.0053
vn 0.0112 -0.9998 -0.0137
vn 0.0045 -1.0000 -0.0045
vn 0.0137 -0.9998 -0.0112
vn 0.0053 -1.0000 -0.0035
vn 0.0156 -0.9998 -0.0083
vn 0.0059 -1.0000 -0.0024
vn 0.0169 -0.9998 -0.0051
vn 0.0063 -1.0000 -0.0012
vn 0.0176 -0.9998 -0.0017
vn 0.0064 -1.0000 -0.0000
vn 0.0176 -0.9998 0.0017
vn 0.0063 -1.0000 0.0012
vn 0.0169 -0.9998 0.0051
vn 0.0059 -1.0000 0.0024
vn 0.0156 -0.9998 0.0083
vn 0.0053 -1.0000 0.0035
vn 0.0137 -0.9998 0.0112
vn 0.0045 -1.0000 0.0045
vn 0.0112 -0.9998 0.0137
vn 0.0035 -1.0000 0.0053
vn 0.0083 -0.9998 0.0156
vn 0.0024 -1.0000 0.0059
vn 0.0051 -0.9998 0.0169
vn 0.0012 -1.0000 0.0063
vn 0.0017 -0.9998 0.0176
vn 0.0803 -0.9115 -0.4035
vn 0.0403 -0.9114 -0.4094
vn 0.1355 -0.7195 -0.6812
vn 0.0681 -0.7195 -0.6912
vn -0.0000 -0.7195 -0.6945
vn -0.0000 -0.9115 -0.4114
vn 0.1713 -0.4781 -0.8614
vn 0.0861 -0.4781 -0.8741
vn -0.0000 -0.4781 -0.8783
vn 0.1574 -0.9115 -0.3801
vn 0.1194 -0.9115 -0.3937
vn 0.2658 -0.7195 -0.6416
vn 0.2016 -0.7195 -0.6646
vn 0.3361 -0.4781 -0.8114
vn 0.2550 -0.4781 -0.8405
vn 0.2768 -0.3016 -0.9124
vn 0.2286 -0.9115 -0.3421
vn 0.1939 -0.9114 -0.3628
vn 0.3858 -0.7195 -0.5775
vn 0.3274 -0.7195 -0.6125
vn 0.4879 -0.4781 -0.7303
vn 0.4140 -0.4781 -0.7746
vn 0.2909 -0.9115 -0.2909
vn 0.2610 -0.9115 -0.3180
vn 0.4911 -0.7195 -0.4911
vn 0.4406 -0.7195 -0.5369
vn 0.6210 -0.4781 -0.6210
vn 0.5572 -0.4781 -0.6789
vn 0.3421 -0.9115 -0.2286
vn 0.3180 -0.9115 -0.2610
vn 0.5775 -0.7195 -0.3858
vn 0.5369 -0.7195 -0.4406
vn 0.7303 -0.4781 -0.4879
vn 0.6789 -0.4781 -0.5572
vn 0.3801 -0.9115 -0.1574
vn 0.3628 -0.9115 -0.1939
vn 0.6416 -0.7195 -0.2658
vn 0.6125 -0.7195 -0.3274
vn 0.8114 -0.4781 -0.3361
vn 0.7746 -0.4781 -0.4140
vn 0.4035 -0.9115 -0.0803
vn 0.3937 -0.9115 -0.1194
vn 0.6812 -0.7195 -0.1355
vn 0.6646 -0.7195 -0.2016
vn 0.8614 -0.4781 -0.1713
vn 0.8405 -0.4781 -0.2550
vn 0.4114 -0.9115 -0.0000
vn 0.4094 -0.9115 -0.0403
vn 0.6945 -0.7195 -0.0000
vn 0.6912 -0.7195 -0.0681
vn 0.8783 -0.4781 -0.0000
vn 0.8741 -0.4781 -0.0861
vn 0.4035 -0.9115 0.0803
vn 0.4094 -0.9115 0.0403
vn 0.6812 -0.7195 0.1355
vn 0.6912 -0.7195 0.0681
vn 0.8614 -0.4781 0.1713
vn 0.8741 -0.4781 0.0861
vn 0.3801 -0.9115 0.1574
vn 0.3937 -0.9115 0.1194
vn 0.6416 -0.7195 0.2658
vn 0.6646 -0.7195 0.2016
vn 0.8114 -0.4781 0.3361
vn 0.8405 -0.4781 0.2550
vn 0.3421 -0.9115 0.2286
vn 0.3628 -0.9115 0.1939
vn 0.5775 -0.7195 0.3858
vn 0.6125 -0.7195 0.3274
vn 0.7303 -0.4781 0.4879
vn 0.7746 -0.4781 0.4140
vn 0.2909 -0.9115 0.2909
vn 0.3180 -0.9114 0.2610
vn 0.4911 -0.7195 0.4911
vn 0.5369 -0.7195 0.4406
vn 0.6210 -0.4781 0.6210
vn 0.6789 -0.4781 0.5572
vn 0.2286 -0.9115 0.3421
vn 0.2610 -0.9115 0.3180
vn 0.3858 -0.7195 0.5775
vn 0.4406 -0.7195 0.5369
vn 0.4879 -0.4781 0.7303
vn 0.5572 -0.4781 0.6789
vn 0.1574 -0.9115 0.3801
vn 0.1939 -0.9115 0.3628
vn 0.2658 -0.7195 0.6416
vn 0.3274 -0.7195 0.6125
vn 0.3361 -0.4781 0.8114
vn 0.4140 -0.4781 0.7746
vn 0.0803 -0.9115 0.4035
vn 0.1194 -0.9115 0.3937
vn 0.1355 -0.7195 0.6812
vn 0.2016 -0.7195 0.6646
vn 0.1713 -0.4781 0.8614
vn 0.2550 -0.4781 0.8405
vn -0.0000 -0.9115 0.4114
vn 0.0403 -0.9114 0.4094
vn -0.0000 -0.7195 0.6945
vn 0.0681 -0.7195 0.6912
vn -0.0000 -0.4781 0.8783
vn 0.0861 -0.4781 0.8741
vn -0.0803 -0.9115 0.4035
vn -0.0403 -0.9114 0.4094
vn -0.1355 -0.7195 0.6812
vn -0.0681 -0.7195 0.6912
vn -0.1713 -0.4781 0.8614
vn -0.0861 -0.4781 0.8741
vn -0.1574 -0.9115 0.3801
vn -0.1194 -0.9115 0.3937
vn -0.2658 -0.7195 0.6416
vn -0.2016 -0.7195 0.6646
vn -0.3361 -0.4781 0.8114
vn -0.2550 -0.4781 0.8405
vn -0.2286 -0.9115 0.3421
vn -0.1939 -0.9114 0.3628
vn -0.3858 -0.7195 0.5775
vn -0.3274 -0.7195 0.6125
vn -0.4879 -0.4781 0.7303
vn -0.4140 -0.4781 0.7746
vn -0.2909 -0.9115 0.2909
vn -0.2610 -0.9115 0.3180
vn -0.4911 -0.7195 0.4911
vn -0.4406 -0.7195 0.5369
vn -0.6210 -0.4781 0.6210
vn -0.5572 -0.4781 0.6789
vn -0.3421 -0.9115 0.2286
vn -0.3180 -0.9115 0.2610
vn -0.5775 -0.7195 0.3858
vn -0.5369 -0.7195 0.4406
vn -0.7303 -0.4781 0.4879
vn -0.6789 -0.4781 0.5572
vn -0.3801 -0.9115 0.1574
vn -0.3628 -0.9115 0.1939
vn -0.6416 -0.7195 0.2658
vn -0.6125 -0.7195 0.3274
vn -0.8114 -0.4781 0.3361
vn -0.7746 -0.4781 0.4140
vn -0.4035 -0.9115 0.0803
vn -0.3937 -0.9115 0.1194
vn -0.6812 -0.7195 0.1355
vn -0.6646 -0.7195 0.2016
vn -0.8614 -0.4781 0.1713
vn -0.8405 -0.4781 0.2550
vn -0.4114 -0.9115 -0.0000
vn -0.4094 -0.9115 0.0403
vn -0.6945 -0.7195 -0.0000
vn -0.6912 -0.7195 0.0681
vn -0.8783 -0.4781 -0.0000
vn -0.8741 -0.4781 0.0861
vn -0.4035 -0.9115 -0.0803
vn -0.4094 -0.9115 -0.0403
vn -0.6812 -0.7195 -0.1355
vn -0.6912 -0.7195 -0.0681
vn -0.8614 -0.4781 -0.1713
vn -0.8741 -0.4781 -0.0861
vn -0.3801 -0.9115 -0.1574
vn -0.3937 -0.9115 -0.1194
vn -0.6416 -0.7195 -0.2658
vn -0.6646 -0.7195 -0.2016
vn -0.8114 -0.4781 -0.3361
vn -0.8405 -0.4781 -0.2550
vn -0.3421 -0.9115 -0.2286
vn -0.3628 -0.9115 -0.1939
vn -0.5775 -0.7195 -0.3858
vn -0.6125 -0.7195 -0.3274
vn -0.7303 -0.4781 -0.4879
vn -0.7746 -0.4781 -0.4140
vn -0.2909 -0.9115 -0.2909
vn -0.3180 -0.9114 -0.2610
vn -0.4911 -0.7195 -0.4911
vn -0.5369 -0.7195 -0.4406
vn -0.6210 -0.4781 -0.6210
vn -0.6789 -0.4781 -0.5572
vn -0.2286 -0.9115 -0.3421
vn -0.2610 -0.9115 -0.3180
vn -0.3858 -0.7195 -0.5775
vn -0.4406 -0.7195 -0.5369
vn -0.4879 -0.4781 -0.7303
vn -0.5572 -0.4781 -0.6789
vn -0.1574 -0.9115 -0.3801
vn -0.1939 -0.9115 -0.3628
vn -0.2658 -0.7195 -0.6416
vn -0.3274 -0.7195 -0.6125
vn -0.3361 -0.4781 -0.8114
vn -0.4140 -0.4781 -0.7746
vn -0.0803 -0.9115 -0.4035
vn -0.1194 -0.9115 -0.3937
vn -0.1355 -0.7195 -0.6812
vn -0.2016 -0.7195 -0.6646
vn -0.1713 -0.4781 -0.8614
vn -0.2550 -0.4781 -0.8405
vn -0.0403 -0.9115 -0.4094
vn -0.0681 -0.7195 -0.6912
vn -0.0861 -0.4781 -0.8741
vn 0.2816 -0.2431 -0.9282
vn 0.2578 -0.4598 -0.8498
vn 0.1094 -0.8278 -0.5502
vn 0.0550 -0.8278 -0.5583
vn -0.0000 -0.8278 -0.5610
vn 0.2147 -0.8278 -0.5183
vn 0.1628 -0.8278 -0.5368
vn 0.3117 -0.8278 -0.4664
vn 0.2644 -0.8278 -0.4947
vn 0.3967 -0.8278 -0.3967
vn 0.3559 -0.8278 -0.4336
vn 0.4664 -0.8278 -0.3117
vn 0.4336 -0.8278 -0.3559
vn 0.5183 -0.8278 -0.2147
vn 0.4947 -0.8278 -0.2644
vn 0.5502 -0.8278 -0.1094
vn 0.5368 -0.8278 -0.1628
vn 0.5610 -0.8278 -0.0000
vn 0.5583 -0.8278 -0.0550
vn 0.5502 -0.8278 0.1094
vn 0.5583 -0.8278 0.0550
vn 0.5183 -0.8278 0.2147
vn 0.5368 -0.8278 0.1628
vn 0.4664 -0.8278 0.3117
vn 0.4947 -0.8278 0.2644
vn 0.3967 -0.8278 0.3967
vn 0.4336 -0.8278 0.3559
vn 0.3117 -0.8278 0.4664
vn 0.3559 -0.8278 0.4336
vn 0.2147 -0.8278 0.5183
vn 0.2644 -0.8278 0.4947
vn 0.1094 -0.8278 0.5502
vn 0.1628 -0.8278 0.5368
vn -0.0000 -0.8278 0.5610
vn 0.0550 -0.8278 0.5583
vn -0.1094 -0.8278 0.5502
vn -0.0550 -0.8278 0.5583
vn -0.2147 -0.8278 0.5183
vn -0.1628 -0.8278 0.5368
vn -0.3117 -0.8278 0.4664
vn -0.2644 -0.8278 0.4947
vn -0.3967 -0.8278 0.3967
vn -0.3559 -0.8278 0.4336
vn -0.4664 -0.8278 0.3117
vn -0.4336 -0.8278 0.3559
vn -0.5183 -0.8278 0.2147
vn -0.4947 -0.8278 0.2644
vn -0.5502 -0.8278 0.1094
vn -0.5368 -0.8278 0.1628
vn -0.5610 -0.8278 -0.0000
vn -0.5583 -0.8278 0.0550
vn -0.5502 -0.8278 -0.1094
vn -0.5583 -0.8278 -0.0550
vn -0.5183 -0.8278 -0.2147
vn -0.5368 -0.8278 -0.1628
vn -0.4664 -0.8278 -0.3117
vn -0.4947 -0.8278 -0.2644
vn -0.3967 -0.8278 -0.3967
vn -0.4336 -0.8278 -0.3559
vn -0.3117 -0.8278 -0.4664
vn -0.3559 -0.8278 -0.4336
vn -0.2147 -0.8278 -0.5183
vn -0.2644 -0.8278 -0.4947
vn -0.1094 -0.8278 -0.5502
vn -0.1628 -0.8278 -0.5368
vn -0.0550 -0.8278 -0.5583
vn -0.0658 -0.9414 0.3308
vn -0.0331 -0.9414 0.3357
vn -0.0435 -0.8961 0.4417
vn -0.0000 -0.9414 0.3373
vn -0.1291 -0.9414 0.3116
vn -0.0979 -0.9414 0.3228
vn -0.1874 -0.9414 0.2804
vn -0.1590 -0.9414 0.2975
vn -0.2385 -0.9414 0.2385
vn -0.2140 -0.9414 0.2607
vn -0.2804 -0.9414 0.1874
vn -0.2607 -0.9414 0.2140
vn -0.3116 -0.9414 0.1291
vn -0.2975 -0.9414 0.1590
vn -0.3308 -0.9414 0.0658
vn -0.3228 -0.9414 0.0979
vn -0.3373 -0.9414 -0.0000
vn -0.3357 -0.9414 0.0331
vn -0.3308 -0.9414 -0.0658
vn -0.3357 -0.9414 -0.0331
vn -0.3116 -0.9414 -0.1291
vn -0.3228 -0.9414 -0.0979
vn -0.2804 -0.9414 -0.1874
vn -0.2975 -0.9414 -0.1590
vn -0.2385 -0.9414 -0.2385
vn -0.2607 -0.9414 -0.2140
vn -0.1874 -0.9414 -0.2804
vn -0.2140 -0.9414 -0.2607
vn -0.1291 -0.9414 -0.3116
vn -0.1590 -0.9414 -0.2975
vn -0.0658 -0.9414 -0.3308
vn -0.0979 -0.9414 -0.3228
vn -0.0000 -0.9414 -0.3373
vn -0.0331 -0.9414 -0.3357
vn 0.0658 -0.9414 -0.3308
vn 0.0331 -0.9414 -0.3357
vn 0.1291 -0.9414 -0.3116
vn 0.0979 -0.9414 -0.3228
vn 0.1874 -0.9414 -0.2804
vn 0.1590 -0.9414 -0.2975
vn 0.2385 -0.9414 -0.2385
vn 0.2140 -0.9414 -0.2607
vn 0.2804 -0.9414 -0.1874
vn 0.2607 -0.9414 -0.2140
vn 0.3116 -0.9414 -0.1291
vn 0.2975 -0.9414 -0.1590
vn 0.3308 -0.9414 -0.0658
vn 0.3228 -0.9414 -0.0979
vn 0.3373 -0.9414 -0.0000
vn 0.3357 -0.9414 -0.0331
vn 0.3308 -0.9414 0.0658
vn 0.3357 -0.9414 0.0331
vn 0.3116 -0.9414 0.1291
vn 0.3228 -0.9414 0.0979
vn 0.2804 -0.9414 0.1874
vn 0.2975 -0.9414 0.1590
vn 0.2385 -0.9414 0.2385
vn 0.2607 -0.9414 0.2140
vn 0.1874 -0.9414 0.2804
vn 0.2140 -0.9414 0.2607
vn 0.1291 -0.9414 0.3116
vn 0.1590 -0.9414 0.2975
vn 0.0658 -0.9414 0.3308
vn 0.0979 -0.9414 0.3228
vn 0.0331 -0.9414 0.3357
vn -0.0258 -0.9648 0.2618
vn -0.0954 0.2310 0.9683
vn -0.0000 0.2310 0.9730
vn -0.1898 0.2310 0.9543
vn -0.1908 0.2092 0.9591
vn -0.0958 0.2092 0.9732
vn -0.0000 0.2092 0.9779
vn -0.2824 0.2310 0.9311
vn -0.3723 0.2310 0.8989
vn -0.3742 0.2092 0.9034
vn -0.2839 0.2092 0.9358
vn -0.4587 0.2310 0.8581
vn -0.5405 0.2310 0.8090
vn -0.5433 0.2092 0.8131
vn -0.4610 0.2092 0.8624
vn -0.6172 0.2310 0.7521
vn -0.6880 0.2310 0.6880
vn -0.6915 0.2092 0.6915
vn -0.6204 0.2092 0.7559
vn -0.7521 0.2310 0.6172
vn -0.8090 0.2310 0.5405
vn -0.8131 0.2092 0.5433
vn -0.7559 0.2092 0.6204
vn -0.8581 0.2310 0.4587
vn -0.8989 0.2310 0.3723
vn -0.9034 0.2092 0.3742
vn -0.8624 0.2092 0.4610
vn -0.9311 0.2310 0.2824
vn -0.9543 0.2310 0.1898
vn -0.9591 0.2092 0.1908
vn -0.9358 0.2092 0.2839
vn -0.9683 0.2310 0.0954
vn -0.9730 0.2310 -0.0000
vn -0.9779 0.2092 -0.0000
vn -0.9732 0.2092 0.0958
vn -0.9683 0.2310 -0.0954
vn -0.9543 0.2310 -0.1898
vn -0.9591 0.2092 -0.1908
vn -0.9732 0.2092 -0.0958
vn -0.9311 0.2310 -0.2824
vn -0.8989 0.2310 -0.3723
vn -0.9034 0.2092 -0.3742
vn -0.9358 0.2092 -0.2839
vn -0.8581 0.2310 -0.4587
vn -0.8090 0.2310 -0.5405
vn -0.8131 0.2092 -0.5433
vn -0.8624 0.2092 -0.4610
vn -0.7521 0.2310 -0.6172
vn -0.6880 0.2310 -0.6880
vn -0.6915 0.2092 -0.6915
vn -0.7559 0.2092 -0.6204
vn -0.6172 0.2310 -0.7521
vn -0.5405 0.2310 -0.8090
vn -0.5433 0.2092 -0.8131
vn -0.6204 0.2092 -0.7559
vn -0.4587 0.2310 -0.8581
vn -0.3723 0.2310 -0.8989
vn -0.3742 0.2092 -0.9034
vn -0.4610 0.2092 -0.8624
vn -0.2824 0.2310 -0.9311
vn -0.1898 0.2310 -0.9543
vn -0.1908 0.2092 -0.9591
vn -0.2839 0.2092 -0.9358
vn -0.0954 0.2310 -0.9683
vn -0.0000 0.2310 -0.9730
vn -0.0000 0.2092 -0.9779
vn -0.0958 0.2092 -0.9732
vn 0.0954 0.2310 -0.9683
vn 0.1898 0.2310 -0.9543
vn 0.1908 0.2092 -0.9591
vn 0.0958 0.2092 -0.9732
vn 0.2824 0.2310 -0.9311
vn 0.3723 0.2310 -0.8989
vn 0.3742 0.2092 -0.9034
vn 0.2839 0.2092 -0.9358
vn 0.4587 0.2310 -0.8581
vn 0.5405 0.2310 -0.8090
vn 0.5433 0.2092 -0.8131
vn 0.4610 0.2092 -0.8624
vn 0.6172 0.2310 -0.7521
vn 0.6880 0.2310 -0.6880
vn 0.6915 0.2092 -0.6915
vn 0.6204 0.2092 -0.7559
vn 0.7521 0.2310 -0.6172
vn 0.8090 0.2310 -0.5405
vn 0.8131 0.2092 -0.5433
vn 0.7559 0.2092 -0.6204
vn 0.8581 0.2310 -0.4587
vn 0.8989 0.2310 -0.3723
vn 0.9034 0.2092 -0.3742
vn 0.8624 0.2092 -0.4610
vn 0.9311 0.2310 -0.2824
vn 0.9543 0.2310 -0.1898
vn 0.9591 0.2092 -0.1908
vn 0.9358 0.2092 -0.2839
vn 0.9683 0.2310 -0.0954
vn 0.9730 0.2310 -0.0000
vn 0.9779 0.2092 -0.0000
vn 0.9732 0.2092 -0.0958
vn 0.9683 0.2310 0.0954
vn 0.9543 0.2310 0.1898
vn 0.9591 0.2092 0.1908
vn 0.9732 0.2092 0.0958
vn 0.9311 0.2310 0.2824
vn 0.8989 0.2310 0.3723
vn 0.9034 0.2092 0.3742
vn 0.9358 0.2092 0.2839
vn 0.8581 0.2310 0.4587
vn 0.8090 0.2310 0.5405
vn 0.8131 0.2092 0.5433
vn 0.8624 0.2092 0.4610
vn 0.7521 0.2310 0.6172
vn 0.6880 0.2310 0.6880
vn 0.6915 0.2092 0.6915
vn 0.7559 0.2092 0.6204
vn 0.6172 0.2310 0.7521
vn 0.5405 0.2310 0.8090
vn 0.5433 0.2092 0.8131
vn 0.6204 0.2092 0.7559
vn 0.4587 0.2310 0.8581
vn 0.3723 0.2310 0.8989
vn 0.3742 0.2092 0.9034
vn 0.4610 0.2092 0.8624
vn 0.2824 0.2310 0.9311
vn 0.1898 0.2310 0.9543
vn 0.1908 0.2092 0.9591
vn 0.2839 0.2092 0.9358
vn 0.0954 0.2310 0.9683
vn 0.0958 0.2092 0.9732
vn -0.0012 0.9999 0.0124
vn -0.0258 0.9646 0.2623
vn -0.0514 0.9646 0.2585
vn -0.0000 0.9646 0.2636
vn -0.0000 0.7540 0.6568
vn -0.0644 0.7540 0.6537
vn -0.1281 0.7541 0.6442
vn -0.0907 0.3802 0.9205
vn -0.1804 0.3802 0.9071
vn -0.0000 0.3802 0.9249
vn -0.0765 0.9646 0.2522
vn -0.1009 0.9646 0.2435
vn -0.1907 0.7540 0.6285
vn -0.2514 0.7541 0.6068
vn -0.2685 0.3802 0.8851
vn -0.3539 0.3802 0.8545
vn -0.1243 0.9646 0.2325
vn -0.1464 0.9646 0.2192
vn -0.3096 0.7540 0.5793
vn -0.3649 0.7541 0.5461
vn -0.4360 0.3802 0.8157
vn -0.5139 0.3802 0.7690
vn -0.1672 0.9646 0.2038
vn -0.1864 0.9646 0.1864
vn -0.4167 0.7540 0.5077
vn -0.4644 0.7541 0.4644
vn -0.5868 0.3802 0.7150
vn -0.6540 0.3802 0.6540
vn -0.2038 0.9646 0.1672
vn -0.2192 0.9646 0.1464
vn -0.5077 0.7540 0.4167
vn -0.5461 0.7540 0.3649
vn -0.7150 0.3802 0.5868
vn -0.7690 0.3802 0.5139
vn -0.2325 0.9646 0.1243
vn -0.2435 0.9646 0.1009
vn -0.5793 0.7540 0.3096
vn -0.6068 0.7541 0.2514
vn -0.8157 0.3802 0.4360
vn -0.8545 0.3802 0.3540
vn -0.2522 0.9646 0.0765
vn -0.2585 0.9646 0.0514
vn -0.6285 0.7540 0.1907
vn -0.6442 0.7540 0.1281
vn -0.8851 0.3802 0.2685
vn -0.9071 0.3802 0.1804
vn -0.2623 0.9646 0.0258
vn -0.2636 0.9646 -0.0000
vn -0.6537 0.7540 0.0644
vn -0.6568 0.7540 -0.0000
vn -0.9205 0.3802 0.0907
vn -0.9249 0.3802 -0.0000
vn -0.2623 0.9646 -0.0258
vn -0.2585 0.9646 -0.0514
vn -0.6537 0.7540 -0.0644
vn -0.6442 0.7541 -0.1281
vn -0.9205 0.3802 -0.0907
vn -0.9071 0.3802 -0.1804
vn -0.2522 0.9646 -0.0765
vn -0.2435 0.9646 -0.1009
vn -0.6285 0.7540 -0.1907
vn -0.6068 0.7541 -0.2514
vn -0.8851 0.3802 -0.2685
vn -0.8545 0.3802 -0.3540
vn -0.2325 0.9646 -0.1243
vn -0.2192 0.9646 -0.1464
vn -0.5793 0.7540 -0.3096
vn -0.5461 0.7541 -0.3649
vn -0.8157 0.3802 -0.4360
vn -0.7690 0.3802 -0.5139
vn -0.2038 0.9646 -0.1672
vn -0.1864 0.9646 -0.1864
vn -0.5077 0.7540 -0.4167
vn -0.4644 0.7541 -0.4644
vn -0.7150 0.3802 -0.5868
vn -0.6540 0.3802 -0.6540
vn -0.1672 0.9646 -0.2038
vn -0.1464 0.9646 -0.2192
vn -0.4167 0.7540 -0.5077
vn -0.3649 0.7541 -0.5461
vn -0.5868 0.3802 -0.7150
vn -0.5139 0.3802 -0.7690
vn -0.1243 0.9646 -0.2325
vn -0.1009 0.9646 -0.2435
vn -0.3096 0.7540 -0.5793
vn -0.2514 0.7541 -0.6068
vn -0.4360 0.3802 -0.8157
vn -0.3539 0.3802 -0.8545
vn -0.0765 0.9646 -0.2522
vn -0.0514 0.9646 -0.2585
vn -0.1907 0.7540 -0.6285
vn -0.1281 0.7541 -0.6442
vn -0.2685 0.3802 -0.8851
vn -0.1804 0.3802 -0.9071
vn -0.0258 0.9646 -0.2623
vn -0.0000 0.9646 -0.2636
vn -0.0644 0.7540 -0.6537
vn -0.0000 0.7540 -0.6568
vn -0.0907 0.3802 -0.9205
vn -0.0000 0.3802 -0.9249
vn 0.0258 0.9646 -0.2623
vn 0.0514 0.9646 -0.2585
vn 0.0644 0.7540 -0.6537
vn 0.1281 0.7541 -0.6442
vn 0.0907 0.3802 -0.9205
vn 0.1804 0.3802 -0.9071
vn 0.0765 0.9646 -0.2522
vn 0.1009 0.9646 -0.2435
vn 0.1907 0.7540 -0.6285
vn 0.2514 0.7541 -0.6068
vn 0.2685 0.3802 -0.8851
vn 0.3539 0.3802 -0.8545
vn 0.1243 0.9646 -0.2325
vn 0.1464 0.9646 -0.2192
vn 0.3096 0.7540 -0.5793
vn 0.3649 0.7541 -0.5461
vn 0.4360 0.3802 -0.8157
vn 0.5139 0.3802 -0.7690
vn 0.1672 0.9646 -0.2038
vn 0.1864 0.9646 -0.1864
vn 0.4167 0.7540 -0.5077
vn 0.4644 0.7541 -0.4644
vn 0.5868 0.3802 -0.7150
vn 0.6540 0.3802 -0.6540
vn 0.2038 0.9646 -0.1672
vn 0.2192 0.9646 -0.1464
vn 0.5077 0.7540 -0.4167
vn 0.5461 0.7541 -0.3649
vn 0.7150 0.3802 -0.5868
vn 0.7690 0.3802 -0.5139
vn 0.2325 0.9646 -0.1243
vn 0.2435 0.9646 -0.1009
vn 0.5793 0.7540 -0.3096
vn 0.6068 0.7541 -0.2514
vn 0.8157 0.3802 -0.4360
vn 0.8545 0.3802 -0.3540
vn 0.2522 0.9646 -0.0765
vn 0.2585 0.9646 -0.0514
vn 0.6285 0.7540 -0.1907
vn 0.6442 0.7541 -0.1281
vn 0.8851 0.3802 -0.2685
vn 0.9071 0.3802 -0.1804
vn 0.2623 0.9646 -0.0258
vn 0.2636 0.9646 -0.0000
vn 0.6537 0.7540 -0.0644
vn 0.6568 0.7540 -0.0000
vn 0.9205 0.3802 -0.0907
vn 0.9249 0.3802 -0.0000
vn 0.2623 0.9646 0.0258
vn 0.2585 0.9646 0.0514
vn 0.6537 0.7540 0.0644
vn 0.6442 0.7541 0.1281
vn 0.9205 0.3802 0.0907
vn 0.9071 0.3802 0.1804
vn 0.2522 0.9646 0.0765
vn 0.2435 0.9646 0.1009
vn 0.6285 0.7540 0.1907
vn 0.6068 0.7541 0.2514
vn 0.8851 0.3802 0.2685
vn 0.8545 0.3802 0.3540
vn 0.2325 0.9646 0.1243
vn 0.2192 0.9646 0.1464
vn 0.5793 0.7540 0.3096
vn 0.5461 0.7541 0.3649
vn 0.8157 0.3802 0.4360
vn 0.7690 0.3802 0.5139
vn 0.2038 0.9646 0.1672
vn 0.1864 0.9646 0.1864
vn 0.5077 0.7540 0.4167
vn 0.4644 0.7541 0.4644
vn 0.7150 0.3802 0.5868
vn 0.6540 0.3802 0.6540
vn 0.1672 0.9646 0.2038
vn 0.1464 0.9646 0.2192
vn 0.4167 0.7540 0.5077
vn 0.3649 0.7540 0.5461
vn 0.5868 0.3802 0.7150
vn 0.5139 0.3802 0.7690
vn 0.1243 0.9646 0.2325
vn 0.1009 0.9646 0.2435
vn 0.3096 0.7540 0.5793
vn 0.2514 0.7541 0.6068
vn 0.4360 0.3802 0.8157
vn 0.3539 0.3802 0.8545
vn 0.0765 0.9646 0.2522
vn 0.0514 0.9646 0.2585
vn 0.1907 0.7540 0.6285
vn 0.1281 0.7541 0.6442
vn 0.2685 0.3802 0.8851
vn 0.1804 0.3802 0.9071
vn 0.0258 0.9646 0.2623
vn 0.0644 0.7540 0.6537
vn 0.0907 0.3802 0.9205
vn 0.0979 0.0521 -0.9938
vn 0.1948 0.0521 -0.9795
vn -0.0000 0.0521 -0.9986
vn -0.0000 0.4844 -0.8749
vn 0.0858 0.4844 -0.8707
vn 0.1707 0.4843 -0.8581
vn 0.0563 0.8185 -0.5717
vn 0.1121 0.8185 -0.5634
vn -0.0000 0.8185 -0.5745
vn 0.0342 0.9371 -0.3474
vn 0.2899 0.0521 -0.9556
vn 0.3822 0.0521 -0.9226
vn 0.2540 0.4844 -0.8372
vn 0.3348 0.4843 -0.8083
vn 0.1668 0.8185 -0.5497
vn 0.2198 0.8185 -0.5307
vn 0.4708 0.0521 -0.8807
vn 0.5548 0.0521 -0.8303
vn 0.4124 0.4844 -0.7716
vn 0.4861 0.4844 -0.7274
vn 0.2708 0.8185 -0.5066
vn 0.3191 0.8185 -0.4776
vn 0.6335 0.0521 -0.7720
vn 0.7061 0.0521 -0.7061
vn 0.5550 0.4844 -0.6763
vn 0.6186 0.4844 -0.6186
vn 0.3644 0.8185 -0.4441
vn 0.4062 0.8185 -0.4062
vn 0.7720 0.0521 -0.6335
vn 0.8303 0.0521 -0.5548
vn 0.6763 0.4844 -0.5550
vn 0.7274 0.4844 -0.4861
vn 0.4441 0.8185 -0.3644
vn 0.4776 0.8185 -0.3191
vn 0.8807 0.0521 -0.4708
vn 0.9226 0.0521 -0.3822
vn 0.7716 0.4844 -0.4124
vn 0.8083 0.4843 -0.3348
vn 0.5066 0.8185 -0.2708
vn 0.5307 0.8185 -0.2198
vn 0.9556 0.0521 -0.2899
vn 0.9795 0.0521 -0.1948
vn 0.8372 0.4844 -0.2540
vn 0.8581 0.4844 -0.1707
vn 0.5497 0.8185 -0.1668
vn 0.5634 0.8185 -0.1121
vn 0.9938 0.0521 -0.0979
vn 0.9986 0.0521 -0.0000
vn 0.8707 0.4844 -0.0858
vn 0.8749 0.4844 -0.0000
vn 0.5717 0.8185 -0.0563
vn 0.5744 0.8185 -0.0000
vn 0.9938 0.0521 0.0979
vn 0.9795 0.0521 0.1948
vn 0.8707 0.4844 0.0858
vn 0.8581 0.4843 0.1707
vn 0.5717 0.8185 0.0563
vn 0.5634 0.8185 0.1121
vn 0.9556 0.0521 0.2899
vn 0.9226 0.0521 0.3822
vn 0.8372 0.4844 0.2540
vn 0.8083 0.4843 0.3348
vn 0.5497 0.8185 0.1668
vn 0.5307 0.8185 0.2198
vn 0.8807 0.0521 0.4708
vn 0.8303 0.0521 0.5548
vn 0.7716 0.4844 0.4124
vn 0.7274 0.4843 0.4861
vn 0.5066 0.8185 0.2708
vn 0.4776 0.8185 0.3191
vn 0.7720 0.0521 0.6335
vn 0.7061 0.0521 0.7061
vn 0.6763 0.4844 0.5550
vn 0.6186 0.4844 0.6186
vn 0.4441 0.8185 0.3644
vn 0.4062 0.8185 0.4062
vn 0.6335 0.0521 0.7720
vn 0.5548 0.0521 0.8303
vn 0.5550 0.4844 0.6763
vn 0.4861 0.4844 0.7274
vn 0.3644 0.8185 0.4441
vn 0.3191 0.8185 0.4776
vn 0.4708 0.0521 0.8807
vn 0.3822 0.0521 0.9226
vn 0.4124 0.4844 0.7716
vn 0.3348 0.4843 0.8083
vn 0.2708 0.8185 0.5066
vn 0.2198 0.8185 0.5307
vn 0.2899 0.0521 0.9556
vn 0.1948 0.0521 0.9795
vn 0.2540 0.4844 0.8372
vn 0.1707 0.4844 0.8581
vn 0.1668 0.8185 0.5497
vn 0.1121 0.8185 0.5634
vn 0.0979 0.0521 0.9938
vn -0.0000 0.0521 0.9986
vn 0.0858 0.4844 0.8707
vn -0.0000 0.4844 0.8749
vn 0.0563 0.8185 0.5717
vn -0.0000 0.8185 0.5745
vn -0.0979 0.0521 0.9938
vn -0.1948 0.0521 0.9795
vn -0.0858 0.4844 0.8707
vn -0.1707 0.4843 0.8581
vn -0.0563 0.8185 0.5717
vn -0.1121 0.8185 0.5634
vn -0.2899 0.0521 0.9556
vn -0.3822 0.0521 0.9226
vn -0.2540 0.4844 0.8372
vn -0.3348 0.4843 0.8083
vn -0.1668 0.8185 0.5497
vn -0.2198 0.8185 0.5307
vn -0.4708 0.0521 0.8807
vn -0.5548 0.0521 0.8303
vn -0.4124 0.4844 0.7716
vn -0.4861 0.4844 0.7274
vn -0.2708 0.8185 0.5066
vn -0.3191 0.8185 0.4776
vn -0.6335 0.0521 0.7720
vn -0.7061 0.0521 0.7061
vn -0.5550 0.4844 0.6763
vn -0.6186 0.4844 0.6186
vn -0.3644 0.8185 0.4441
vn -0.4062 0.8185 0.4062
vn -0.7720 0.0521 0.6335
vn -0.8303 0.0521 0.5548
vn -0.6763 0.4844 0.5550
vn -0.7274 0.4844 0.4861
vn -0.4441 0.8185 0.3644
vn -0.4776 0.8185 0.3191
vn -0.8807 0.0521 0.4708
vn -0.9226 0.0521 0.3822
vn -0.7716 0.4844 0.4124
vn -0.8083 0.4843 0.3348
vn -0.5066 0.8185 0.2708
vn -0.5307 0.8185 0.2198
vn -0.9556 0.0521 0.2899
vn -0.9795 0.0521 0.1948
vn -0.8372 0.4844 0.2540
vn -0.8581 0.4844 0.1707
vn -0.5497 0.8185 0.1668
vn -0.5634 0.8185 0.1121
vn -0.9938 0.0521 0.0979
vn -0.9986 0.0521 -0.0000
vn -0.8707 0.4844 0.0858
vn -0.8749 0.4844 -0.0000
vn -0.5717 0.8185 0.0563
vn -0.5745 0.8185 -0.0000
vn -0.9938 0.0521 -0.0979
vn -0.9795 0.0521 -0.1948
vn -0.8707 0.4844 -0.0858
vn -0.8581 0.4844 -0.1707
vn -0.5717 0.8185 -0.0563
vn -0.5634 0.8185 -0.1121
vn -0.9556 0.0521 -0.2899
vn -0.9226 0.0521 -0.3822
vn -0.8372 0.4844 -0.2540
vn -0.8083 0.4843 -0.3348
vn -0.5497 0.8185 -0.1668
vn -0.5307 0.8185 -0.2198
vn -0.8807 0.0521 -0.4708
vn -0.8303 0.0521 -0.5548
vn -0.7716 0.4844 -0.4124
vn -0.7274 0.4844 -0.4861
vn -0.5066 0.8185 -0.2708
vn -0.4776 0.8185 -0.3191
vn -0.7720 0.0521 -0.6335
vn -0.7061 0.0521 -0.7061
vn -0.6763 0.4844 -0.5550
vn -0.6186 0.4844 -0.6186
vn -0.4441 0.8185 -0.3644
vn -0.4062 0.8185 -0.4062
vn -0.6335 0.0521 -0.7720
vn -0.5548 0.0521 -0.8303
vn -0.5550 0.4844 -0.6763
vn -0.4861 0.4844 -0.7274
vn -0.3644 0.8185 -0.4441
vn -0.3191 0.8185 -0.4776
vn -0.4708 0.0521 -0.8807
vn -0.3822 0.0521 -0.9226
vn -0.4124 0.4844 -0.7716
vn -0.3348 0.4843 -0.8083
vn -0.2708 0.8185 -0.5066
vn -0.2198 0.8185 -0.5307
vn -0.2899 0.0521 -0.9556
vn -0.1948 0.0521 -0.9795
vn -0.2540 0.4844 -0.8372
vn -0.1707 0.4844 -0.8581
vn -0.1668 0.8185 -0.5497
vn -0.1121 0.8185 -0.5634
vn -0.0979 0.0521 -0.9938
vn -0.0858 0.4844 -0.8707
vn -0.0563 0.8185 -0.5717
vn 0.0167 0.9853 -0.1700
vn -0.0000 -0.9076 -0.4199
vn 0.0412 -0.9076 -0.4179
vn 0.0819 -0.9076 -0.4118
vn 0.1219 -0.9076 -0.4018
vn 0.1607 -0.9076 -0.3880
vn 0.1979 -0.9076 -0.3703
vn 0.2333 -0.9076 -0.3491
vn 0.2664 -0.9076 -0.3246
vn 0.2969 -0.9076 -0.2969
vn 0.3246 -0.9076 -0.2664
vn 0.3491 -0.9076 -0.2333
vn 0.3703 -0.9076 -0.1979
vn 0.3880 -0.9076 -0.1607
vn 0.4018 -0.9076 -0.1219
vn 0.4118 -0.9076 -0.0819
vn 0.4179 -0.9076 -0.0412
vn 0.4199 -0.9076 -0.0000
vn 0.4179 -0.9076 0.0412
vn 0.4118 -0.9076 0.0819
vn 0.4018 -0.9076 0.1219
vn 0.3880 -0.9076 0.1607
vn 0.3703 -0.9076 0.1979
vn 0.3491 -0.9076 0.2333
vn 0.3246 -0.9076 0.2664
vn 0.2969 -0.9076 0.2969
vn 0.2664 -0.9076 0.3246
vn 0.2333 -0.9076 0.3491
vn 0.1979 -0.9076 0.3703
vn 0.1607 -0.9076 0.3880
vn 0.1219 -0.9076 0.4018
vn 0.0819 -0.9076 0.4118
vn 0.0412 -0.9076 0.4179
vn -0.0000 -0.9076 0.4199
vn -0.0412 -0.9076 0.4179
vn -0.0819 -0.9076 0.4118
vn -0.1219 -0.9076 0.4018
vn -0.1607 -0.9076 0.3880
vn -0.1979 -0.9076 0.3703
vn -0.2333 -0.9076 0.3491
vn -0.2664 -0.9076 0.3246
vn -0.2969 -0.9076 0.2969
vn -0.3246 -0.9076 0.2664
vn -0.3491 -0.9076 0.2333
vn -0.3703 -0.9076 0.1979
vn -0.3880 -0.9076 0.1607
vn -0.4018 -0.9076 0.1219
vn -0.4118 -0.9076 0.0819
vn -0.4179 -0.9076 0.0412
vn -0.4199 -0.9076 -0.0000
vn -0.4179 -0.9076 -0.0412
vn -0.4118 -0.9076 -0.0819
vn -0.4018 -0.9076 -0.1219
vn -0.3880 -0.9076 -0.1607
vn -0.3703 -0.9076 -0.1979
vn -0.3491 -0.9076 -0.2333
vn -0.3246 -0.9076 -0.2664
vn -0.2969 -0.9076 -0.2969
vn -0.2664 -0.9076 -0.3246
vn -0.2333 -0.9076 -0.3491
vn -0.1979 -0.9076 -0.3703
vn -0.1607 -0.9076 -0.3880
vn -0.1219 -0.9076 -0.4018
vn -0.0819 -0.9076 -0.4118
vn -0.0412 -0.9076 -0.4179
vt 0.270151 0.490372
vt 0.246199 0.491538
vt 0.246200 0.490707
vt 0.270070 0.489546
vt 0.222218 0.490345
vt 0.222301 0.489517
vt 0.222383 0.488691
vt 0.246200 0.489878
vt 0.269990 0.488723
vt 0.361079 0.462808
vt 0.339526 0.473001
vt 0.339210 0.472238
vt 0.360691 0.462080
vt 0.317042 0.481056
vt 0.316802 0.480265
vt 0.316563 0.479476
vt 0.338895 0.471477
vt 0.360304 0.461354
vt 0.175116 0.480877
vt 0.152479 0.472662
vt 0.152802 0.471894
vt 0.175361 0.480081
vt 0.130776 0.462222
vt 0.131175 0.461490
vt 0.131573 0.460760
vt 0.153126 0.471127
vt 0.175606 0.479286
vt 0.110245 0.449664
vt 0.110715 0.448975
vt 0.091092 0.435146
vt 0.091627 0.434509
vt 0.092159 0.433874
vt 0.111183 0.448290
vt 0.073504 0.418839
vt 0.074098 0.418258
vt 0.057635 0.400904
vt 0.058281 0.400386
vt 0.058926 0.399870
vt 0.074689 0.417681
vt 0.043621 0.381512
vt 0.044316 0.381060
vt 0.031590 0.360861
vt 0.032324 0.360479
vt 0.033057 0.360099
vt 0.045008 0.380609
vt 0.021653 0.339164
vt 0.022419 0.338857
vt 0.013888 0.316652
vt 0.014677 0.316422
vt 0.015465 0.316191
vt 0.023184 0.338550
vt 0.008354 0.293551
vt 0.009160 0.293398
vt 0.005073 0.270058
vt 0.005890 0.269984
vt 0.006704 0.269909
vt 0.009964 0.293246
vt 0.004061 0.246364
vt 0.004881 0.246369
vt 0.005329 0.222663
vt 0.006146 0.222747
vt 0.006961 0.222831
vt 0.005699 0.246373
vt 0.008888 0.199154
vt 0.009696 0.199318
vt 0.014739 0.176059
vt 0.015529 0.176302
vt 0.016317 0.176544
vt 0.010501 0.199481
vt 0.022866 0.153609
vt 0.023630 0.153929
vt 0.033189 0.132050
vt 0.033917 0.132443
vt 0.034643 0.132836
vt 0.024391 0.154248
vt 0.045596 0.111622
vt 0.046280 0.112085
vt 0.059926 0.092537
vt 0.060560 0.093063
vt 0.061194 0.093588
vt 0.046964 0.112546
vt 0.076008 0.074984
vt 0.076587 0.075567
vt 0.093687 0.059094
vt 0.094206 0.059730
vt 0.094724 0.060366
vt 0.077165 0.076150
vt 0.112810 0.044986
vt 0.113265 0.045671
vt 0.133224 0.032776
vt 0.133612 0.033503
vt 0.133999 0.034229
vt 0.113719 0.046354
vt 0.154768 0.022580
vt 0.155084 0.023342
vt 0.177241 0.014519
vt 0.177481 0.015309
vt 0.177721 0.016098
vt 0.155399 0.024103
vt 0.200431 0.008702
vt 0.200592 0.009514
vt 0.224112 0.005185
vt 0.224193 0.006010
vt 0.224274 0.006833
vt 0.200753 0.010323
vt 0.248056 0.004006
vt 0.248056 0.004837
vt 0.272032 0.005185
vt 0.271950 0.006014
vt 0.271868 0.006840
vt 0.248055 0.005666
vt 0.295805 0.008732
vt 0.295641 0.009548
vt 0.319134 0.014625
vt 0.318889 0.015421
vt 0.318645 0.016217
vt 0.295477 0.010364
vt 0.341776 0.022827
vt 0.341453 0.023595
vt 0.363487 0.033255
vt 0.363088 0.033988
vt 0.362691 0.034718
vt 0.341130 0.024362
vt 0.384027 0.045804
vt 0.383558 0.046493
vt 0.403191 0.060317
vt 0.402656 0.060955
vt 0.402124 0.061590
vt 0.383090 0.047179
vt 0.420789 0.076623
vt 0.420195 0.077204
vt 0.436669 0.094559
vt 0.436022 0.095078
vt 0.435378 0.095594
vt 0.419604 0.077782
vt 0.450694 0.113955
vt 0.450000 0.114407
vt 0.462737 0.134609
vt 0.462003 0.134990
vt 0.461269 0.135371
vt 0.449308 0.114857
vt 0.472683 0.156308
vt 0.471917 0.156616
vt 0.480454 0.178824
vt 0.479664 0.179055
vt 0.478876 0.179286
vt 0.471153 0.156923
vt 0.485989 0.201931
vt 0.485182 0.202084
vt 0.489265 0.225430
vt 0.488449 0.225504
vt 0.487634 0.225578
vt 0.484378 0.202236
vt 0.490272 0.249132
vt 0.489451 0.249127
vt 0.488998 0.272843
vt 0.488180 0.272758
vt 0.487365 0.272675
vt 0.488633 0.249123
vt 0.485434 0.296362
vt 0.484626 0.296198
vt 0.479579 0.319468
vt 0.478788 0.319225
vt 0.478000 0.318983
vt 0.483820 0.296035
vt 0.471448 0.341929
vt 0.470684 0.341609
vt 0.461124 0.363499
vt 0.460395 0.363106
vt 0.459668 0.362713
vt 0.469922 0.341290
vt 0.448716 0.383938
vt 0.448031 0.383475
vt 0.434387 0.403032
vt 0.433752 0.402507
vt 0.433118 0.401981
vt 0.447347 0.383013
vt 0.418305 0.420594
vt 0.417726 0.420010
vt 0.400626 0.436489
vt 0.400107 0.435852
vt 0.399589 0.435217
vt 0.417148 0.419427
vt 0.381500 0.450599
vt 0.381044 0.449913
vt 0.380590 0.449230
vt 0.307222 0.448546
vt 0.311412 0.462444
vt 0.290064 0.467759
vt 0.287257 0.453499
vt 0.314182 0.471614
vt 0.291921 0.477174
vt 0.269192 0.480528
vt 0.268270 0.470959
vt 0.266880 0.456472
vt 0.198443 0.486785
vt 0.198608 0.485968
vt 0.198772 0.485153
vt 0.754113 0.604615
vt 0.754920 0.588515
vt 0.778019 0.588543
vt 0.777097 0.606904
vt 0.754144 0.572414
vt 0.777134 0.570181
vt 0.795144 0.568426
vt 0.796114 0.588559
vt 0.795103 0.608689
vt 0.751800 0.556466
vt 0.774450 0.551993
vt 0.747914 0.540822
vt 0.770007 0.534152
vt 0.787320 0.528920
vt 0.792197 0.548482
vt 0.742522 0.525633
vt 0.763855 0.516832
vt 0.735671 0.511047
vt 0.756045 0.500201
vt 0.772002 0.491704
vt 0.780568 0.509932
vt 0.727420 0.497210
vt 0.746643 0.484424
vt 0.717854 0.484247
vt 0.735740 0.469644
vt 0.749747 0.458211
vt 0.761696 0.474411
vt 0.707068 0.472279
vt 0.723442 0.455999
vt 0.695160 0.461423
vt 0.709862 0.443624
vt 0.721384 0.429685
vt 0.736268 0.443255
vt 0.682234 0.451792
vt 0.695124 0.432641
vt 0.668422 0.443473
vt 0.679374 0.423146
vt 0.687965 0.407216
vt 0.705230 0.417637
vt 0.653862 0.436542
vt 0.662770 0.415228
vt 0.638692 0.431064
vt 0.645467 0.408971
vt 0.650781 0.391656
vt 0.669758 0.398523
vt 0.623056 0.427099
vt 0.627628 0.404450
vt 0.607105 0.424684
vt 0.609430 0.401699
vt 0.611254 0.383682
vt 0.631215 0.386697
vt 0.590995 0.423851
vt 0.591051 0.400741
vt 0.574881 0.424599
vt 0.572669 0.401586
vt 0.570937 0.383552
vt 0.591097 0.382629
vt 0.558918 0.426922
vt 0.554459 0.404235
vt 0.543257 0.430797
vt 0.536595 0.408662
vt 0.531374 0.391311
vt 0.550967 0.386456
vt 0.528047 0.436195
vt 0.519246 0.414827
vt 0.513439 0.443064
vt 0.502582 0.422666
vt 0.494067 0.406672
vt 0.512345 0.398073
vt 0.499580 0.451340
vt 0.486770 0.432105
vt 0.486600 0.460930
vt 0.471959 0.443042
vt 0.460477 0.429021
vt 0.476722 0.417024
vt 0.474623 0.471736
vt 0.458293 0.455369
vt 0.463765 0.483661
vt 0.445909 0.468976
vt 0.431913 0.457474
vt 0.445491 0.442546
vt 0.454137 0.496601
vt 0.434933 0.483743
vt 0.445822 0.510426
vt 0.425457 0.499518
vt 0.409487 0.490975
vt 0.419878 0.473672
vt 0.438897 0.524998
vt 0.417562 0.516142
vt 0.433429 0.540176
vt 0.411327 0.533454
vt 0.394002 0.528195
vt 0.400832 0.509209
vt 0.429479 0.555816
vt 0.406826 0.551290
vt 0.427088 0.571765
vt 0.404101 0.569477
vt 0.386092 0.567693
vt 0.389075 0.547753
vt 0.426282 0.587867
vt 0.403180 0.587841
vt 0.427060 0.603970
vt 0.404067 0.606205
vt 0.386055 0.607963
vt 0.385082 0.587827
vt 0.429406 0.619919
vt 0.406754 0.624395
vt 0.433293 0.635563
vt 0.411200 0.642237
vt 0.393886 0.647474
vt 0.389005 0.627910
vt 0.438688 0.650752
vt 0.417357 0.659557
vt 0.445543 0.665336
vt 0.425171 0.676187
vt 0.409217 0.684691
vt 0.400644 0.666462
vt 0.453800 0.679168
vt 0.434581 0.691961
vt 0.463372 0.692124
vt 0.445492 0.706736
vt 0.431491 0.718180
vt 0.419532 0.701982
vt 0.474162 0.704086
vt 0.457799 0.720376
vt 0.486071 0.714940
vt 0.471382 0.732751
vt 0.459872 0.746705
vt 0.444980 0.733134
vt 0.498992 0.724580
vt 0.486119 0.743742
vt 0.512800 0.732908
vt 0.501865 0.753243
vt 0.493291 0.769181
vt 0.476028 0.758758
vt 0.527361 0.739840
vt 0.518470 0.761159
vt 0.542533 0.745312
vt 0.535774 0.767409
vt 0.530476 0.784728
vt 0.511498 0.777869
vt 0.558167 0.749271
vt 0.553612 0.771922
vt 0.574114 0.751685
vt 0.571809 0.774670
vt 0.570005 0.792689
vt 0.550044 0.789677
vt 0.590222 0.752527
vt 0.590185 0.775635
vt 0.606335 0.751787
vt 0.608564 0.774797
vt 0.610312 0.792825
vt 0.590159 0.793745
vt 0.622298 0.749464
vt 0.626769 0.772146
vt 0.637959 0.745582
vt 0.644630 0.767713
vt 0.649858 0.785058
vt 0.630274 0.789919
vt 0.653169 0.740178
vt 0.661975 0.761543
vt 0.667775 0.733306
vt 0.678635 0.753700
vt 0.687152 0.769690
vt 0.668880 0.778292
vt 0.681631 0.725029
vt 0.694443 0.744260
vt 0.694609 0.715438
vt 0.709250 0.733323
vt 0.720733 0.747339
vt 0.704492 0.759336
vt 0.706584 0.704632
vt 0.722913 0.720996
vt 0.717440 0.692708
vt 0.735294 0.707390
vt 0.749288 0.718890
vt 0.735714 0.733816
vt 0.727067 0.679769
vt 0.746267 0.692625
vt 0.735380 0.665946
vt 0.755742 0.676852
vt 0.771710 0.685393
vt 0.761321 0.702694
vt 0.742304 0.651375
vt 0.763636 0.660230
vt 0.747771 0.636199
vt 0.769870 0.642921
vt 0.787192 0.648180
vt 0.780363 0.667163
vt 0.751721 0.620562
vt 0.774371 0.625089
vt 0.792120 0.628626
vt 0.701540 0.599349
vt 0.702094 0.588423
vt 0.727341 0.588470
vt 0.726668 0.601869
vt 0.701575 0.577497
vt 0.726699 0.575070
vt 0.699991 0.566675
vt 0.724754 0.561798
vt 0.697358 0.556059
vt 0.721525 0.548778
vt 0.693697 0.545751
vt 0.717037 0.536136
vt 0.689044 0.535852
vt 0.711333 0.523997
vt 0.683442 0.526459
vt 0.704462 0.512479
vt 0.676948 0.517658
vt 0.696498 0.501689
vt 0.669623 0.509535
vt 0.687519 0.491726
vt 0.661537 0.502168
vt 0.677607 0.482691
vt 0.652765 0.495631
vt 0.666849 0.474674
vt 0.643393 0.489985
vt 0.655354 0.467752
vt 0.633513 0.485285
vt 0.643236 0.461988
vt 0.623221 0.481574
vt 0.630613 0.457435
vt 0.612614 0.478889
vt 0.617603 0.454136
vt 0.601794 0.477255
vt 0.604332 0.452129
vt 0.590866 0.476691
vt 0.590928 0.451437
vt 0.579935 0.477201
vt 0.577520 0.452063
vt 0.569106 0.478779
vt 0.564238 0.453997
vt 0.558483 0.481410
vt 0.551207 0.457220
vt 0.548168 0.485071
vt 0.538552 0.461710
vt 0.538261 0.489728
vt 0.526398 0.467423
vt 0.528860 0.495336
vt 0.514867 0.474307
vt 0.520054 0.501838
vt 0.504068 0.482286
vt 0.511929 0.509171
vt 0.494103 0.491278
vt 0.504562 0.517262
vt 0.485067 0.501201
vt 0.498025 0.526039
vt 0.477052 0.511966
vt 0.492380 0.535415
vt 0.470129 0.523467
vt 0.487680 0.545300
vt 0.464365 0.535592
vt 0.483971 0.555597
vt 0.459815 0.548222
vt 0.481292 0.566208
vt 0.456528 0.561237
vt 0.479667 0.577029
vt 0.454536 0.574510
vt 0.479114 0.587955
vt 0.453864 0.587910
vt 0.479633 0.598882
vt 0.454507 0.601311
vt 0.481218 0.609705
vt 0.456453 0.614584
vt 0.483852 0.620321
vt 0.459684 0.627604
vt 0.487514 0.630629
vt 0.464174 0.640245
vt 0.492168 0.640526
vt 0.469881 0.652383
vt 0.497773 0.649918
vt 0.476755 0.663897
vt 0.504269 0.658715
vt 0.484722 0.674682
vt 0.511594 0.666835
vt 0.493703 0.684639
vt 0.519678 0.674201
vt 0.503614 0.693673
vt 0.528448 0.680740
vt 0.514368 0.701695
vt 0.537818 0.686388
vt 0.525860 0.708624
vt 0.547698 0.691089
vt 0.537978 0.714389
vt 0.557990 0.694801
vt 0.550602 0.718940
vt 0.568597 0.697486
vt 0.563610 0.722236
vt 0.579416 0.699121
vt 0.576879 0.724244
vt 0.590343 0.699686
vt 0.590282 0.724941
vt 0.601275 0.699177
vt 0.603690 0.724320
vt 0.612104 0.697599
vt 0.616973 0.722386
vt 0.622728 0.694967
vt 0.630005 0.719158
vt 0.633044 0.691304
vt 0.642661 0.714665
vt 0.642950 0.686647
vt 0.654814 0.708950
vt 0.652351 0.681037
vt 0.666343 0.702064
vt 0.661155 0.674535
vt 0.677141 0.694085
vt 0.669280 0.667203
vt 0.687105 0.685092
vt 0.676646 0.659111
vt 0.696140 0.675170
vt 0.683182 0.650334
vt 0.704154 0.664406
vt 0.688827 0.640959
vt 0.711075 0.652906
vt 0.693526 0.631076
vt 0.716839 0.640783
vt 0.697235 0.620779
vt 0.721388 0.628154
vt 0.699915 0.610169
vt 0.724676 0.615140
vt 0.666150 0.595793
vt 0.667310 0.588354
vt 0.684457 0.588389
vt 0.683891 0.597577
vt 0.666180 0.580911
vt 0.683927 0.579201
vt 0.701575 0.577497
vt 0.702094 0.588423
vt 0.665867 0.573389
vt 0.682691 0.570080
vt 0.663309 0.566309
vt 0.680381 0.561171
vt 0.697358 0.556059
vt 0.699991 0.566675
vt 0.661535 0.558993
vt 0.677391 0.552466
vt 0.657645 0.552548
vt 0.673388 0.544178
vt 0.689044 0.535852
vt 0.693697 0.545751
vt 0.654478 0.545718
vt 0.668758 0.536224
vt 0.649406 0.540155
vt 0.663214 0.528876
vt 0.676948 0.517658
vt 0.683442 0.526459
vt 0.644968 0.534074
vt 0.657122 0.521976
vt 0.638907 0.529607
vt 0.650251 0.515850
vt 0.661537 0.502168
vt 0.669623 0.509535
vt 0.633367 0.524508
vt 0.642928 0.510272
vt 0.626552 0.521309
vt 0.634994 0.505604
vt 0.643393 0.489985
vt 0.652765 0.495631
vt 0.620123 0.517389
vt 0.626723 0.501562
vt 0.612814 0.515582
vt 0.618030 0.498531
vt 0.623221 0.481574
vt 0.633513 0.485285
vt 0.605744 0.512991
vt 0.609130 0.496179
vt 0.598222 0.512643
vt 0.600012 0.494902
vt 0.601794 0.477255
vt 0.612614 0.478889
vt 0.590783 0.511481
vt 0.590823 0.494331
vt 0.583337 0.512608
vt 0.581631 0.494857
vt 0.590866 0.476691
vt 0.575813 0.512919
vt 0.572507 0.496090
vt 0.568730 0.515476
vt 0.563593 0.498399
vt 0.558483 0.481410
vt 0.569106 0.478779
vt 0.561410 0.517250
vt 0.554883 0.501389
vt 0.554962 0.521141
vt 0.546590 0.505394
vt 0.538261 0.489728
vt 0.548168 0.485071
vt 0.548129 0.524309
vt 0.538631 0.510027
vt 0.542564 0.529384
vt 0.531280 0.515574
vt 0.520054 0.501838
vt 0.528860 0.495336
vt 0.536481 0.533825
vt 0.524379 0.521670
vt 0.532014 0.539888
vt 0.518252 0.528545
vt 0.504562 0.517262
vt 0.511929 0.509171
vt 0.526915 0.545431
vt 0.512675 0.535871
vt 0.523717 0.552249
vt 0.508008 0.543809
vt 0.492380 0.535415
vt 0.498025 0.526039
vt 0.519798 0.558679
vt 0.503966 0.552083
vt 0.517991 0.565990
vt 0.500937 0.560779
vt 0.483971 0.555597
vt 0.487680 0.545300
vt 0.515403 0.573062
vt 0.498589 0.569682
vt 0.515058 0.580584
vt 0.497316 0.578800
vt 0.481292 0.566208
vt 0.513900 0.588023
vt 0.496751 0.587988
vt 0.515029 0.595467
vt 0.497282 0.597178
vt 0.479633 0.598882
vt 0.479113 0.587955
vt 0.515343 0.602989
vt 0.498519 0.606299
vt 0.517902 0.610069
vt 0.500830 0.615208
vt 0.483852 0.620321
vt 0.481218 0.609705
vt 0.519676 0.617385
vt 0.503820 0.623912
vt 0.523567 0.623829
vt 0.507825 0.632199
vt 0.492168 0.640526
vt 0.487514 0.630628
vt 0.526734 0.630658
vt 0.512456 0.640153
vt 0.531807 0.636220
vt 0.518000 0.647499
vt 0.504269 0.658715
vt 0.497773 0.649918
vt 0.536245 0.642301
vt 0.524092 0.654397
vt 0.542305 0.646767
vt 0.530962 0.660523
vt 0.519678 0.674201
vt 0.547844 0.651866
vt 0.538283 0.666101
vt 0.554659 0.655065
vt 0.546217 0.670769
vt 0.528448 0.680740
vt 0.561087 0.658985
vt 0.554487 0.674812
vt 0.568396 0.660793
vt 0.563180 0.677844
vt 0.557990 0.694800
vt 0.547698 0.691089
vt 0.575466 0.663385
vt 0.572080 0.680197
vt 0.582988 0.663733
vt 0.581198 0.681474
vt 0.579416 0.699121
vt 0.568597 0.697486
vt 0.590428 0.664895
vt 0.590387 0.682045
vt 0.597873 0.663768
vt 0.599579 0.681519
vt 0.601275 0.699177
vt 0.590343 0.699686
vt 0.605397 0.663457
vt 0.608704 0.680286
vt 0.612481 0.660899
vt 0.617618 0.677977
vt 0.622728 0.694967
vt 0.612104 0.697599
vt 0.619800 0.659125
vt 0.626327 0.674987
vt 0.626248 0.655234
vt 0.634620 0.670981
vt 0.642950 0.686647
vt 0.633043 0.691304
vt 0.633081 0.652066
vt 0.642578 0.666348
vt 0.638646 0.646991
vt 0.649929 0.660801
vt 0.661155 0.674535
vt 0.652351 0.681037
vt 0.644728 0.642550
vt 0.656830 0.654704
vt 0.649195 0.636487
vt 0.662956 0.647830
vt 0.676646 0.659111
vt 0.669280 0.667203
vt 0.654293 0.630945
vt 0.668534 0.640503
vt 0.657491 0.624127
vt 0.673200 0.632566
vt 0.688827 0.640959
vt 0.683182 0.650334
vt 0.661411 0.617696
vt 0.677242 0.624293
vt 0.663217 0.610386
vt 0.680270 0.615598
vt 0.697235 0.620780
vt 0.693526 0.631076
vt 0.665806 0.603315
vt 0.682619 0.606695
vt 0.590605 0.588188
vt 0.639855 0.583446
vt 0.647132 0.588311
vt 0.639835 0.593144
vt 0.666180 0.580911
vt 0.667310 0.588354
vt 0.639855 0.583446
vt 0.666150 0.595793
vt 0.639835 0.593144
vt 0.637984 0.573930
vt 0.646070 0.577282
vt 0.639855 0.583446
vt 0.665867 0.573389
vt 0.637984 0.573930
vt 0.666180 0.580911
vt 0.634293 0.564962
vt 0.642877 0.566673
vt 0.657645 0.552548
vt 0.661535 0.558993
vt 0.634293 0.564962
vt 0.663309 0.566309
vt 0.637984 0.573930
vt 0.628923 0.556886
vt 0.637676 0.556889
vt 0.634293 0.564962
vt 0.649406 0.540155
vt 0.654478 0.545718
vt 0.628923 0.556886
vt 0.654478 0.545718
vt 0.622082 0.550013
vt 0.630667 0.548308
vt 0.628924 0.556886
vt 0.638907 0.529607
vt 0.644968 0.534074
vt 0.622082 0.550013
vt 0.649406 0.540155
vt 0.628924 0.556886
vt 0.614030 0.544605
vt 0.622119 0.541259
vt 0.626552 0.521309
vt 0.614030 0.544606
vt 0.638907 0.529607
vt 0.622082 0.550013
vt 0.605078 0.540873
vt 0.612358 0.536013
vt 0.612814 0.515582
vt 0.620123 0.517389
vt 0.605078 0.540873
vt 0.626552 0.521309
vt 0.595569 0.538958
vt 0.601762 0.532772
vt 0.605078 0.540873
vt 0.612814 0.515582
vt 0.605078 0.540873
vt 0.605744 0.512991
vt 0.585869 0.538935
vt 0.590736 0.531659
vt 0.595569 0.538958
vt 0.583337 0.512608
vt 0.590782 0.511481
vt 0.585869 0.538935
vt 0.598222 0.512643
vt 0.576350 0.540805
vt 0.579704 0.532719
vt 0.585869 0.538935
vt 0.568730 0.515476
vt 0.575813 0.512919
vt 0.576350 0.540805
vt 0.575813 0.512919
vt 0.567378 0.544496
vt 0.569090 0.535911
vt 0.576350 0.540805
vt 0.554962 0.521141
vt 0.561410 0.517250
vt 0.567378 0.544496
vt 0.559299 0.549868
vt 0.559303 0.541113
vt 0.542564 0.529384
vt 0.559299 0.549868
vt 0.548129 0.524309
vt 0.552424 0.556713
vt 0.550719 0.548126
vt 0.552424 0.556713
vt 0.542564 0.529384
vt 0.536481 0.533825
vt 0.547017 0.564768
vt 0.543669 0.556678
vt 0.552424 0.556713
vt 0.526915 0.545431
vt 0.547017 0.564768
vt 0.532014 0.539888
vt 0.543286 0.573722
vt 0.538424 0.566442
vt 0.547017 0.564768
vt 0.517991 0.565990
vt 0.519798 0.558680
vt 0.523717 0.552249
vt 0.541374 0.583232
vt 0.535185 0.577040
vt 0.515058 0.580584
vt 0.515403 0.573062
vt 0.541374 0.583232
vt 0.517992 0.565990
vt 0.543286 0.573722
vt 0.515403 0.573062
vt 0.541355 0.592931
vt 0.534077 0.588066
vt 0.515029 0.595467
vt 0.541355 0.592931
vt 0.515058 0.580584
vt 0.541374 0.583232
vt 0.543227 0.602447
vt 0.535140 0.599095
vt 0.517902 0.610069
vt 0.515343 0.602989
vt 0.515029 0.595467
vt 0.541355 0.592931
vt 0.546918 0.611414
vt 0.538334 0.609704
vt 0.543227 0.602447
vt 0.546918 0.611414
vt 0.543227 0.602447
vt 0.552288 0.619489
vt 0.543535 0.619486
vt 0.531807 0.636220
vt 0.526734 0.630658
vt 0.552288 0.619489
vt 0.523566 0.623829
vt 0.546918 0.611414
vt 0.559130 0.626362
vt 0.550544 0.628066
vt 0.542305 0.646767
vt 0.536245 0.642301
vt 0.559130 0.626362
vt 0.531806 0.636220
vt 0.536245 0.642301
vt 0.567181 0.631769
vt 0.559093 0.635115
vt 0.559130 0.626362
vt 0.554659 0.655065
vt 0.547844 0.651866
vt 0.567181 0.631769
vt 0.542305 0.646767
vt 0.576133 0.635502
vt 0.568852 0.640362
vt 0.567181 0.631769
vt 0.568396 0.660794
vt 0.561087 0.658985
vt 0.576133 0.635502
vt 0.554659 0.655065
vt 0.567181 0.631769
vt 0.561087 0.658985
vt 0.585641 0.637417
vt 0.579449 0.643604
vt 0.582988 0.663733
vt 0.575466 0.663385
vt 0.585641 0.637417
vt 0.576133 0.635502
vt 0.575466 0.663385
vt 0.595342 0.637441
vt 0.590474 0.644717
vt 0.585641 0.637418
vt 0.597873 0.663768
vt 0.590428 0.664895
vt 0.595342 0.637441
vt 0.585641 0.637417
vt 0.590427 0.664895
vt 0.604861 0.635571
vt 0.601506 0.643657
vt 0.612481 0.660899
vt 0.605397 0.663457
vt 0.604861 0.635571
vt 0.597873 0.663768
vt 0.595342 0.637441
vt 0.605397 0.663457
vt 0.613832 0.631879
vt 0.612120 0.640464
vt 0.619800 0.659125
vt 0.613832 0.631879
vt 0.612481 0.660899
vt 0.604861 0.635571
vt 0.619800 0.659125
vt 0.621911 0.626507
vt 0.621907 0.635262
vt 0.633081 0.652066
vt 0.621911 0.626507
vt 0.633081 0.652066
vt 0.628786 0.619662
vt 0.630490 0.628250
vt 0.621911 0.626507
vt 0.649195 0.636487
vt 0.628786 0.619662
vt 0.638646 0.646991
vt 0.634192 0.611608
vt 0.637540 0.619697
vt 0.628786 0.619662
vt 0.654293 0.630945
vt 0.634192 0.611608
vt 0.637923 0.602654
vt 0.642785 0.609934
vt 0.634192 0.611608
vt 0.663217 0.610386
vt 0.661411 0.617696
vt 0.637923 0.602654
vt 0.657491 0.624126
vt 0.634192 0.611608
vt 0.646024 0.599336
vt 0.637923 0.602654
vt 0.663217 0.610386
vt 0.246245 0.472019
vt 0.246292 0.457452
vt 0.246215 0.481640
vt 0.223215 0.480489
vt 0.224199 0.470913
vt 0.225688 0.456414
vt 0.345147 0.432888
vt 0.351954 0.445686
vt 0.332106 0.455050
vt 0.326577 0.441643
vt 0.356454 0.454129
vt 0.335761 0.463897
vt 0.185225 0.448251
vt 0.180905 0.462184
vt 0.160094 0.454631
vt 0.165773 0.441195
vt 0.178049 0.471385
vt 0.156342 0.463505
vt 0.135529 0.453498
vt 0.140139 0.445041
vt 0.147122 0.432236
vt 0.121260 0.433505
vt 0.129475 0.421459
vt 0.115834 0.441464
vt 0.097454 0.427552
vt 0.103637 0.420172
vt 0.112998 0.409003
vt 0.087439 0.405199
vt 0.097843 0.395016
vt 0.080569 0.411925
vt 0.065334 0.394731
vt 0.072820 0.388723
vt 0.084160 0.379623
vt 0.059920 0.370890
vt 0.072085 0.362956
vt 0.051889 0.376127
vt 0.040341 0.356312
vt 0.048837 0.351893
vt 0.061708 0.345200
vt 0.039658 0.331940
vt 0.053107 0.326547
vt 0.030784 0.335500
vt 0.023307 0.313902
vt 0.032474 0.311230
vt 0.046372 0.307178
vt 0.027362 0.289957
vt 0.041580 0.287273
vt 0.017983 0.291728
vt 0.014830 0.269172
vt 0.024337 0.268313
vt 0.038745 0.267015
vt 0.023402 0.246487
vt 0.037867 0.246585
vt 0.013857 0.246423
vt 0.015079 0.223671
vt 0.024572 0.224657
vt 0.038962 0.226153
vt 0.027863 0.203009
vt 0.042045 0.205893
vt 0.018508 0.201108
vt 0.024141 0.178948
vt 0.033272 0.181751
vt 0.047111 0.186003
vt 0.040775 0.161100
vt 0.054136 0.166689
vt 0.031955 0.157414
vt 0.041867 0.136736
vt 0.050287 0.141276
vt 0.063037 0.148155
vt 0.061699 0.122491
vt 0.073709 0.130594
vt 0.053769 0.117139
vt 0.067507 0.098820
vt 0.074871 0.104925
vt 0.086025 0.114170
vt 0.089654 0.088746
vt 0.099852 0.099034
vt 0.082924 0.081956
vt 0.099882 0.066692
vt 0.105921 0.074099
vt 0.115073 0.085328
vt 0.123540 0.061115
vt 0.131562 0.073180
vt 0.118244 0.053156
vt 0.137851 0.041451
vt 0.142353 0.049891
vt 0.149166 0.062683
vt 0.162193 0.040522
vt 0.167726 0.053923
vt 0.158535 0.031679
vt 0.180104 0.023956
vt 0.182878 0.033123
vt 0.187072 0.047014
vt 0.204216 0.027800
vt 0.207028 0.042055
vt 0.202355 0.018388
vt 0.225075 0.015025
vt 0.226000 0.024591
vt 0.227396 0.039074
vt 0.248019 0.023521
vt 0.247978 0.038084
vt 0.248044 0.013902
vt 0.271039 0.015041
vt 0.270060 0.024616
vt 0.268577 0.039113
vt 0.291911 0.027891
vt 0.288999 0.042179
vt 0.293836 0.018455
vt 0.316206 0.024119
vt 0.313355 0.033322
vt 0.309041 0.047256
vt 0.334171 0.040863
vt 0.328499 0.054303
vt 0.337918 0.031986
vt 0.358739 0.041982
vt 0.354132 0.050443
vt 0.347158 0.063253
vt 0.373019 0.061969
vt 0.364812 0.074022
vt 0.378441 0.054008
vt 0.396830 0.067914
vt 0.390649 0.075297
vt 0.381296 0.086474
vt 0.406854 0.090271
vt 0.396454 0.100465
vt 0.413723 0.083541
vt 0.428968 0.100737
vt 0.421481 0.106751
vt 0.410142 0.115865
vt 0.434393 0.124589
vt 0.422229 0.132536
vt 0.442425 0.119345
vt 0.453985 0.139162
vt 0.445489 0.143587
vt 0.432620 0.150294
vt 0.454679 0.163541
vt 0.441233 0.168946
vt 0.463552 0.159976
vt 0.471034 0.181576
vt 0.461869 0.184251
vt 0.447974 0.188313
vt 0.466979 0.205524
vt 0.452762 0.208218
vt 0.476358 0.203752
vt 0.479506 0.226313
vt 0.469997 0.227170
vt 0.455588 0.228478
vt 0.470923 0.249005
vt 0.456454 0.248914
vt 0.480472 0.249070
vt 0.479243 0.271833
vt 0.469745 0.270845
vt 0.455349 0.269353
vt 0.466449 0.292504
vt 0.452261 0.289622
vt 0.475809 0.294407
vt 0.470172 0.316577
vt 0.461036 0.313773
vt 0.447193 0.309519
vt 0.453530 0.334435
vt 0.440164 0.328840
vt 0.462354 0.338123
vt 0.452440 0.358812
vt 0.444015 0.354271
vt 0.431261 0.347383
vt 0.432603 0.373068
vt 0.420592 0.364955
vt 0.440538 0.378421
vt 0.426801 0.396751
vt 0.419435 0.390645
vt 0.408284 0.381391
vt 0.404657 0.406832
vt 0.394464 0.396537
vt 0.411387 0.413622
vt 0.394430 0.428891
vt 0.388394 0.421483
vt 0.379249 0.410249
vt 0.370773 0.434466
vt 0.362758 0.422395
vt 0.376067 0.442427
vt 0.202347 0.467626
vt 0.205265 0.453339
vt 0.200417 0.477061
vt 0.295979 0.411132
vt 0.301904 0.430864
vt 0.283697 0.435366
vt 0.279734 0.415140
vt 0.265119 0.438064
vt 0.263162 0.417540
vt 0.246353 0.438947
vt 0.246423 0.418318
vt 0.227576 0.437992
vt 0.229677 0.417457
vt 0.208966 0.435183
vt 0.213084 0.414945
vt 0.190708 0.430545
vt 0.196809 0.410804
vt 0.172988 0.424116
vt 0.181018 0.405072
vt 0.155995 0.415958
vt 0.165873 0.397805
vt 0.139912 0.406150
vt 0.151531 0.389074
vt 0.124888 0.394812
vt 0.138130 0.378977
vt 0.111066 0.382072
vt 0.125796 0.367624
vt 0.098579 0.368049
vt 0.114648 0.355123
vt 0.087552 0.352866
vt 0.104794 0.341592
vt 0.078072 0.336687
vt 0.096319 0.327170
vt 0.070214 0.319683
vt 0.089297 0.312004
vt 0.064059 0.302018
vt 0.083793 0.296240
vt 0.059673 0.283855
vt 0.079864 0.280025
vt 0.057074 0.265363
vt 0.077532 0.263511
vt 0.056270 0.246711
vt 0.076811 0.246848
vt 0.057273 0.228058
vt 0.077709 0.230185
vt 0.060091 0.209567
vt 0.080232 0.213673
vt 0.064718 0.191421
vt 0.084367 0.197476
vt 0.071129 0.173807
vt 0.090089 0.181759
vt 0.079247 0.156907
vt 0.097329 0.166679
vt 0.088977 0.140895
vt 0.106009 0.152388
vt 0.100208 0.125918
vt 0.116032 0.139023
vt 0.112826 0.112116
vt 0.127300 0.126710
vt 0.126716 0.099615
vt 0.139705 0.115558
vt 0.141759 0.088533
vt 0.153133 0.105666
vt 0.157819 0.078958
vt 0.167467 0.097122
vt 0.174751 0.070977
vt 0.182580 0.090011
vt 0.192397 0.064689
vt 0.198329 0.084414
vt 0.210594 0.060182
vt 0.214564 0.080402
vt 0.229164 0.057478
vt 0.231127 0.077997
vt 0.247923 0.056587
vt 0.247858 0.077213
vt 0.266695 0.057533
vt 0.264599 0.078067
vt 0.285304 0.060334
vt 0.281191 0.080573
vt 0.303565 0.064965
vt 0.297470 0.084708
vt 0.321293 0.071387
vt 0.313270 0.090436
vt 0.338296 0.079538
vt 0.328427 0.097699
vt 0.354390 0.089340
vt 0.342782 0.106427
vt 0.369421 0.100679
vt 0.356192 0.116526
vt 0.383244 0.113427
vt 0.368524 0.127891
vt 0.395731 0.127461
vt 0.379670 0.140404
vt 0.406767 0.142648
vt 0.389529 0.153939
vt 0.416261 0.158827
vt 0.398016 0.168360
vt 0.424131 0.175830
vt 0.405049 0.183527
vt 0.430292 0.193496
vt 0.410557 0.199295
vt 0.434673 0.211661
vt 0.414482 0.215513
vt 0.437259 0.230155
vt 0.416802 0.232030
vt 0.438048 0.248809
vt 0.417508 0.248690
vt 0.437034 0.267463
vt 0.416598 0.265349
vt 0.434212 0.285954
vt 0.414072 0.281854
vt 0.429584 0.304100
vt 0.409937 0.298044
vt 0.423171 0.321712
vt 0.404214 0.313752
vt 0.415054 0.338612
vt 0.396977 0.328825
vt 0.405333 0.354631
vt 0.388311 0.343116
vt 0.394114 0.369620
vt 0.378305 0.356490
vt 0.381508 0.383435
vt 0.367050 0.368818
vt 0.367623 0.395946
vt 0.354649 0.379985
vt 0.352574 0.407031
vt 0.341211 0.389883
vt 0.336503 0.416603
vt 0.326864 0.398427
vt 0.319560 0.424581
vt 0.311738 0.405537
vt 0.284843 0.373985
vt 0.290053 0.391375
vt 0.275775 0.394895
vt 0.272298 0.377079
vt 0.261210 0.397003
vt 0.259499 0.378933
vt 0.246497 0.397681
vt 0.246566 0.379527
vt 0.231778 0.396916
vt 0.233627 0.378848
vt 0.217196 0.394700
vt 0.220812 0.376892
vt 0.202899 0.391055
vt 0.208250 0.373681
vt 0.189031 0.386016
vt 0.196069 0.369251
vt 0.175730 0.379634
vt 0.184387 0.363645
vt 0.163131 0.371971
vt 0.173322 0.356916
vt 0.151354 0.363109
vt 0.162975 0.349135
vt 0.140512 0.353140
vt 0.153447 0.340381
vt 0.130708 0.342160
vt 0.144827 0.330740
vt 0.122036 0.330276
vt 0.137200 0.320302
vt 0.114575 0.317608
vt 0.130635 0.309174
vt 0.108393 0.304281
vt 0.125196 0.297465
vt 0.103547 0.290423
vt 0.120930 0.285286
vt 0.100082 0.276165
vt 0.117878 0.272753
vt 0.098022 0.261638
vt 0.116062 0.259980
vt 0.097384 0.246976
vt 0.115497 0.247085
vt 0.098177 0.232315
vt 0.116195 0.234190
vt 0.100401 0.217791
vt 0.118156 0.221419
vt 0.104042 0.203548
vt 0.121360 0.208896
vt 0.109071 0.189728
vt 0.125779 0.196746
vt 0.115433 0.176468
vt 0.131367 0.185087
vt 0.123062 0.163901
vt 0.138074 0.174038
vt 0.131877 0.152148
vt 0.145826 0.163704
vt 0.141790 0.141322
vt 0.154545 0.154185
vt 0.152705 0.131517
vt 0.164145 0.145565
vt 0.164519 0.122821
vt 0.174537 0.137923
vt 0.177125 0.115315
vt 0.185623 0.131332
vt 0.190415 0.109074
vt 0.197306 0.125856
vt 0.204260 0.104164
vt 0.209473 0.121549
vt 0.218529 0.100642
vt 0.222011 0.118455
vt 0.233085 0.098531
vt 0.234802 0.116600
vt 0.247790 0.097848
vt 0.247725 0.116003
vt 0.262503 0.098608
vt 0.260656 0.116678
vt 0.277082 0.100818
vt 0.273468 0.118626
vt 0.291382 0.104457
vt 0.286032 0.121829
vt 0.305259 0.109493
vt 0.298220 0.126257
vt 0.318571 0.115873
vt 0.309911 0.131863
vt 0.331182 0.123535
vt 0.320987 0.138592
vt 0.342968 0.132399
vt 0.331340 0.146376
vt 0.353810 0.142379
vt 0.340872 0.155136
vt 0.363613 0.153369
vt 0.349494 0.164784
vt 0.372289 0.165257
vt 0.357125 0.175227
vt 0.379757 0.177926
vt 0.363693 0.186358
vt 0.385945 0.191255
vt 0.369133 0.198070
vt 0.390794 0.205115
vt 0.373398 0.210248
vt 0.394258 0.219375
vt 0.376452 0.222779
vt 0.396310 0.233902
vt 0.378268 0.235549
vt 0.396938 0.248562
vt 0.378828 0.248443
vt 0.396136 0.263219
vt 0.378126 0.261338
vt 0.393908 0.277738
vt 0.376162 0.274107
vt 0.390267 0.291973
vt 0.372956 0.286626
vt 0.385237 0.305782
vt 0.368535 0.298769
vt 0.378879 0.319032
vt 0.362948 0.310418
vt 0.371263 0.331595
vt 0.356251 0.321460
vt 0.362464 0.343352
vt 0.348512 0.331793
vt 0.352562 0.354191
vt 0.339803 0.341320
vt 0.341650 0.364010
vt 0.330206 0.349951
vt 0.329829 0.372714
vt 0.319808 0.357601
vt 0.317209 0.380224
vt 0.308711 0.364198
vt 0.303908 0.386466
vt 0.297019 0.369676
vt 0.255764 0.339376
vt 0.264708 0.338097
vt 0.265132 0.340260
vt 0.255974 0.341571
vt 0.273475 0.335946
vt 0.274108 0.338058
vt 0.274775 0.340283
vt 0.265578 0.342539
vt 0.256194 0.343883
vt 0.219981 0.335677
vt 0.228748 0.337914
vt 0.228307 0.340074
vt 0.219329 0.337783
vt 0.237693 0.339282
vt 0.237469 0.341474
vt 0.237232 0.343783
vt 0.227843 0.342349
vt 0.218643 0.340001
vt 0.188371 0.318567
vt 0.195599 0.323987
vt 0.194360 0.325815
vt 0.186960 0.320266
vt 0.203327 0.328675
vt 0.202275 0.330613
vt 0.201167 0.332654
vt 0.193057 0.327740
vt 0.185474 0.322055
vt 0.175688 0.305742
vt 0.181713 0.312465
vt 0.180146 0.314015
vt 0.173979 0.307129
vt 0.178496 0.315648
vt 0.172179 0.308589
vt 0.165757 0.290699
vt 0.170352 0.298463
vt 0.168514 0.299675
vt 0.163806 0.291727
vt 0.166578 0.300953
vt 0.161751 0.292810
vt 0.158960 0.274016
vt 0.161948 0.282524
vt 0.159907 0.283357
vt 0.156849 0.274645
vt 0.157757 0.284235
vt 0.154626 0.275308
vt 0.155552 0.256324
vt 0.156821 0.265255
vt 0.154659 0.265675
vt 0.153359 0.256530
vt 0.152383 0.266116
vt 0.151050 0.256746
vt 0.155662 0.238293
vt 0.155165 0.247308
vt 0.152964 0.247298
vt 0.153473 0.238067
vt 0.150645 0.247287
vt 0.151167 0.237829
vt 0.159278 0.220616
vt 0.157036 0.229367
vt 0.154880 0.228927
vt 0.157175 0.219966
vt 0.152609 0.228464
vt 0.154961 0.219282
vt 0.166277 0.203977
vt 0.162369 0.212125
vt 0.160341 0.211272
vt 0.164341 0.202927
vt 0.158204 0.210373
vt 0.162301 0.201821
vt 0.176372 0.189018
vt 0.170960 0.196249
vt 0.169134 0.195013
vt 0.174674 0.187610
vt 0.167211 0.193712
vt 0.172886 0.186127
vt 0.189164 0.176324
vt 0.182459 0.182355
vt 0.180909 0.180790
vt 0.187776 0.174618
vt 0.179276 0.179143
vt 0.186314 0.172820
vt 0.204175 0.166385
vt 0.196426 0.170985
vt 0.195211 0.169149
vt 0.203144 0.164436
vt 0.193932 0.167216
vt 0.202058 0.162385
vt 0.220840 0.159569
vt 0.212339 0.162568
vt 0.211502 0.160528
vt 0.220207 0.157458
vt 0.210621 0.158380
vt 0.219541 0.155236
vt 0.238538 0.156138
vt 0.229601 0.157419
vt 0.229178 0.155257
vt 0.238329 0.153944
vt 0.228733 0.152980
vt 0.238110 0.151634
vt 0.256595 0.156229
vt 0.247566 0.155740
vt 0.247573 0.153536
vt 0.256819 0.154036
vt 0.247581 0.151215
vt 0.257054 0.151726
vt 0.274305 0.159843
vt 0.265537 0.157601
vt 0.265976 0.155441
vt 0.274954 0.157738
vt 0.266438 0.153166
vt 0.275639 0.155520
vt 0.290971 0.166845
vt 0.282810 0.162936
vt 0.283666 0.160905
vt 0.292023 0.164907
vt 0.284566 0.158765
vt 0.293132 0.162865
vt 0.305936 0.176956
vt 0.298704 0.171534
vt 0.299943 0.169706
vt 0.307348 0.175256
vt 0.301248 0.167779
vt 0.308834 0.173465
vt 0.318626 0.189788
vt 0.312597 0.183061
vt 0.314165 0.181509
vt 0.320335 0.188401
vt 0.315816 0.179875
vt 0.322135 0.186939
vt 0.328563 0.204839
vt 0.323964 0.197072
vt 0.325803 0.195860
vt 0.330514 0.203812
vt 0.327739 0.194583
vt 0.332569 0.202729
vt 0.335370 0.221514
vt 0.332378 0.213011
vt 0.334420 0.212179
vt 0.337483 0.220884
vt 0.336571 0.211302
vt 0.339707 0.220222
vt 0.338775 0.239197
vt 0.337508 0.230269
vt 0.339670 0.229849
vt 0.340966 0.238990
vt 0.341947 0.229407
vt 0.343274 0.238773
vt 0.338662 0.257229
vt 0.339160 0.248213
vt 0.341360 0.248222
vt 0.340851 0.257454
vt 0.343678 0.248232
vt 0.343157 0.257692
vt 0.335046 0.274909
vt 0.337287 0.266157
vt 0.339442 0.266596
vt 0.337147 0.275558
vt 0.341713 0.267060
vt 0.339360 0.276243
vt 0.328054 0.291544
vt 0.331957 0.283398
vt 0.333984 0.284252
vt 0.329989 0.292594
vt 0.336119 0.285152
vt 0.332027 0.293699
vt 0.317969 0.306490
vt 0.323377 0.299265
vt 0.325203 0.300501
vt 0.319668 0.307898
vt 0.327126 0.301802
vt 0.321457 0.309380
vt 0.305172 0.319177
vt 0.311882 0.313148
vt 0.313432 0.314711
vt 0.306560 0.320883
vt 0.315066 0.316358
vt 0.308022 0.322679
vt 0.290150 0.329125
vt 0.297904 0.324520
vt 0.299119 0.326356
vt 0.291181 0.331074
vt 0.300399 0.328289
vt 0.292267 0.333127
vt 0.211480 0.332586
vt 0.210624 0.334617
vt 0.209723 0.336757
vt 0.279475 0.143094
vt 0.282036 0.134792
vt 0.292969 0.138766
vt 0.289605 0.146777
vt 0.303453 0.143796
vt 0.299318 0.151438
vt 0.177200 0.332019
vt 0.171647 0.338701
vt 0.163099 0.330855
vt 0.169280 0.324753
vt 0.155363 0.322212
vt 0.162111 0.316750
vt 0.258383 0.138804
vt 0.259273 0.130164
vt 0.270766 0.131916
vt 0.269033 0.140428
vt 0.298315 0.344562
vt 0.302372 0.352230
vt 0.291883 0.357140
vt 0.288598 0.349109
vt 0.280962 0.361001
vt 0.278480 0.352685
vt 0.194983 0.344070
vt 0.190846 0.351711
vt 0.180925 0.345677
vt 0.185793 0.338481
vt 0.236889 0.138729
vt 0.236076 0.130088
vt 0.247671 0.129556
vt 0.247633 0.138237
vt 0.316191 0.332728
vt 0.321662 0.339454
vt 0.312331 0.346315
vt 0.307544 0.339084
vt 0.214808 0.352408
vt 0.212246 0.360714
vt 0.201321 0.356738
vt 0.204687 0.348725
vt 0.215837 0.142841
vt 0.213355 0.134528
vt 0.224602 0.131753
vt 0.226257 0.140270
vt 0.331412 0.317632
vt 0.338090 0.323162
vt 0.330274 0.331710
vt 0.324170 0.325552
vt 0.235897 0.356727
vt 0.235010 0.365364
vt 0.223513 0.363601
vt 0.225246 0.355088
vt 0.196017 0.150959
vt 0.191961 0.143294
vt 0.202442 0.138388
vt 0.205726 0.146416
vt 0.343427 0.299866
vt 0.351051 0.303987
vt 0.345039 0.313893
vt 0.337853 0.309045
vt 0.257413 0.356802
vt 0.258226 0.365443
vt 0.246620 0.365977
vt 0.246657 0.357297
vt 0.178157 0.162782
vt 0.172686 0.156057
vt 0.182013 0.149204
vt 0.186799 0.156433
vt 0.351750 0.280073
vt 0.360030 0.282633
vt 0.356063 0.293532
vt 0.348073 0.290177
vt 0.269709 0.363777
vt 0.268054 0.355258
vt 0.162920 0.177862
vt 0.156244 0.172333
vt 0.164070 0.163791
vt 0.170173 0.169947
vt 0.356061 0.259033
vt 0.364678 0.259933
vt 0.362912 0.271396
vt 0.354423 0.269658
vt 0.150887 0.195643
vt 0.143265 0.191521
vt 0.149284 0.181606
vt 0.156467 0.186454
vt 0.356164 0.237576
vt 0.364795 0.236783
vt 0.365306 0.248357
vt 0.356641 0.248303
vt 0.142576 0.215452
vt 0.134291 0.212892
vt 0.138254 0.201985
vt 0.146246 0.205343
vt 0.352094 0.216546
vt 0.360411 0.214086
vt 0.363157 0.225325
vt 0.354641 0.226960
vt 0.138268 0.236490
vt 0.129648 0.235591
vt 0.131412 0.224130
vt 0.139906 0.225868
vt 0.344027 0.196697
vt 0.351704 0.192659
vt 0.356584 0.203163
vt 0.348548 0.206428
vt 0.138164 0.257945
vt 0.129533 0.258740
vt 0.129023 0.247166
vt 0.137689 0.247217
vt 0.332210 0.178773
vt 0.338958 0.173310
vt 0.345809 0.182674
vt 0.338562 0.187447
vt 0.142220 0.278990
vt 0.133908 0.281449
vt 0.131166 0.270203
vt 0.139678 0.268569
vt 0.317112 0.163496
vt 0.322665 0.156811
vt 0.331218 0.164662
vt 0.325036 0.170765
vt 0.150302 0.298838
vt 0.142623 0.302874
vt 0.137739 0.292372
vt 0.145772 0.289110
vt 0.313382 0.149833
vt 0.308514 0.157031
vt 0.148517 0.312854
vt 0.155765 0.308082
vt 0.809951 0.588568
vt 0.808880 0.610050
vt 0.808916 0.567082
vt 0.818011 0.566194
vt 0.819088 0.588573
vt 0.817982 0.610948
vt 0.805784 0.545792
vt 0.800586 0.524910
vt 0.809361 0.522258
vt 0.814763 0.544014
vt 0.793371 0.504646
vt 0.784213 0.485199
vt 0.792281 0.480901
vt 0.801837 0.501151
vt 0.773204 0.466756
vt 0.760452 0.449476
vt 0.767518 0.443712
vt 0.780801 0.461702
vt 0.746077 0.433513
vt 0.730206 0.419019
vt 0.736037 0.411972
vt 0.752555 0.427082
vt 0.712975 0.406141
vt 0.694551 0.395007
vt 0.698908 0.386929
vt 0.718098 0.398539
vt 0.675112 0.385731
vt 0.654849 0.378404
vt 0.657537 0.369648
vt 0.678653 0.377274
vt 0.633960 0.373104
vt 0.612652 0.369879
vt 0.613577 0.360750
vt 0.635774 0.364118
vt 0.591136 0.368763
vt 0.569618 0.369758
vt 0.568749 0.360648
vt 0.591163 0.359599
vt 0.548302 0.372853
vt 0.527384 0.378022
vt 0.524751 0.369236
vt 0.546545 0.363867
vt 0.507060 0.385228
vt 0.487537 0.394404
vt 0.483216 0.386282
vt 0.503566 0.376728
vt 0.469019 0.405464
vt 0.451683 0.418286
vt 0.445870 0.411189
vt 0.463922 0.397815
vt 0.435698 0.432734
vt 0.421209 0.448673
vt 0.414141 0.442859
vt 0.429231 0.426253
vt 0.408351 0.465959
vt 0.397248 0.484424
vt 0.389152 0.480088
vt 0.400734 0.460859
vt 0.388011 0.503893
vt 0.380732 0.524168
vt 0.371958 0.521504
vt 0.379530 0.500373
vt 0.375485 0.545048
vt 0.372312 0.566333
vt 0.363209 0.565435
vt 0.366503 0.543262
vt 0.371243 0.587819
vt 0.372280 0.609309
vt 0.363184 0.610198
vt 0.362104 0.587815
vt 0.375417 0.630602
vt 0.380619 0.651487
vt 0.371843 0.654141
vt 0.366436 0.632382
vt 0.387841 0.671753
vt 0.397007 0.691201
vt 0.388939 0.695503
vt 0.379374 0.675251
vt 0.408026 0.709644
vt 0.420788 0.726923
vt 0.413723 0.732692
vt 0.400429 0.714703
vt 0.435175 0.742885
vt 0.451056 0.757380
vt 0.445225 0.764431
vt 0.428698 0.749321
vt 0.468290 0.770260
vt 0.486714 0.781394
vt 0.482359 0.789472
vt 0.463168 0.777865
vt 0.506153 0.790664
vt 0.526417 0.797981
vt 0.523733 0.806737
vt 0.502616 0.799121
vt 0.547308 0.803272
vt 0.568617 0.806492
vt 0.567694 0.815620
vt 0.545497 0.812259
vt 0.590129 0.807608
vt 0.611640 0.806614
vt 0.612511 0.815720
vt 0.590103 0.816770
vt 0.632946 0.803516
vt 0.653853 0.798342
vt 0.656489 0.807124
vt 0.634705 0.812497
vt 0.674168 0.791132
vt 0.693684 0.781955
vt 0.698006 0.790073
vt 0.677664 0.799629
vt 0.712196 0.770893
vt 0.729526 0.758072
vt 0.735338 0.765166
vt 0.717293 0.778540
vt 0.745506 0.743624
vt 0.759991 0.727687
vt 0.767058 0.733500
vt 0.751972 0.750104
vt 0.772846 0.710405
vt 0.783947 0.691943
vt 0.792041 0.696278
vt 0.780462 0.715504
vt 0.793182 0.672478
vt 0.800460 0.652207
vt 0.809232 0.654871
vt 0.801661 0.675997
vt 0.805707 0.631330
vt 0.814687 0.633117
vt 0.293842 0.486865
vt 0.294052 0.487922
vt 0.270263 0.491512
vt 0.317042 0.481056
vt 0.317375 0.482150
vt 0.318146 0.484627
vt 0.294340 0.489357
vt 0.270535 0.494088
vt 0.825289 0.565499
vt 0.825289 0.588579
vt 0.823424 0.588576
vt 0.822388 0.565768
vt 0.825289 0.611658
vt 0.822365 0.611380
vt 0.817982 0.610948
vt 0.819088 0.588573
vt 0.818011 0.566194
vt 0.222218 0.490345
vt 0.246199 0.491538
vt 0.246198 0.492620
vt 0.222104 0.491490
vt 0.246199 0.494088
vt 0.221864 0.494088
vt 0.816430 0.520119
vt 0.820859 0.542809
vt 0.819025 0.543171
vt 0.813589 0.520981
vt 0.814763 0.544014
vt 0.809362 0.522258
vt 0.198443 0.486785
vt 0.198229 0.487847
vt 0.174777 0.481980
vt 0.197940 0.489294
vt 0.174016 0.484499
vt 0.798736 0.477433
vt 0.807583 0.498776
vt 0.805856 0.499492
vt 0.796163 0.478830
vt 0.801837 0.501151
vt 0.792281 0.480901
vt 0.152479 0.472662
vt 0.152056 0.473663
vt 0.130221 0.463236
vt 0.151481 0.475026
vt 0.128946 0.465552
vt 0.773167 0.439112
vt 0.785952 0.458273
vt 0.784405 0.459304
vt 0.770918 0.440939
vt 0.780801 0.461702
vt 0.091092 0.435146
vt 0.110245 0.449664
vt 0.109631 0.450561
vt 0.090348 0.436028
vt 0.108792 0.451781
vt 0.088638 0.438009
vt 0.740737 0.406333
vt 0.756952 0.422722
vt 0.755629 0.424031
vt 0.738846 0.408580
vt 0.752555 0.427082
vt 0.736037 0.411972
vt 0.057635 0.400904
vt 0.073504 0.418839
vt 0.072729 0.419595
vt 0.056740 0.401621
vt 0.071674 0.420621
vt 0.054709 0.403234
vt 0.702422 0.380427
vt 0.721579 0.393380
vt 0.720530 0.394931
vt 0.701008 0.383039
vt 0.718098 0.398539
vt 0.698908 0.386929
vt 0.043621 0.381512
vt 0.042719 0.382099
vt 0.030576 0.361386
vt 0.041492 0.382894
vt 0.028275 0.362555
vt 0.659694 0.362640
vt 0.681058 0.371534
vt 0.680334 0.373260
vt 0.658832 0.365433
vt 0.657537 0.369648
vt 0.013888 0.316652
vt 0.021653 0.339164
vt 0.020657 0.339563
vt 0.012798 0.316967
vt 0.019305 0.340098
vt 0.010335 0.317642
vt 0.614316 0.353390
vt 0.637005 0.358015
vt 0.636635 0.359852
vt 0.614022 0.356351
vt 0.635774 0.364118
vt 0.613577 0.360750
vt 0.008354 0.293551
vt 0.007307 0.293749
vt 0.003951 0.270160
vt 0.005890 0.294013
vt 0.001445 0.270384
vt 0.568047 0.353367
vt 0.591181 0.353379
vt 0.591177 0.355250
vt 0.568330 0.356265
vt 0.591163 0.359599
vt 0.568748 0.360648
vt 0.005329 0.222663
vt 0.004061 0.246364
vt 0.002996 0.246358
vt 0.004201 0.222549
vt 0.001557 0.246352
vt 0.001669 0.222320
vt 0.522665 0.362175
vt 0.545356 0.357771
vt 0.545712 0.359603
vt 0.523486 0.365005
vt 0.546545 0.363867
vt 0.524751 0.369236
vt 0.014739 0.176059
vt 0.008888 0.199154
vt 0.007834 0.198942
vt 0.013642 0.175726
vt 0.006403 0.198658
vt 0.011137 0.174997
vt 0.479728 0.379731
vt 0.501197 0.370953
vt 0.501909 0.372692
vt 0.481134 0.382368
vt 0.503566 0.376728
vt 0.483216 0.386282
vt 0.033189 0.132050
vt 0.022866 0.153609
vt 0.021870 0.153193
vt 0.032181 0.131506
vt 0.020514 0.152631
vt 0.029890 0.130264
vt 0.441192 0.405515
vt 0.460460 0.392623
vt 0.461503 0.394184
vt 0.443071 0.407774
vt 0.463922 0.397815
vt 0.445870 0.411189
vt 0.045596 0.111622
vt 0.044705 0.111020
vt 0.059052 0.091808
vt 0.043497 0.110199
vt 0.057104 0.090134
vt 0.408495 0.438199
vt 0.424843 0.421857
vt 0.426162 0.423178
vt 0.410741 0.440060
vt 0.429231 0.426253
vt 0.414141 0.442859
vt 0.093687 0.059094
vt 0.076008 0.074984
vt 0.075257 0.074225
vt 0.092974 0.058218
vt 0.074242 0.073195
vt 0.091380 0.056255
vt 0.382635 0.476588
vt 0.395565 0.457394
vt 0.397119 0.458437
vt 0.385252 0.477998
vt 0.400734 0.460859
vt 0.133224 0.032776
vt 0.112810 0.044986
vt 0.112219 0.044097
vt 0.132687 0.031774
vt 0.111416 0.042896
vt 0.131453 0.029537
vt 0.364911 0.519378
vt 0.373773 0.497983
vt 0.375505 0.498702
vt 0.367733 0.520222
vt 0.379530 0.500373
vt 0.177241 0.014519
vt 0.154768 0.022580
vt 0.154357 0.021588
vt 0.176908 0.013426
vt 0.153795 0.020244
vt 0.176137 0.010950
vt 0.355900 0.564725
vt 0.360406 0.542052
vt 0.362240 0.542414
vt 0.358825 0.565004
vt 0.366503 0.543262
vt 0.363209 0.565435
vt 0.200431 0.008702
vt 0.200220 0.007645
vt 0.223999 0.004045
vt 0.199931 0.006211
vt 0.223725 0.001471
vt 0.355905 0.610894
vt 0.355902 0.587810
vt 0.357767 0.587812
vt 0.358806 0.610625
vt 0.362104 0.587815
vt 0.272032 0.005185
vt 0.248056 0.004006
vt 0.248057 0.002925
vt 0.272145 0.004041
vt 0.248054 0.001458
vt 0.272382 0.001444
vt 0.364772 0.656282
vt 0.360339 0.633588
vt 0.362173 0.633226
vt 0.367614 0.655420
vt 0.366436 0.632382
vt 0.296018 0.007669
vt 0.319472 0.013523
vt 0.296306 0.006223
vt 0.320230 0.011002
vt 0.382482 0.698974
vt 0.373627 0.677628
vt 0.375355 0.676912
vt 0.385056 0.697576
vt 0.379374 0.675251
vt 0.388939 0.695503
vt 0.363487 0.033255
vt 0.341777 0.022827
vt 0.342198 0.021826
vt 0.364041 0.032240
vt 0.342772 0.020462
vt 0.365314 0.029922
vt 0.408073 0.737295
vt 0.395278 0.718134
vt 0.396825 0.717103
vt 0.410324 0.735467
vt 0.400429 0.714703
vt 0.413723 0.732692
vt 0.403191 0.060317
vt 0.384027 0.045804
vt 0.384641 0.044907
vt 0.403934 0.059435
vt 0.385479 0.043686
vt 0.405644 0.057450
vt 0.440528 0.770071
vt 0.424301 0.753683
vt 0.425624 0.752374
vt 0.442416 0.767824
vt 0.428698 0.749321
vt 0.445225 0.764431
vt 0.436669 0.094559
vt 0.420789 0.076623
vt 0.421563 0.075866
vt 0.437564 0.093842
vt 0.422619 0.074839
vt 0.439594 0.092228
vt 0.478847 0.795978
vt 0.459688 0.783025
vt 0.460736 0.781473
vt 0.480261 0.793363
vt 0.463168 0.777865
vt 0.482359 0.789472
vt 0.462737 0.134609
vt 0.450694 0.113955
vt 0.451597 0.113366
vt 0.463751 0.134083
vt 0.452824 0.112571
vt 0.466054 0.132913
vt 0.521578 0.813746
vt 0.500213 0.804862
vt 0.500936 0.803135
vt 0.522440 0.810952
vt 0.523733 0.806738
vt 0.472683 0.156308
vt 0.473680 0.155910
vt 0.481544 0.178509
vt 0.475033 0.155374
vt 0.484011 0.177834
vt 0.566958 0.822977
vt 0.544268 0.818361
vt 0.544638 0.816525
vt 0.567249 0.820019
vt 0.567694 0.815620
vt 0.489265 0.225430
vt 0.485989 0.201931
vt 0.487036 0.201733
vt 0.490388 0.225329
vt 0.488454 0.201468
vt 0.492896 0.225103
vt 0.613214 0.822999
vt 0.590086 0.822988
vt 0.590090 0.821118
vt 0.612930 0.820101
vt 0.590103 0.816770
vt 0.612511 0.815719
vt 0.488998 0.272843
vt 0.490272 0.249132
vt 0.491337 0.249138
vt 0.490126 0.272957
vt 0.492777 0.249144
vt 0.492657 0.273186
vt 0.658575 0.814183
vt 0.635895 0.818591
vt 0.635538 0.816759
vt 0.657754 0.811354
vt 0.634704 0.812497
vt 0.656489 0.807124
vt 0.479579 0.319468
vt 0.485434 0.296362
vt 0.486488 0.296575
vt 0.480676 0.319801
vt 0.487919 0.296859
vt 0.483181 0.320531
vt 0.701494 0.796621
vt 0.680034 0.805402
vt 0.679322 0.803664
vt 0.700089 0.793986
vt 0.677664 0.799629
vt 0.698006 0.790073
vt 0.461124 0.363499
vt 0.471448 0.341929
vt 0.472445 0.342345
vt 0.462132 0.364044
vt 0.473801 0.342908
vt 0.464421 0.365285
vt 0.740016 0.770838
vt 0.720755 0.783729
vt 0.719712 0.782169
vt 0.738138 0.768580
vt 0.735338 0.765166
vt 0.434387 0.403032
vt 0.448716 0.383938
vt 0.449607 0.384540
vt 0.435261 0.403761
vt 0.450815 0.385361
vt 0.437209 0.405437
vt 0.772703 0.738159
vt 0.756360 0.754498
vt 0.755041 0.753178
vt 0.770458 0.736299
vt 0.751972 0.750104
vt 0.767058 0.733500
vt 0.400626 0.436489
vt 0.419057 0.421352
vt 0.401340 0.437365
vt 0.420072 0.422383
vt 0.402936 0.439330
vt 0.798556 0.699777
vt 0.785630 0.718968
vt 0.784076 0.717925
vt 0.795940 0.698368
vt 0.780462 0.715504
vt 0.792041 0.696278
vt 0.361079 0.462808
vt 0.381500 0.450599
vt 0.382091 0.451488
vt 0.361616 0.463810
vt 0.382894 0.452689
vt 0.362852 0.466049
vt 0.816277 0.656996
vt 0.807417 0.678386
vt 0.805685 0.677668
vt 0.813457 0.656152
vt 0.801661 0.675997
vt 0.809232 0.654871
vt 0.339526 0.473001
vt 0.339937 0.473993
vt 0.340499 0.475338
vt 0.820783 0.634327
vt 0.818949 0.633964
vt 0.814687 0.633117
vt 0.269192 0.480528
vt 0.291921 0.477175
vt 0.292789 0.481569
vt 0.269624 0.484992
vt 0.315477 0.475895
vt 0.315945 0.477442
vt 0.293104 0.483155
vt 0.269781 0.486602
vt 0.293324 0.484257
vt 0.269891 0.487721
vt 0.316271 0.478516
vt 0.316563 0.479476
vt 0.293520 0.485243
vt 0.269990 0.488723
vt 0.223215 0.480489
vt 0.246215 0.481640
vt 0.246203 0.486128
vt 0.222758 0.484955
vt 0.246201 0.487746
vt 0.222595 0.486565
vt 0.246201 0.488870
vt 0.222483 0.487686
vt 0.246200 0.489878
vt 0.200417 0.477061
vt 0.199518 0.481463
vt 0.176717 0.475680
vt 0.199195 0.483053
vt 0.176237 0.477233
vt 0.198972 0.484160
vt 0.175904 0.478316
vt 0.198772 0.485153
vt 0.175606 0.479286
vt 0.135529 0.453498
vt 0.156342 0.463505
vt 0.154591 0.467649
vt 0.133376 0.457448
vt 0.153959 0.469148
vt 0.132598 0.458877
vt 0.153519 0.470192
vt 0.132057 0.459871
vt 0.153125 0.471127
vt 0.131573 0.460760
vt 0.097454 0.427552
vt 0.115834 0.441464
vt 0.113302 0.445179
vt 0.094569 0.430997
vt 0.112387 0.446522
vt 0.093529 0.432240
vt 0.111752 0.447455
vt 0.092806 0.433102
vt 0.111183 0.448290
vt 0.092159 0.433874
vt 0.065334 0.394731
vt 0.080569 0.411925
vt 0.077364 0.415063
vt 0.061842 0.397534
vt 0.076208 0.416195
vt 0.060582 0.398544
vt 0.075407 0.416979
vt 0.059708 0.399244
vt 0.074689 0.417681
vt 0.058926 0.399870
vt 0.040341 0.356312
vt 0.051889 0.376127
vt 0.048143 0.378570
vt 0.036378 0.358374
vt 0.046790 0.379451
vt 0.034947 0.359118
vt 0.045850 0.380062
vt 0.033951 0.359635
vt 0.033057 0.360099
vt 0.023307 0.313902
vt 0.030784 0.335500
vt 0.026646 0.337160
vt 0.019034 0.315149
vt 0.025154 0.337760
vt 0.017494 0.315599
vt 0.024115 0.338177
vt 0.016424 0.315911
vt 0.023184 0.338550
vt 0.015465 0.316191
vt 0.014830 0.269172
vt 0.017983 0.291728
vt 0.013609 0.292555
vt 0.010396 0.269574
vt 0.012034 0.292853
vt 0.008799 0.269719
vt 0.010942 0.293060
vt 0.007693 0.269819
vt 0.006704 0.269909
vt 0.015079 0.223671
vt 0.013857 0.246423
vt 0.009407 0.246395
vt 0.010653 0.223212
vt 0.007804 0.246386
vt 0.009060 0.223047
vt 0.006693 0.246379
vt 0.007953 0.222933
vt 0.005699 0.246373
vt 0.018508 0.201108
vt 0.014146 0.200221
vt 0.019881 0.177640
vt 0.012573 0.199901
vt 0.018343 0.177167
vt 0.011480 0.199680
vt 0.017274 0.176838
vt 0.010501 0.199481
vt 0.016317 0.176544
vt 0.041867 0.136736
vt 0.031955 0.157414
vt 0.027838 0.155693
vt 0.037936 0.134616
vt 0.026350 0.155069
vt 0.036515 0.133848
vt 0.025317 0.154636
vt 0.035527 0.133314
vt 0.024391 0.154248
vt 0.067507 0.098820
vt 0.053769 0.117139
vt 0.050067 0.114641
vt 0.064072 0.095971
vt 0.048728 0.113738
vt 0.062831 0.094944
vt 0.047797 0.113109
vt 0.061967 0.094229
vt 0.046964 0.112546
vt 0.061194 0.093588
vt 0.099882 0.066692
vt 0.079786 0.078790
vt 0.097068 0.063240
vt 0.078655 0.077651
vt 0.096055 0.061998
vt 0.077869 0.076859
vt 0.095353 0.061137
vt 0.077165 0.076150
vt 0.094724 0.060366
vt 0.137851 0.041451
vt 0.118244 0.053156
vt 0.115775 0.049446
vt 0.135751 0.037515
vt 0.114887 0.048110
vt 0.134995 0.036096
vt 0.114271 0.047184
vt 0.134469 0.035111
vt 0.113719 0.046354
vt 0.133999 0.034229
vt 0.180104 0.023956
vt 0.158535 0.031679
vt 0.156827 0.027553
vt 0.178808 0.019678
vt 0.156211 0.026063
vt 0.178339 0.018131
vt 0.155783 0.025028
vt 0.178012 0.017058
vt 0.155399 0.024103
vt 0.225075 0.015025
vt 0.202355 0.018388
vt 0.201485 0.013996
vt 0.224641 0.010562
vt 0.201170 0.012410
vt 0.224483 0.008953
vt 0.200950 0.011308
vt 0.224373 0.007835
vt 0.200753 0.010323
vt 0.224274 0.006833
vt 0.271039 0.015041
vt 0.248044 0.013902
vt 0.248054 0.009415
vt 0.271495 0.010576
vt 0.248055 0.007798
vt 0.271657 0.008966
vt 0.248055 0.006674
vt 0.271768 0.007845
vt 0.248055 0.005666
vt 0.271868 0.006840
vt 0.316206 0.024119
vt 0.293836 0.018455
vt 0.294733 0.014053
vt 0.317536 0.019823
vt 0.295055 0.012464
vt 0.318015 0.018270
vt 0.295278 0.011357
vt 0.318347 0.017187
vt 0.295477 0.010364
vt 0.358739 0.041982
vt 0.337918 0.031986
vt 0.339667 0.027842
vt 0.360889 0.038031
vt 0.340298 0.026342
vt 0.361667 0.036602
vt 0.340737 0.025298
vt 0.362207 0.035608
vt 0.341130 0.024362
vt 0.396830 0.067914
vt 0.380972 0.050291
vt 0.399714 0.064469
vt 0.381886 0.048947
vt 0.400755 0.063225
vt 0.382522 0.048014
vt 0.401477 0.062362
vt 0.383090 0.047179
vt 0.402124 0.061590
vt 0.428968 0.100737
vt 0.413723 0.083541
vt 0.416929 0.080401
vt 0.432462 0.097932
vt 0.418085 0.079269
vt 0.433721 0.096921
vt 0.418886 0.078484
vt 0.434595 0.096221
vt 0.419604 0.077782
vt 0.435378 0.095594
vt 0.453985 0.139162
vt 0.442425 0.119345
vt 0.446172 0.116899
vt 0.457949 0.137098
vt 0.447525 0.116017
vt 0.459380 0.136353
vt 0.448465 0.115405
vt 0.460376 0.135835
vt 0.449308 0.114857
vt 0.461269 0.135371
vt 0.471034 0.181576
vt 0.463552 0.159976
vt 0.467689 0.158314
vt 0.475307 0.180329
vt 0.469182 0.157714
vt 0.476847 0.179879
vt 0.470221 0.157297
vt 0.477917 0.179566
vt 0.471153 0.156923
vt 0.478876 0.179286
vt 0.479506 0.226313
vt 0.476358 0.203752
vt 0.480732 0.202927
vt 0.483941 0.225914
vt 0.482308 0.202629
vt 0.485539 0.225769
vt 0.483400 0.202421
vt 0.486645 0.225668
vt 0.484378 0.202236
vt 0.487634 0.225578
vt 0.479243 0.271833
vt 0.484924 0.249100
vt 0.483671 0.272293
vt 0.486528 0.249110
vt 0.485265 0.272458
vt 0.487639 0.249117
vt 0.486373 0.272572
vt 0.488633 0.249123
vt 0.487365 0.272675
vt 0.470172 0.316577
vt 0.475809 0.294407
vt 0.480174 0.295294
vt 0.474434 0.317886
vt 0.481747 0.295614
vt 0.475973 0.318360
vt 0.482840 0.295836
vt 0.477042 0.318689
vt 0.483820 0.296035
vt 0.478000 0.318983
vt 0.452440 0.358812
vt 0.462354 0.338123
vt 0.466474 0.339845
vt 0.456373 0.360933
vt 0.467962 0.340469
vt 0.457795 0.361701
vt 0.468996 0.340902
vt 0.458784 0.362235
vt 0.469922 0.341290
vt 0.459668 0.362713
vt 0.426801 0.396751
vt 0.440538 0.378421
vt 0.444243 0.380919
vt 0.430239 0.399598
vt 0.445582 0.381822
vt 0.431480 0.400625
vt 0.446513 0.382450
vt 0.432344 0.401340
vt 0.447347 0.383013
vt 0.394430 0.428891
vt 0.411387 0.413622
vt 0.414526 0.416787
vt 0.397245 0.432342
vt 0.415657 0.417926
vt 0.398257 0.433584
vt 0.416444 0.418718
vt 0.398960 0.434445
vt 0.417148 0.419427
vt 0.399589 0.435217
vt 0.378534 0.446138
vt 0.358552 0.458067
vt 0.379422 0.447474
vt 0.359308 0.459487
vt 0.380038 0.448400
vt 0.359834 0.460472
vt 0.380590 0.449230
vt 0.360304 0.461354
vt 0.335761 0.463897
vt 0.337467 0.468025
vt 0.338083 0.469516
vt 0.338511 0.470551
vt 0.338895 0.471477
vt 0.293681 0.486053
vt 0.293520 0.485243
vt 0.347528 0.238376
vt 0.347957 0.248254
vt 0.346964 0.248249
vt 0.346542 0.238468
vt 0.347416 0.258132
vt 0.346428 0.258030
vt 0.345541 0.257939
vt 0.346073 0.248244
vt 0.345657 0.238550
vt 0.150867 0.218019
vt 0.154247 0.208711
vt 0.155166 0.209097
vt 0.151816 0.218312
vt 0.158522 0.199778
vt 0.159401 0.200253
vt 0.160190 0.200679
vt 0.155992 0.209444
vt 0.152670 0.218575
vt 0.343792 0.219006
vt 0.346134 0.228598
vt 0.345165 0.228784
vt 0.342848 0.219287
vt 0.344296 0.228952
vt 0.342000 0.219539
vt 0.146909 0.237389
vt 0.148414 0.227609
vt 0.149387 0.227807
vt 0.147896 0.237491
vt 0.150260 0.227985
vt 0.148782 0.237583
vt 0.336353 0.200733
vt 0.340523 0.209690
vt 0.339609 0.210062
vt 0.335476 0.201195
vt 0.338788 0.210397
vt 0.334689 0.201611
vt 0.146794 0.257144
vt 0.146367 0.247266
vt 0.147359 0.247271
vt 0.147780 0.257052
vt 0.148249 0.247275
vt 0.148666 0.256969
vt 0.325465 0.184237
vt 0.331315 0.192221
vt 0.330486 0.192768
vt 0.324692 0.184864
vt 0.329740 0.193261
vt 0.323997 0.185427
vt 0.150529 0.276527
vt 0.148186 0.266929
vt 0.149159 0.266741
vt 0.151479 0.276245
vt 0.150032 0.266571
vt 0.152331 0.275992
vt 0.311567 0.170172
vt 0.318861 0.176864
vt 0.318156 0.177561
vt 0.310935 0.170934
vt 0.317521 0.178187
vt 0.310367 0.171618
vt 0.157977 0.294803
vt 0.153804 0.285847
vt 0.154719 0.285475
vt 0.158850 0.294342
vt 0.155540 0.285140
vt 0.159633 0.293929
vt 0.295177 0.159084
vt 0.303648 0.164225
vt 0.303092 0.165049
vt 0.294702 0.159963
vt 0.302593 0.165789
vt 0.294276 0.160752
vt 0.168854 0.311288
vt 0.163010 0.303310
vt 0.163836 0.302764
vt 0.169625 0.310662
vt 0.164579 0.302273
vt 0.170319 0.310100
vt 0.276903 0.151416
vt 0.286231 0.154801
vt 0.285844 0.155723
vt 0.276609 0.152369
vt 0.285497 0.156550
vt 0.276346 0.153225
vt 0.182743 0.325347
vt 0.175453 0.318657
vt 0.176158 0.317960
vt 0.183375 0.324585
vt 0.176792 0.317335
vt 0.183942 0.323902
vt 0.257491 0.147460
vt 0.267292 0.148961
vt 0.267093 0.149937
vt 0.257390 0.148449
vt 0.266916 0.150813
vt 0.257299 0.149337
vt 0.294265 0.336899
vt 0.285318 0.341087
vt 0.284944 0.340173
vt 0.293803 0.336026
vt 0.276001 0.344379
vt 0.275718 0.343430
vt 0.275463 0.342578
vt 0.284608 0.339353
vt 0.293388 0.335244
vt 0.199123 0.336430
vt 0.190658 0.331291
vt 0.191213 0.330468
vt 0.199597 0.335554
vt 0.191712 0.329729
vt 0.200023 0.334766
vt 0.237705 0.147373
vt 0.247597 0.146931
vt 0.247593 0.147924
vt 0.237799 0.148361
vt 0.247590 0.148816
vt 0.237883 0.149248
vt 0.310725 0.325999
vt 0.302762 0.331852
vt 0.302214 0.331027
vt 0.310098 0.325228
vt 0.301722 0.330285
vt 0.309534 0.324536
vt 0.217378 0.344095
vt 0.208060 0.340710
vt 0.208446 0.339794
vt 0.217671 0.343147
vt 0.208792 0.338971
vt 0.217934 0.342296
vt 0.218315 0.151142
vt 0.227913 0.148782
vt 0.228103 0.149756
vt 0.218598 0.152091
vt 0.228274 0.150629
vt 0.218853 0.152942
vt 0.324746 0.312103
vt 0.318075 0.319394
vt 0.317379 0.318691
vt 0.323986 0.311473
vt 0.316753 0.318058
vt 0.323303 0.310908
vt 0.236790 0.348060
vt 0.226987 0.346554
vt 0.227185 0.345578
vt 0.236893 0.347065
vt 0.227363 0.344702
vt 0.236985 0.346173
vt 0.200063 0.158619
vt 0.209003 0.154433
vt 0.209377 0.155346
vt 0.200524 0.159489
vt 0.209713 0.156165
vt 0.200938 0.160270
vt 0.335800 0.295738
vt 0.330673 0.304194
vt 0.329852 0.303641
vt 0.334924 0.295265
vt 0.329114 0.303143
vt 0.334137 0.294840
vt 0.256597 0.348151
vt 0.246695 0.348593
vt 0.246699 0.347594
vt 0.256504 0.347160
vt 0.246704 0.346698
vt 0.256420 0.346271
vt 0.183620 0.169508
vt 0.191577 0.163661
vt 0.192121 0.164483
vt 0.184243 0.170276
vt 0.192610 0.165221
vt 0.184804 0.170965
vt 0.343454 0.277506
vt 0.340074 0.286812
vt 0.339155 0.286427
vt 0.342504 0.277213
vt 0.338330 0.286080
vt 0.341651 0.276950
vt 0.281981 0.332945
vt 0.282818 0.334987
vt 0.283699 0.337136
vt 0.169589 0.183395
vt 0.176267 0.176106
vt 0.176963 0.176810
vt 0.170353 0.184028
vt 0.177589 0.177442
vt 0.171039 0.184597
vt 0.345910 0.267915
vt 0.344936 0.267717
vt 0.344062 0.267539
vt 0.163654 0.191311
vt 0.164480 0.191869
vt 0.165222 0.192369
vt 0.255428 0.335825
vt 0.246744 0.336203
vt 0.246761 0.331979
vt 0.255022 0.331526
vt 0.238058 0.335732
vt 0.238500 0.331435
vt 0.239746 0.319372
vt 0.246813 0.320517
vt 0.253887 0.319452
vt 0.288484 0.325978
vt 0.280631 0.329649
vt 0.279035 0.325747
vt 0.286469 0.322168
vt 0.272454 0.332532
vt 0.271218 0.328398
vt 0.267750 0.316779
vt 0.274698 0.315141
vt 0.280804 0.311450
vt 0.221034 0.332265
vt 0.212864 0.329294
vt 0.214502 0.325394
vt 0.222309 0.328134
vt 0.205027 0.325536
vt 0.207084 0.321733
vt 0.212860 0.311065
vt 0.218946 0.314822
vt 0.225890 0.316543
vt 0.197598 0.321031
vt 0.199962 0.317530
vt 0.190648 0.315822
vt 0.193404 0.312501
vt 0.201149 0.303170
vt 0.206383 0.308033
vt 0.184247 0.309958
vt 0.187249 0.306990
vt 0.178454 0.303497
vt 0.181807 0.300776
vt 0.191225 0.293134
vt 0.195400 0.298930
vt 0.173325 0.296501
vt 0.176845 0.294175
vt 0.168907 0.289038
vt 0.172719 0.287026
vt 0.183442 0.281369
vt 0.186410 0.287859
vt 0.165245 0.281179
vt 0.169148 0.279587
vt 0.162373 0.273001
vt 0.166506 0.271770
vt 0.178125 0.268311
vt 0.179757 0.275259
vt 0.160317 0.264578
vt 0.164459 0.263776
vt 0.159098 0.255993
vt 0.163393 0.255591
vt 0.175464 0.254462
vt 0.175710 0.261597
vt 0.158727 0.247325
vt 0.162947 0.247346
vt 0.159205 0.238660
vt 0.163498 0.239103
vt 0.175555 0.240350
vt 0.174405 0.247401
vt 0.160528 0.230080
vt 0.164665 0.230924
vt 0.162683 0.221669
vt 0.166810 0.222942
vt 0.178394 0.226519
vt 0.175892 0.233214
vt 0.165656 0.213507
vt 0.169553 0.215143
vt 0.169413 0.205674
vt 0.173214 0.207728
vt 0.183876 0.213498
vt 0.180119 0.219582
vt 0.173915 0.198244
vt 0.177414 0.200605
vt 0.179116 0.191291
vt 0.182436 0.194043
vt 0.191764 0.201781
vt 0.186907 0.207020
vt 0.184966 0.184885
vt 0.187935 0.187882
vt 0.191411 0.179086
vt 0.194134 0.182434
vt 0.201778 0.191847
vt 0.195995 0.196027
vt 0.198391 0.173952
vt 0.200720 0.177469
vt 0.205840 0.169530
vt 0.207855 0.173338
vt 0.213518 0.184056
vt 0.207040 0.187028
vt 0.213687 0.165862
vt 0.215283 0.169762
vt 0.221860 0.162981
vt 0.223094 0.167113
vt 0.226562 0.178732
vt 0.219619 0.180368
vt 0.230282 0.160917
vt 0.231088 0.165060
vt 0.238873 0.159688
vt 0.239278 0.163989
vt 0.240414 0.176064
vt 0.233275 0.176312
vt 0.247551 0.159309
vt 0.247532 0.163537
vt 0.256230 0.159780
vt 0.255787 0.164081
vt 0.254543 0.176148
vt 0.247481 0.175003
vt 0.264825 0.161098
vt 0.263982 0.165240
vt 0.273252 0.163252
vt 0.271978 0.167379
vt 0.268400 0.178966
vt 0.261693 0.176473
vt 0.281427 0.166225
vt 0.279789 0.170121
vt 0.289270 0.169985
vt 0.287212 0.173786
vt 0.281437 0.184452
vt 0.275347 0.180690
vt 0.296703 0.174491
vt 0.294338 0.177992
vt 0.303657 0.179702
vt 0.300900 0.183024
vt 0.293155 0.192355
vt 0.287917 0.187489
vt 0.310062 0.185569
vt 0.307059 0.188539
vt 0.315858 0.192034
vt 0.312505 0.194756
vt 0.303087 0.202397
vt 0.298908 0.196599
vt 0.320992 0.199035
vt 0.317471 0.201361
vt 0.325414 0.206500
vt 0.321602 0.208512
vt 0.310879 0.214166
vt 0.307906 0.207675
vt 0.329081 0.214356
vt 0.325178 0.215948
vt 0.331957 0.222530
vt 0.327824 0.223760
vt 0.316202 0.227218
vt 0.314568 0.220275
vt 0.334012 0.230947
vt 0.329870 0.231749
vt 0.335229 0.239529
vt 0.330934 0.239931
vt 0.318862 0.241060
vt 0.318618 0.233928
vt 0.335598 0.248196
vt 0.331378 0.248176
vt 0.335119 0.256862
vt 0.330826 0.256419
vt 0.318768 0.255172
vt 0.319920 0.248120
vt 0.333796 0.265444
vt 0.329659 0.264600
vt 0.331641 0.273856
vt 0.327514 0.272583
vt 0.315930 0.269005
vt 0.318432 0.262309
vt 0.328671 0.282017
vt 0.324775 0.280381
vt 0.324919 0.289847
vt 0.321119 0.287793
vt 0.310455 0.282024
vt 0.314208 0.275942
vt 0.320423 0.297271
vt 0.316924 0.294910
vt 0.315226 0.304217
vt 0.311905 0.301466
vt 0.302574 0.293729
vt 0.307429 0.288497
vt 0.309374 0.310619
vt 0.306404 0.307621
vt 0.302925 0.316415
vt 0.300201 0.313067
vt 0.292555 0.303656
vt 0.298342 0.299478
vt 0.295939 0.321551
vt 0.293610 0.318034
vt 0.287288 0.308476
vt 0.229460 0.334416
vt 0.230303 0.330274
vt 0.232595 0.319041
vt 0.247158 0.247759
vt 0.260875 0.293739
vt 0.257589 0.301477
vt 0.251639 0.295518
vt 0.267750 0.316779
vt 0.261032 0.319201
vt 0.260875 0.293739
vt 0.253887 0.319452
vt 0.251639 0.295518
vt 0.261032 0.319201
vt 0.246897 0.302466
vt 0.242220 0.295464
vt 0.253887 0.319452
vt 0.246813 0.320517
vt 0.239746 0.319372
vt 0.242220 0.295463
vt 0.236208 0.301355
vt 0.232990 0.293578
vt 0.239746 0.319372
vt 0.232595 0.319041
vt 0.225890 0.316543
vt 0.225945 0.298182
vt 0.224310 0.289929
vt 0.225890 0.316543
vt 0.218946 0.314822
vt 0.232990 0.293578
vt 0.212860 0.311065
vt 0.224310 0.289929
vt 0.218946 0.314822
vt 0.224310 0.289929
vt 0.216499 0.293079
vt 0.216509 0.284671
vt 0.206383 0.308033
vt 0.224310 0.289929
vt 0.201149 0.303170
vt 0.216509 0.284671
vt 0.208240 0.286235
vt 0.209897 0.277986
vt 0.201149 0.303170
vt 0.195400 0.298930
vt 0.191225 0.293134
vt 0.209897 0.277986
vt 0.209897 0.277986
vt 0.201480 0.277911
vt 0.204711 0.270149
vt 0.191225 0.293134
vt 0.186410 0.287859
vt 0.183441 0.281369
vt 0.204711 0.270149
vt 0.204711 0.270149
vt 0.196477 0.268437
vt 0.201170 0.261451
vt 0.183441 0.281369
vt 0.179757 0.275259
vt 0.204711 0.270149
vt 0.201170 0.261451
vt 0.201170 0.261451
vt 0.193434 0.258164
vt 0.199398 0.252224
vt 0.178125 0.268311
vt 0.201170 0.261451
vt 0.175464 0.254462
vt 0.199398 0.252224
vt 0.192454 0.247490
vt 0.199459 0.242823
vt 0.174405 0.247401
vt 0.175555 0.240350
vt 0.174405 0.247401
vt 0.199459 0.242823
vt 0.193573 0.236823
vt 0.201352 0.233610
vt 0.175892 0.233214
vt 0.178394 0.226519
vt 0.201352 0.233610
vt 0.175892 0.233214
vt 0.196752 0.226573
vt 0.205003 0.224935
vt 0.178394 0.226519
vt 0.180119 0.219582
vt 0.183876 0.213498
vt 0.205003 0.224935
vt 0.180119 0.219582
vt 0.205003 0.224935
vt 0.201855 0.217126
vt 0.210257 0.217130
vt 0.186907 0.207020
vt 0.205003 0.224935
vt 0.191764 0.201781
vt 0.210257 0.217130
vt 0.186907 0.207020
vt 0.210257 0.217130
vt 0.208688 0.208860
vt 0.216928 0.210511
vt 0.191764 0.201781
vt 0.195995 0.196027
vt 0.210257 0.217130
vt 0.216928 0.210511
vt 0.195995 0.196027
vt 0.216928 0.210511
vt 0.216993 0.202093
vt 0.224749 0.205321
vt 0.213518 0.184056
vt 0.224749 0.205321
vt 0.224749 0.205321
vt 0.226451 0.197084
vt 0.233438 0.201774
vt 0.219619 0.180368
vt 0.226562 0.178732
vt 0.233438 0.201774
vt 0.219619 0.180368
vt 0.233438 0.201774
vt 0.236719 0.194037
vt 0.242666 0.199999
vt 0.233438 0.201774
vt 0.240414 0.176064
vt 0.242666 0.199999
vt 0.233275 0.176312
vt 0.242666 0.199999
vt 0.247401 0.193054
vt 0.252078 0.200056
vt 0.240414 0.176064
vt 0.247481 0.175003
vt 0.242666 0.199999
vt 0.254543 0.176148
vt 0.252078 0.200056
vt 0.252078 0.200056
vt 0.258087 0.194160
vt 0.261308 0.201934
vt 0.254543 0.176148
vt 0.261693 0.176473
vt 0.268401 0.178966
vt 0.261308 0.201934
vt 0.261693 0.176473
vt 0.268353 0.197330
vt 0.269993 0.205588
vt 0.275347 0.180690
vt 0.269993 0.205588
vt 0.269993 0.205588
vt 0.277805 0.202442
vt 0.277799 0.210852
vt 0.281437 0.184452
vt 0.269993 0.205588
vt 0.293155 0.192355
vt 0.287917 0.187489
vt 0.277799 0.210852
vt 0.286069 0.209292
vt 0.284416 0.217541
vt 0.298908 0.196599
vt 0.277799 0.210852
vt 0.284416 0.217541
vt 0.298908 0.196599
vt 0.292836 0.217620
vt 0.289608 0.225380
vt 0.289608 0.225381
vt 0.307906 0.207675
vt 0.289608 0.225380
vt 0.297846 0.227093
vt 0.293154 0.234075
vt 0.314568 0.220275
vt 0.316202 0.227218
vt 0.293154 0.234075
vt 0.293154 0.234075
vt 0.300891 0.237359
vt 0.294925 0.243297
vt 0.316202 0.227218
vt 0.293154 0.234075
vt 0.318862 0.241060
vt 0.294925 0.243297
vt 0.294925 0.243297
vt 0.301869 0.248031
vt 0.294862 0.252698
vt 0.318862 0.241060
vt 0.319920 0.248120
vt 0.294925 0.243297
vt 0.318768 0.255172
vt 0.294862 0.252698
vt 0.294862 0.252698
vt 0.300749 0.258700
vt 0.292970 0.261912
vt 0.318768 0.255172
vt 0.315930 0.269005
vt 0.297573 0.268950
vt 0.289323 0.270585
vt 0.315930 0.269005
vt 0.314208 0.275942
vt 0.310455 0.282023
vt 0.289323 0.270585
vt 0.289323 0.270585
vt 0.292476 0.278391
vt 0.284074 0.278383
vt 0.310455 0.282024
vt 0.307429 0.288497
vt 0.302574 0.293729
vt 0.307429 0.288497
vt 0.284074 0.278383
vt 0.285644 0.286648
vt 0.277400 0.284997
vt 0.277400 0.284997
vt 0.298342 0.299478
vt 0.277332 0.293414
vt 0.269572 0.290189
vt 0.292555 0.303656
vt 0.280804 0.311450
vt 0.269572 0.290189
vt 0.287288 0.308476
vt 0.267866 0.298426
vt 0.260875 0.293739
vt 0.280804 0.311450
vt 0.274698 0.315141
vt 0.267750 0.316779
vt 0.274698 0.315141
vt 0.256597 0.348151
vt 0.266398 0.346741
vt 0.266614 0.347853
vt 0.256704 0.349281
vt 0.276001 0.344379
vt 0.276325 0.345463
vt 0.276699 0.346718
vt 0.266864 0.349140
vt 0.256827 0.350590
vt 0.267226 0.350998
vt 0.257006 0.352478
vt 0.277240 0.348529
vt 0.278480 0.352685
vt 0.268054 0.355258
vt 0.257413 0.356802
vt 0.236790 0.348060
vt 0.246695 0.348593
vt 0.246689 0.349732
vt 0.236673 0.349195
vt 0.246683 0.351050
vt 0.236538 0.350509
vt 0.246676 0.352951
vt 0.236343 0.352402
vt 0.246657 0.357297
vt 0.235897 0.356727
vt 0.217378 0.344095
vt 0.226987 0.346554
vt 0.226760 0.347670
vt 0.217044 0.345180
vt 0.226496 0.348962
vt 0.216655 0.346437
vt 0.226115 0.350826
vt 0.216093 0.348252
vt 0.225246 0.355088
vt 0.208060 0.340710
vt 0.207620 0.341756
vt 0.198583 0.337428
vt 0.207110 0.342968
vt 0.197957 0.338582
vt 0.206373 0.344717
vt 0.197053 0.340249
vt 0.194983 0.344070
vt 0.190658 0.331291
vt 0.190023 0.332230
vt 0.182021 0.326217
vt 0.189289 0.333316
vt 0.181184 0.327224
vt 0.188228 0.334884
vt 0.179975 0.328680
vt 0.177200 0.332019
vt 0.168854 0.311288
vt 0.175453 0.318657
vt 0.174649 0.319451
vt 0.167977 0.311999
vt 0.173719 0.320371
vt 0.166961 0.312823
vt 0.172372 0.321701
vt 0.165488 0.314016
vt 0.169280 0.324753
vt 0.162111 0.316750
vt 0.157977 0.294803
vt 0.163010 0.303310
vt 0.162068 0.303931
vt 0.156977 0.295329
vt 0.160975 0.304652
vt 0.155818 0.295938
vt 0.159393 0.305694
vt 0.154142 0.296819
vt 0.155765 0.308082
vt 0.150302 0.298838
vt 0.150529 0.276527
vt 0.153803 0.285847
vt 0.152755 0.286274
vt 0.149442 0.276850
vt 0.151540 0.286767
vt 0.148185 0.277223
vt 0.149789 0.287479
vt 0.146374 0.277760
vt 0.145772 0.289110
vt 0.142220 0.278990
vt 0.146794 0.257144
vt 0.148186 0.266929
vt 0.147075 0.267144
vt 0.145669 0.257249
vt 0.145789 0.267393
vt 0.144366 0.257370
vt 0.143934 0.267751
vt 0.142482 0.257546
vt 0.146909 0.237389
vt 0.146367 0.247266
vt 0.145236 0.247259
vt 0.145781 0.237272
vt 0.143924 0.247252
vt 0.144473 0.237136
vt 0.142028 0.247242
vt 0.142585 0.236940
vt 0.137689 0.247217
vt 0.150867 0.218019
vt 0.148414 0.227609
vt 0.147304 0.227383
vt 0.149785 0.217684
vt 0.146017 0.227120
vt 0.148533 0.217296
vt 0.144159 0.226739
vt 0.146723 0.216735
vt 0.139906 0.225868
vt 0.158522 0.199778
vt 0.154247 0.208711
vt 0.153201 0.208270
vt 0.157522 0.199236
vt 0.151991 0.207760
vt 0.156366 0.198610
vt 0.150245 0.207024
vt 0.154701 0.197707
vt 0.150887 0.195643
vt 0.163654 0.191311
vt 0.162714 0.190677
vt 0.168720 0.182674
vt 0.161628 0.189943
vt 0.167714 0.181839
vt 0.160060 0.188882
vt 0.166258 0.180630
vt 0.162920 0.177862
vt 0.183620 0.169508
vt 0.176267 0.176106
vt 0.175474 0.175303
vt 0.182908 0.168631
vt 0.174555 0.174374
vt 0.182084 0.167616
vt 0.173225 0.173029
vt 0.180892 0.166147
vt 0.170173 0.169947
vt 0.178157 0.162782
vt 0.191577 0.163661
vt 0.190954 0.162720
vt 0.199537 0.157622
vt 0.190233 0.161628
vt 0.198926 0.156465
vt 0.189191 0.160050
vt 0.198043 0.154793
vt 0.186799 0.156433
vt 0.209003 0.154433
vt 0.208576 0.153388
vt 0.217992 0.150059
vt 0.208081 0.152177
vt 0.217617 0.148805
vt 0.207367 0.150428
vt 0.217077 0.146996
vt 0.215837 0.142841
vt 0.237705 0.147373
vt 0.227697 0.147671
vt 0.237599 0.146245
vt 0.227447 0.146385
vt 0.237476 0.144938
vt 0.227085 0.144529
vt 0.237297 0.143052
vt 0.236889 0.138729
vt 0.257491 0.147460
vt 0.247597 0.146931
vt 0.247602 0.145797
vt 0.257608 0.146331
vt 0.247607 0.144482
vt 0.257743 0.145021
vt 0.247615 0.142584
vt 0.257938 0.143130
vt 0.247633 0.138237
vt 0.258383 0.138804
vt 0.276903 0.151416
vt 0.267519 0.147846
vt 0.277240 0.150326
vt 0.267783 0.146554
vt 0.277630 0.149065
vt 0.268164 0.144690
vt 0.278192 0.147249
vt 0.269033 0.140428
vt 0.279475 0.143094
vt 0.295177 0.159084
vt 0.286231 0.154801
vt 0.286672 0.153750
vt 0.295718 0.158083
vt 0.287183 0.152535
vt 0.296344 0.156927
vt 0.287920 0.150784
vt 0.297248 0.155259
vt 0.289605 0.146777
vt 0.299318 0.151438
vt 0.311567 0.170172
vt 0.303648 0.164225
vt 0.304283 0.163286
vt 0.312290 0.169301
vt 0.305018 0.162198
vt 0.313126 0.168293
vt 0.306080 0.160630
vt 0.314336 0.166837
vt 0.308514 0.157031
vt 0.325465 0.184237
vt 0.318861 0.176864
vt 0.319665 0.176070
vt 0.326343 0.183526
vt 0.320596 0.175149
vt 0.327360 0.182701
vt 0.321944 0.173818
vt 0.328833 0.181508
vt 0.325036 0.170765
vt 0.332210 0.178773
vt 0.336353 0.200733
vt 0.331315 0.192221
vt 0.332260 0.191599
vt 0.337353 0.200207
vt 0.333353 0.190878
vt 0.338512 0.199598
vt 0.334935 0.189836
vt 0.340187 0.198717
vt 0.338562 0.187447
vt 0.344027 0.196697
vt 0.343792 0.219006
vt 0.340523 0.209690
vt 0.341569 0.209265
vt 0.344874 0.218686
vt 0.342781 0.208772
vt 0.346128 0.218314
vt 0.344531 0.208060
vt 0.347938 0.217777
vt 0.348548 0.206428
vt 0.347528 0.238376
vt 0.346134 0.228598
vt 0.347244 0.228384
vt 0.348655 0.238272
vt 0.348529 0.228136
vt 0.349961 0.238151
vt 0.350384 0.227778
vt 0.351846 0.237975
vt 0.354641 0.226960
vt 0.356164 0.237576
vt 0.347416 0.258132
vt 0.347957 0.248254
vt 0.349091 0.248260
vt 0.348547 0.258250
vt 0.350406 0.248267
vt 0.349857 0.258386
vt 0.352303 0.248278
vt 0.351745 0.258583
vt 0.356641 0.248303
vt 0.343454 0.277506
vt 0.345910 0.267915
vt 0.347023 0.268142
vt 0.344539 0.277841
vt 0.348312 0.268406
vt 0.345794 0.278229
vt 0.350172 0.268787
vt 0.347605 0.278791
vt 0.354423 0.269658
vt 0.351750 0.280073
vt 0.335800 0.295738
vt 0.341120 0.287252
vt 0.336797 0.296277
vt 0.342329 0.287760
vt 0.337949 0.296901
vt 0.344075 0.288496
vt 0.339613 0.297803
vt 0.348073 0.290177
vt 0.343427 0.299866
vt 0.324746 0.312103
vt 0.330673 0.304194
vt 0.331609 0.304825
vt 0.325613 0.312822
vt 0.332693 0.305557
vt 0.326618 0.313656
vt 0.334259 0.306617
vt 0.328073 0.314864
vt 0.337853 0.309045
vt 0.331412 0.317632
vt 0.310725 0.325999
vt 0.318075 0.319394
vt 0.318869 0.320196
vt 0.311438 0.326877
vt 0.319788 0.321126
vt 0.312263 0.327893
vt 0.321118 0.322470
vt 0.313455 0.329362
vt 0.324170 0.325552
vt 0.316191 0.332728
vt 0.294265 0.336898
vt 0.302762 0.331852
vt 0.303386 0.332795
vt 0.294793 0.337897
vt 0.304108 0.333888
vt 0.295405 0.339055
vt 0.305151 0.335467
vt 0.296288 0.340727
vt 0.307544 0.339084
vt 0.285318 0.341087
vt 0.285746 0.342133
vt 0.286241 0.343345
vt 0.286956 0.345094
vt 0.246729 0.339771
vt 0.246722 0.341976
vt 0.246714 0.344297
vt 0.255428 0.335825
vt 0.264026 0.334597
vt 0.264313 0.336070
vt 0.255570 0.337320
vt 0.272454 0.332532
vt 0.272883 0.333968
vt 0.273023 0.334437
vt 0.264406 0.336551
vt 0.255616 0.337808
vt 0.264490 0.336981
vt 0.255657 0.338244
vt 0.273148 0.334857
vt 0.246744 0.336203
vt 0.246738 0.337705
vt 0.237905 0.337226
vt 0.246735 0.338195
vt 0.237855 0.337714
vt 0.246734 0.338634
vt 0.237810 0.338151
vt 0.229160 0.335889
vt 0.220591 0.333702
vt 0.229062 0.336370
vt 0.220446 0.334171
vt 0.228975 0.336800
vt 0.220317 0.334590
vt 0.205027 0.325536
vt 0.212864 0.329294
vt 0.212282 0.330681
vt 0.204312 0.326858
vt 0.212092 0.331133
vt 0.204078 0.327290
vt 0.211921 0.331538
vt 0.203869 0.327675
vt 0.190648 0.315822
vt 0.197598 0.321031
vt 0.196758 0.322275
vt 0.189691 0.316976
vt 0.196483 0.322681
vt 0.189378 0.317353
vt 0.196237 0.323044
vt 0.189098 0.317691
vt 0.178454 0.303497
vt 0.184247 0.309958
vt 0.183181 0.311013
vt 0.177289 0.304443
vt 0.182832 0.311358
vt 0.176909 0.304751
vt 0.182521 0.311666
vt 0.176569 0.305027
vt 0.168907 0.289038
vt 0.173325 0.296501
vt 0.172074 0.297327
vt 0.167583 0.289736
vt 0.171666 0.297597
vt 0.167151 0.289964
vt 0.171301 0.297838
vt 0.166763 0.290169
vt 0.162373 0.273001
vt 0.165245 0.281179
vt 0.163860 0.281745
vt 0.160937 0.273428
vt 0.163407 0.281929
vt 0.160468 0.273567
vt 0.163001 0.282095
vt 0.160049 0.273692
vt 0.159098 0.255993
vt 0.160317 0.264579
vt 0.158846 0.264863
vt 0.157605 0.256132
vt 0.158366 0.264956
vt 0.157118 0.256178
vt 0.157936 0.265039
vt 0.156682 0.256218
vt 0.158727 0.247325
vt 0.157228 0.247318
vt 0.157714 0.238506
vt 0.156738 0.247316
vt 0.157226 0.238455
vt 0.156301 0.247313
vt 0.156791 0.238410
vt 0.162683 0.221669
vt 0.160528 0.230080
vt 0.159057 0.229780
vt 0.161249 0.221226
vt 0.158577 0.229682
vt 0.160780 0.221081
vt 0.158148 0.229594
vt 0.160362 0.220952
vt 0.169413 0.205674
vt 0.165656 0.213507
vt 0.164271 0.212926
vt 0.168092 0.204960
vt 0.163819 0.212736
vt 0.167661 0.204727
vt 0.163416 0.212566
vt 0.167276 0.204518
vt 0.173915 0.198244
vt 0.172671 0.197406
vt 0.177962 0.190336
vt 0.172265 0.197132
vt 0.177585 0.190023
vt 0.171902 0.196886
vt 0.177247 0.189744
vt 0.191411 0.179086
vt 0.184966 0.184885
vt 0.183911 0.183820
vt 0.190465 0.177923
vt 0.183566 0.183473
vt 0.190156 0.177543
vt 0.183258 0.183162
vt 0.189880 0.177204
vt 0.198391 0.173952
vt 0.197564 0.172704
vt 0.205140 0.168208
vt 0.197294 0.172296
vt 0.204911 0.167776
vt 0.197052 0.171931
vt 0.204707 0.167389
vt 0.221860 0.162981
vt 0.213121 0.164477
vt 0.221431 0.161546
vt 0.212935 0.164024
vt 0.221291 0.161077
vt 0.212770 0.163619
vt 0.221166 0.160657
vt 0.238873 0.159688
vt 0.230282 0.160917
vt 0.229996 0.159445
vt 0.238733 0.158194
vt 0.229903 0.158964
vt 0.238687 0.157706
vt 0.229819 0.158534
vt 0.238646 0.157270
vt 0.256230 0.159780
vt 0.247551 0.159309
vt 0.247558 0.157806
vt 0.256384 0.158284
vt 0.247560 0.157316
vt 0.256435 0.157796
vt 0.247562 0.156877
vt 0.256480 0.157360
vt 0.273252 0.163252
vt 0.264826 0.161098
vt 0.265125 0.159626
vt 0.273695 0.161818
vt 0.265223 0.159145
vt 0.273840 0.161349
vt 0.265311 0.158715
vt 0.273969 0.160929
vt 0.289270 0.169985
vt 0.281427 0.166225
vt 0.282009 0.164840
vt 0.289985 0.168663
vt 0.282199 0.164388
vt 0.290219 0.168231
vt 0.282369 0.163984
vt 0.290428 0.167845
vt 0.303657 0.179702
vt 0.296703 0.174491
vt 0.297544 0.173247
vt 0.304615 0.178548
vt 0.297819 0.172841
vt 0.304928 0.178170
vt 0.298065 0.172477
vt 0.305208 0.177833
vt 0.315858 0.192034
vt 0.311128 0.184514
vt 0.317023 0.191088
vt 0.311477 0.184169
vt 0.317404 0.190779
vt 0.311789 0.183861
vt 0.317744 0.190503
vt 0.325414 0.206500
vt 0.320992 0.199035
vt 0.322242 0.198209
vt 0.326738 0.205801
vt 0.322651 0.197939
vt 0.327170 0.205573
vt 0.323016 0.197698
vt 0.327557 0.205369
vt 0.331957 0.222530
vt 0.329081 0.214356
vt 0.330467 0.213791
vt 0.333393 0.222102
vt 0.330920 0.213606
vt 0.333862 0.221963
vt 0.331325 0.213441
vt 0.334281 0.221838
vt 0.335229 0.239529
vt 0.335483 0.230662
vt 0.336721 0.239389
vt 0.335963 0.230569
vt 0.337209 0.239344
vt 0.336393 0.230486
vt 0.337644 0.239303
vt 0.335598 0.248196
vt 0.337097 0.248203
vt 0.336610 0.257017
vt 0.337587 0.248205
vt 0.337098 0.257067
vt 0.338024 0.248208
vt 0.337533 0.257112
vt 0.331641 0.273856
vt 0.333796 0.265444
vt 0.335266 0.265744
vt 0.333075 0.274299
vt 0.335746 0.265842
vt 0.333543 0.274444
vt 0.336175 0.265930
vt 0.333962 0.274573
vt 0.324919 0.289847
vt 0.328671 0.282017
vt 0.330056 0.282598
vt 0.326240 0.290561
vt 0.330507 0.282788
vt 0.326671 0.290794
vt 0.330911 0.282958
vt 0.327056 0.291002
vt 0.315226 0.304217
vt 0.320423 0.297271
vt 0.321666 0.298109
vt 0.316379 0.305173
vt 0.322072 0.298383
vt 0.316756 0.305485
vt 0.322435 0.298628
vt 0.317094 0.305764
vt 0.302925 0.316415
vt 0.309374 0.310619
vt 0.310429 0.311683
vt 0.303871 0.317578
vt 0.310774 0.312031
vt 0.304180 0.317958
vt 0.311082 0.312342
vt 0.304456 0.318297
vt 0.296766 0.322800
vt 0.289184 0.327300
vt 0.297036 0.323208
vt 0.289413 0.327732
vt 0.297278 0.323573
vt 0.289618 0.328120
vt 0.281198 0.331035
vt 0.281384 0.331488
vt 0.281550 0.331893
vt 0.264026 0.334597
vt 0.263219 0.330453
vt 0.261032 0.319201
vt 0.265860 0.343985
vt 0.256333 0.345350
vt 0.275198 0.341694
vt 0.275463 0.342578
vt 0.266037 0.344892
vt 0.256420 0.346271
vt 0.246708 0.345772
vt 0.237080 0.345251
vt 0.246704 0.346698
vt 0.236985 0.346173
vt 0.227548 0.343795
vt 0.218207 0.341411
vt 0.227363 0.344702
vt 0.217934 0.342296
vt 0.209151 0.338117
vt 0.200464 0.333952
vt 0.208792 0.338971
vt 0.192230 0.328962
vt 0.184532 0.323191
vt 0.191712 0.329729
vt 0.183942 0.323902
vt 0.177448 0.316685
vt 0.171036 0.309517
vt 0.176792 0.317335
vt 0.170319 0.310100
vt 0.165349 0.301764
vt 0.160448 0.293498
vt 0.164579 0.302273
vt 0.159633 0.293929
vt 0.156393 0.284792
vt 0.153214 0.275729
vt 0.155540 0.285140
vt 0.150938 0.266396
vt 0.149585 0.256883
vt 0.150032 0.266571
vt 0.148666 0.256969
vt 0.149173 0.247280
vt 0.149702 0.237678
vt 0.148249 0.247275
vt 0.151166 0.228170
vt 0.153554 0.218848
vt 0.150260 0.227985
vt 0.152670 0.218575
vt 0.156846 0.209802
vt 0.161005 0.201120
vt 0.155992 0.209444
vt 0.165989 0.192887
vt 0.171751 0.185186
vt 0.165222 0.192369
vt 0.171039 0.184597
vt 0.178239 0.178097
vt 0.185386 0.171680
vt 0.177589 0.177442
vt 0.184804 0.170965
vt 0.193119 0.165989
vt 0.201368 0.161083
vt 0.192610 0.165221
vt 0.200937 0.160270
vt 0.210062 0.157017
vt 0.219118 0.153825
vt 0.209713 0.156165
vt 0.218853 0.152942
vt 0.228451 0.151535
vt 0.237970 0.150167
vt 0.228274 0.150629
vt 0.237883 0.149248
vt 0.247586 0.149740
vt 0.257204 0.150258
vt 0.247590 0.148816
vt 0.257299 0.149337
vt 0.266731 0.151720
vt 0.276073 0.154110
vt 0.276346 0.153225
vt 0.285138 0.157405
vt 0.293835 0.161568
vt 0.285497 0.156550
vt 0.302076 0.166556
vt 0.309777 0.172329
vt 0.302593 0.165789
vt 0.316864 0.178838
vt 0.323278 0.186011
vt 0.317521 0.178187
vt 0.323997 0.185427
vt 0.328968 0.193771
vt 0.333872 0.202042
vt 0.329740 0.193261
vt 0.334689 0.201611
vt 0.337935 0.210745
vt 0.341118 0.219801
vt 0.338788 0.210397
vt 0.343392 0.229127
vt 0.344739 0.238636
vt 0.344296 0.228952
vt 0.345657 0.238550
vt 0.345150 0.248239
vt 0.344622 0.257844
vt 0.346074 0.248244
vt 0.343156 0.267354
vt 0.340767 0.276677
vt 0.344062 0.267539
vt 0.341651 0.276950
vt 0.337476 0.285722
vt 0.333323 0.294401
vt 0.338330 0.286080
vt 0.334137 0.294840
vt 0.328348 0.302627
vt 0.322592 0.310320
vt 0.329114 0.303143
vt 0.316103 0.317403
vt 0.308951 0.323820
vt 0.316753 0.318058
vt 0.309534 0.324536
vt 0.301212 0.329517
vt 0.292957 0.334430
vt 0.301722 0.330285
vt 0.284258 0.338500
vt 0.284608 0.339353
vt 0.266398 0.346741
vt 0.266208 0.345766
vt 0.266037 0.344892
vt 0.855484 0.305956
vt 0.866023 0.296422
vt 0.874060 0.304448
vt 0.862686 0.314743
vt 0.875596 0.285916
vt 0.884381 0.293097
vt 0.892330 0.299579
vt 0.881344 0.311701
vt 0.869219 0.322694
vt 0.884098 0.274529
vt 0.893538 0.280798
vt 0.891447 0.262374
vt 0.901452 0.267677
vt 0.910483 0.272457
vt 0.902070 0.286453
vt 0.897563 0.249569
vt 0.908041 0.253862
vt 0.902365 0.236231
vt 0.913210 0.239477
vt 0.922988 0.242394
vt 0.917489 0.257726
vt 0.905790 0.222480
vt 0.916887 0.224649
vt 0.907862 0.208450
vt 0.919110 0.209524
vt 0.929276 0.210490
vt 0.926905 0.226598
vt 0.908606 0.194278
vt 0.919919 0.194250
vt 0.907966 0.180103
vt 0.919237 0.178975
vt 0.929412 0.177955
vt 0.930138 0.194224
vt 0.905897 0.166061
vt 0.916997 0.163843
vt 0.902461 0.152270
vt 0.913277 0.148983
vt 0.923067 0.146005
vt 0.927029 0.161833
vt 0.897731 0.138854
vt 0.908173 0.134529
vt 0.891708 0.125973
vt 0.901692 0.120635
vt 0.910714 0.115816
vt 0.917621 0.130616
vt 0.884395 0.113781
vt 0.893837 0.107460
vt 0.875892 0.102380
vt 0.884683 0.095139
vt 0.892624 0.088599
vt 0.902362 0.101756
vt 0.866317 0.091858
vt 0.874331 0.083795
vt 0.855772 0.082307
vt 0.862920 0.073512
vt 0.869401 0.065537
vt 0.881584 0.076497
vt 0.844357 0.073817
vt 0.850589 0.064366
vt 0.832178 0.066486
vt 0.837448 0.056467
vt 0.842220 0.047396
vt 0.856240 0.055799
vt 0.819347 0.060399
vt 0.823606 0.049917
vt 0.805991 0.055607
vt 0.809202 0.044768
vt 0.812103 0.034977
vt 0.827457 0.040438
vt 0.792241 0.052145
vt 0.794380 0.041054
vt 0.778224 0.050029
vt 0.779279 0.038788
vt 0.780238 0.028659
vt 0.796314 0.031046
vt 0.764072 0.049280
vt 0.764037 0.037990
vt 0.749920 0.049949
vt 0.748801 0.038717
vt 0.747809 0.028608
vt 0.764020 0.027830
vt 0.735907 0.052068
vt 0.733716 0.041007
vt 0.722163 0.055564
vt 0.718915 0.044774
vt 0.715990 0.035004
vt 0.731753 0.031024
vt 0.708819 0.060351
vt 0.704531 0.049920
vt 0.696014 0.066406
vt 0.690714 0.056428
vt 0.685917 0.047388
vt 0.700658 0.040466
vt 0.683880 0.073706
vt 0.677607 0.064283
vt 0.672512 0.082162
vt 0.665327 0.073398
vt 0.658812 0.065467
vt 0.671922 0.055751
vt 0.662001 0.091675
vt 0.653983 0.083668
vt 0.652451 0.102158
vt 0.643688 0.094993
vt 0.635759 0.088522
vt 0.646718 0.076431
vt 0.643967 0.113523
vt 0.634553 0.107264
vt 0.636630 0.125656
vt 0.626666 0.120355
vt 0.617664 0.115574
vt 0.626043 0.101616
vt 0.630518 0.138436
vt 0.620103 0.134135
vt 0.625716 0.151749
vt 0.614940 0.148479
vt 0.605218 0.145533
vt 0.610703 0.130257
vt 0.622286 0.165476
vt 0.611229 0.163262
vt 0.620193 0.179478
vt 0.608956 0.178342
vt 0.598824 0.177317
vt 0.601254 0.161268
vt 0.619409 0.193616
vt 0.608112 0.193576
vt 0.620016 0.207757
vt 0.608777 0.208813
vt 0.598656 0.209760
vt 0.597938 0.193535
vt 0.622091 0.221770
vt 0.611015 0.223908
vt 0.625551 0.235527
vt 0.614737 0.238732
vt 0.604949 0.241624
vt 0.601018 0.225835
vt 0.630298 0.248901
vt 0.619837 0.253154
vt 0.636312 0.261749
vt 0.626295 0.267030
vt 0.617227 0.271797
vt 0.610360 0.256995
vt 0.643577 0.273935
vt 0.634102 0.280212
vt 0.652017 0.285349
vt 0.643200 0.292554
vt 0.635227 0.299060
vt 0.625533 0.285876
vt 0.661539 0.295889
vt 0.653503 0.303921
vt 0.672043 0.305463
vt 0.664873 0.314232
vt 0.658369 0.322183
vt 0.646225 0.311192
vt 0.683424 0.313979
vt 0.677169 0.323408
vt 0.695576 0.321342
vt 0.690280 0.331344
vt 0.685484 0.340394
vt 0.671496 0.331954
vt 0.708385 0.327467
vt 0.704096 0.337939
vt 0.721725 0.332305
vt 0.718483 0.343147
vt 0.715553 0.352926
vt 0.700219 0.347399
vt 0.735467 0.335817
vt 0.733297 0.346933
vt 0.749483 0.337957
vt 0.748404 0.349238
vt 0.747422 0.359388
vt 0.731334 0.356941
vt 0.763645 0.338691
vt 0.763667 0.350016
vt 0.777820 0.338027
vt 0.778939 0.349279
vt 0.779933 0.359439
vt 0.763673 0.360218
vt 0.791877 0.335985
vt 0.794074 0.347056
vt 0.805673 0.332578
vt 0.808930 0.343376
vt 0.811867 0.353165
vt 0.796046 0.357077
vt 0.819065 0.327820
vt 0.823363 0.338265
vt 0.831913 0.321753
vt 0.837225 0.331752
vt 0.842036 0.340814
vt 0.827249 0.347736
vt 0.844084 0.314434
vt 0.850371 0.323880
vt 0.856072 0.332435
vt 0.811126 0.251753
vt 0.817077 0.247361
vt 0.832282 0.262608
vt 0.825178 0.268924
vt 0.821486 0.241425
vt 0.838605 0.255516
vt 0.852733 0.267132
vt 0.845137 0.275486
vt 0.836770 0.283079
vt 0.826475 0.235969
vt 0.844364 0.247962
vt 0.829653 0.229296
vt 0.849208 0.239793
vt 0.865347 0.248441
vt 0.859493 0.258091
vt 0.833486 0.222973
vt 0.853392 0.231263
vt 0.835294 0.215806
vt 0.856533 0.222298
vt 0.874057 0.227644
vt 0.870225 0.238259
vt 0.837801 0.208853
vt 0.858931 0.213107
vt 0.838161 0.201468
vt 0.860236 0.203695
vt 0.878447 0.205527
vt 0.876794 0.216697
vt 0.839266 0.194158
vt 0.860815 0.194206
vt 0.838188 0.186843
vt 0.860283 0.184717
vt 0.878514 0.182960
vt 0.879031 0.194244
vt 0.837847 0.179459
vt 0.858991 0.175300
vt 0.835364 0.172494
vt 0.856607 0.166095
vt 0.874136 0.160812
vt 0.876867 0.171783
vt 0.833597 0.165314
vt 0.853522 0.157102
vt 0.829804 0.158970
vt 0.849400 0.148541
vt 0.865573 0.139921
vt 0.870371 0.150150
vt 0.826656 0.152287
vt 0.844591 0.140350
vt 0.821686 0.146814
vt 0.838849 0.132780
vt 0.853002 0.121187
vt 0.859754 0.130244
vt 0.817301 0.140866
vt 0.832546 0.125671
vt 0.811374 0.136454
vt 0.825465 0.119339
vt 0.837072 0.105205
vt 0.845421 0.112813
vt 0.805918 0.131468
vt 0.817906 0.113582
vt 0.799243 0.128295
vt 0.809724 0.108750
vt 0.818343 0.092612
vt 0.828017 0.098448
vt 0.792919 0.124470
vt 0.801187 0.104581
vt 0.785755 0.122662
vt 0.792222 0.101442
vt 0.797526 0.083928
vt 0.808146 0.087757
vt 0.778808 0.120144
vt 0.783039 0.099020
vt 0.771430 0.119769
vt 0.773638 0.097689
vt 0.775429 0.079468
vt 0.786585 0.081157
vt 0.764127 0.118655
vt 0.764161 0.097104
vt 0.756818 0.119732
vt 0.754681 0.097640
vt 0.752891 0.079406
vt 0.764161 0.078878
vt 0.749438 0.120075
vt 0.745272 0.098932
vt 0.742477 0.122565
vt 0.736073 0.101321
vt 0.730767 0.083804
vt 0.741725 0.081059
vt 0.735301 0.124340
vt 0.727086 0.104422
vt 0.728957 0.128136
vt 0.718526 0.108557
vt 0.709911 0.092423
vt 0.720125 0.087600
vt 0.722270 0.131281
vt 0.710330 0.113366
vt 0.716796 0.136246
vt 0.702761 0.119103
vt 0.691188 0.104980
vt 0.700237 0.098241
vt 0.710856 0.140632
vt 0.695671 0.125410
vt 0.706456 0.146562
vt 0.689363 0.132493
vt 0.675264 0.120899
vt 0.682842 0.112558
vt 0.701481 0.152015
vt 0.683619 0.140040
vt 0.698314 0.158682
vt 0.678788 0.148203
vt 0.662675 0.139570
vt 0.668519 0.129930
vt 0.694488 0.164996
vt 0.674609 0.156723
vt 0.692680 0.172152
vt 0.671468 0.165676
vt 0.653966 0.160343
vt 0.657801 0.149740
vt 0.690169 0.179093
vt 0.669064 0.174854
vt 0.689798 0.186466
vt 0.667747 0.184252
vt 0.649562 0.182432
vt 0.651226 0.171278
vt 0.688681 0.193762
vt 0.667153 0.193721
vt 0.689749 0.201065
vt 0.667671 0.203191
vt 0.649453 0.204948
vt 0.648955 0.193690
vt 0.690085 0.208439
vt 0.668959 0.212591
vt 0.692566 0.215396
vt 0.671342 0.221780
vt 0.653837 0.227049
vt 0.651098 0.216102
vt 0.694329 0.222568
vt 0.674424 0.230759
vt 0.698115 0.228907
vt 0.678537 0.239309
vt 0.662394 0.247894
vt 0.657605 0.237685
vt 0.701254 0.235587
vt 0.683331 0.247494
vt 0.706213 0.241061
vt 0.689054 0.255065
vt 0.674907 0.266622
vt 0.668189 0.257563
vt 0.710586 0.247011
vt 0.695337 0.262178
vt 0.716502 0.251428
vt 0.702399 0.268518
vt 0.690779 0.282623
vt 0.682457 0.275004
vt 0.721947 0.256421
vt 0.709942 0.274286
vt 0.728613 0.259602
vt 0.718111 0.279130
vt 0.709466 0.295251
vt 0.699811 0.289396
vt 0.734929 0.263437
vt 0.726637 0.283314
vt 0.742089 0.265256
vt 0.735594 0.286470
vt 0.730258 0.303981
vt 0.719649 0.300127
vt 0.749032 0.267784
vt 0.744773 0.288908
vt 0.756410 0.268170
vt 0.754175 0.290254
vt 0.752351 0.308482
vt 0.741194 0.306775
vt 0.763716 0.269294
vt 0.763656 0.290851
vt 0.771032 0.268230
vt 0.773147 0.290333
vt 0.774910 0.308573
vt 0.763624 0.309081
vt 0.778422 0.267904
vt 0.782574 0.289067
vt 0.785396 0.265431
vt 0.791793 0.286704
vt 0.797090 0.304258
vt 0.786102 0.306961
vt 0.792584 0.263665
vt 0.800800 0.283615
vt 0.798941 0.259870
vt 0.809378 0.279482
vt 0.818000 0.295656
vt 0.807761 0.300479
vt 0.805641 0.256723
vt 0.817592 0.274670
vt 0.827699 0.289830
vt 0.763950 0.193968
vt 0.727701 0.164071
vt 0.725985 0.155821
vt 0.734225 0.157570
vt 0.706456 0.146562
vt 0.727701 0.164071
vt 0.716796 0.136246
vt 0.734225 0.157570
vt 0.710856 0.140632
vt 0.777466 0.239016
vt 0.774295 0.246830
vt 0.768414 0.240782
vt 0.785396 0.265431
vt 0.778422 0.267904
vt 0.777466 0.239016
vt 0.771032 0.268230
vt 0.778422 0.267904
vt 0.808924 0.207736
vt 0.813665 0.214709
vt 0.805369 0.216244
vt 0.835294 0.215806
vt 0.833486 0.222973
vt 0.808924 0.207736
vt 0.829653 0.229296
vt 0.805369 0.216244
vt 0.734225 0.157570
vt 0.734153 0.149140
vt 0.741896 0.152464
vt 0.722270 0.131281
vt 0.734225 0.157570
vt 0.728958 0.128136
vt 0.763782 0.247824
vt 0.759196 0.240745
vt 0.771032 0.268230
vt 0.763716 0.269294
vt 0.756410 0.268170
vt 0.763716 0.269294
vt 0.741896 0.152464
vt 0.743471 0.144183
vt 0.750417 0.148954
vt 0.728958 0.128136
vt 0.735301 0.124340
vt 0.741896 0.152464
vt 0.742478 0.122565
vt 0.753282 0.246746
vt 0.750167 0.238909
vt 0.756410 0.268170
vt 0.749032 0.267784
vt 0.742089 0.265256
vt 0.750167 0.238909
vt 0.749032 0.267784
vt 0.805369 0.216244
vt 0.808656 0.224006
vt 0.800223 0.223895
vt 0.829653 0.229296
vt 0.826475 0.235969
vt 0.821486 0.241425
vt 0.800223 0.223895
vt 0.826475 0.235969
vt 0.750417 0.148954
vt 0.753577 0.141135
vt 0.759457 0.147169
vt 0.742477 0.122565
vt 0.749438 0.120075
vt 0.750417 0.148954
vt 0.756818 0.119732
vt 0.759457 0.147169
vt 0.750166 0.238909
vt 0.743198 0.243639
vt 0.741671 0.235346
vt 0.734929 0.263437
vt 0.750166 0.238909
vt 0.728613 0.259602
vt 0.741671 0.235346
vt 0.764080 0.140119
vt 0.768670 0.147191
vt 0.764127 0.118655
vt 0.764127 0.118655
vt 0.733915 0.238624
vt 0.734034 0.230195
vt 0.728613 0.259602
vt 0.721947 0.256421
vt 0.741671 0.235346
vt 0.716502 0.251428
vt 0.734034 0.230195
vt 0.768670 0.147191
vt 0.774579 0.141184
vt 0.777702 0.149015
vt 0.771430 0.119769
vt 0.778808 0.120144
vt 0.785755 0.122662
vt 0.725789 0.231897
vt 0.727545 0.223659
vt 0.716502 0.251428
vt 0.710586 0.247011
vt 0.734034 0.230195
vt 0.706213 0.241061
vt 0.727545 0.223659
vt 0.710586 0.247011
vt 0.784669 0.144277
vt 0.786205 0.152567
vt 0.799243 0.128295
vt 0.786205 0.152567
vt 0.792919 0.124470
vt 0.727545 0.223659
vt 0.719118 0.223726
vt 0.722444 0.215992
vt 0.701254 0.235587
vt 0.727545 0.223659
vt 0.698115 0.228907
vt 0.722444 0.215992
vt 0.701254 0.235587
vt 0.793962 0.149280
vt 0.793852 0.157710
vt 0.799243 0.128295
vt 0.805918 0.131468
vt 0.793852 0.157710
vt 0.805918 0.131468
vt 0.722444 0.215992
vt 0.714167 0.214414
vt 0.718943 0.207474
vt 0.698115 0.228907
vt 0.694329 0.222568
vt 0.722444 0.215992
vt 0.692566 0.215396
vt 0.718943 0.207474
vt 0.694329 0.222568
vt 0.793852 0.157710
vt 0.802102 0.155999
vt 0.800353 0.164241
vt 0.811374 0.136454
vt 0.817301 0.140866
vt 0.821686 0.146814
vt 0.800353 0.164241
vt 0.817301 0.140866
vt 0.718943 0.207474
vt 0.711134 0.204312
vt 0.717172 0.198438
vt 0.692566 0.215396
vt 0.690085 0.208439
vt 0.718943 0.207474
vt 0.689749 0.201065
vt 0.717172 0.198438
vt 0.800353 0.164241
vt 0.808787 0.164168
vt 0.805466 0.171909
vt 0.826656 0.152287
vt 0.800353 0.164241
vt 0.829804 0.158970
vt 0.805466 0.171909
vt 0.826656 0.152287
vt 0.710130 0.193816
vt 0.717200 0.189233
vt 0.689749 0.201065
vt 0.688681 0.193762
vt 0.689798 0.186466
vt 0.717200 0.189233
vt 0.688681 0.193762
vt 0.805466 0.171909
vt 0.813749 0.173485
vt 0.808973 0.180433
vt 0.829804 0.158971
vt 0.833597 0.165314
vt 0.835364 0.172494
vt 0.808973 0.180433
vt 0.833597 0.165314
vt 0.711195 0.183327
vt 0.719021 0.180211
vt 0.689798 0.186466
vt 0.690169 0.179093
vt 0.692680 0.172152
vt 0.719021 0.180211
vt 0.808973 0.180433
vt 0.816787 0.183596
vt 0.810751 0.189478
vt 0.835364 0.172494
vt 0.837848 0.179459
vt 0.838188 0.186843
vt 0.810751 0.189478
vt 0.837848 0.179459
vt 0.714285 0.173249
vt 0.722570 0.171717
vt 0.692680 0.172152
vt 0.694488 0.164996
vt 0.698314 0.158682
vt 0.722570 0.171717
vt 0.694488 0.164996
vt 0.793686 0.230403
vt 0.793752 0.238841
vt 0.786002 0.235512
vt 0.811126 0.251753
vt 0.793686 0.230403
vt 0.798941 0.259870
vt 0.786002 0.235512
vt 0.805641 0.256723
vt 0.810751 0.189478
vt 0.817802 0.194105
vt 0.810736 0.198697
vt 0.839266 0.194158
vt 0.838161 0.201468
vt 0.810736 0.198697
vt 0.719280 0.163962
vt 0.701481 0.152015
vt 0.706456 0.146562
vt 0.701481 0.152015
vt 0.786002 0.235512
vt 0.784417 0.243798
vt 0.792584 0.263665
vt 0.785396 0.265431
vt 0.792585 0.263665
vt 0.810736 0.198697
vt 0.816753 0.204612
vt 0.808924 0.207736
vt 0.837801 0.208853
vt 0.810736 0.198697
vt 0.835294 0.215806
vt 0.837801 0.208853
vt 0.911202 0.315003
vt 0.922318 0.299922
vt 0.923181 0.300495
vt 0.912046 0.315691
vt 0.931885 0.283845
vt 0.932845 0.284353
vt 0.934779 0.285356
vt 0.924264 0.301210
vt 0.913749 0.317065
vt 0.745013 0.383316
vt 0.763588 0.384349
vt 0.763580 0.385376
vt 0.744903 0.384383
vt 0.782203 0.383621
vt 0.782296 0.384699
vt 0.782448 0.386854
vt 0.763567 0.386657
vt 0.744685 0.386459
vt 0.674425 0.025853
vt 0.658364 0.035480
vt 0.657789 0.034619
vt 0.673914 0.024894
vt 0.643327 0.046646
vt 0.642636 0.045806
vt 0.641243 0.044119
vt 0.657067 0.033538
vt 0.672891 0.022958
vt 0.853562 0.362437
vt 0.869675 0.352772
vt 0.870252 0.353636
vt 0.854076 0.363401
vt 0.884752 0.341565
vt 0.885446 0.342407
vt 0.886847 0.344097
vt 0.870978 0.354720
vt 0.855108 0.365343
vt 0.800706 0.381081
vt 0.800898 0.382098
vt 0.818899 0.376692
vt 0.819208 0.377741
vt 0.819823 0.379900
vt 0.801135 0.383377
vt 0.629469 0.059237
vt 0.628736 0.058506
vt 0.616925 0.073119
vt 0.616084 0.072432
vt 0.614389 0.071061
vt 0.627816 0.057590
vt 0.946093 0.249362
vt 0.950673 0.231296
vt 0.951682 0.231499
vt 0.947124 0.249674
vt 0.953475 0.212886
vt 0.954553 0.212996
vt 0.956743 0.213225
vt 0.952947 0.231751
vt 0.949150 0.250277
vt 0.836578 0.370448
vt 0.836972 0.371409
vt 0.837466 0.372622
vt 0.605818 0.088153
vt 0.604958 0.087581
vt 0.596254 0.104176
vt 0.595297 0.103669
vt 0.593367 0.102673
vt 0.603878 0.086867
vt 0.954423 0.194277
vt 0.955453 0.194281
vt 0.953560 0.175632
vt 0.954634 0.175533
vt 0.956743 0.175355
vt 0.956743 0.194290
vt 0.067099 0.685928
vt 0.058684 0.678967
vt 0.070928 0.665450
vt 0.078589 0.673197
vt 0.052226 0.673621
vt 0.065058 0.659500
vt 0.079182 0.646747
vt 0.084425 0.653234
vt 0.091275 0.661684
vt 0.588324 0.121025
vt 0.587373 0.120633
vt 0.582083 0.138535
vt 0.581052 0.138224
vt 0.578994 0.137619
vt 0.586181 0.120146
vt 0.950932 0.157124
vt 0.951947 0.156928
vt 0.946504 0.138949
vt 0.947551 0.138637
vt 0.949696 0.138011
vt 0.953219 0.156683
vt 0.939820 0.266934
vt 0.940773 0.267328
vt 0.941965 0.267817
vt 0.577574 0.156543
vt 0.576569 0.156343
vt 0.574831 0.174894
vt 0.573760 0.174786
vt 0.571626 0.174568
vt 0.575310 0.156093
vt 0.940245 0.121302
vt 0.941205 0.120908
vt 0.932237 0.104355
vt 0.933199 0.103843
vt 0.935129 0.102816
vt 0.942413 0.120413
vt 0.573872 0.193432
vt 0.572846 0.193426
vt 0.574674 0.212005
vt 0.573604 0.212100
vt 0.571509 0.212266
vt 0.571567 0.193417
vt 0.922590 0.088266
vt 0.923454 0.087692
vt 0.911422 0.073163
vt 0.912266 0.072476
vt 0.913942 0.071135
vt 0.924536 0.086976
vt 0.577221 0.230452
vt 0.576209 0.230643
vt 0.581565 0.248585
vt 0.580519 0.248891
vt 0.578372 0.249496
vt 0.574940 0.230881
vt 0.898844 0.059178
vt 0.899581 0.058443
vt 0.884941 0.046508
vt 0.885638 0.045657
vt 0.887073 0.043906
vt 0.900508 0.057520
vt 0.587744 0.266215
vt 0.586785 0.266605
vt 0.595680 0.283169
vt 0.594718 0.283676
vt 0.592781 0.284687
vt 0.585577 0.267091
vt 0.869813 0.035342
vt 0.870388 0.034474
vt 0.853651 0.025777
vt 0.854157 0.024811
vt 0.855148 0.022854
vt 0.871111 0.033380
vt 0.605262 0.299283
vt 0.604397 0.299854
vt 0.616376 0.314423
vt 0.615530 0.315107
vt 0.613844 0.316445
vt 0.603313 0.300566
vt 0.836663 0.017881
vt 0.837052 0.016923
vt 0.819037 0.011704
vt 0.819341 0.010666
vt 0.819918 0.008584
vt 0.837533 0.015719
vt 0.628911 0.328447
vt 0.628171 0.329180
vt 0.642779 0.341154
vt 0.642079 0.342003
vt 0.640641 0.343755
vt 0.627242 0.330100
vt 0.800948 0.007286
vt 0.801143 0.006278
vt 0.782558 0.004640
vt 0.782659 0.003570
vt 0.782845 0.001446
vt 0.801382 0.005015
vt 0.657873 0.352354
vt 0.657296 0.353220
vt 0.674002 0.361951
vt 0.673495 0.362915
vt 0.672503 0.364870
vt 0.656572 0.354313
vt 0.764021 0.003766
vt 0.764022 0.002742
vt 0.745472 0.004641
vt 0.745373 0.003573
vt 0.745203 0.001485
vt 0.764024 0.001466
vt 0.690956 0.369878
vt 0.690565 0.370835
vt 0.708551 0.376093
vt 0.708243 0.377129
vt 0.707659 0.379201
vt 0.690081 0.372036
vt 0.727053 0.007251
vt 0.726858 0.006241
vt 0.708947 0.011649
vt 0.708638 0.010605
vt 0.708031 0.008465
vt 0.726617 0.004975
vt 0.726620 0.380568
vt 0.726420 0.381574
vt 0.726172 0.382830
vt 0.691344 0.017875
vt 0.690952 0.016917
vt 0.690462 0.015711
vt 0.818000 0.295656
vt 0.827699 0.289830
vt 0.836532 0.303088
vt 0.825505 0.309725
vt 0.836770 0.283079
vt 0.846853 0.295404
vt 0.797090 0.304258
vt 0.807761 0.300479
vt 0.813860 0.315226
vt 0.801719 0.319536
vt 0.786102 0.306961
vt 0.789213 0.322617
vt 0.776471 0.324455
vt 0.752351 0.308482
vt 0.763624 0.309081
vt 0.763625 0.325042
vt 0.750793 0.324366
vt 0.741194 0.306775
vt 0.738094 0.322425
vt 0.725645 0.319245
vt 0.719649 0.300127
vt 0.713564 0.314859
vt 0.701967 0.309308
vt 0.690779 0.282623
vt 0.699811 0.289396
vt 0.690968 0.302639
vt 0.680675 0.294925
vt 0.674907 0.266622
vt 0.682458 0.275004
vt 0.671188 0.286248
vt 0.662583 0.276703
vt 0.662394 0.247894
vt 0.668189 0.257563
vt 0.654935 0.266383
vt 0.648341 0.255368
vt 0.657605 0.237685
vt 0.642887 0.243742
vt 0.638588 0.231631
vt 0.649453 0.204948
vt 0.651098 0.216102
vt 0.635458 0.219167
vt 0.633581 0.206469
vt 0.649562 0.182432
vt 0.648955 0.193690
vt 0.633027 0.193655
vt 0.633731 0.180842
vt 0.653966 0.160343
vt 0.651226 0.171278
vt 0.635621 0.168149
vt 0.638729 0.155705
vt 0.657801 0.149740
vt 0.643088 0.143639
vt 0.648637 0.132062
vt 0.675264 0.120899
vt 0.668519 0.129930
vt 0.655291 0.121081
vt 0.662976 0.110797
vt 0.691189 0.104980
vt 0.682842 0.112558
vt 0.671616 0.101306
vt 0.681126 0.092687
vt 0.700237 0.098241
vt 0.691418 0.085019
vt 0.702413 0.078397
vt 0.720125 0.087600
vt 0.714023 0.072904
vt 0.726124 0.068571
vt 0.752891 0.079406
vt 0.741724 0.081059
vt 0.738588 0.065422
vt 0.751294 0.063520
vt 0.775429 0.079468
vt 0.764123 0.062918
vt 0.776949 0.063595
vt 0.797526 0.083928
vt 0.786585 0.081157
vt 0.789649 0.065517
vt 0.802105 0.068664
vt 0.818343 0.092612
vt 0.808146 0.087757
vt 0.814199 0.073016
vt 0.825815 0.078538
vt 0.837072 0.105205
vt 0.828017 0.098448
vt 0.836838 0.085181
vt 0.847160 0.092874
vt 0.853002 0.121187
vt 0.845421 0.112813
vt 0.856682 0.101533
vt 0.865332 0.111065
vt 0.865573 0.139921
vt 0.859754 0.130244
vt 0.873031 0.121379
vt 0.879664 0.132404
vt 0.870371 0.150150
vt 0.885125 0.144062
vt 0.889409 0.156211
vt 0.878514 0.182960
vt 0.876867 0.171783
vt 0.892517 0.168705
vt 0.894391 0.181429
vt 0.878447 0.205527
vt 0.879031 0.194244
vt 0.894975 0.194273
vt 0.894306 0.207115
vt 0.874057 0.227644
vt 0.892425 0.219827
vt 0.889314 0.232285
vt 0.865347 0.248441
vt 0.870225 0.238259
vt 0.884957 0.244367
vt 0.879410 0.255960
vt 0.852733 0.267132
vt 0.859493 0.258091
vt 0.872747 0.266956
vt 0.865047 0.277257
vt 0.845137 0.275486
vt 0.856386 0.286766
vt 0.800223 0.223895
vt 0.801934 0.232153
vt 0.793686 0.230403
vt 0.821486 0.241425
vt 0.817077 0.247361
vt 0.793686 0.230403
vt 0.817077 0.247361
vt 0.083101 0.699133
vt 0.075562 0.692921
vt 0.086314 0.680977
vt 0.093205 0.687893
vt 0.098196 0.670175
vt 0.104374 0.677728
vt 0.111081 0.660628
vt 0.116495 0.668760
vt 0.105017 0.651493
vt 0.119684 0.642703
vt 0.124831 0.652397
vt 0.129428 0.661030
vt 0.139310 0.645532
vt 0.143033 0.654572
vt 0.135144 0.635385
vt 0.151253 0.629599
vt 0.154391 0.640097
vt 0.157197 0.649456
vt 0.169942 0.636160
vt 0.171806 0.645756
vt 0.167859 0.625409
vt 0.184786 0.622895
vt 0.185800 0.633793
vt 0.186709 0.643524
vt 0.201796 0.633047
vt 0.201749 0.642794
vt 0.201854 0.622111
vt 0.218895 0.622998
vt 0.217773 0.633864
vt 0.216778 0.643532
vt 0.233580 0.636179
vt 0.231657 0.645698
vt 0.235747 0.625480
vt 0.252271 0.629555
vt 0.249085 0.639989
vt 0.246257 0.649283
vt 0.264159 0.645297
vt 0.260450 0.654280
vt 0.268330 0.635226
vt 0.283785 0.642440
vt 0.278658 0.652066
vt 0.274088 0.660659
vt 0.292432 0.660240
vt 0.287026 0.668372
vt 0.298485 0.651136
vt 0.312255 0.661250
vt 0.305332 0.669743
vt 0.299148 0.677323
vt 0.317218 0.680481
vt 0.310341 0.687406
vt 0.324933 0.672707
vt 0.336433 0.685357
vt 0.327994 0.692330
vt 0.320490 0.698530
vt 0.337577 0.705161
vt 0.329487 0.710599
vt 0.346680 0.699047
vt 0.355558 0.713667
vt 0.345877 0.718860
vt 0.337267 0.723491
vt 0.352803 0.733315
vt 0.343774 0.737077
vt 0.362951 0.729108
vt 0.368788 0.745213
vt 0.358288 0.748388
vt 0.348938 0.751237
vt 0.362272 0.763937
vt 0.352695 0.765849
vt 0.373019 0.761815
vt 0.375615 0.778746
vt 0.364726 0.779808
vt 0.355011 0.780773
vt 0.365623 0.795848
vt 0.355855 0.795865
vt 0.376553 0.795839
vt 0.375802 0.812931
vt 0.364920 0.811897
vt 0.355190 0.810970
vt 0.362592 0.827793
vt 0.352993 0.825933
vt 0.373341 0.829863
vt 0.369210 0.846479
vt 0.358686 0.843379
vt 0.349314 0.840601
vt 0.353271 0.858505
vt 0.344218 0.854828
vt 0.363463 0.862630
vt 0.356163 0.878177
vt 0.346412 0.873043
vt 0.337759 0.868483
vt 0.338173 0.886867
vt 0.329996 0.881442
vt 0.347377 0.892979
vt 0.337171 0.906857
vt 0.328622 0.899832
vt 0.321011 0.893594
vt 0.317834 0.911795
vt 0.310890 0.904825
vt 0.325623 0.919640
vt 0.312869 0.931198
vt 0.305920 0.922630
vt 0.299720 0.915011
vt 0.293000 0.932220
vt 0.287596 0.924035
vt 0.299056 0.941420
vt 0.284316 0.950224
vt 0.279201 0.940484
vt 0.274635 0.931813
vt 0.264655 0.947348
vt 0.260968 0.938275
vt 0.268784 0.957536
vt 0.252609 0.963290
vt 0.249504 0.952752
vt 0.246728 0.943365
vt 0.233894 0.956643
vt 0.232057 0.947032
vt 0.235944 0.967427
vt 0.218959 0.969916
vt 0.217980 0.958989
vt 0.217100 0.949244
vt 0.201922 0.959762
vt 0.202007 0.949974
vt 0.201825 0.970728
vt 0.184720 0.969826
vt 0.185889 0.958929
vt 0.186931 0.949203
vt 0.170045 0.956478
vt 0.172026 0.946932
vt 0.167819 0.967193
vt 0.151273 0.962916
vt 0.154530 0.952490
vt 0.157423 0.943217
vt 0.139481 0.947055
vt 0.143254 0.938123
vt 0.135229 0.957094
vt 0.119849 0.949768
vt 0.125054 0.940200
vt 0.129673 0.931672
vt 0.111398 0.931953
vt 0.116826 0.923898
vt 0.105287 0.940979
vt 0.091665 0.930821
vt 0.098614 0.922420
vt 0.104796 0.914916
vt 0.086801 0.911714
vt 0.093664 0.904846
vt 0.079094 0.919401
vt 0.067681 0.906822
vt 0.076075 0.899920
vt 0.083553 0.893755
vt 0.066548 0.887125
vt 0.074588 0.881706
vt 0.057530 0.893193
vt 0.048726 0.878628
vt 0.058300 0.873450
vt 0.066843 0.868824
vt 0.051409 0.859022
vt 0.060386 0.855245
vt 0.041359 0.863250
vt 0.035537 0.847199
vt 0.045974 0.843975
vt 0.055303 0.841096
vt 0.042080 0.828450
vt 0.051661 0.826510
vt 0.031355 0.830630
vt 0.028824 0.813727
vt 0.039725 0.812615
vt 0.049455 0.811638
vt 0.038896 0.796641
vt 0.048667 0.796631
vt 0.027939 0.796676
vt 0.028703 0.779631
vt 0.039609 0.780670
vt 0.049324 0.781622
vt 0.041881 0.764843
vt 0.051452 0.766743
vt 0.031124 0.762739
vt 0.035198 0.746153
vt 0.045704 0.749308
vt 0.055040 0.752136
vt 0.051054 0.734214
vt 0.060061 0.737944
vt 0.040907 0.730029
vt 0.048180 0.714514
vt 0.057863 0.719693
vt 0.066457 0.724294
vt 0.066054 0.705878
vt 0.074159 0.711313
vt 0.056935 0.699756
vt 0.136038 0.742373
vt 0.124857 0.733245
vt 0.131407 0.725971
vt 0.141639 0.736158
vt 0.112297 0.722990
vt 0.119912 0.714526
vt 0.128318 0.706852
vt 0.138637 0.719373
vt 0.147822 0.730519
vt 0.146488 0.713527
vt 0.154532 0.725517
vt 0.137449 0.700059
vt 0.147205 0.694203
vt 0.154877 0.708486
vt 0.161703 0.721202
vt 0.163715 0.704294
vt 0.169260 0.717617
vt 0.157482 0.689328
vt 0.168178 0.685477
vt 0.172914 0.700986
vt 0.177127 0.714790
vt 0.182384 0.698589
vt 0.185224 0.712744
vt 0.179194 0.682689
vt 0.190426 0.680995
vt 0.192042 0.697130
vt 0.193481 0.711496
vt 0.201799 0.696627
vt 0.201825 0.711058
vt 0.201770 0.680419
vt 0.213120 0.680952
vt 0.211563 0.697081
vt 0.210177 0.711439
vt 0.221238 0.698485
vt 0.218454 0.712643
vt 0.224368 0.682581
vt 0.235405 0.685296
vt 0.230733 0.700826
vt 0.226575 0.714652
vt 0.239953 0.704088
vt 0.234460 0.717446
vt 0.246124 0.689085
vt 0.256415 0.693914
vt 0.248806 0.708242
vt 0.242032 0.720999
vt 0.257204 0.713252
vt 0.249215 0.725284
vt 0.266177 0.699740
vt 0.275327 0.706492
vt 0.265075 0.719061
vt 0.255947 0.730250
vt 0.272350 0.725605
vt 0.262167 0.735847
vt 0.283786 0.714098
vt 0.291464 0.722496
vt 0.278953 0.732829
vt 0.267812 0.742027
vt 0.284810 0.740677
vt 0.272822 0.748738
vt 0.298273 0.731619
vt 0.304152 0.741372
vt 0.289867 0.749067
vt 0.277146 0.755912
vt 0.294074 0.757912
vt 0.280742 0.763477
vt 0.309047 0.751653
vt 0.312922 0.762362
vt 0.297400 0.767123
vt 0.283582 0.771356
vt 0.299819 0.776612
vt 0.285641 0.779471
vt 0.315745 0.773395
vt 0.317474 0.784649
vt 0.301298 0.786289
vt 0.286896 0.787745
vt 0.301809 0.796064
vt 0.287330 0.796100
vt 0.318074 0.796019
vt 0.317543 0.807393
vt 0.301352 0.805843
vt 0.286941 0.804459
vt 0.299934 0.815530
vt 0.285735 0.812742
vt 0.315889 0.818660
vt 0.313141 0.829716
vt 0.297576 0.825036
vt 0.283723 0.820870
vt 0.294299 0.834271
vt 0.280922 0.828767
vt 0.309329 0.840456
vt 0.304475 0.850766
vt 0.290128 0.843138
vt 0.277354 0.836349
vt 0.285092 0.851545
vt 0.273053 0.843539
vt 0.298614 0.860539
vt 0.291823 0.869695
vt 0.279256 0.859420
vt 0.268067 0.850273
vt 0.272688 0.866697
vt 0.262451 0.856492
vt 0.284187 0.878160
vt 0.275766 0.885841
vt 0.265444 0.873299
vt 0.256256 0.862132
vt 0.257581 0.879148
vt 0.249533 0.867132
vt 0.266624 0.892645
vt 0.256851 0.898508
vt 0.249179 0.884189
vt 0.242352 0.871443
vt 0.240323 0.888374
vt 0.234783 0.875022
vt 0.246551 0.903375
vt 0.235826 0.907212
vt 0.231105 0.891672
vt 0.226903 0.877842
vt 0.221612 0.894059
vt 0.218790 0.879882
vt 0.224780 0.909990
vt 0.213518 0.911677
vt 0.211932 0.895512
vt 0.210516 0.881124
vt 0.202153 0.896007
vt 0.202154 0.881552
vt 0.202144 0.912247
vt 0.190772 0.911694
vt 0.192372 0.895538
vt 0.193789 0.881156
vt 0.182685 0.894104
vt 0.185503 0.879931
vt 0.179512 0.910022
vt 0.168470 0.907256
vt 0.173187 0.891727
vt 0.177379 0.877899
vt 0.163969 0.888435
vt 0.169496 0.875083
vt 0.157754 0.903427
vt 0.147478 0.898561
vt 0.155127 0.884252
vt 0.161934 0.871509
vt 0.146753 0.879213
vt 0.154767 0.867205
vt 0.137749 0.892694
vt 0.128640 0.885909
vt 0.138911 0.873381
vt 0.148057 0.862223
vt 0.131666 0.866827
vt 0.141859 0.856619
vt 0.120219 0.878290
vt 0.112574 0.869895
vt 0.125091 0.859602
vt 0.136236 0.850439
vt 0.119259 0.851761
vt 0.131248 0.843733
vt 0.105797 0.860782
vt 0.099950 0.851045
vt 0.114228 0.843383
vt 0.126944 0.836566
vt 0.110047 0.834555
vt 0.123367 0.829013
vt 0.095087 0.840784
vt 0.091260 0.830099
vt 0.106755 0.825363
vt 0.120550 0.821149
vt 0.104383 0.815895
vt 0.118516 0.813051
vt 0.088509 0.819092
vt 0.086835 0.807869
vt 0.102939 0.806242
vt 0.117278 0.804795
vt 0.102428 0.796492
vt 0.116846 0.796455
vt 0.086236 0.796536
vt 0.086739 0.785199
vt 0.102868 0.786738
vt 0.117228 0.788111
vt 0.104270 0.777072
vt 0.118429 0.779843
vt 0.088364 0.773962
vt 0.091088 0.762931
vt 0.106616 0.767585
vt 0.120435 0.771730
vt 0.109877 0.758368
vt 0.123227 0.763851
vt 0.094878 0.752212
vt 0.099706 0.741916
vt 0.114029 0.749516
vt 0.126781 0.756283
vt 0.119043 0.741116
vt 0.131068 0.749102
vt 0.105536 0.732147
vt 0.259732 0.843458
vt 0.262145 0.845431
vt 0.257034 0.851091
vt 0.254827 0.848892
vt 0.251394 0.856223
vt 0.249414 0.853819
vt 0.127925 0.789134
vt 0.124829 0.788838
vt 0.125922 0.781309
vt 0.128974 0.781907
vt 0.127748 0.773923
vt 0.130725 0.774817
vt 0.166790 0.730675
vt 0.165316 0.727933
vt 0.172196 0.724667
vt 0.173392 0.727540
vt 0.179356 0.722094
vt 0.180265 0.725068
vt 0.267841 0.831291
vt 0.270595 0.832755
vt 0.266681 0.839300
vt 0.264084 0.837573
vt 0.127957 0.803720
vt 0.124866 0.804031
vt 0.124476 0.796437
vt 0.127585 0.796429
vt 0.182298 0.731695
vt 0.182575 0.732594
vt 0.176432 0.734811
vt 0.176068 0.733942
vt 0.182771 0.733234
vt 0.176690 0.735430
vt 0.170848 0.738210
vt 0.170531 0.737619
vt 0.170084 0.736789
vt 0.273410 0.817770
vt 0.276394 0.818667
vt 0.273843 0.825853
vt 0.270960 0.824668
vt 0.130825 0.818014
vt 0.127851 0.818921
vt 0.125995 0.811548
vt 0.129041 0.810937
vt 0.154662 0.738816
vt 0.152682 0.736416
vt 0.158790 0.731862
vt 0.160525 0.734446
vt 0.276216 0.803431
vt 0.279317 0.803727
vt 0.278223 0.811267
vt 0.275166 0.810668
vt 0.136416 0.831489
vt 0.133673 0.832959
vt 0.130418 0.826081
vt 0.133290 0.824887
vt 0.276178 0.788829
vt 0.279278 0.788515
vt 0.279670 0.796120
vt 0.276555 0.796129
vt 0.144534 0.843616
vt 0.142133 0.845591
vt 0.137592 0.839484
vt 0.140175 0.837753
vt 0.273291 0.774508
vt 0.276269 0.773596
vt 0.278139 0.780983
vt 0.275086 0.781599
vt 0.154868 0.853913
vt 0.152897 0.856318
vt 0.147253 0.851217
vt 0.149449 0.849017
vt 0.267668 0.761011
vt 0.270413 0.759535
vt 0.273686 0.766422
vt 0.270810 0.767622
vt 0.167002 0.862017
vt 0.165535 0.864765
vt 0.159009 0.860850
vt 0.160737 0.858261
vt 0.259516 0.748875
vt 0.261916 0.746893
vt 0.266476 0.753003
vt 0.263891 0.754740
vt 0.180497 0.867599
vt 0.179596 0.870580
vt 0.172420 0.868017
vt 0.173610 0.865139
vt 0.249147 0.738584
vt 0.251116 0.736172
vt 0.256778 0.741267
vt 0.254583 0.743475
vt 0.194838 0.870443
vt 0.194536 0.873544
vt 0.186992 0.872430
vt 0.187597 0.869375
vt 0.236986 0.730502
vt 0.238447 0.727751
vt 0.244986 0.731651
vt 0.243263 0.734246
vt 0.209455 0.870413
vt 0.209764 0.873512
vt 0.202152 0.873903
vt 0.202149 0.870788
vt 0.223482 0.724950
vt 0.224376 0.721970
vt 0.231554 0.724516
vt 0.230371 0.727395
vt 0.223772 0.867546
vt 0.224680 0.870525
vt 0.217296 0.872382
vt 0.216685 0.869329
vt 0.209148 0.722135
vt 0.209445 0.719039
vt 0.216982 0.720136
vt 0.216384 0.723189
vt 0.237267 0.861951
vt 0.238739 0.864698
vt 0.231851 0.867957
vt 0.230655 0.865080
vt 0.136279 0.761326
vt 0.133530 0.759866
vt 0.137432 0.753330
vt 0.140025 0.755053
vt 0.141955 0.747205
vt 0.144366 0.749174
vt 0.194555 0.722190
vt 0.194243 0.719097
vt 0.201840 0.718694
vt 0.201848 0.721804
vt 0.245276 0.860774
vt 0.243541 0.858185
vt 0.130292 0.766753
vt 0.133168 0.767935
vt 0.186727 0.720233
vt 0.187340 0.723281
vt 0.099029 0.642421
vt 0.094452 0.635464
vt 0.110734 0.625736
vt 0.114609 0.633094
vt 0.018063 0.814847
vt 0.017100 0.796752
vt 0.009841 0.815712
vt 0.008809 0.796828
vt 0.009615 0.777934
vt 0.017894 0.778656
vt 0.365878 0.883307
vt 0.356525 0.899076
vt 0.373341 0.887256
vt 0.363543 0.903764
vt 0.352122 0.919215
vt 0.345639 0.913849
vt 0.038501 0.709373
vt 0.047837 0.693666
vt 0.031051 0.705433
vt 0.040840 0.688992
vt 0.020442 0.760711
vt 0.012252 0.759184
vt 0.016713 0.740735
vt 0.024742 0.743072
vt 0.333329 0.927436
vt 0.339225 0.933414
vt 0.325012 0.946229
vt 0.319748 0.939707
vt 0.148151 0.619212
vt 0.165792 0.614789
vt 0.145777 0.611266
vt 0.164206 0.606670
vt 0.182989 0.603894
vt 0.183772 0.612127
vt 0.030779 0.725901
vt 0.022990 0.722750
vt 0.305053 0.950551
vt 0.309645 0.957550
vt 0.293264 0.967293
vt 0.289383 0.959888
vt 0.201901 0.611270
vt 0.201930 0.602965
vt 0.220840 0.603891
vt 0.219999 0.612188
vt 0.272874 0.967641
vt 0.276007 0.975383
vt 0.258036 0.981743
vt 0.255682 0.973738
vt 0.237894 0.614835
vt 0.239537 0.606664
vt 0.257862 0.611246
vt 0.255436 0.619192
vt 0.131035 0.625336
vt 0.127896 0.617644
vt 0.237971 0.978114
vt 0.239524 0.986299
vt 0.220670 0.989012
vt 0.219927 0.980733
vt 0.272478 0.625237
vt 0.275662 0.617584
vt 0.292775 0.625614
vt 0.288874 0.632910
vt 0.201737 0.981567
vt 0.201675 0.989856
vt 0.182710 0.988838
vt 0.183577 0.980599
vt 0.304468 0.642141
vt 0.309043 0.635265
vt 0.324318 0.646458
vt 0.319092 0.652865
vt 0.165621 0.977824
vt 0.163943 0.985971
vt 0.145553 0.981269
vt 0.148036 0.973297
vt 0.332586 0.665003
vt 0.338450 0.659104
vt 0.351291 0.673096
vt 0.344837 0.678420
vt 0.130987 0.967087
vt 0.127727 0.974762
vt 0.110657 0.966550
vt 0.114652 0.959267
vt 0.355740 0.692972
vt 0.362694 0.688312
vt 0.372541 0.704595
vt 0.365172 0.708528
vt 0.099199 0.949912
vt 0.094523 0.956749
vt 0.079453 0.945464
vt 0.084754 0.939120
vt 0.373015 0.724953
vt 0.380725 0.721777
vt 0.387172 0.739681
vt 0.379198 0.742078
vt 0.071433 0.926993
vt 0.065555 0.932796
vt 0.052937 0.918854
vt 0.059338 0.913641
vt 0.383667 0.759723
vt 0.391822 0.758123
vt 0.394643 0.776902
vt 0.386393 0.777701
vt 0.048574 0.899178
vt 0.041705 0.903749
vt 0.031969 0.887606
vt 0.039237 0.883722
vt 0.387356 0.795831
vt 0.395619 0.795824
vt 0.394770 0.814727
vt 0.386551 0.813950
vt 0.031429 0.867400
vt 0.023836 0.870561
vt 0.017393 0.852775
vt 0.025248 0.850365
vt 0.383977 0.831905
vt 0.392116 0.833465
vt 0.387658 0.851904
vt 0.379653 0.849551
vt 0.020783 0.832782
vt 0.012713 0.834427
vt 0.373606 0.866740
vt 0.381394 0.869899
vt 0.080391 0.731679
vt 0.073555 0.728066
vt 0.080862 0.715776
vt 0.087316 0.720054
vt 0.089338 0.704247
vt 0.095346 0.709152
vt 0.070138 0.756663
vt 0.062736 0.754451
vt 0.067493 0.740999
vt 0.074645 0.743922
vt 0.065008 0.783134
vt 0.057325 0.782400
vt 0.059337 0.768298
vt 0.066916 0.769778
vt 0.065136 0.810065
vt 0.057460 0.810836
vt 0.056709 0.796620
vt 0.064424 0.796602
vt 0.070374 0.836492
vt 0.062991 0.838743
vt 0.059548 0.824924
vt 0.067114 0.823406
vt 0.080712 0.861384
vt 0.073908 0.865027
vt 0.067798 0.852153
vt 0.074926 0.849192
vt 0.095712 0.883767
vt 0.089745 0.888665
vt 0.081245 0.877242
vt 0.087661 0.872949
vt 0.114794 0.902770
vt 0.109894 0.908725
vt 0.099335 0.899178
vt 0.104793 0.893727
vt 0.137142 0.917825
vt 0.133481 0.924621
vt 0.121300 0.917245
vt 0.125600 0.910841
vt 0.162075 0.928171
vt 0.159800 0.935555
vt 0.146361 0.930737
vt 0.149345 0.923614
vt 0.188572 0.933477
vt 0.187777 0.941183
vt 0.173648 0.939053
vt 0.175192 0.931472
vt 0.215629 0.933488
vt 0.216359 0.941208
vt 0.202061 0.941903
vt 0.202095 0.934152
vt 0.242191 0.928196
vt 0.244425 0.935628
vt 0.230527 0.939108
vt 0.229038 0.931495
vt 0.267210 0.917826
vt 0.270859 0.924673
vt 0.257913 0.930800
vt 0.254957 0.923626
vt 0.289687 0.902753
vt 0.294606 0.908749
vt 0.283131 0.917300
vt 0.278826 0.910847
vt 0.308761 0.883555
vt 0.314755 0.888467
vt 0.305174 0.899099
vt 0.299689 0.893619
vt 0.323812 0.861063
vt 0.330644 0.864706
vt 0.323277 0.876971
vt 0.316835 0.872675
vt 0.334151 0.836036
vt 0.341584 0.838282
vt 0.336763 0.851769
vt 0.329600 0.848809
vt 0.339391 0.809467
vt 0.347139 0.810203
vt 0.345060 0.824380
vt 0.337428 0.822879
vt 0.339276 0.782406
vt 0.346989 0.781598
vt 0.347778 0.795894
vt 0.340007 0.795932
vt 0.333848 0.755907
vt 0.341241 0.753611
vt 0.344800 0.767458
vt 0.337212 0.769022
vt 0.323394 0.730976
vt 0.330188 0.727306
vt 0.336350 0.740188
vt 0.329225 0.743186
vt 0.308324 0.708560
vt 0.314290 0.703641
vt 0.322819 0.715081
vt 0.316409 0.719395
vt 0.289149 0.689548
vt 0.294047 0.683561
vt 0.304662 0.693107
vt 0.299202 0.698585
vt 0.266675 0.674602
vt 0.270310 0.667764
vt 0.282563 0.675080
vt 0.278275 0.681525
vt 0.241710 0.664358
vt 0.243936 0.656961
vt 0.257390 0.661708
vt 0.254446 0.668861
vt 0.215223 0.659202
vt 0.215976 0.651515
vt 0.230087 0.653560
vt 0.228592 0.661134
vt 0.188247 0.659249
vt 0.187483 0.651547
vt 0.201731 0.650837
vt 0.201734 0.658569
vt 0.161781 0.664557
vt 0.159526 0.657160
vt 0.173366 0.653661
vt 0.174885 0.661249
vt 0.136856 0.674948
vt 0.133213 0.668134
vt 0.146105 0.662009
vt 0.149067 0.669145
vt 0.114398 0.689957
vt 0.109480 0.683964
vt 0.120959 0.675463
vt 0.125257 0.681898
vt 0.098907 0.693598
vt 0.104399 0.699079
vt 0.149734 0.753552
vt 0.150462 0.754148
vt 0.146581 0.759403
vt 0.145798 0.758882
vt 0.150981 0.754573
vt 0.147139 0.759775
vt 0.143828 0.765329
vt 0.143237 0.765014
vt 0.142404 0.764572
vt 0.147054 0.741548
vt 0.149260 0.743743
vt 0.208492 0.729041
vt 0.208402 0.729982
vt 0.201873 0.729677
vt 0.201870 0.728735
vt 0.208337 0.730653
vt 0.201874 0.730347
vt 0.195419 0.730676
vt 0.195352 0.730013
vt 0.195257 0.729080
vt 0.221496 0.731593
vt 0.221225 0.732497
vt 0.214875 0.730925
vt 0.215056 0.729997
vt 0.221032 0.733141
vt 0.214746 0.731587
vt 0.233740 0.736630
vt 0.233299 0.737462
vt 0.227385 0.734685
vt 0.227742 0.733813
vt 0.232984 0.738054
vt 0.227130 0.735305
vt 0.244770 0.743949
vt 0.244174 0.744678
vt 0.238914 0.740801
vt 0.239434 0.740018
vt 0.243749 0.745197
vt 0.238542 0.741359
vt 0.254156 0.753301
vt 0.253427 0.753903
vt 0.249026 0.749060
vt 0.249692 0.748392
vt 0.252908 0.754330
vt 0.248551 0.749536
vt 0.261548 0.764311
vt 0.260717 0.764759
vt 0.257336 0.759153
vt 0.258121 0.758625
vt 0.260125 0.765077
vt 0.256778 0.759527
vt 0.266657 0.776548
vt 0.265754 0.776825
vt 0.263532 0.770669
vt 0.264403 0.770305
vt 0.265112 0.777022
vt 0.262912 0.770927
vt 0.269272 0.789538
vt 0.268335 0.789634
vt 0.267359 0.783168
vt 0.268283 0.782980
vt 0.267669 0.789701
vt 0.266701 0.783301
vt 0.269312 0.802776
vt 0.268377 0.802687
vt 0.268677 0.796160
vt 0.269616 0.796156
vt 0.267713 0.802623
vt 0.268010 0.796162
vt 0.266763 0.815779
vt 0.265856 0.815507
vt 0.267433 0.809157
vt 0.268359 0.809339
vt 0.265209 0.815311
vt 0.266774 0.809026
vt 0.261707 0.828040
vt 0.260873 0.827597
vt 0.263661 0.821674
vt 0.264536 0.822034
vt 0.260279 0.827280
vt 0.263037 0.821417
vt 0.254360 0.839071
vt 0.253631 0.838474
vt 0.257520 0.833215
vt 0.258304 0.833737
vt 0.253112 0.838048
vt 0.256962 0.832842
vt 0.244990 0.848453
vt 0.244390 0.847723
vt 0.249238 0.843324
vt 0.249906 0.843992
vt 0.243963 0.847203
vt 0.248763 0.842849
vt 0.233974 0.855833
vt 0.233528 0.855002
vt 0.239136 0.851629
vt 0.239663 0.852414
vt 0.233211 0.854409
vt 0.238763 0.851070
vt 0.221737 0.860911
vt 0.221461 0.860010
vt 0.227616 0.857803
vt 0.227979 0.858674
vt 0.221266 0.859369
vt 0.227359 0.857183
vt 0.208755 0.863506
vt 0.208661 0.862571
vt 0.215123 0.861604
vt 0.215309 0.862525
vt 0.208595 0.861907
vt 0.214992 0.860950
vt 0.195505 0.863528
vt 0.195596 0.862586
vt 0.202131 0.862899
vt 0.202132 0.863842
vt 0.195662 0.861914
vt 0.202131 0.862228
vt 0.182497 0.860956
vt 0.182769 0.860052
vt 0.189119 0.861634
vt 0.188937 0.862563
vt 0.182963 0.859408
vt 0.189250 0.860972
vt 0.170261 0.855897
vt 0.170703 0.855066
vt 0.176612 0.857854
vt 0.176253 0.858725
vt 0.171019 0.854475
vt 0.176868 0.857234
vt 0.159252 0.848562
vt 0.159848 0.847835
vt 0.165097 0.851718
vt 0.164575 0.852500
vt 0.160273 0.847317
vt 0.165469 0.851161
vt 0.149891 0.839205
vt 0.150621 0.838606
vt 0.155008 0.843449
vt 0.154342 0.844115
vt 0.151140 0.838180
vt 0.155483 0.842974
vt 0.142529 0.828204
vt 0.143359 0.827758
vt 0.146725 0.833359
vt 0.145941 0.833884
vt 0.143950 0.827442
vt 0.147283 0.832986
vt 0.137447 0.815987
vt 0.138348 0.815712
vt 0.140558 0.821857
vt 0.139689 0.822219
vt 0.138989 0.815517
vt 0.141177 0.821600
vt 0.134844 0.803019
vt 0.135780 0.802925
vt 0.136751 0.809380
vt 0.135828 0.809566
vt 0.136447 0.802858
vt 0.137408 0.809249
vt 0.134819 0.789795
vt 0.135754 0.789885
vt 0.135448 0.796406
vt 0.134508 0.796408
vt 0.136421 0.789950
vt 0.136117 0.796405
vt 0.137366 0.776811
vt 0.138270 0.777083
vt 0.136698 0.783424
vt 0.135774 0.783241
vt 0.138912 0.777277
vt 0.137355 0.783554
vt 0.140457 0.770927
vt 0.139584 0.770568
vt 0.141077 0.771183
vt 0.188900 0.730990
vt 0.188713 0.730070
vt 0.189032 0.731643
vt 0.240340 0.842797
vt 0.241564 0.844284
vt 0.236661 0.847928
vt 0.235588 0.846327
vt 0.242758 0.845735
vt 0.237707 0.849491
vt 0.232315 0.852734
vt 0.231426 0.851075
vt 0.230515 0.849376
vt 0.144365 0.778925
vt 0.142524 0.778369
vt 0.144566 0.772624
vt 0.146345 0.773358
vt 0.140727 0.777826
vt 0.142830 0.771907
vt 0.145503 0.766222
vt 0.147162 0.767107
vt 0.148861 0.768013
vt 0.184437 0.738676
vt 0.183874 0.736839
vt 0.189775 0.735340
vt 0.190154 0.737224
vt 0.183325 0.735046
vt 0.189405 0.733500
vt 0.195607 0.732562
vt 0.195795 0.734430
vt 0.195987 0.736344
vt 0.248692 0.834423
vt 0.250185 0.835647
vt 0.246087 0.840177
vt 0.244722 0.838815
vt 0.251642 0.836842
vt 0.247419 0.841506
vt 0.142090 0.790503
vt 0.140175 0.790317
vt 0.141057 0.784286
vt 0.142943 0.784659
vt 0.138307 0.790135
vt 0.139215 0.783922
vt 0.173549 0.743231
vt 0.172636 0.741536
vt 0.178143 0.738911
vt 0.178884 0.740686
vt 0.171746 0.739882
vt 0.177419 0.737180
vt 0.255242 0.824589
vt 0.256943 0.825498
vt 0.253814 0.830739
vt 0.252209 0.829667
vt 0.258603 0.826385
vt 0.255381 0.831786
vt 0.142109 0.802296
vt 0.140197 0.802487
vt 0.139888 0.796403
vt 0.141810 0.796401
vt 0.138332 0.802672
vt 0.138012 0.796404
vt 0.157306 0.759750
vt 0.158994 0.761131
vt 0.155696 0.765477
vt 0.153938 0.764307
vt 0.164655 0.765756
vt 0.161407 0.769275
vt 0.159408 0.773622
vt 0.152955 0.770191
vt 0.151034 0.769170
vt 0.259747 0.813662
vt 0.261591 0.814218
vt 0.259542 0.819972
vt 0.257762 0.819236
vt 0.263390 0.814761
vt 0.261280 0.820690
vt 0.144433 0.813858
vt 0.142595 0.814419
vt 0.141103 0.808511
vt 0.142986 0.808134
vt 0.140802 0.814966
vt 0.139266 0.808879
vt 0.163736 0.749819
vt 0.162513 0.748335
vt 0.167409 0.744688
vt 0.168482 0.746285
vt 0.161319 0.746886
vt 0.166362 0.743129
vt 0.262035 0.802074
vt 0.263953 0.802259
vt 0.263067 0.808295
vt 0.261176 0.807923
vt 0.265825 0.802440
vt 0.264911 0.808658
vt 0.148969 0.824750
vt 0.147274 0.825660
vt 0.144658 0.820153
vt 0.146434 0.819414
vt 0.145619 0.826547
vt 0.142926 0.820874
vt 0.262002 0.790271
vt 0.263916 0.790079
vt 0.264235 0.796168
vt 0.262310 0.796172
vt 0.265784 0.789891
vt 0.266115 0.796165
vt 0.155543 0.834563
vt 0.154057 0.835783
vt 0.150418 0.830887
vt 0.152016 0.829817
vt 0.152607 0.836975
vt 0.148858 0.831931
vt 0.259660 0.778693
vt 0.261500 0.778129
vt 0.263001 0.784046
vt 0.261116 0.784426
vt 0.263295 0.777578
vt 0.264841 0.783676
vt 0.163894 0.842904
vt 0.162672 0.844394
vt 0.158154 0.840302
vt 0.159515 0.838940
vt 0.161479 0.845849
vt 0.156826 0.841631
vt 0.255099 0.767780
vt 0.256796 0.766867
vt 0.259424 0.772383
vt 0.257647 0.773126
vt 0.258453 0.765976
vt 0.261159 0.771659
vt 0.173707 0.849445
vt 0.172799 0.851144
vt 0.167569 0.848018
vt 0.168639 0.846416
vt 0.171913 0.852802
vt 0.166524 0.849583
vt 0.248503 0.757958
vt 0.249989 0.756734
vt 0.253640 0.761634
vt 0.252040 0.762707
vt 0.251440 0.755539
vt 0.255201 0.760586
vt 0.184618 0.853948
vt 0.184060 0.855791
vt 0.178313 0.853743
vt 0.179049 0.851964
vt 0.183514 0.857590
vt 0.177594 0.855480
vt 0.240132 0.749619
vt 0.241353 0.748126
vt 0.245881 0.752216
vt 0.244521 0.753581
vt 0.242545 0.746668
vt 0.247209 0.750883
vt 0.196219 0.856240
vt 0.196031 0.858154
vt 0.189987 0.857266
vt 0.190362 0.855378
vt 0.195848 0.860023
vt 0.189620 0.859108
vt 0.230304 0.743089
vt 0.231209 0.741389
vt 0.236447 0.744507
vt 0.235378 0.746112
vt 0.232092 0.739729
vt 0.237490 0.742940
vt 0.208033 0.856232
vt 0.208223 0.858149
vt 0.202130 0.858450
vt 0.202128 0.856525
vt 0.208408 0.860020
vt 0.202131 0.860330
vt 0.219385 0.738602
vt 0.219941 0.736758
vt 0.225690 0.738797
vt 0.224957 0.740578
vt 0.220483 0.734959
vt 0.226406 0.737060
vt 0.219609 0.853919
vt 0.220169 0.855759
vt 0.214255 0.857248
vt 0.213878 0.855361
vt 0.220715 0.857554
vt 0.214622 0.859090
vt 0.207787 0.736324
vt 0.207972 0.734411
vt 0.214014 0.735292
vt 0.213642 0.737180
vt 0.208153 0.732543
vt 0.214378 0.733450
vt 0.225911 0.853694
vt 0.225172 0.851915
vt 0.226632 0.855429
vt 0.150284 0.761872
vt 0.151889 0.762942
vt 0.148719 0.760828
vt 0.152450 0.755776
vt 0.153907 0.756968
vt 0.155399 0.758189
vt 0.201879 0.734121
vt 0.201883 0.736045
vt 0.201876 0.732244
vt 0.174718 0.745401
vt 0.175751 0.747324
vt 0.171041 0.750093
vt 0.169858 0.748332
vt 0.179210 0.753765
vt 0.174866 0.755793
vt 0.171349 0.759055
vt 0.166697 0.753410
vt 0.165306 0.751722
vt 0.157997 0.752442
vt 0.159361 0.753801
vt 0.156665 0.751115
vt 0.196233 0.738791
vt 0.196450 0.740956
vt 0.191057 0.741704
vt 0.190640 0.739634
vt 0.197183 0.748229
vt 0.192409 0.748430
vt 0.187931 0.750103
vt 0.185795 0.743111
vt 0.185158 0.741027
vt 0.207550 0.738777
vt 0.207340 0.740952
vt 0.201890 0.740622
vt 0.201887 0.738506
vt 0.206640 0.748234
vt 0.201906 0.747485
vt 0.218676 0.740962
vt 0.218048 0.743052
vt 0.212757 0.741680
vt 0.213166 0.739599
vt 0.215941 0.750055
vt 0.211433 0.748417
vt 0.229149 0.745262
vt 0.228129 0.747184
vt 0.223217 0.744811
vt 0.224020 0.742856
vt 0.224698 0.753638
vt 0.220606 0.751155
vt 0.238573 0.751527
vt 0.237194 0.753216
vt 0.232845 0.749921
vt 0.234015 0.748162
vt 0.232570 0.758880
vt 0.229048 0.755635
vt 0.246600 0.759527
vt 0.244914 0.760917
vt 0.241287 0.756829
vt 0.242781 0.755328
vt 0.239271 0.765571
vt 0.236446 0.761695
vt 0.252923 0.768951
vt 0.250995 0.769987
vt 0.248228 0.765267
vt 0.249991 0.764084
vt 0.244549 0.773450
vt 0.242527 0.769095
vt 0.257303 0.779416
vt 0.255214 0.780056
vt 0.253410 0.774896
vt 0.255370 0.774078
vt 0.248216 0.782192
vt 0.247070 0.777537
vt 0.259551 0.790518
vt 0.257380 0.790736
vt 0.256624 0.785332
vt 0.258701 0.784914
vt 0.250099 0.791466
vt 0.249891 0.786683
vt 0.259581 0.801837
vt 0.257409 0.801626
vt 0.257727 0.796180
vt 0.259845 0.796177
vt 0.250124 0.800923
vt 0.250860 0.796192
vt 0.257387 0.812951
vt 0.255299 0.812321
vt 0.256680 0.807036
vt 0.258758 0.807446
vt 0.248294 0.810211
vt 0.249941 0.805710
vt 0.253069 0.823429
vt 0.251147 0.822406
vt 0.253531 0.817490
vt 0.255485 0.818296
vt 0.244691 0.818971
vt 0.247184 0.814876
vt 0.246783 0.832859
vt 0.245094 0.831477
vt 0.248399 0.827125
vt 0.250159 0.828298
vt 0.239429 0.826846
vt 0.242684 0.823323
vt 0.238771 0.840892
vt 0.237380 0.839203
vt 0.241471 0.835573
vt 0.242975 0.837072
vt 0.232727 0.833554
vt 0.236605 0.830725
vt 0.229350 0.847204
vt 0.228319 0.845283
vt 0.233033 0.842519
vt 0.234214 0.844279
vt 0.224861 0.838839
vt 0.229208 0.836817
vt 0.218890 0.851560
vt 0.218253 0.849470
vt 0.223412 0.847683
vt 0.224225 0.849639
vt 0.216118 0.842472
vt 0.220776 0.841345
vt 0.207789 0.853781
vt 0.207573 0.851612
vt 0.212978 0.850868
vt 0.213395 0.852945
vt 0.206845 0.844336
vt 0.211628 0.844138
vt 0.196459 0.853786
vt 0.196671 0.851610
vt 0.202125 0.851943
vt 0.202127 0.854061
vt 0.197377 0.844328
vt 0.202115 0.845079
vt 0.185331 0.851588
vt 0.185961 0.849499
vt 0.191252 0.850877
vt 0.190841 0.852958
vt 0.188075 0.842498
vt 0.192582 0.844141
vt 0.174865 0.847274
vt 0.175887 0.845355
vt 0.180795 0.847734
vt 0.179989 0.849687
vt 0.179323 0.838905
vt 0.183411 0.841392
vt 0.165454 0.841000
vt 0.166834 0.839314
vt 0.171176 0.842612
vt 0.170005 0.844369
vt 0.171463 0.833655
vt 0.174978 0.836903
vt 0.157445 0.832999
vt 0.159130 0.831611
vt 0.162749 0.835698
vt 0.161254 0.837197
vt 0.164775 0.826963
vt 0.167593 0.830838
vt 0.151141 0.823584
vt 0.153065 0.822551
vt 0.155825 0.827264
vt 0.154063 0.828445
vt 0.159509 0.819093
vt 0.161525 0.823442
vt 0.146785 0.813139
vt 0.148867 0.812503
vt 0.150660 0.817652
vt 0.148706 0.818466
vt 0.155858 0.810370
vt 0.156994 0.815016
vt 0.144557 0.802051
vt 0.146729 0.801833
vt 0.147472 0.807234
vt 0.145398 0.807650
vt 0.154004 0.801104
vt 0.154199 0.805884
vt 0.144538 0.790740
vt 0.146706 0.790949
vt 0.146386 0.796392
vt 0.144271 0.796397
vt 0.153980 0.791651
vt 0.153247 0.796379
vt 0.146724 0.779636
vt 0.148815 0.780265
vt 0.147435 0.785545
vt 0.145359 0.785135
vt 0.155816 0.782373
vt 0.154167 0.786870
vt 0.150579 0.775102
vt 0.148622 0.774297
vt 0.156923 0.777713
vt 0.159086 0.744173
vt 0.159687 0.744902
vt 0.154847 0.749300
vt 0.154179 0.748634
vt 0.160113 0.745421
vt 0.155322 0.749774
vt 0.180649 0.744911
vt 0.179834 0.742958
vt 0.183286 0.751245
vt 0.202029 0.796285
vt 0.176939 0.775791
vt 0.175863 0.770235
vt 0.181434 0.771293
vt 0.164655 0.765756
vt 0.167474 0.761882
vt 0.171349 0.759055
vt 0.181434 0.771293
vt 0.167474 0.761882
vt 0.181434 0.771293
vt 0.181461 0.765624
vt 0.186710 0.767741
vt 0.171349 0.759055
vt 0.174866 0.755793
vt 0.179210 0.753765
vt 0.186710 0.767741
vt 0.186710 0.767741
vt 0.187836 0.762179
vt 0.192564 0.765282
vt 0.179210 0.753765
vt 0.183286 0.751245
vt 0.187931 0.750103
vt 0.192564 0.765282
vt 0.183286 0.751245
vt 0.194744 0.760046
vt 0.198776 0.764024
vt 0.192409 0.748430
vt 0.197183 0.748229
vt 0.198776 0.764024
vt 0.198776 0.764024
vt 0.201935 0.759332
vt 0.205124 0.764028
vt 0.197183 0.748229
vt 0.201906 0.747485
vt 0.198776 0.764024
vt 0.206640 0.748234
vt 0.205124 0.764028
vt 0.205124 0.764028
vt 0.209150 0.760039
vt 0.211368 0.765250
vt 0.206640 0.748234
vt 0.211433 0.748417
vt 0.205124 0.764028
vt 0.215941 0.750055
vt 0.211368 0.765250
vt 0.211433 0.748417
vt 0.211368 0.765250
vt 0.216097 0.762110
vt 0.217248 0.767655
vt 0.215941 0.750055
vt 0.220606 0.751155
vt 0.211368 0.765250
vt 0.217248 0.767655
vt 0.220606 0.751155
vt 0.222489 0.765502
vt 0.222532 0.771174
vt 0.224698 0.753638
vt 0.229048 0.755635
vt 0.217248 0.767655
vt 0.232570 0.758880
vt 0.222532 0.771174
vt 0.228090 0.770093
vt 0.227029 0.775667
vt 0.232570 0.758880
vt 0.236446 0.761695
vt 0.239271 0.765571
vt 0.236446 0.761695
vt 0.227029 0.775667
vt 0.232694 0.775697
vt 0.230572 0.780957
vt 0.239271 0.765571
vt 0.242527 0.769095
vt 0.244549 0.773450
vt 0.230572 0.780957
vt 0.242527 0.769095
vt 0.236134 0.782089
vt 0.233034 0.786825
vt 0.247070 0.777537
vt 0.248216 0.782192
vt 0.233034 0.786825
vt 0.247070 0.777537
vt 0.238272 0.789014
vt 0.234299 0.793050
vt 0.249891 0.786683
vt 0.233034 0.786825
vt 0.250099 0.791466
vt 0.234299 0.793050
vt 0.249891 0.786683
vt 0.239005 0.796215
vt 0.234316 0.799398
vt 0.250099 0.791466
vt 0.250860 0.796192
vt 0.250124 0.800923
vt 0.234316 0.799399
vt 0.238310 0.803421
vt 0.233088 0.805634
vt 0.250124 0.800923
vt 0.248294 0.810211
vt 0.233088 0.805634
vt 0.249941 0.805710
vt 0.233088 0.805634
vt 0.236223 0.810363
vt 0.230670 0.811515
vt 0.248294 0.810211
vt 0.247184 0.814876
vt 0.233088 0.805634
vt 0.244691 0.818971
vt 0.230670 0.811515
vt 0.247184 0.814876
vt 0.230670 0.811515
vt 0.232815 0.816759
vt 0.227136 0.816801
vt 0.244691 0.818971
vt 0.242684 0.823323
vt 0.239429 0.826846
vt 0.242684 0.823323
vt 0.227136 0.816801
vt 0.228210 0.822363
vt 0.222636 0.821304
vt 0.239429 0.826846
vt 0.236605 0.830725
vt 0.232727 0.833554
vt 0.222636 0.821304
vt 0.222610 0.826977
vt 0.217356 0.824852
vt 0.232727 0.833554
vt 0.229208 0.836818
vt 0.222636 0.821304
vt 0.224861 0.838839
vt 0.229208 0.836818
vt 0.217356 0.824852
vt 0.216225 0.830406
vt 0.211487 0.827291
vt 0.224861 0.838839
vt 0.217356 0.824852
vt 0.216118 0.842472
vt 0.211487 0.827291
vt 0.220776 0.841345
vt 0.211487 0.827291
vt 0.209297 0.832521
vt 0.205262 0.828543
vt 0.216118 0.842472
vt 0.211628 0.844138
vt 0.206845 0.844337
vt 0.205262 0.828542
vt 0.211628 0.844138
vt 0.202094 0.833233
vt 0.198906 0.828537
vt 0.206845 0.844337
vt 0.205262 0.828542
vt 0.197377 0.844328
vt 0.198906 0.828537
vt 0.202115 0.845079
vt 0.194875 0.832522
vt 0.192661 0.827309
vt 0.197377 0.844328
vt 0.192582 0.844141
vt 0.188075 0.842498
vt 0.192661 0.827309
vt 0.192582 0.844141
vt 0.187930 0.830443
vt 0.186786 0.824897
vt 0.188075 0.842498
vt 0.183411 0.841392
vt 0.192661 0.827309
vt 0.179323 0.838905
vt 0.186786 0.824898
vt 0.183411 0.841392
vt 0.181544 0.827044
vt 0.181509 0.821373
vt 0.179323 0.838905
vt 0.174978 0.836903
vt 0.186786 0.824897
vt 0.171463 0.833655
vt 0.181509 0.821373
vt 0.181509 0.821373
vt 0.175953 0.822450
vt 0.177020 0.816880
vt 0.171463 0.833655
vt 0.167593 0.830838
vt 0.181509 0.821373
vt 0.164775 0.826963
vt 0.171359 0.816848
vt 0.173485 0.811597
vt 0.164775 0.826963
vt 0.161525 0.823442
vt 0.177020 0.816880
vt 0.159509 0.819093
vt 0.173485 0.811597
vt 0.167927 0.810469
vt 0.171033 0.805740
vt 0.159509 0.819093
vt 0.156994 0.815016
vt 0.155858 0.810370
vt 0.171033 0.805740
vt 0.171033 0.805740
vt 0.165810 0.803554
vt 0.169789 0.799520
vt 0.154199 0.805884
vt 0.171033 0.805740
vt 0.154004 0.801104
vt 0.169789 0.799520
vt 0.154199 0.805884
vt 0.169789 0.799520
vt 0.165089 0.796356
vt 0.169773 0.793174
vt 0.154004 0.801104
vt 0.153247 0.796379
vt 0.169789 0.799520
vt 0.153980 0.791651
vt 0.169773 0.793174
vt 0.153247 0.796379
vt 0.165786 0.789155
vt 0.171005 0.786946
vt 0.153980 0.791651
vt 0.154167 0.786870
vt 0.155816 0.782373
vt 0.171005 0.786946
vt 0.167873 0.782221
vt 0.173416 0.781071
vt 0.155816 0.782373
vt 0.156923 0.777713
vt 0.171005 0.786946
vt 0.159408 0.773622
vt 0.173416 0.781071
vt 0.173416 0.781071
vt 0.171268 0.775832
vt 0.176939 0.775791
vt 0.164655 0.765756
vt 0.176939 0.775791
vt 0.161407 0.769275
vt 0.154662 0.738816
vt 0.155953 0.740379
vt 0.150698 0.745171
vt 0.149260 0.743743
vt 0.157101 0.741767
vt 0.151975 0.746439
vt 0.147332 0.751590
vt 0.145938 0.750455
vt 0.144366 0.749174
vt 0.158186 0.743082
vt 0.153181 0.747638
vt 0.148646 0.752662
vt 0.167751 0.732464
vt 0.161657 0.736130
vt 0.160525 0.734446
vt 0.168605 0.734050
vt 0.162664 0.737625
vt 0.169414 0.735548
vt 0.163616 0.739039
vt 0.164406 0.740212
vt 0.180265 0.725068
vt 0.180857 0.727006
vt 0.174173 0.729413
vt 0.173392 0.727540
vt 0.181383 0.728725
vt 0.174866 0.731075
vt 0.181883 0.730349
vt 0.175523 0.732642
vt 0.194555 0.722190
vt 0.194758 0.724202
vt 0.187739 0.725265
vt 0.187340 0.723281
vt 0.194939 0.725989
vt 0.188094 0.727025
vt 0.195112 0.727678
vt 0.188432 0.728690
vt 0.209148 0.722135
vt 0.208955 0.724153
vt 0.201853 0.723829
vt 0.201848 0.721804
vt 0.208784 0.725944
vt 0.201858 0.725627
vt 0.208624 0.727636
vt 0.201864 0.727325
vt 0.223482 0.724950
vt 0.222900 0.726890
vt 0.215994 0.725178
vt 0.216384 0.723189
vt 0.222385 0.728611
vt 0.215650 0.726943
vt 0.221899 0.730240
vt 0.215326 0.728611
vt 0.236986 0.730502
vt 0.236035 0.732294
vt 0.229601 0.729270
vt 0.230371 0.727395
vt 0.235192 0.733884
vt 0.228919 0.730934
vt 0.234398 0.735385
vt 0.228275 0.732507
vt 0.249147 0.738584
vt 0.247867 0.740154
vt 0.242142 0.735935
vt 0.243263 0.734246
vt 0.246732 0.741545
vt 0.241148 0.737432
vt 0.245659 0.742859
vt 0.240211 0.738846
vt 0.259516 0.748875
vt 0.257952 0.750167
vt 0.253155 0.744912
vt 0.254583 0.743475
vt 0.256564 0.751314
vt 0.251888 0.746187
vt 0.255249 0.752401
vt 0.250688 0.747392
vt 0.267668 0.761011
vt 0.265879 0.761974
vt 0.262206 0.755874
vt 0.263891 0.754741
vt 0.264291 0.762830
vt 0.260710 0.756882
vt 0.262792 0.763640
vt 0.259295 0.757835
vt 0.273291 0.774508
vt 0.271352 0.775102
vt 0.268937 0.768405
vt 0.270810 0.767622
vt 0.269632 0.775630
vt 0.267276 0.769100
vt 0.268006 0.776131
vt 0.265706 0.769758
vt 0.276178 0.788829
vt 0.274159 0.789034
vt 0.273098 0.782001
vt 0.275086 0.781599
vt 0.272367 0.789218
vt 0.271333 0.782358
vt 0.270675 0.789392
vt 0.269666 0.782698
vt 0.276216 0.803431
vt 0.274199 0.803238
vt 0.274527 0.796135
vt 0.276555 0.796129
vt 0.272409 0.803068
vt 0.272727 0.796142
vt 0.270716 0.802908
vt 0.271026 0.796149
vt 0.273410 0.817770
vt 0.271468 0.817188
vt 0.273177 0.810279
vt 0.275166 0.810668
vt 0.269745 0.816672
vt 0.271413 0.809934
vt 0.268116 0.816185
vt 0.269744 0.809609
vt 0.266047 0.830339
vt 0.269083 0.823897
vt 0.270960 0.824668
vt 0.264456 0.829497
vt 0.267417 0.823215
vt 0.262953 0.828701
vt 0.265843 0.822570
vt 0.259732 0.843458
vt 0.258159 0.842175
vt 0.262392 0.836450
vt 0.256764 0.841037
vt 0.260892 0.835455
vt 0.255449 0.839962
vt 0.259477 0.834516
vt 0.248123 0.852254
vt 0.253388 0.847461
vt 0.246976 0.850864
vt 0.252111 0.846191
vt 0.245890 0.849547
vt 0.250905 0.844989
vt 0.237267 0.861951
vt 0.236306 0.860163
vt 0.242410 0.856501
vt 0.243541 0.858185
vt 0.235452 0.858577
vt 0.241404 0.855006
vt 0.234644 0.857078
vt 0.240452 0.853590
vt 0.223179 0.865607
vt 0.229874 0.863207
vt 0.222650 0.863886
vt 0.229180 0.861546
vt 0.222151 0.862260
vt 0.228523 0.859976
vt 0.209455 0.870413
vt 0.209252 0.868394
vt 0.216284 0.867340
vt 0.216685 0.869329
vt 0.209069 0.866602
vt 0.215927 0.865576
vt 0.208897 0.864909
vt 0.215589 0.863908
vt 0.194838 0.870443
vt 0.195034 0.868422
vt 0.202145 0.868757
vt 0.202149 0.870788
vt 0.195207 0.866628
vt 0.202141 0.866955
vt 0.195370 0.864934
vt 0.202136 0.865253
vt 0.180497 0.867599
vt 0.181083 0.865659
vt 0.187990 0.867384
vt 0.187597 0.869375
vt 0.181602 0.863937
vt 0.188337 0.865619
vt 0.182091 0.862309
vt 0.188665 0.863949
vt 0.167957 0.860227
vt 0.174385 0.863265
vt 0.173610 0.865139
vt 0.168803 0.858640
vt 0.175070 0.861602
vt 0.169600 0.857140
vt 0.175717 0.860030
vt 0.156151 0.852347
vt 0.161861 0.856575
vt 0.160737 0.858261
vt 0.157287 0.850960
vt 0.162857 0.855081
vt 0.158361 0.849649
vt 0.163797 0.853670
vt 0.144534 0.843616
vt 0.146096 0.842329
vt 0.150878 0.847585
vt 0.149449 0.849017
vt 0.147485 0.841186
vt 0.152145 0.846314
vt 0.148800 0.840103
vt 0.153345 0.845112
vt 0.138203 0.830530
vt 0.141859 0.836624
vt 0.139789 0.829678
vt 0.143354 0.835621
vt 0.141287 0.828872
vt 0.144768 0.834671
vt 0.132759 0.817424
vt 0.135161 0.824109
vt 0.134476 0.816899
vt 0.136820 0.823418
vt 0.136099 0.816401
vt 0.138388 0.822763
vt 0.127957 0.803719
vt 0.129971 0.803516
vt 0.131024 0.810538
vt 0.129041 0.810937
vt 0.131757 0.803334
vt 0.132783 0.810183
vt 0.133445 0.803162
vt 0.134447 0.809846
vt 0.129944 0.789327
vt 0.129612 0.796423
vt 0.127585 0.796429
vt 0.131734 0.789498
vt 0.131409 0.796418
vt 0.133421 0.789660
vt 0.133104 0.796412
vt 0.130725 0.774817
vt 0.132662 0.775398
vt 0.130961 0.782295
vt 0.128974 0.781907
vt 0.134382 0.775914
vt 0.132725 0.782641
vt 0.136012 0.776404
vt 0.134392 0.782969
vt 0.136279 0.761326
vt 0.138069 0.762275
vt 0.135040 0.768703
vt 0.133168 0.767935
vt 0.139657 0.763117
vt 0.136702 0.769385
vt 0.141159 0.763912
vt 0.138277 0.770031
vt 0.141715 0.756174
vt 0.140025 0.755054
vt 0.143213 0.757167
vt 0.144626 0.758104
vt 0.164932 0.740995
vt 0.165306 0.741553
vt 0.160568 0.745973
vt 0.155828 0.750280
vt 0.161319 0.746886
vt 0.156665 0.751115
vt 0.152450 0.755776
vt 0.151534 0.755026
vt 0.171186 0.738840
vt 0.165704 0.742147
vt 0.171746 0.739882
vt 0.166362 0.743129
vt 0.182979 0.733917
vt 0.176964 0.736089
vt 0.183325 0.735046
vt 0.177419 0.737180
vt 0.195489 0.731386
vt 0.189173 0.732342
vt 0.195607 0.732562
vt 0.189405 0.733500
vt 0.208268 0.731367
vt 0.201875 0.731062
vt 0.208153 0.732543
vt 0.220825 0.733827
vt 0.214607 0.732291
vt 0.220483 0.734959
vt 0.214378 0.733450
vt 0.232648 0.738685
vt 0.226857 0.735966
vt 0.232092 0.739729
vt 0.243295 0.745751
vt 0.238146 0.741955
vt 0.242545 0.746668
vt 0.237490 0.742940
vt 0.252354 0.754786
vt 0.248045 0.750044
vt 0.251440 0.755539
vt 0.247209 0.750883
vt 0.259495 0.765415
vt 0.256184 0.759926
vt 0.258453 0.765976
vt 0.264426 0.777231
vt 0.262251 0.771203
vt 0.263295 0.777578
vt 0.261159 0.771659
vt 0.266959 0.789773
vt 0.265999 0.783442
vt 0.264841 0.783676
vt 0.267002 0.802554
vt 0.267297 0.796163
vt 0.266115 0.796165
vt 0.264522 0.815103
vt 0.266072 0.808887
vt 0.264911 0.808658
vt 0.259647 0.826943
vt 0.262374 0.821143
vt 0.258603 0.826385
vt 0.261280 0.820690
vt 0.252558 0.837594
vt 0.256366 0.832444
vt 0.251642 0.836842
vt 0.255381 0.831785
vt 0.243509 0.846650
vt 0.248257 0.842343
vt 0.242758 0.845736
vt 0.247419 0.841506
vt 0.232873 0.853778
vt 0.238365 0.850475
vt 0.232315 0.852734
vt 0.237707 0.849491
vt 0.221058 0.858685
vt 0.227085 0.856522
vt 0.226632 0.855429
vt 0.208525 0.861197
vt 0.214853 0.860250
vt 0.208408 0.860020
vt 0.214622 0.859090
vt 0.195732 0.861200
vt 0.202131 0.861512
vt 0.202131 0.860330
vt 0.183171 0.858722
vt 0.189390 0.860268
vt 0.183514 0.857590
vt 0.189620 0.859108
vt 0.171356 0.853845
vt 0.177142 0.856573
vt 0.177594 0.855480
vt 0.160728 0.846764
vt 0.165867 0.850566
vt 0.161479 0.845849
vt 0.151693 0.837725
vt 0.155990 0.842468
vt 0.156826 0.841631
vt 0.144579 0.827105
vt 0.147877 0.832588
vt 0.148858 0.831931
vt 0.139673 0.815309
vt 0.141836 0.821327
vt 0.140802 0.814966
vt 0.142926 0.820874
vt 0.137158 0.802788
vt 0.138108 0.809110
vt 0.138332 0.802672
vt 0.137132 0.790020
vt 0.136832 0.796405
vt 0.138307 0.790135
vt 0.138012 0.796404
vt 0.139596 0.777484
vt 0.138056 0.783692
vt 0.140727 0.777826
vt 0.139215 0.783922
vt 0.144459 0.765666
vt 0.141738 0.771456
vt 0.145503 0.766223
vt 0.147734 0.760172
vt 0.163736 0.749819
vt 0.164592 0.750857
vt 0.160314 0.754751
vt 0.159361 0.753801
vt 0.165306 0.751722
vt 0.161108 0.755541
vt 0.157306 0.759750
vt 0.156441 0.759042
vt 0.155399 0.758189
vt 0.174187 0.744416
vt 0.169233 0.747402
vt 0.168482 0.746285
vt 0.174718 0.745401
vt 0.169858 0.748332
vt 0.184831 0.739960
vt 0.179403 0.741926
vt 0.185158 0.741027
vt 0.179834 0.742958
vt 0.195987 0.736344
vt 0.196122 0.737682
vt 0.190420 0.738541
vt 0.190154 0.737224
vt 0.196233 0.738791
vt 0.190640 0.739634
vt 0.207787 0.736324
vt 0.207658 0.737663
vt 0.201885 0.737389
vt 0.201883 0.736045
vt 0.207550 0.738777
vt 0.201887 0.738506
vt 0.218997 0.739891
vt 0.213382 0.738500
vt 0.213642 0.737180
vt 0.218676 0.740962
vt 0.213166 0.739599
vt 0.230304 0.743089
vt 0.229672 0.744278
vt 0.224445 0.741823
vt 0.224957 0.740578
vt 0.229149 0.745262
vt 0.240132 0.749619
vt 0.239280 0.750662
vt 0.234633 0.747233
vt 0.235378 0.746112
vt 0.238573 0.751527
vt 0.248503 0.757958
vt 0.247464 0.758814
vt 0.243571 0.754535
vt 0.244521 0.753581
vt 0.246600 0.759527
vt 0.242781 0.755328
vt 0.255099 0.767780
vt 0.253912 0.768418
vt 0.250922 0.763458
vt 0.252923 0.768950
vt 0.259660 0.778693
vt 0.258374 0.779088
vt 0.256404 0.773646
vt 0.257647 0.773126
vt 0.257303 0.779416
vt 0.255370 0.774078
vt 0.262002 0.790271
vt 0.260663 0.790406
vt 0.259797 0.784692
vt 0.259551 0.790518
vt 0.258701 0.784914
vt 0.262035 0.802074
vt 0.260694 0.801945
vt 0.260963 0.796175
vt 0.259581 0.801837
vt 0.259845 0.796177
vt 0.259747 0.813662
vt 0.258458 0.813274
vt 0.259855 0.807663
vt 0.261176 0.807923
vt 0.257387 0.812951
vt 0.258758 0.807446
vt 0.255242 0.824589
vt 0.254054 0.823954
vt 0.256518 0.818722
vt 0.257762 0.819236
vt 0.253069 0.823429
vt 0.255485 0.818296
vt 0.248692 0.834423
vt 0.247649 0.833569
vt 0.251088 0.828918
vt 0.252209 0.829666
vt 0.246783 0.832859
vt 0.250159 0.828298
vt 0.240340 0.842797
vt 0.239484 0.841757
vt 0.243768 0.837863
vt 0.244722 0.838815
vt 0.242975 0.837072
vt 0.229878 0.848189
vt 0.234838 0.845209
vt 0.229350 0.847204
vt 0.234214 0.844279
vt 0.219609 0.853919
vt 0.219217 0.852631
vt 0.224655 0.850672
vt 0.225172 0.851916
vt 0.218890 0.851560
vt 0.224225 0.849639
vt 0.208033 0.856232
vt 0.207900 0.854893
vt 0.213614 0.854042
vt 0.213878 0.855361
vt 0.207790 0.853781
vt 0.213395 0.852945
vt 0.196350 0.854901
vt 0.202127 0.855180
vt 0.202128 0.856525
vt 0.196459 0.853786
vt 0.202127 0.854061
vt 0.185008 0.852659
vt 0.190623 0.854057
vt 0.190362 0.855378
vt 0.185331 0.851588
vt 0.190841 0.852958
vt 0.174340 0.848258
vt 0.179563 0.850719
vt 0.179049 0.851963
vt 0.174865 0.847274
vt 0.179989 0.849687
vt 0.163894 0.842904
vt 0.164747 0.841863
vt 0.169386 0.845297
vt 0.168639 0.846416
vt 0.165454 0.841000
vt 0.170005 0.844369
vt 0.155543 0.834563
vt 0.156581 0.833709
vt 0.160465 0.837988
vt 0.159515 0.838940
vt 0.157445 0.832998
vt 0.161254 0.837197
vt 0.148969 0.824750
vt 0.150155 0.824114
vt 0.153133 0.829068
vt 0.152016 0.829817
vt 0.154063 0.828445
vt 0.145717 0.813465
vt 0.147675 0.818897
vt 0.146434 0.819414
vt 0.148706 0.818467
vt 0.142109 0.802297
vt 0.143445 0.802163
vt 0.144303 0.807869
vt 0.142986 0.808134
vt 0.144557 0.802051
vt 0.145398 0.807650
vt 0.142090 0.790503
vt 0.143428 0.790633
vt 0.143154 0.796399
vt 0.141810 0.796401
vt 0.144538 0.790740
vt 0.144270 0.796397
vt 0.144365 0.778925
vt 0.145653 0.779313
vt 0.144263 0.784919
vt 0.145359 0.785135
vt 0.148861 0.768013
vt 0.150049 0.768646
vt 0.147589 0.773871
vt 0.146345 0.773358
vt 0.151034 0.769170
vt 0.148622 0.774297
vt 0.153009 0.763688
vt 0.151889 0.762942
vt 0.153938 0.764307
vt 0.162610 0.757038
vt 0.161108 0.755541
vt 0.167474 0.761882
vt 0.888435 0.318763
vt 0.875586 0.330431
vt 0.900066 0.305897
vt 0.906062 0.310801
vt 0.893931 0.324239
vt 0.880524 0.336427
vt 0.910368 0.291968
vt 0.919255 0.277118
vt 0.926048 0.280737
vt 0.916799 0.296250
vt 0.926646 0.261493
vt 0.932465 0.245241
vt 0.939796 0.247453
vt 0.933729 0.264417
vt 0.936652 0.228512
vt 0.939195 0.211459
vt 0.946896 0.212225
vt 0.944206 0.230007
vt 0.940093 0.194232
vt 0.939310 0.176990
vt 0.946982 0.176256
vt 0.947815 0.194255
vt 0.936820 0.159892
vt 0.932660 0.143107
vt 0.940125 0.140861
vt 0.944423 0.158396
vt 0.926879 0.126799
vt 0.919525 0.111120
vt 0.926370 0.107478
vt 0.934084 0.123835
vt 0.910650 0.096223
vt 0.900329 0.082264
vt 0.906292 0.077366
vt 0.917072 0.091942
vt 0.888651 0.069395
vt 0.875756 0.057741
vt 0.880703 0.051685
vt 0.894135 0.063890
vt 0.861790 0.047420
vt 0.846897 0.038540
vt 0.850537 0.031662
vt 0.866114 0.040909
vt 0.831226 0.031195
vt 0.814941 0.025438
vt 0.817148 0.018039
vt 0.834156 0.024022
vt 0.798210 0.021305
vt 0.781186 0.018810
vt 0.781926 0.011177
vt 0.799686 0.013752
vt 0.764016 0.017964
vt 0.746848 0.018786
vt 0.746103 0.011175
vt 0.764018 0.010322
vt 0.729828 0.021287
vt 0.713109 0.025442
vt 0.710859 0.018005
vt 0.728327 0.013728
vt 0.696850 0.031215
vt 0.681215 0.038565
vt 0.677554 0.031715
vt 0.693878 0.024022
vt 0.666368 0.047442
vt 0.652463 0.057751
vt 0.647540 0.051771
vt 0.662055 0.040999
vt 0.639645 0.069384
vt 0.628038 0.082214
vt 0.622052 0.077317
vt 0.634163 0.063920
vt 0.617755 0.096104
vt 0.608893 0.110908
vt 0.602087 0.107285
vt 0.611327 0.091823
vt 0.601535 0.126477
vt 0.595738 0.142666
vt 0.588380 0.140441
vt 0.594418 0.123542
vt 0.591547 0.159330
vt 0.588984 0.176323
vt 0.581364 0.175554
vt 0.584019 0.157829
vt 0.588069 0.193494
vt 0.588827 0.210682
vt 0.581214 0.211398
vt 0.580431 0.193463
vt 0.591271 0.227726
vt 0.595374 0.244471
vt 0.587930 0.246694
vt 0.583705 0.229200
vt 0.601096 0.260766
vt 0.608395 0.276452
vt 0.601547 0.280069
vt 0.593898 0.263705
vt 0.617220 0.291373
vt 0.627497 0.305364
vt 0.621518 0.310238
vt 0.610787 0.295629
vt 0.639134 0.318267
vt 0.651993 0.329954
vt 0.647030 0.335992
vt 0.633635 0.323750
vt 0.665925 0.340309
vt 0.680785 0.349225
vt 0.677129 0.356081
vt 0.661585 0.346801
vt 0.696426 0.356612
vt 0.712687 0.362425
vt 0.710458 0.369784
vt 0.693477 0.363757
vt 0.729407 0.366635
vt 0.746444 0.369208
vt 0.745676 0.376798
vt 0.727907 0.374132
vt 0.763652 0.370115
vt 0.780877 0.369346
vt 0.781599 0.377036
vt 0.763623 0.377776
vt 0.797963 0.366900
vt 0.814747 0.362788
vt 0.816991 0.370290
vt 0.799448 0.374547
vt 0.831065 0.357029
vt 0.846752 0.349669
vt 0.850423 0.356550
vt 0.834040 0.364266
vt 0.861643 0.340770
vt 0.865971 0.347235
vt 0.911202 0.315003
vt 0.898639 0.328931
vt 0.898008 0.328302
vt 0.910512 0.314440
vt 0.884752 0.341565
vt 0.884186 0.340876
vt 0.883657 0.340232
vt 0.897418 0.327713
vt 0.909867 0.313913
vt 0.896546 0.326844
vt 0.908915 0.313134
vt 0.882874 0.339280
vt 0.880524 0.336427
vt 0.893931 0.324239
vt 0.906062 0.310801
vt 0.931885 0.283845
vt 0.922318 0.299923
vt 0.921576 0.299430
vt 0.931099 0.283427
vt 0.920882 0.298969
vt 0.930364 0.283036
vt 0.919860 0.298288
vt 0.929282 0.282460
vt 0.916799 0.296250
vt 0.926048 0.280737
vt 0.946093 0.249362
vt 0.939820 0.266934
vt 0.938999 0.266595
vt 0.945245 0.249104
vt 0.938231 0.266278
vt 0.944453 0.248863
vt 0.937101 0.265811
vt 0.943286 0.248509
vt 0.933730 0.264417
vt 0.953475 0.212886
vt 0.950673 0.231296
vt 0.949807 0.231122
vt 0.952596 0.212797
vt 0.948998 0.230960
vt 0.951776 0.212714
vt 0.947800 0.230720
vt 0.950558 0.212591
vt 0.944206 0.230007
vt 0.953560 0.175632
vt 0.954423 0.194277
vt 0.953539 0.194274
vt 0.952677 0.175715
vt 0.952713 0.194271
vt 0.951852 0.175793
vt 0.951489 0.194267
vt 0.950634 0.175908
vt 0.947816 0.194255
vt 0.946982 0.176256
vt 0.946504 0.138949
vt 0.950932 0.157124
vt 0.950061 0.157293
vt 0.945653 0.139203
vt 0.949246 0.157451
vt 0.944856 0.139441
vt 0.948040 0.157686
vt 0.943676 0.139795
vt 0.944423 0.158396
vt 0.940125 0.140861
vt 0.932237 0.104355
vt 0.940246 0.121302
vt 0.939423 0.121640
vt 0.931451 0.104773
vt 0.938653 0.121956
vt 0.930716 0.105165
vt 0.937513 0.122425
vt 0.929629 0.105744
vt 0.934084 0.123835
vt 0.926371 0.107478
vt 0.911422 0.073163
vt 0.922591 0.088266
vt 0.921848 0.088760
vt 0.910731 0.073728
vt 0.921154 0.089222
vt 0.910084 0.074256
vt 0.920130 0.089904
vt 0.909132 0.075035
vt 0.898844 0.059178
vt 0.898211 0.059809
vt 0.884373 0.047200
vt 0.897618 0.060400
vt 0.883842 0.047847
vt 0.896745 0.061272
vt 0.883058 0.048804
vt 0.894135 0.063890
vt 0.880703 0.051685
vt 0.853651 0.025777
vt 0.869813 0.035342
vt 0.869318 0.036086
vt 0.853235 0.026565
vt 0.868856 0.036782
vt 0.852846 0.027301
vt 0.868172 0.037812
vt 0.852270 0.028391
vt 0.850537 0.031662
vt 0.819037 0.011704
vt 0.836328 0.018703
vt 0.818784 0.012553
vt 0.836015 0.019472
vt 0.818549 0.013346
vt 0.835551 0.020610
vt 0.818199 0.014519
vt 0.834156 0.024022
vt 0.782558 0.004640
vt 0.800948 0.007286
vt 0.800780 0.008152
vt 0.782474 0.005516
vt 0.800622 0.008961
vt 0.782395 0.006334
vt 0.800389 0.010158
vt 0.782278 0.007545
vt 0.799686 0.013752
vt 0.781926 0.011177
vt 0.745472 0.004641
vt 0.764021 0.003766
vt 0.764020 0.004647
vt 0.745555 0.005520
vt 0.764020 0.005469
vt 0.745633 0.006341
vt 0.764019 0.006685
vt 0.745750 0.007552
vt 0.764018 0.010322
vt 0.708947 0.011649
vt 0.727053 0.007251
vt 0.727221 0.008119
vt 0.709200 0.012498
vt 0.727378 0.008931
vt 0.709437 0.013291
vt 0.727614 0.010130
vt 0.709790 0.014467
vt 0.728327 0.013728
vt 0.710859 0.018005
vt 0.674425 0.025853
vt 0.691344 0.017875
vt 0.691681 0.018696
vt 0.674842 0.026638
vt 0.691996 0.019463
vt 0.675233 0.027371
vt 0.692464 0.020600
vt 0.675812 0.028457
vt 0.693878 0.024022
vt 0.643327 0.046646
vt 0.658364 0.035480
vt 0.658858 0.036220
vt 0.643891 0.047333
vt 0.659319 0.036911
vt 0.644418 0.047976
vt 0.660003 0.037934
vt 0.645198 0.048925
vt 0.662055 0.040999
vt 0.647540 0.051771
vt 0.616925 0.073119
vt 0.629469 0.059237
vt 0.630098 0.059865
vt 0.617612 0.073682
vt 0.630686 0.060452
vt 0.618255 0.074209
vt 0.631555 0.061320
vt 0.619204 0.074986
vt 0.634163 0.063920
vt 0.622052 0.077317
vt 0.596254 0.104176
vt 0.605818 0.088153
vt 0.606557 0.088645
vt 0.597037 0.104594
vt 0.607248 0.089106
vt 0.597768 0.104984
vt 0.608269 0.089786
vt 0.598848 0.105560
vt 0.611327 0.091824
vt 0.602087 0.107285
vt 0.582083 0.138535
vt 0.588324 0.121025
vt 0.589140 0.121363
vt 0.582925 0.138790
vt 0.589903 0.121679
vt 0.583713 0.139029
vt 0.591032 0.122145
vt 0.584879 0.139382
vt 0.594418 0.123542
vt 0.588380 0.140441
vt 0.577574 0.156543
vt 0.578437 0.156716
vt 0.575707 0.174983
vt 0.579244 0.156877
vt 0.576527 0.175066
vt 0.580438 0.157115
vt 0.577738 0.175188
vt 0.584019 0.157829
vt 0.581364 0.175554
vt 0.573872 0.193432
vt 0.574754 0.193437
vt 0.575554 0.211925
vt 0.575579 0.193442
vt 0.576377 0.211850
vt 0.576796 0.193447
vt 0.577589 0.211738
vt 0.580431 0.193463
vt 0.581214 0.211398
vt 0.581565 0.248585
vt 0.577221 0.230452
vt 0.578090 0.230286
vt 0.582415 0.248334
vt 0.578903 0.230132
vt 0.583210 0.248100
vt 0.580105 0.229901
vt 0.584388 0.247751
vt 0.583705 0.229200
vt 0.587930 0.246694
vt 0.595680 0.283169
vt 0.587744 0.266215
vt 0.588567 0.265881
vt 0.596467 0.282753
vt 0.589336 0.265568
vt 0.597202 0.282365
vt 0.590474 0.265104
vt 0.598289 0.281791
vt 0.593898 0.263705
vt 0.601547 0.280069
vt 0.605262 0.299283
vt 0.606006 0.298792
vt 0.617069 0.313860
vt 0.606701 0.298332
vt 0.617717 0.313334
vt 0.607726 0.297655
vt 0.618672 0.312558
vt 0.610787 0.295629
vt 0.621518 0.310238
vt 0.642779 0.341154
vt 0.629546 0.327817
vt 0.643348 0.340464
vt 0.630140 0.327228
vt 0.643881 0.339818
vt 0.631016 0.326358
vt 0.644668 0.338863
vt 0.633635 0.323750
vt 0.657874 0.352354
vt 0.658370 0.351611
vt 0.674420 0.361165
vt 0.658834 0.350917
vt 0.674810 0.360430
vt 0.659520 0.349890
vt 0.675389 0.359343
vt 0.661585 0.346801
vt 0.677129 0.356081
vt 0.708551 0.376093
vt 0.690956 0.369878
vt 0.691292 0.369057
vt 0.708806 0.375246
vt 0.691607 0.368290
vt 0.709044 0.374454
vt 0.692074 0.367156
vt 0.709397 0.373285
vt 0.693477 0.363757
vt 0.710458 0.369783
vt 0.726620 0.380568
vt 0.726792 0.379702
vt 0.745102 0.382439
vt 0.726953 0.378894
vt 0.745186 0.381620
vt 0.727192 0.377700
vt 0.745309 0.380410
vt 0.727907 0.374132
vt 0.745676 0.376798
vt 0.782203 0.383622
vt 0.763588 0.384349
vt 0.763594 0.383466
vt 0.782124 0.382740
vt 0.763599 0.382641
vt 0.782050 0.381915
vt 0.763606 0.381422
vt 0.781939 0.380696
vt 0.781599 0.377036
vt 0.818899 0.376692
vt 0.800706 0.381081
vt 0.800540 0.380209
vt 0.818646 0.375839
vt 0.800385 0.379394
vt 0.818410 0.375042
vt 0.800153 0.378185
vt 0.818057 0.373858
vt 0.799449 0.374547
vt 0.816991 0.370290
vt 0.853562 0.362437
vt 0.836579 0.370448
vt 0.836241 0.369623
vt 0.853143 0.361650
vt 0.835925 0.368853
vt 0.852751 0.360914
vt 0.835455 0.367709
vt 0.852170 0.359824
vt 0.834040 0.364266
vt 0.850423 0.356550
vt 0.869675 0.352772
vt 0.869179 0.352030
vt 0.868716 0.351337
vt 0.868030 0.350311
vt 0.865971 0.347235
vt 0.079182 0.646747
vt 0.065058 0.659500
vt 0.062276 0.656684
vt 0.076699 0.643677
vt 0.052226 0.673621
vt 0.049166 0.671091
vt 0.048153 0.670256
vt 0.061355 0.655756
vt 0.075877 0.642667
vt 0.075877 0.642667
vt 0.061355 0.655756
vt 0.060705 0.655102
vt 0.075268 0.641915
vt 0.048153 0.670256
vt 0.047394 0.669627
vt 0.045799 0.668255
vt 0.059906 0.654288
vt 0.074013 0.640321
vt 0.094452 0.635464
vt 0.092284 0.632173
vt 0.108899 0.622254
vt 0.091567 0.631089
vt 0.108291 0.621106
vt 0.108291 0.621106
vt 0.091567 0.631089
vt 0.091062 0.630327
vt 0.107836 0.620250
vt 0.090442 0.629387
vt 0.106871 0.618452
vt 0.145777 0.611266
vt 0.126409 0.614004
vt 0.144652 0.607504
vt 0.125916 0.612802
vt 0.144278 0.606259
vt 0.144278 0.606259
vt 0.125567 0.611953
vt 0.143997 0.605327
vt 0.125135 0.610906
vt 0.143398 0.603360
vt 0.182989 0.603894
vt 0.164206 0.606670
vt 0.163453 0.602826
vt 0.182616 0.599996
vt 0.163201 0.601550
vt 0.182490 0.598703
vt 0.163201 0.601550
vt 0.163023 0.600647
vt 0.182396 0.597734
vt 0.162804 0.599531
vt 0.182210 0.595702
vt 0.201930 0.602965
vt 0.201941 0.599034
vt 0.221235 0.599964
vt 0.201942 0.597736
vt 0.221363 0.598672
vt 0.221363 0.598672
vt 0.201942 0.596820
vt 0.221459 0.597712
vt 0.201945 0.595689
vt 0.221681 0.595676
vt 0.257862 0.611246
vt 0.239537 0.606664
vt 0.240312 0.602798
vt 0.259010 0.607485
vt 0.240566 0.601525
vt 0.259386 0.606244
vt 0.259386 0.606244
vt 0.240566 0.601525
vt 0.240745 0.600633
vt 0.259666 0.605321
vt 0.240967 0.599532
vt 0.260252 0.603387
vt 0.275662 0.617584
vt 0.277167 0.613960
vt 0.294621 0.622159
vt 0.277663 0.612763
vt 0.295229 0.621015
vt 0.295229 0.621015
vt 0.278011 0.611920
vt 0.295682 0.620162
vt 0.278440 0.610881
vt 0.296628 0.618375
vt 0.324318 0.646458
vt 0.309043 0.635265
vt 0.311208 0.632009
vt 0.326790 0.643424
vt 0.311923 0.630930
vt 0.327607 0.642417
vt 0.327607 0.642417
vt 0.312427 0.630168
vt 0.328215 0.641665
vt 0.313045 0.629228
vt 0.329463 0.640081
vt 0.351291 0.673096
vt 0.341225 0.656310
vt 0.354345 0.670574
vt 0.342140 0.655386
vt 0.355350 0.669742
vt 0.355350 0.669742
vt 0.342140 0.655386
vt 0.342785 0.654733
vt 0.356100 0.669117
vt 0.343579 0.653923
vt 0.357695 0.667765
vt 0.372541 0.704595
vt 0.362694 0.688312
vt 0.365985 0.686106
vt 0.376028 0.702733
vt 0.367068 0.685377
vt 0.377178 0.702117
vt 0.377178 0.702117
vt 0.367069 0.685377
vt 0.367832 0.684862
vt 0.378037 0.701656
vt 0.368777 0.684223
vt 0.379860 0.700681
vt 0.387172 0.739681
vt 0.380725 0.721777
vt 0.384374 0.720273
vt 0.390946 0.738544
vt 0.385578 0.719774
vt 0.392194 0.738167
vt 0.392194 0.738167
vt 0.385579 0.719774
vt 0.386429 0.719421
vt 0.393128 0.737884
vt 0.387481 0.718985
vt 0.395102 0.737289
vt 0.394643 0.776902
vt 0.391822 0.758123
vt 0.395682 0.757363
vt 0.398549 0.776523
vt 0.396960 0.757110
vt 0.399843 0.776394
vt 0.399843 0.776394
vt 0.396960 0.757110
vt 0.397865 0.756931
vt 0.400814 0.776301
vt 0.398984 0.756713
vt 0.402866 0.776137
vt 0.394770 0.814727
vt 0.395619 0.795824
vt 0.399532 0.795819
vt 0.398661 0.815094
vt 0.400828 0.795816
vt 0.399949 0.815214
vt 0.399949 0.815214
vt 0.401742 0.795812
vt 0.400904 0.815303
vt 0.402866 0.795812
vt 0.402866 0.815486
vt 0.395969 0.834203
vt 0.391447 0.853017
vt 0.397243 0.834447
vt 0.392697 0.853385
vt 0.392697 0.853385
vt 0.397243 0.834447
vt 0.398138 0.834616
vt 0.393631 0.853652
vt 0.399239 0.834819
vt 0.395613 0.854152
vt 0.373341 0.887256
vt 0.381394 0.869899
vt 0.385080 0.871394
vt 0.376874 0.889125
vt 0.386295 0.871887
vt 0.378039 0.889740
vt 0.386295 0.871887
vt 0.387152 0.872232
vt 0.378915 0.890197
vt 0.388220 0.872650
vt 0.380827 0.891147
vt 0.366866 0.905983
vt 0.355193 0.921755
vt 0.367964 0.906715
vt 0.356211 0.922593
vt 0.356211 0.922593
vt 0.367964 0.906714
vt 0.368742 0.907232
vt 0.356975 0.923224
vt 0.369712 0.907874
vt 0.358598 0.924601
vt 0.325012 0.946229
vt 0.339225 0.933414
vt 0.342017 0.936243
vt 0.327506 0.949315
vt 0.342943 0.937176
vt 0.328332 0.950331
vt 0.328332 0.950331
vt 0.342943 0.937176
vt 0.343597 0.937834
vt 0.328944 0.951089
vt 0.344403 0.938653
vt 0.330208 0.952706
vt 0.293264 0.967293
vt 0.309645 0.957550
vt 0.311821 0.960860
vt 0.295102 0.970797
vt 0.312541 0.961951
vt 0.295711 0.971952
vt 0.295711 0.971952
vt 0.312541 0.961951
vt 0.313047 0.962718
vt 0.296166 0.972813
vt 0.313669 0.963666
vt 0.297129 0.974626
vt 0.258036 0.981743
vt 0.276007 0.975384
vt 0.277492 0.979048
vt 0.259153 0.985532
vt 0.277985 0.980258
vt 0.259524 0.986785
vt 0.259524 0.986785
vt 0.277985 0.980258
vt 0.278333 0.981111
vt 0.259804 0.987722
vt 0.278764 0.982165
vt 0.260400 0.989704
vt 0.220670 0.989012
vt 0.239524 0.986299
vt 0.240261 0.990174
vt 0.221024 0.992932
vt 0.240508 0.991457
vt 0.221144 0.994230
vt 0.221144 0.994230
vt 0.240508 0.991457
vt 0.240682 0.992366
vt 0.221232 0.995206
vt 0.240896 0.993490
vt 0.221393 0.997276
vt 0.182710 0.988838
vt 0.201675 0.989856
vt 0.201648 0.993781
vt 0.182301 0.992739
vt 0.201641 0.995081
vt 0.182168 0.994031
vt 0.182168 0.994031
vt 0.201641 0.995081
vt 0.201637 0.996000
vt 0.182069 0.994992
vt 0.201629 0.997133
vt 0.181866 0.996989
vt 0.145553 0.981269
vt 0.163943 0.985971
vt 0.163150 0.989829
vt 0.144380 0.985043
vt 0.162889 0.991104
vt 0.143994 0.986290
vt 0.143994 0.986290
vt 0.162889 0.991104
vt 0.162705 0.992004
vt 0.143704 0.987227
vt 0.162477 0.993117
vt 0.143088 0.989244
vt 0.110656 0.966550
vt 0.127727 0.974762
vt 0.126185 0.978395
vt 0.108766 0.969998
vt 0.125678 0.979595
vt 0.108146 0.971137
vt 0.125678 0.979595
vt 0.125320 0.980443
vt 0.107680 0.971985
vt 0.124873 0.981492
vt 0.106657 0.973740
vt 0.079453 0.945464
vt 0.094523 0.956749
vt 0.092312 0.959985
vt 0.076945 0.948466
vt 0.091586 0.961054
vt 0.076122 0.949457
vt 0.076122 0.949457
vt 0.091586 0.961054
vt 0.091077 0.961805
vt 0.075512 0.950191
vt 0.090445 0.962725
vt 0.074232 0.951710
vt 0.052937 0.918854
vt 0.065555 0.932796
vt 0.062775 0.935542
vt 0.049908 0.921321
vt 0.061861 0.936449
vt 0.048910 0.922136
vt 0.048910 0.922136
vt 0.061861 0.936449
vt 0.061220 0.937086
vt 0.048169 0.922745
vt 0.060432 0.937869
vt 0.046631 0.924028
vt 0.031969 0.887606
vt 0.038454 0.905912
vt 0.028527 0.889445
vt 0.037381 0.906629
vt 0.027389 0.890055
vt 0.027389 0.890055
vt 0.037381 0.906629
vt 0.036625 0.907135
vt 0.026539 0.890513
vt 0.035696 0.907762
vt 0.024761 0.891495
vt 0.017393 0.852775
vt 0.023836 0.870561
vt 0.020240 0.872057
vt 0.013672 0.853917
vt 0.019047 0.872555
vt 0.012435 0.854298
vt 0.012435 0.854298
vt 0.019047 0.872555
vt 0.018201 0.872908
vt 0.011506 0.854585
vt 0.017159 0.873348
vt 0.009557 0.855201
vt 0.009841 0.815712
vt 0.012713 0.834427
vt 0.008892 0.835206
vt 0.005950 0.816123
vt 0.007624 0.835465
vt 0.004663 0.816258
vt 0.007624 0.835465
vt 0.006725 0.835649
vt 0.003701 0.816358
vt 0.005615 0.835877
vt 0.001673 0.816552
vt 0.009615 0.777934
vt 0.008809 0.796828
vt 0.004886 0.796864
vt 0.005697 0.777593
vt 0.003591 0.796875
vt 0.004406 0.777478
vt 0.004406 0.777478
vt 0.003591 0.796875
vt 0.002681 0.796882
vt 0.003448 0.777393
vt 0.001560 0.796891
vt 0.001447 0.777229
vt 0.016713 0.740735
vt 0.012252 0.759184
vt 0.008375 0.758463
vt 0.012913 0.739630
vt 0.007097 0.758222
vt 0.011660 0.739263
vt 0.006200 0.758052
vt 0.010726 0.738993
vt 0.005093 0.757850
vt 0.008740 0.738470
vt 0.031051 0.705433
vt 0.022990 0.722750
vt 0.019303 0.721260
vt 0.027524 0.703569
vt 0.018089 0.720767
vt 0.026362 0.702955
vt 0.026362 0.702955
vt 0.017232 0.720421
vt 0.025490 0.702495
vt 0.016167 0.719997
vt 0.023595 0.701523
vt 0.040840 0.688991
vt 0.037527 0.686779
vt 0.036433 0.686050
vt 0.036433 0.686050
vt 0.035659 0.685533
vt 0.034697 0.684889
vt 0.898639 0.328931
vt 0.899374 0.329663
vt 0.900298 0.330581
vt 0.102542 0.715026
vt 0.110984 0.705638
vt 0.120304 0.697130
vt 0.130428 0.689606
vt 0.141244 0.683117
vt 0.152636 0.677708
vt 0.164496 0.673433
vt 0.176713 0.670346
vt 0.189171 0.668475
vt 0.201748 0.667839
vt 0.214330 0.668429
vt 0.226799 0.670232
vt 0.239035 0.673240
vt 0.250915 0.677441
vt 0.262321 0.682796
vt 0.273140 0.689253
vt 0.283283 0.696735
vt 0.292661 0.705165
vt 0.301171 0.714471
vt 0.308718 0.724581
vt 0.315235 0.735388
vt 0.320668 0.746783
vt 0.324972 0.758653
vt 0.328106 0.770886
vt 0.330027 0.783365
vt 0.330699 0.795974
vt 0.330115 0.808589
vt 0.328284 0.821087
vt 0.325234 0.833351
vt 0.321000 0.845261
vt 0.315611 0.856692
vt 0.309107 0.867524
vt 0.301575 0.877673
vt 0.293112 0.887058
vt 0.283781 0.895576
vt 0.273649 0.903122
vt 0.262816 0.909626
vt 0.251392 0.915029
vt 0.239493 0.919288
vt 0.227236 0.922366
vt 0.214739 0.924231
vt 0.202124 0.924856
vt 0.189514 0.924235
vt 0.177033 0.922374
vt 0.164795 0.919303
vt 0.152918 0.915056
vt 0.141531 0.909658
vt 0.130757 0.903148
vt 0.120668 0.895622
vt 0.111337 0.887181
vt 0.102865 0.877884
vt 0.095355 0.867789
vt 0.088873 0.856999
vt 0.083478 0.845626
vt 0.079234 0.833781
vt 0.076189 0.821577
vt 0.074339 0.809134
vt 0.073675 0.796574
vt 0.074225 0.784009
vt 0.076015 0.771551
vt 0.079027 0.759320
vt 0.083230 0.747436
vt 0.088587 0.736019
vt 0.095050 0.725184
s 1
usemtl PLATES_Mat
f 227/1/1 1869/2/2 4389/3/3 2182/4/4
f 1869/2/2 233/5/5 2185/6/6 4389/3/3
f 4389/3/3 2185/6/6 328/7/7 2032/8/8
f 2182/4/4 4389/3/3 2032/8/8 322/9/9
f 320/10/10 2018/11/11 4390/12/12 2187/13/13
f 2018/11/11 229/14/14 2181/15/15 4390/12/12
f 4390/12/12 2181/15/15 326/16/16 2180/17/17
f 2187/13/13 4390/12/12 2180/17/17 415/18/18
f 236/19/19 1879/20/20 4391/21/21 2189/22/22
f 1879/20/20 239/23/23 2191/24/24 4391/21/21
f 4391/21/21 2191/24/24 334/25/25 2042/26/26
f 2189/22/22 4391/21/21 2042/26/26 331/27/27
f 239/23/23 1884/28/28 4392/29/29 2191/24/24
f 1884/28/28 242/30/30 2193/31/31 4392/29/29
f 4392/29/29 2193/31/31 337/32/32 2047/33/33
f 2191/24/24 4392/29/29 2047/33/33 334/25/25
f 242/30/30 1889/34/34 4393/35/35 2193/31/31
f 1889/34/34 245/36/36 2195/37/37 4393/35/35
f 4393/35/35 2195/37/37 340/38/38 2052/39/39
f 2193/31/31 4393/35/35 2052/39/39 337/32/32
f 245/36/36 1894/40/40 4394/41/41 2195/37/37
f 1894/40/40 248/42/42 2197/43/43 4394/41/41
f 4394/41/41 2197/43/43 343/44/44 2057/45/45
f 2195/37/37 4394/41/41 2057/45/45 340/38/38
f 248/42/42 1899/46/46 4395/47/47 2197/43/43
f 1899/46/46 251/48/48 2199/49/49 4395/47/47
f 4395/47/47 2199/49/49 346/50/50 2062/51/51
f 2197/43/43 4395/47/47 2062/51/51 343/44/44
f 251/48/48 1904/52/52 4396/53/53 2199/49/49
f 1904/52/52 254/54/54 2201/55/55 4396/53/53
f 4396/53/53 2201/55/55 349/56/56 2067/57/57
f 2199/49/49 4396/53/53 2067/57/57 346/50/50
f 254/54/54 1909/58/58 4397/59/59 2201/55/55
f 1909/58/58 257/60/60 2203/61/61 4397/59/59
f 4397/59/59 2203/61/61 352/62/62 2072/63/63
f 2201/55/55 4397/59/59 2072/63/63 349/56/56
f 257/60/60 1914/64/64 4398/65/65 2203/61/61
f 1914/64/64 260/66/66 2205/67/67 4398/65/65
f 4398/65/65 2205/67/67 355/68/68 2077/69/69
f 2203/61/61 4398/65/65 2077/69/69 352/62/62
f 260/66/66 1919/70/70 4399/71/71 2205/67/67
f 1919/70/70 263/72/72 2207/73/73 4399/71/71
f 4399/71/71 2207/73/73 358/74/74 2082/75/75
f 2205/67/67 4399/71/71 2082/75/75 355/68/68
f 263/72/72 1924/76/76 4400/77/77 2207/73/73
f 1924/76/76 266/78/78 2209/79/79 4400/77/77
f 4400/77/77 2209/79/79 361/80/80 2087/81/81
f 2207/73/73 4400/77/77 2087/81/81 358/74/74
f 266/78/78 1929/82/82 4401/83/83 2209/79/79
f 1929/82/82 269/84/84 2211/85/85 4401/83/83
f 4401/83/83 2211/85/85 364/86/86 2092/87/87
f 2209/79/79 4401/83/83 2092/87/87 361/80/80
f 269/84/84 1934/88/88 4402/89/89 2211/85/85
f 1934/88/88 272/90/90 2213/91/91 4402/89/89
f 4402/89/89 2213/91/91 367/92/92 2097/93/93
f 2211/85/85 4402/89/89 2097/93/93 364/86/86
f 272/90/90 1939/94/94 4403/95/95 2213/91/91
f 1939/94/94 275/96/96 2215/97/97 4403/95/95
f 4403/95/95 2215/97/97 370/98/98 2102/99/99
f 2213/91/91 4403/95/95 2102/99/99 367/92/92
f 275/96/96 1944/100/100 4404/101/101 2215/97/97
f 1944/100/100 278/102/102 2217/103/103 4404/101/101
f 4404/101/101 2217/103/103 373/104/104 2107/105/105
f 2215/97/97 4404/101/101 2107/105/105 370/98/98
f 278/102/102 1949/106/106 4405/107/107 2217/103/103
f 1949/106/106 281/108/108 2219/109/109 4405/107/107
f 4405/107/107 2219/109/109 376/110/110 2112/111/111
f 2217/103/103 4405/107/107 2112/111/111 373/104/104
f 281/108/108 1954/112/112 4406/113/113 2219/109/109
f 1954/112/112 284/114/114 2221/115/115 4406/113/113
f 4406/113/113 2221/115/115 379/116/116 2117/117/117
f 2219/109/109 4406/113/113 2117/117/117 376/110/110
f 284/114/114 1959/118/118 4407/119/119 2221/115/115
f 1959/118/118 287/120/120 2223/121/121 4407/119/119
f 4407/119/119 2223/121/121 382/122/122 2122/123/123
f 2221/115/115 4407/119/119 2122/123/123 379/116/116
f 287/120/120 1964/124/124 4408/125/125 2223/121/121
f 1964/124/124 290/126/126 2225/127/127 4408/125/125
f 4408/125/125 2225/127/127 385/128/128 2127/129/129
f 2223/121/121 4408/125/125 2127/129/129 382/122/122
f 290/126/126 1969/130/130 4409/131/131 2225/127/127
f 1969/130/130 293/132/132 2227/133/133 4409/131/131
f 4409/131/131 2227/133/133 388/134/134 2132/135/135
f 2225/127/127 4409/131/131 2132/135/135 385/128/128
f 293/132/132 1974/136/136 4410/137/137 2227/133/133
f 1974/136/136 296/138/138 2229/139/139 4410/137/137
f 4410/137/137 2229/139/139 391/140/140 2137/141/141
f 2227/133/133 4410/137/137 2137/141/141 388/134/134
f 296/138/138 1979/142/142 4411/143/143 2229/139/139
f 1979/142/142 299/144/144 2231/145/145 4411/143/143
f 4411/143/143 2231/145/145 394/146/146 2142/147/147
f 2229/139/139 4411/143/143 2142/147/147 391/140/140
f 299/144/144 1984/148/148 4412/149/149 2231/145/145
f 1984/148/148 302/150/150 2233/151/151 4412/149/149
f 4412/149/149 2233/151/151 397/152/152 2147/153/153
f 2231/145/145 4412/149/149 2147/153/153 394/146/146
f 302/150/150 1989/154/154 4413/155/155 2233/151/151
f 1989/154/154 305/156/156 2235/157/157 4413/155/155
f 4413/155/155 2235/157/157 400/158/158 2152/159/159
f 2233/151/151 4413/155/155 2152/159/159 397/152/152
f 305/156/156 1994/160/160 4414/161/161 2235/157/157
f 1994/160/160 308/162/162 2237/163/163 4414/161/161
f 4414/161/161 2237/163/163 403/164/164 2157/165/165
f 2235/157/157 4414/161/161 2157/165/165 400/158/158
f 308/162/162 1999/166/166 4415/167/167 2237/163/163
f 1999/166/166 311/168/168 2239/169/169 4415/167/167
f 4415/167/167 2239/169/169 406/170/170 2162/171/171
f 2237/163/163 4415/167/167 2162/171/171 403/164/164
f 311/168/168 2004/172/172 4416/173/173 2239/169/169
f 2004/172/172 314/174/174 2241/175/175 4416/173/173
f 4416/173/173 2241/175/175 409/176/176 2167/177/177
f 2239/169/169 4416/173/173 2167/177/177 406/170/170
f 314/174/174 2009/178/178 4417/179/179 2241/175/175
f 2009/178/178 317/180/180 2243/181/181 4417/179/179
f 4417/179/179 2243/181/181 412/182/182 2172/183/183
f 2241/175/175 4417/179/179 2172/183/183 409/176/176
f 317/180/180 2014/184/184 4418/185/185 2243/181/181
f 2014/184/184 320/10/10 2187/13/13 4418/185/185
f 4418/185/185 2187/13/13 415/18/18 2177/186/186
f 2243/181/181 4418/185/185 2177/186/186 412/182/182
f 131/187/187 2245/188/188 4419/189/189 1701/190/190
f 2245/188/188 325/191/191 2022/192/192 4419/189/189
f 4419/189/189 2022/192/192 323/193/193 2246/194/194
f 1701/190/190 4419/189/189 2246/194/194 130/195/195
f 233/5/5 1874/196/196 4420/197/197 2185/6/6
f 1874/196/196 236/19/19 2189/22/22 4420/197/197
f 4420/197/197 2189/22/22 331/27/27 2037/198/198
f 2185/6/6 4420/197/197 2037/198/198 328/7/7
f 35/199/199 1477/200/200 4421/201/201 1509/202/202
f 1477/200/200 34/203/203 1510/204/204 4421/201/201
f 4421/201/201 1510/204/204 2/205/205 1445/206/206
f 1509/202/202 4421/201/201 1445/206/206 3/207/207
f 34/203/203 1478/208/208 4422/209/209 1510/204/204
f 1478/208/208 36/210/210 1511/211/211 4422/209/209
f 4422/209/209 1511/211/211 4/212/212 1446/213/213
f 1510/204/204 4422/209/209 1446/213/213 2/205/205
f 36/210/210 1479/214/214 4423/215/215 1511/211/211
f 1479/214/214 37/216/216 1512/217/217 4423/215/215
f 4423/215/215 1512/217/217 5/218/218 1447/219/219
f 1511/211/211 4423/215/215 1447/219/219 4/212/212
f 37/216/216 1480/220/220 4424/221/221 1512/217/217
f 1480/220/220 38/222/222 1513/223/223 4424/221/221
f 4424/221/221 1513/223/223 6/224/224 1448/225/225
f 1512/217/217 4424/221/221 1448/225/225 5/218/218
f 38/222/222 1481/226/226 4425/227/227 1513/223/223
f 1481/226/226 39/228/228 1514/229/229 4425/227/227
f 4425/227/227 1514/229/229 7/230/230 1449/231/231
f 1513/223/223 4425/227/227 1449/231/231 6/224/224
f 39/228/228 1482/232/232 4426/233/233 1514/229/229
f 1482/232/232 40/234/234 1515/235/235 4426/233/233
f 4426/233/233 1515/235/235 8/236/236 1450/237/237
f 1514/229/229 4426/233/233 1450/237/237 7/230/230
f 40/234/234 1483/238/238 4427/239/239 1515/235/235
f 1483/238/238 41/240/240 1516/241/241 4427/239/239
f 4427/239/239 1516/241/241 9/242/242 1451/243/243
f 1515/235/235 4427/239/239 1451/243/243 8/236/236
f 41/240/240 1484/244/244 4428/245/245 1516/241/241
f 1484/244/244 42/246/246 1517/247/247 4428/245/245
f 4428/245/245 1517/247/247 10/248/248 1452/249/249
f 1516/241/241 4428/245/245 1452/249/249 9/242/242
f 42/246/246 1485/250/250 4429/251/251 1517/247/247
f 1485/250/250 43/252/252 1518/253/253 4429/251/251
f 4429/251/251 1518/253/253 11/254/254 1453/255/255
f 1517/247/247 4429/251/251 1453/255/255 10/248/248
f 43/252/252 1486/256/256 4430/257/257 1518/253/253
f 1486/256/256 44/258/258 1519/259/259 4430/257/257
f 4430/257/257 1519/259/259 12/260/260 1454/261/261
f 1518/253/253 4430/257/257 1454/261/261 11/254/254
f 44/258/258 1487/262/262 4431/263/263 1519/259/259
f 1487/262/262 45/264/264 1520/265/265 4431/263/263
f 4431/263/263 1520/265/265 13/266/266 1455/267/267
f 1519/259/259 4431/263/263 1455/267/267 12/260/260
f 45/264/264 1488/268/268 4432/269/269 1520/265/265
f 1488/268/268 46/270/270 1521/271/271 4432/269/269
f 4432/269/269 1521/271/271 14/272/272 1456/273/273
f 1520/265/265 4432/269/269 1456/273/273 13/266/266
f 46/270/270 1489/274/274 4433/275/275 1521/271/271
f 1489/274/274 47/276/276 1522/277/277 4433/275/275
f 4433/275/275 1522/277/277 15/278/278 1457/279/279
f 1521/271/271 4433/275/275 1457/279/279 14/272/272
f 47/276/276 1490/280/280 4434/281/281 1522/277/277
f 1490/280/280 48/282/282 1523/283/283 4434/281/281
f 4434/281/281 1523/283/283 16/284/284 1458/285/285
f 1522/277/277 4434/281/281 1458/285/285 15/278/278
f 48/282/282 1491/286/286 4435/287/287 1523/283/283
f 1491/286/286 49/288/288 1524/289/289 4435/287/287
f 4435/287/287 1524/289/289 17/290/290 1459/291/291
f 1523/283/283 4435/287/287 1459/291/291 16/284/284
f 49/288/288 1492/292/292 4436/293/293 1524/289/289
f 1492/292/292 50/294/294 1525/295/295 4436/293/293
f 4436/293/293 1525/295/295 18/296/296 1460/297/297
f 1524/289/289 4436/293/293 1460/297/297 17/290/290
f 50/294/294 1493/298/298 4437/299/299 1525/295/295
f 1493/298/298 51/300/300 1526/301/301 4437/299/299
f 4437/299/299 1526/301/301 19/302/302 1461/303/303
f 1525/295/295 4437/299/299 1461/303/303 18/296/296
f 51/300/300 1494/304/304 4438/305/305 1526/301/301
f 1494/304/304 52/306/306 1527/307/307 4438/305/305
f 4438/305/305 1527/307/307 20/308/308 1462/309/309
f 1526/301/301 4438/305/305 1462/309/309 19/302/302
f 52/306/306 1495/310/310 4439/311/311 1527/307/307
f 1495/310/310 53/312/312 1528/313/313 4439/311/311
f 4439/311/311 1528/313/313 21/314/314 1463/315/315
f 1527/307/307 4439/311/311 1463/315/315 20/308/308
f 53/312/312 1496/316/316 4440/317/317 1528/313/313
f 1496/316/316 54/318/318 1529/319/319 4440/317/317
f 4440/317/317 1529/319/319 22/320/320 1464/321/321
f 1528/313/313 4440/317/317 1464/321/321 21/314/314
f 54/318/318 1497/322/322 4441/323/323 1529/319/319
f 1497/322/322 55/324/324 1530/325/325 4441/323/323
f 4441/323/323 1530/325/325 23/326/326 1465/327/327
f 1529/319/319 4441/323/323 1465/327/327 22/320/320
f 55/324/324 1498/328/328 4442/329/329 1530/325/325
f 1498/328/328 56/330/330 1531/331/331 4442/329/329
f 4442/329/329 1531/331/331 24/332/332 1466/333/333
f 1530/325/325 4442/329/329 1466/333/333 23/326/326
f 56/330/330 1499/334/334 4443/335/335 1531/331/331
f 1499/334/334 57/336/336 1532/337/337 4443/335/335
f 4443/335/335 1532/337/337 25/338/338 1467/339/339
f 1531/331/331 4443/335/335 1467/339/339 24/332/332
f 57/336/336 1500/340/340 4444/341/341 1532/337/337
f 1500/340/340 58/342/342 1533/343/343 4444/341/341
f 4444/341/341 1533/343/343 26/344/344 1468/345/345
f 1532/337/337 4444/341/341 1468/345/345 25/338/338
f 58/342/342 1501/346/346 4445/347/347 1533/343/343
f 1501/346/346 59/348/348 1534/349/349 4445/347/347
f 4445/347/347 1534/349/349 27/350/350 1469/351/351
f 1533/343/343 4445/347/347 1469/351/351 26/344/344
f 59/348/348 1502/352/352 4446/353/353 1534/349/349
f 1502/352/352 60/354/354 1535/355/355 4446/353/353
f 4446/353/353 1535/355/355 28/356/356 1470/357/357
f 1534/349/349 4446/353/353 1470/357/357 27/350/350
f 60/354/354 1503/358/358 4447/359/359 1535/355/355
f 1503/358/358 61/360/360 1536/361/361 4447/359/359
f 4447/359/359 1536/361/361 29/362/362 1471/363/363
f 1535/355/355 4447/359/359 1471/363/363 28/356/356
f 61/360/360 1504/364/364 4448/365/365 1536/361/361
f 1504/364/364 62/366/366 1537/367/367 4448/365/365
f 4448/365/365 1537/367/367 30/368/368 1472/369/369
f 1536/361/361 4448/365/365 1472/369/369 29/362/362
f 62/366/366 1505/370/370 4449/371/371 1537/367/367
f 1505/370/370 63/372/372 1538/373/373 4449/371/371
f 4449/371/371 1538/373/373 31/374/374 1473/375/375
f 1537/367/367 4449/371/371 1473/375/375 30/368/368
f 63/372/372 1506/376/376 4450/377/377 1538/373/373
f 1506/376/376 64/378/378 1539/379/379 4450/377/377
f 4450/377/377 1539/379/379 32/380/380 1474/381/381
f 1538/373/373 4450/377/377 1474/381/381 31/374/374
f 64/378/378 1507/382/382 4451/383/383 1539/379/379
f 1507/382/382 65/384/384 1540/385/385 4451/383/383
f 4451/383/383 1540/385/385 33/386/386 1475/387/387
f 1539/379/379 4451/383/383 1475/387/387 32/380/380
f 65/384/384 1508/388/388 4452/389/389 1540/385/385
f 1508/388/388 35/199/199 1509/202/202 4452/389/389
f 4452/389/389 1509/202/202 3/207/207 1476/390/390
f 1540/385/385 4452/389/389 1476/390/390 33/386/386
f 67/391/391 1541/392/392 4453/393/393 1573/394/394
f 1541/392/392 66/395/395 1574/396/396 4453/393/393
f 4453/393/393 1574/396/396 34/203/203 1477/200/200
f 1573/394/394 4453/393/393 1477/200/200 35/199/199
f 66/395/395 1542/397/397 4454/398/398 1574/396/396
f 1542/397/397 68/399/399 1575/400/400 4454/398/398
f 4454/398/398 1575/400/400 36/210/210 1478/208/208
f 1574/396/396 4454/398/398 1478/208/208 34/203/203
f 68/399/399 1543/401/401 4455/402/402 1575/400/400
f 1543/401/401 69/403/403 1576/404/404 4455/402/402
f 4455/402/402 1576/404/404 37/216/216 1479/214/214
f 1575/400/400 4455/402/402 1479/214/214 36/210/210
f 69/403/403 1544/405/405 4456/406/406 1576/404/404
f 1544/405/405 70/407/407 1577/408/408 4456/406/406
f 4456/406/406 1577/408/408 38/222/222 1480/220/220
f 1576/404/404 4456/406/406 1480/220/220 37/216/216
f 70/407/407 1545/409/409 4457/410/410 1577/408/408
f 1545/409/409 71/411/411 1578/412/412 4457/410/410
f 4457/410/410 1578/412/412 39/228/228 1481/226/226
f 1577/408/408 4457/410/410 1481/226/226 38/222/222
f 71/411/411 1546/413/413 4458/414/414 1578/412/412
f 1546/413/413 72/415/415 1579/416/416 4458/414/414
f 4458/414/414 1579/416/416 40/234/234 1482/232/232
f 1578/412/412 4458/414/414 1482/232/232 39/228/228
f 72/415/415 1547/417/417 4459/418/418 1579/416/416
f 1547/417/417 73/419/419 1580/420/420 4459/418/418
f 4459/418/418 1580/420/420 41/240/240 1483/238/238
f 1579/416/416 4459/418/418 1483/238/238 40/234/234
f 73/419/419 1548/421/421 4460/422/422 1580/420/420
f 1548/421/421 74/423/423 1581/424/424 4460/422/422
f 4460/422/422 1581/424/424 42/246/246 1484/244/244
f 1580/420/420 4460/422/422 1484/244/244 41/240/240
f 74/423/423 1549/425/425 4461/426/426 1581/424/424
f 1549/425/425 75/427/427 1582/428/428 4461/426/426
f 4461/426/426 1582/428/428 43/252/252 1485/250/250
f 1581/424/424 4461/426/426 1485/250/250 42/246/246
f 75/427/427 1550/429/429 4462/430/430 1582/428/428
f 1550/429/429 76/431/431 1583/432/432 4462/430/430
f 4462/430/430 1583/432/432 44/258/258 1486/256/256
f 1582/428/428 4462/430/430 1486/256/256 43/252/252
f 76/431/431 1551/433/433 4463/434/434 1583/432/432
f 1551/433/433 77/435/435 1584/436/436 4463/434/434
f 4463/434/434 1584/436/436 45/264/264 1487/262/262
f 1583/432/432 4463/434/434 1487/262/262 44/258/258
f 77/435/435 1552/437/437 4464/438/438 1584/436/436
f 1552/437/437 78/439/439 1585/440/440 4464/438/438
f 4464/438/438 1585/440/440 46/270/270 1488/268/268
f 1584/436/436 4464/438/438 1488/268/268 45/264/264
f 78/439/439 1553/441/441 4465/442/442 1585/440/440
f 1553/441/441 79/443/443 1586/444/444 4465/442/442
f 4465/442/442 1586/444/444 47/276/276 1489/274/274
f 1585/440/440 4465/442/442 1489/274/274 46/270/270
f 79/443/443 1554/445/445 4466/446/446 1586/444/444
f 1554/445/445 80/447/447 1587/448/448 4466/446/446
f 4466/446/446 1587/448/448 48/282/282 1490/280/280
f 1586/444/444 4466/446/446 1490/280/280 47/276/276
f 80/447/447 1555/449/449 4467/450/450 1587/448/448
f 1555/449/449 81/451/451 1588/452/452 4467/450/450
f 4467/450/450 1588/452/452 49/288/288 1491/286/286
f 1587/448/448 4467/450/450 1491/286/286 48/282/282
f 81/451/451 1556/453/453 4468/454/454 1588/452/452
f 1556/453/453 82/455/455 1589/456/456 4468/454/454
f 4468/454/454 1589/456/456 50/294/294 1492/292/292
f 1588/452/452 4468/454/454 1492/292/292 49/288/288
f 82/455/455 1557/457/457 4469/458/458 1589/456/456
f 1557/457/457 83/459/459 1590/460/460 4469/458/458
f 4469/458/458 1590/460/460 51/300/300 1493/298/298
f 1589/456/456 4469/458/458 1493/298/298 50/294/294
f 83/459/459 1558/461/461 4470/462/462 1590/460/460
f 1558/461/461 84/463/463 1591/464/464 4470/462/462
f 4470/462/462 1591/464/464 52/306/306 1494/304/304
f 1590/460/460 4470/462/462 1494/304/304 51/300/300
f 84/463/463 1559/465/465 4471/466/466 1591/464/464
f 1559/465/465 85/467/467 1592/468/468 4471/466/466
f 4471/466/466 1592/468/468 53/312/312 1495/310/310
f 1591/464/464 4471/466/466 1495/310/310 52/306/306
f 85/467/467 1560/469/469 4472/470/470 1592/468/468
f 1560/469/469 86/471/471 1593/472/472 4472/470/470
f 4472/470/470 1593/472/472 54/318/318 1496/316/316
f 1592/468/468 4472/470/470 1496/316/316 53/312/312
f 86/471/471 1561/473/473 4473/474/474 1593/472/472
f 1561/473/473 87/475/475 1594/476/476 4473/474/474
f 4473/474/474 1594/476/476 55/324/324 1497/322/322
f 1593/472/472 4473/474/474 1497/322/322 54/318/318
f 87/475/475 1562/477/477 4474/478/478 1594/476/476
f 1562/477/477 88/479/479 1595/480/480 4474/478/478
f 4474/478/478 1595/480/480 56/330/330 1498/328/328
f 1594/476/476 4474/478/478 1498/328/328 55/324/324
f 88/479/479 1563/481/481 4475/482/482 1595/480/480
f 1563/481/481 89/483/483 1596/484/484 4475/482/482
f 4475/482/482 1596/484/484 57/336/336 1499/334/334
f 1595/480/480 4475/482/482 1499/334/334 56/330/330
f 89/483/483 1564/485/485 4476/486/486 1596/484/484
f 1564/485/485 90/487/487 1597/488/488 4476/486/486
f 4476/486/486 1597/488/488 58/342/342 1500/340/340
f 1596/484/484 4476/486/486 1500/340/340 57/336/336
f 90/487/487 1565/489/489 4477/490/490 1597/488/488
f 1565/489/489 91/491/491 1598/492/492 4477/490/490
f 4477/490/490 1598/492/492 59/348/348 1501/346/346
f 1597/488/488 4477/490/490 1501/346/346 58/342/342
f 91/491/491 1566/493/493 4478/494/494 1598/492/492
f 1566/493/493 92/495/495 1599/496/496 4478/494/494
f 4478/494/494 1599/496/496 60/354/354 1502/352/352
f 1598/492/492 4478/494/494 1502/352/352 59/348/348
f 92/495/495 1567/497/497 4479/498/498 1599/496/496
f 1567/497/497 93/499/499 1600/500/500 4479/498/498
f 4479/498/498 1600/500/500 61/360/360 1503/358/358
f 1599/496/496 4479/498/498 1503/358/358 60/354/354
f 93/499/499 1568/501/501 4480/502/502 1600/500/500
f 1568/501/501 94/503/503 1601/504/504 4480/502/502
f 4480/502/502 1601/504/504 62/366/366 1504/364/364
f 1600/500/500 4480/502/502 1504/364/364 61/360/360
f 94/503/503 1569/505/505 4481/506/506 1601/504/504
f 1569/505/505 95/507/507 1602/508/508 4481/506/506
f 4481/506/506 1602/508/508 63/372/372 1505/370/370
f 1601/504/504 4481/506/506 1505/370/370 62/366/366
f 95/507/507 1570/509/509 4482/510/510 1602/508/508
f 1570/509/509 96/511/511 1603/512/512 4482/510/510
f 4482/510/510 1603/512/512 64/378/378 1506/376/376
f 1602/508/508 4482/510/510 1506/376/376 63/372/372
f 96/511/511 1571/513/513 4483/514/514 1603/512/512
f 1571/513/513 97/515/515 1604/516/516 4483/514/514
f 4483/514/514 1604/516/516 65/384/384 1507/382/382
f 1603/512/512 4483/514/514 1507/382/382 64/378/378
f 97/515/515 1572/517/517 4484/518/518 1604/516/516
f 1572/517/517 67/391/391 1573/394/394 4484/518/518
f 4484/518/518 1573/394/394 35/199/199 1508/388/388
f 1604/516/516 4484/518/518 1508/388/388 65/384/384
f 99/519/519 1605/520/520 4485/521/521 1637/522/522
f 1605/520/520 98/523/523 1638/524/524 4485/521/521
f 4485/521/521 1638/524/524 66/525/395 1541/526/392
f 1637/522/522 4485/521/521 1541/526/392 67/391/391
f 98/523/523 1606/527/525 4486/528/526 1638/524/524
f 1606/527/525 100/529/527 1639/530/528 4486/528/526
f 4486/528/526 1639/530/528 68/531/399 1542/532/397
f 1638/524/524 4486/528/526 1542/532/397 66/525/395
f 100/529/527 1607/533/529 4487/534/530 1639/530/528
f 1607/533/529 101/535/531 1640/536/532 4487/534/530
f 4487/534/530 1640/536/532 69/537/403 1543/538/401
f 1639/530/528 4487/534/530 1543/538/401 68/531/399
f 101/535/531 1608/539/533 4488/540/534 1640/536/532
f 1608/539/533 102/541/535 1641/542/536 4488/540/534
f 4488/540/534 1641/542/536 70/543/407 1544/544/405
f 1640/536/532 4488/540/534 1544/544/405 69/537/403
f 102/541/535 1609/545/537 4489/546/538 1641/542/536
f 1609/545/537 103/547/539 1642/548/540 4489/546/538
f 4489/546/538 1642/548/540 71/549/411 1545/550/409
f 1641/542/536 4489/546/538 1545/550/409 70/543/407
f 103/547/539 1610/551/541 4490/552/542 1642/548/540
f 1610/551/541 104/553/543 1643/554/544 4490/552/542
f 4490/552/542 1643/554/544 72/555/415 1546/556/413
f 1642/548/540 4490/552/542 1546/556/413 71/549/411
f 104/553/543 1611/557/545 4491/558/546 1643/554/544
f 1611/557/545 105/559/547 1644/560/548 4491/558/546
f 4491/558/546 1644/560/548 73/561/419 1547/562/417
f 1643/554/544 4491/558/546 1547/562/417 72/555/415
f 105/559/547 1612/563/549 4492/564/550 1644/560/548
f 1612/563/549 106/565/551 1645/566/552 4492/564/550
f 4492/564/550 1645/566/552 74/567/423 1548/568/421
f 1644/560/548 4492/564/550 1548/568/421 73/561/419
f 106/565/551 1613/569/553 4493/570/554 1645/566/552
f 1613/569/553 107/571/555 1646/572/556 4493/570/554
f 4493/570/554 1646/572/556 75/427/427 1549/573/425
f 1645/566/552 4493/570/554 1549/573/425 74/567/423
f 107/571/555 1614/574/557 4494/575/558 1646/572/556
f 1614/574/557 108/576/559 1647/577/560 4494/575/558
f 4494/575/558 1647/577/560 76/578/431 1550/579/429
f 1646/572/556 4494/575/558 1550/579/429 75/427/427
f 108/576/559 1615/580/561 4495/581/562 1647/577/560
f 1615/580/561 109/582/563 1648/583/564 4495/581/562
f 4495/581/562 1648/583/564 77/584/435 1551/585/433
f 1647/577/560 4495/581/562 1551/585/433 76/578/431
f 109/582/563 1616/586/565 4496/587/566 1648/583/564
f 1616/586/565 110/588/567 1649/589/568 4496/587/566
f 4496/587/566 1649/589/568 78/590/439 1552/591/437
f 1648/583/564 4496/587/566 1552/591/437 77/584/435
f 110/588/567 1617/592/569 4497/593/570 1649/589/568
f 1617/592/569 111/594/571 1650/595/572 4497/593/570
f 4497/593/570 1650/595/572 79/596/443 1553/597/441
f 1649/589/568 4497/593/570 1553/597/441 78/590/439
f 111/594/571 1618/598/573 4498/599/574 1650/595/572
f 1618/598/573 112/600/575 1651/601/576 4498/599/574
f 4498/599/574 1651/601/576 80/602/447 1554/603/445
f 1650/595/572 4498/599/574 1554/603/445 79/596/443
f 112/600/575 1619/604/577 4499/605/578 1651/601/576
f 1619/604/577 113/606/579 1652/607/580 4499/605/578
f 4499/605/578 1652/607/580 81/608/451 1555/609/449
f 1651/601/576 4499/605/578 1555/609/449 80/602/447
f 113/606/579 1620/610/581 4500/611/582 1652/607/580
f 1620/610/581 114/612/583 1653/613/584 4500/611/582
f 4500/611/582 1653/613/584 82/455/455 1556/614/453
f 1652/607/580 4500/611/582 1556/614/453 81/608/451
f 114/612/583 1621/615/585 4501/616/586 1653/613/584
f 1621/615/585 115/617/587 1654/618/588 4501/616/586
f 4501/616/586 1654/618/588 83/619/459 1557/620/457
f 1653/613/584 4501/616/586 1557/620/457 82/455/455
f 115/617/587 1622/621/589 4502/622/590 1654/618/588
f 1622/621/589 116/623/591 1655/624/592 4502/622/590
f 4502/622/590 1655/624/592 84/625/463 1558/626/461
f 1654/618/588 4502/622/590 1558/626/461 83/619/459
f 116/623/591 1623/627/593 4503/628/594 1655/624/592
f 1623/627/593 117/629/595 1656/630/596 4503/628/594
f 4503/628/594 1656/630/596 85/631/467 1559/632/465
f 1655/624/592 4503/628/594 1559/632/465 84/625/463
f 117/629/595 1624/633/597 4504/634/598 1656/630/596
f 1624/633/597 118/635/599 1657/636/600 4504/634/598
f 4504/634/598 1657/636/600 86/637/471 1560/638/469
f 1656/630/596 4504/634/598 1560/638/469 85/631/467
f 118/635/599 1625/639/601 4505/640/602 1657/636/600
f 1625/639/601 119/641/603 1658/642/604 4505/640/602
f 4505/640/602 1658/642/604 87/643/475 1561/473/473
f 1657/636/600 4505/640/602 1561/473/473 86/637/471
f 119/641/603 1626/644/605 4506/645/606 1658/642/604
f 1626/644/605 120/646/607 1659/647/608 4506/645/606
f 4506/645/606 1659/647/608 88/479/479 1562/648/477
f 1658/642/604 4506/645/606 1562/648/477 87/643/475
f 120/646/607 1627/649/609 4507/650/610 1659/647/608
f 1627/649/609 121/651/611 1660/652/612 4507/650/610
f 4507/650/610 1660/652/612 89/653/483 1563/654/481
f 1659/647/608 4507/650/610 1563/654/481 88/479/479
f 121/651/611 1628/655/613 4508/656/614 1660/652/612
f 1628/655/613 122/657/615 1661/658/616 4508/656/614
f 4508/656/614 1661/658/616 90/659/487 1564/660/485
f 1660/652/612 4508/656/614 1564/660/485 89/653/483
f 122/657/615 1629/661/617 4509/662/618 1661/658/616
f 1629/661/617 123/663/619 1662/664/620 4509/662/618
f 4509/662/618 1662/664/620 91/665/491 1565/666/489
f 1661/658/616 4509/662/618 1565/666/489 90/659/487
f 123/663/619 1630/667/621 4510/668/622 1662/664/620
f 1630/667/621 124/669/623 1663/670/624 4510/668/622
f 4510/668/622 1663/670/624 92/671/495 1566/672/493
f 1662/664/620 4510/668/622 1566/672/493 91/665/491
f 124/669/623 1631/673/625 4511/674/626 1663/670/624
f 1631/673/625 125/675/627 1664/676/628 4511/674/626
f 4511/674/626 1664/676/628 93/677/499 1567/678/497
f 1663/670/624 4511/674/626 1567/678/497 92/671/495
f 125/675/627 1632/679/629 4512/680/630 1664/676/628
f 1632/679/629 126/681/631 1665/682/632 4512/680/630
f 4512/680/630 1665/682/632 94/683/503 1568/684/501
f 1664/676/628 4512/680/630 1568/684/501 93/677/499
f 126/681/631 1633/685/633 4513/686/634 1665/682/632
f 1633/685/633 127/687/635 1666/688/636 4513/686/634
f 4513/686/634 1666/688/636 95/689/507 1569/690/505
f 1665/682/632 4513/686/634 1569/690/505 94/683/503
f 127/687/635 1634/691/637 4514/692/638 1666/688/636
f 1634/691/637 128/693/639 1667/694/640 4514/692/638
f 4514/692/638 1667/694/640 96/695/511 1570/696/509
f 1666/688/636 4514/692/638 1570/696/509 95/689/507
f 128/693/639 1635/697/641 4515/698/642 1667/694/640
f 1635/697/641 129/699/643 1668/700/644 4515/698/642
f 4515/698/642 1668/700/644 97/701/515 1571/702/513
f 1667/694/640 4515/698/642 1571/702/513 96/695/511
f 129/699/643 1636/703/645 4516/704/646 1668/700/644
f 1636/703/645 99/519/519 1637/522/522 4516/704/646
f 4516/704/646 1637/522/522 67/391/391 1572/517/517
f 1668/700/644 4516/704/646 1572/517/517 97/701/515
f 1/705/647 1670/706/647 4517/707/647 1669/708/647
f 98/709/523 1605/710/520 4517/707/647 1670/711/647
f 99/712/519 1669/713/647 4517/707/647 1605/710/520
f 1/705/647 1671/714/647 4518/715/647 1670/716/647
f 100/529/527 1606/717/525 4518/715/647 1671/718/647
f 98/719/523 1670/706/647 4518/715/647 1606/717/525
f 1/705/647 1672/720/647 4519/721/647 1671/718/647
f 101/722/531 1607/723/529 4519/721/647 1672/724/647
f 100/725/527 1671/726/647 4519/721/647 1607/723/529
f 1/705/647 1673/727/647 4520/728/647 1672/729/647
f 102/730/535 1608/731/533 4520/728/647 1673/732/647
f 101/722/531 1672/720/647 4520/728/647 1608/733/533
f 1/705/647 1674/734/647 4521/735/647 1673/736/647
f 103/737/539 1609/738/537 4521/735/647 1674/739/647
f 102/740/535 1673/741/647 4521/735/647 1609/545/537
f 1/705/647 1675/742/647 4522/743/647 1674/734/647
f 104/744/543 1610/551/541 4522/743/647 1675/745/647
f 103/746/539 1674/747/647 4522/743/647 1610/551/541
f 1/705/647 1676/748/647 4523/749/647 1675/745/647
f 105/750/547 1611/751/545 4523/749/647 1676/752/647
f 104/753/543 1675/745/647 4523/749/647 1611/557/545
f 1/705/647 1677/754/647 4524/755/647 1676/756/647
f 106/565/551 1612/563/549 4524/755/647 1677/754/647
f 105/757/547 1676/758/647 4524/755/647 1612/759/549
f 1/705/647 1678/760/647 4525/761/647 1677/762/647
f 107/763/555 1613/764/553 4525/761/647 1678/765/647
f 106/766/551 1677/762/647 4525/761/647 1613/569/553
f 1/705/647 1679/767/647 4526/768/647 1678/769/647
f 108/770/559 1614/771/557 4526/768/647 1679/772/647
f 107/571/555 1678/765/647 4526/768/647 1614/773/557
f 1/705/647 1680/774/647 4527/775/647 1679/776/647
f 109/777/563 1615/778/561 4527/775/647 1680/779/647
f 108/576/559 1679/776/647 4527/775/647 1615/778/561
f 1/705/647 1681/780/647 4528/781/647 1680/779/647
f 110/782/567 1616/586/565 4528/781/647 1681/783/647
f 109/777/563 1680/774/647 4528/781/647 1616/784/565
f 1/705/647 1682/785/647 4529/786/647 1681/780/647
f 111/594/571 1617/592/569 4529/786/647 1682/787/647
f 110/788/567 1681/783/647 4529/786/647 1617/789/569
f 1/705/647 1683/790/647 4530/791/647 1682/792/647
f 112/600/575 1618/793/573 4530/791/647 1683/794/647
f 111/795/571 1682/787/647 4530/791/647 1618/598/573
f 1/705/647 1684/796/647 4531/797/647 1683/798/647
f 113/799/579 1619/800/577 4531/797/647 1684/796/647
f 112/801/575 1683/794/647 4531/797/647 1619/604/577
f 1/705/647 1685/802/647 4532/803/647 1684/796/647
f 114/804/583 1620/805/581 4532/803/647 1685/806/647
f 113/807/579 1684/808/647 4532/803/647 1620/809/581
f 1/705/647 1686/810/647 4533/811/647 1685/802/647
f 115/812/587 1621/615/585 4533/811/647 1686/813/647
f 114/814/583 1685/815/647 4533/811/647 1621/615/585
f 1/705/647 1687/816/647 4534/817/647 1686/813/647
f 116/818/591 1622/819/589 4534/817/647 1687/816/647
f 115/820/587 1686/821/647 4534/817/647 1622/621/589
f 1/705/647 1688/822/647 4535/823/647 1687/824/647
f 117/629/595 1623/627/593 4535/823/647 1688/825/647
f 116/818/591 1687/826/647 4535/823/647 1623/627/593
f 1/705/647 1689/827/647 4536/828/647 1688/825/647
f 118/829/599 1624/830/597 4536/828/647 1689/831/647
f 117/832/595 1688/833/647 4536/828/647 1624/830/597
f 1/705/647 1690/834/647 4537/835/647 1689/831/647
f 119/836/603 1625/837/601 4537/835/647 1690/838/647
f 118/839/599 1689/831/647 4537/835/647 1625/840/601
f 1/705/647 1691/841/647 4538/842/647 1690/843/647
f 120/844/607 1626/845/605 4538/842/647 1691/846/647
f 119/847/603 1690/843/647 4538/842/647 1626/845/605
f 1/705/647 1692/848/647 4539/849/647 1691/850/647
f 121/851/611 1627/852/609 4539/849/647 1692/853/647
f 120/854/607 1691/855/647 4539/849/647 1627/856/609
f 1/705/647 1693/857/647 4540/858/647 1692/848/647
f 122/859/615 1628/860/613 4540/858/647 1693/861/647
f 121/651/611 1692/862/647 4540/858/647 1628/863/613
f 1/705/647 1694/864/647 4541/865/647 1693/866/647
f 123/867/619 1629/868/617 4541/865/647 1694/869/647
f 122/657/615 1693/870/647 4541/865/647 1629/871/617
f 1/705/647 1695/872/647 4542/873/647 1694/864/647
f 124/874/623 1630/875/621 4542/873/647 1695/876/647
f 123/877/619 1694/878/647 4542/873/647 1630/879/621
f 1/705/647 1696/880/647 4543/881/647 1695/872/647
f 125/675/627 1631/882/625 4543/881/647 1696/883/647
f 124/884/623 1695/885/647 4543/881/647 1631/886/625
f 1/705/647 1697/887/647 4544/888/647 1696/880/647
f 126/681/631 1632/889/629 4544/888/647 1697/890/647
f 125/675/627 1696/883/647 4544/888/647 1632/891/629
f 1/705/647 1698/892/647 4545/893/647 1697/894/647
f 127/895/635 1633/685/633 4545/893/647 1698/896/647
f 126/897/631 1697/890/647 4545/893/647 1633/685/633
f 1/705/647 1699/898/647 4546/899/647 1698/900/647
f 128/693/639 1634/901/637 4546/899/647 1699/902/647
f 127/687/635 1698/896/647 4546/899/647 1634/691/637
f 1/705/647 1700/903/647 4547/904/647 1699/905/647
f 129/906/643 1635/907/641 4547/904/647 1700/908/647
f 128/909/639 1699/910/647 4547/904/647 1635/907/641
f 1/705/647 1669/708/647 4548/911/647 1700/912/647
f 99/712/519 1636/703/645 4548/911/647 1669/713/647
f 129/913/643 1700/908/647 4548/911/647 1636/703/645
f 130/195/195 2246/194/194 4549/914/648 1702/915/649
f 2246/194/194 323/193/193 2029/916/650 4549/914/648
f 4549/914/648 2029/916/650 329/917/651 2247/918/652
f 1702/915/649 4549/914/648 2247/918/652 132/919/653
f 161/920/654 2248/921/655 4550/922/656 1732/923/657
f 2248/921/655 416/924/658 2178/925/659 4550/922/656
f 4550/922/656 2178/925/659 325/191/191 2245/188/188
f 1732/923/657 4550/922/656 2245/188/188 131/187/187
f 133/926/660 2249/927/661 4551/928/662 1704/929/663
f 2249/927/661 332/930/664 2039/931/665 4551/928/662
f 4551/928/662 2039/931/665 335/932/666 2250/933/667
f 1704/929/663 4551/928/662 2250/933/667 134/934/668
f 134/934/668 2250/933/667 4552/935/669 1705/936/670
f 2250/933/667 335/932/666 2044/937/671 4552/935/669
f 4552/935/669 2044/937/671 338/938/672 2251/939/673
f 1705/936/670 4552/935/669 2251/939/673 135/940/674
f 135/940/674 2251/939/673 4553/941/675 1706/942/676
f 2251/939/673 338/938/672 2049/943/677 4553/941/675
f 4553/941/675 2049/943/677 341/944/678 2252/945/679
f 1706/942/676 4553/941/675 2252/945/679 136/946/680
f 136/946/680 2252/945/679 4554/947/681 1707/948/682
f 2252/945/679 341/944/678 2054/949/683 4554/947/681
f 4554/947/681 2054/949/683 344/950/684 2253/951/685
f 1707/948/682 4554/947/681 2253/951/685 137/952/686
f 137/952/686 2253/951/685 4555/953/687 1708/954/688
f 2253/951/685 344/950/684 2059/955/689 4555/953/687
f 4555/953/687 2059/955/689 347/956/690 2254/957/691
f 1708/954/688 4555/953/687 2254/957/691 138/958/692
f 138/958/692 2254/957/691 4556/959/693 1709/960/694
f 2254/957/691 347/956/690 2064/961/695 4556/959/693
f 4556/959/693 2064/961/695 350/962/696 2255/963/697
f 1709/960/694 4556/959/693 2255/963/697 139/964/698
f 139/964/698 2255/963/697 4557/965/699 1710/966/700
f 2255/963/697 350/962/696 2069/967/701 4557/965/699
f 4557/965/699 2069/967/701 353/968/702 2256/969/703
f 1710/966/700 4557/965/699 2256/969/703 140/970/704
f 140/970/704 2256/969/703 4558/971/705 1711/972/706
f 2256/969/703 353/968/702 2074/973/707 4558/971/705
f 4558/971/705 2074/973/707 356/974/708 2257/975/709
f 1711/972/706 4558/971/705 2257/975/709 141/976/710
f 141/976/710 2257/975/709 4559/977/711 1712/978/712
f 2257/975/709 356/974/708 2079/979/713 4559/977/711
f 4559/977/711 2079/979/713 359/980/714 2258/981/715
f 1712/978/712 4559/977/711 2258/981/715 142/982/716
f 142/982/716 2258/981/715 4560/983/717 1713/984/718
f 2258/981/715 359/980/714 2084/985/719 4560/983/717
f 4560/983/717 2084/985/719 362/986/720 2259/987/721
f 1713/984/718 4560/983/717 2259/987/721 143/988/722
f 143/988/722 2259/987/721 4561/989/723 1714/990/724
f 2259/987/721 362/986/720 2089/991/725 4561/989/723
f 4561/989/723 2089/991/725 365/992/726 2260/993/727
f 1714/990/724 4561/989/723 2260/993/727 144/994/728
f 144/994/728 2260/993/727 4562/995/729 1715/996/730
f 2260/993/727 365/992/726 2094/997/731 4562/995/729
f 4562/995/729 2094/997/731 368/998/732 2261/999/733
f 1715/996/730 4562/995/729 2261/999/733 145/1000/734
f 145/1000/734 2261/999/733 4563/1001/735 1716/1002/736
f 2261/999/733 368/998/732 2099/1003/737 4563/1001/735
f 4563/1001/735 2099/1003/737 371/1004/738 2262/1005/739
f 1716/1002/736 4563/1001/735 2262/1005/739 146/1006/740
f 146/1006/740 2262/1005/739 4564/1007/741 1717/1008/742
f 2262/1005/739 371/1004/738 2104/1009/743 4564/1007/741
f 4564/1007/741 2104/1009/743 374/1010/744 2263/1011/745
f 1717/1008/742 4564/1007/741 2263/1011/745 147/1012/746
f 147/1012/746 2263/1011/745 4565/1013/747 1718/1014/748
f 2263/1011/745 374/1010/744 2109/1015/749 4565/1013/747
f 4565/1013/747 2109/1015/749 377/1016/750 2264/1017/751
f 1718/1014/748 4565/1013/747 2264/1017/751 148/1018/752
f 148/1018/752 2264/1017/751 4566/1019/753 1719/1020/754
f 2264/1017/751 377/1016/750 2114/1021/755 4566/1019/753
f 4566/1019/753 2114/1021/755 380/1022/756 2265/1023/757
f 1719/1020/754 4566/1019/753 2265/1023/757 149/1024/758
f 149/1024/758 2265/1023/757 4567/1025/759 1720/1026/760
f 2265/1023/757 380/1022/756 2119/1027/761 4567/1025/759
f 4567/1025/759 2119/1027/761 383/1028/762 2266/1029/763
f 1720/1026/760 4567/1025/759 2266/1029/763 150/1030/764
f 150/1030/764 2266/1029/763 4568/1031/765 1721/1032/766
f 2266/1029/763 383/1028/762 2124/1033/767 4568/1031/765
f 4568/1031/765 2124/1033/767 386/1034/768 2267/1035/769
f 1721/1032/766 4568/1031/765 2267/1035/769 151/1036/770
f 151/1036/770 2267/1035/769 4569/1037/771 1722/1038/772
f 2267/1035/769 386/1034/768 2129/1039/773 4569/1037/771
f 4569/1037/771 2129/1039/773 389/1040/774 2268/1041/775
f 1722/1038/772 4569/1037/771 2268/1041/775 152/1042/776
f 152/1042/776 2268/1041/775 4570/1043/777 1723/1044/778
f 2268/1041/775 389/1040/774 2134/1045/779 4570/1043/777
f 4570/1043/777 2134/1045/779 392/1046/780 2269/1047/781
f 1723/1044/778 4570/1043/777 2269/1047/781 153/1048/782
f 153/1048/782 2269/1047/781 4571/1049/783 1724/1050/784
f 2269/1047/781 392/1046/780 2139/1051/785 4571/1049/783
f 4571/1049/783 2139/1051/785 395/1052/786 2270/1053/787
f 1724/1050/784 4571/1049/783 2270/1053/787 154/1054/788
f 154/1054/788 2270/1053/787 4572/1055/789 1725/1056/790
f 2270/1053/787 395/1052/786 2144/1057/791 4572/1055/789
f 4572/1055/789 2144/1057/791 398/1058/792 2271/1059/793
f 1725/1056/790 4572/1055/789 2271/1059/793 155/1060/794
f 155/1060/794 2271/1059/793 4573/1061/795 1726/1062/796
f 2271/1059/793 398/1058/792 2149/1063/797 4573/1061/795
f 4573/1061/795 2149/1063/797 401/1064/798 2272/1065/799
f 1726/1062/796 4573/1061/795 2272/1065/799 156/1066/800
f 156/1066/800 2272/1065/799 4574/1067/801 1727/1068/802
f 2272/1065/799 401/1064/798 2154/1069/803 4574/1067/801
f 4574/1067/801 2154/1069/803 404/1070/804 2273/1071/805
f 1727/1068/802 4574/1067/801 2273/1071/805 157/1072/806
f 157/1072/806 2273/1071/805 4575/1073/807 1728/1074/808
f 2273/1071/805 404/1070/804 2159/1075/809 4575/1073/807
f 4575/1073/807 2159/1075/809 407/1076/810 2274/1077/811
f 1728/1074/808 4575/1073/807 2274/1077/811 158/1078/812
f 158/1078/812 2274/1077/811 4576/1079/813 1729/1080/814
f 2274/1077/811 407/1076/810 2164/1081/815 4576/1079/813
f 4576/1079/813 2164/1081/815 410/1082/816 2275/1083/817
f 1729/1080/814 4576/1079/813 2275/1083/817 159/1084/818
f 159/1084/818 2275/1083/817 4577/1085/819 1730/1086/820
f 2275/1083/817 410/1082/816 2169/1087/821 4577/1085/819
f 4577/1085/819 2169/1087/821 413/1088/822 2276/1089/823
f 1730/1086/820 4577/1085/819 2276/1089/823 160/1090/824
f 160/1090/824 2276/1089/823 4578/1091/825 1731/1092/826
f 2276/1089/823 413/1088/822 2174/1093/827 4578/1091/825
f 4578/1091/825 2174/1093/827 416/924/658 2248/921/655
f 1731/1092/826 4578/1091/825 2248/921/655 161/920/654
f 132/919/653 2247/918/652 4579/1094/828 1703/1095/829
f 2247/918/652 329/917/651 2034/1096/830 4579/1094/828
f 4579/1094/828 2034/1096/830 332/930/664 2249/927/661
f 1703/1095/829 4579/1094/828 2249/927/661 133/926/660
f 163/1097/831 1765/1098/832 4580/1099/833 1733/1100/834
f 1765/1098/832 131/187/187 1701/190/190 4580/1099/833
f 4580/1099/833 1701/190/190 130/195/195 1766/1101/835
f 1733/1100/834 4580/1099/833 1766/1101/835 162/1102/836
f 162/1102/836 1766/1101/835 4581/1103/837 1734/1104/838
f 1766/1101/835 130/195/195 1702/915/649 4581/1103/837
f 4581/1103/837 1702/915/649 132/919/653 1767/1105/839
f 1734/1104/838 4581/1103/837 1767/1105/839 164/1106/840
f 164/1106/840 1767/1105/839 4582/1107/841 1735/1108/842
f 1767/1105/839 132/919/653 1703/1095/829 4582/1107/841
f 4582/1107/841 1703/1095/829 133/926/660 1768/1109/843
f 1735/1108/842 4582/1107/841 1768/1109/843 165/1110/844
f 165/1110/844 1768/1109/843 4583/1111/845 1736/1112/846
f 1768/1109/843 133/926/660 1704/929/663 4583/1111/845
f 4583/1111/845 1704/929/663 134/934/668 1769/1113/847
f 1736/1112/846 4583/1111/845 1769/1113/847 166/1114/848
f 166/1114/848 1769/1113/847 4584/1115/849 1737/1116/850
f 1769/1113/847 134/934/668 1705/936/670 4584/1115/849
f 4584/1115/849 1705/936/670 135/940/674 1770/1117/851
f 1737/1116/850 4584/1115/849 1770/1117/851 167/1118/852
f 167/1118/852 1770/1117/851 4585/1119/853 1738/1120/854
f 1770/1117/851 135/940/674 1706/942/676 4585/1119/853
f 4585/1119/853 1706/942/676 136/946/680 1771/1121/855
f 1738/1120/854 4585/1119/853 1771/1121/855 168/1122/856
f 168/1122/856 1771/1121/855 4586/1123/857 1739/1124/858
f 1771/1121/855 136/946/680 1707/948/682 4586/1123/857
f 4586/1123/857 1707/948/682 137/952/686 1772/1125/859
f 1739/1124/858 4586/1123/857 1772/1125/859 169/1126/860
f 169/1126/860 1772/1125/859 4587/1127/861 1740/1128/862
f 1772/1125/859 137/952/686 1708/954/688 4587/1127/861
f 4587/1127/861 1708/954/688 138/958/692 1773/1129/863
f 1740/1128/862 4587/1127/861 1773/1129/863 170/1130/864
f 170/1130/864 1773/1129/863 4588/1131/865 1741/1132/866
f 1773/1129/863 138/958/692 1709/960/694 4588/1131/865
f 4588/1131/865 1709/960/694 139/964/698 1774/1133/867
f 1741/1132/866 4588/1131/865 1774/1133/867 171/1134/868
f 171/1134/868 1774/1133/867 4589/1135/869 1742/1136/870
f 1774/1133/867 139/964/698 1710/966/700 4589/1135/869
f 4589/1135/869 1710/966/700 140/970/704 1775/1137/871
f 1742/1136/870 4589/1135/869 1775/1137/871 172/1138/872
f 172/1138/872 1775/1137/871 4590/1139/873 1743/1140/874
f 1775/1137/871 140/970/704 1711/972/706 4590/1139/873
f 4590/1139/873 1711/972/706 141/976/710 1776/1141/875
f 1743/1140/874 4590/1139/873 1776/1141/875 173/1142/876
f 173/1142/876 1776/1141/875 4591/1143/877 1744/1144/878
f 1776/1141/875 141/976/710 1712/978/712 4591/1143/877
f 4591/1143/877 1712/978/712 142/982/716 1777/1145/879
f 1744/1144/878 4591/1143/877 1777/1145/879 174/1146/880
f 174/1146/880 1777/1145/879 4592/1147/881 1745/1148/882
f 1777/1145/879 142/982/716 1713/984/718 4592/1147/881
f 4592/1147/881 1713/984/718 143/988/722 1778/1149/883
f 1745/1148/882 4592/1147/881 1778/1149/883 175/1150/884
f 175/1150/884 1778/1149/883 4593/1151/885 1746/1152/886
f 1778/1149/883 143/988/722 1714/990/724 4593/1151/885
f 4593/1151/885 1714/990/724 144/994/728 1779/1153/887
f 1746/1152/886 4593/1151/885 1779/1153/887 176/1154/888
f 176/1154/888 1779/1153/887 4594/1155/889 1747/1156/890
f 1779/1153/887 144/994/728 1715/996/730 4594/1155/889
f 4594/1155/889 1715/996/730 145/1000/734 1780/1157/891
f 1747/1156/890 4594/1155/889 1780/1157/891 177/1158/892
f 177/1158/892 1780/1157/891 4595/1159/893 1748/1160/894
f 1780/1157/891 145/1000/734 1716/1002/736 4595/1159/893
f 4595/1159/893 1716/1002/736 146/1006/740 1781/1161/895
f 1748/1160/894 4595/1159/893 1781/1161/895 178/1162/896
f 178/1162/896 1781/1161/895 4596/1163/897 1749/1164/898
f 1781/1161/895 146/1006/740 1717/1008/742 4596/1163/897
f 4596/1163/897 1717/1008/742 147/1012/746 1782/1165/899
f 1749/1164/898 4596/1163/897 1782/1165/899 179/1166/900
f 179/1166/900 1782/1165/899 4597/1167/901 1750/1168/902
f 1782/1165/899 147/1012/746 1718/1014/748 4597/1167/901
f 4597/1167/901 1718/1014/748 148/1018/752 1783/1169/903
f 1750/1168/902 4597/1167/901 1783/1169/903 180/1170/904
f 180/1170/904 1783/1169/903 4598/1171/905 1751/1172/906
f 1783/1169/903 148/1018/752 1719/1020/754 4598/1171/905
f 4598/1171/905 1719/1020/754 149/1024/758 1784/1173/907
f 1751/1172/906 4598/1171/905 1784/1173/907 181/1174/908
f 181/1174/908 1784/1173/907 4599/1175/909 1752/1176/910
f 1784/1173/907 149/1024/758 1720/1026/760 4599/1175/909
f 4599/1175/909 1720/1026/760 150/1030/764 1785/1177/911
f 1752/1176/910 4599/1175/909 1785/1177/911 182/1178/912
f 182/1178/912 1785/1177/911 4600/1179/913 1753/1180/914
f 1785/1177/911 150/1030/764 1721/1032/766 4600/1179/913
f 4600/1179/913 1721/1032/766 151/1036/770 1786/1181/915
f 1753/1180/914 4600/1179/913 1786/1181/915 183/1182/916
f 183/1182/916 1786/1181/915 4601/1183/917 1754/1184/918
f 1786/1181/915 151/1036/770 1722/1038/772 4601/1183/917
f 4601/1183/917 1722/1038/772 152/1042/776 1787/1185/919
f 1754/1184/918 4601/1183/917 1787/1185/919 184/1186/920
f 184/1186/920 1787/1185/919 4602/1187/921 1755/1188/922
f 1787/1185/919 152/1042/776 1723/1044/778 4602/1187/921
f 4602/1187/921 1723/1044/778 153/1048/782 1788/1189/923
f 1755/1188/922 4602/1187/921 1788/1189/923 185/1190/924
f 185/1190/924 1788/1189/923 4603/1191/925 1756/1192/926
f 1788/1189/923 153/1048/782 1724/1050/784 4603/1191/925
f 4603/1191/925 1724/1050/784 154/1054/788 1789/1193/927
f 1756/1192/926 4603/1191/925 1789/1193/927 186/1194/928
f 186/1194/928 1789/1193/927 4604/1195/929 1757/1196/930
f 1789/1193/927 154/1054/788 1725/1056/790 4604/1195/929
f 4604/1195/929 1725/1056/790 155/1060/794 1790/1197/931
f 1757/1196/930 4604/1195/929 1790/1197/931 187/1198/932
f 187/1198/932 1790/1197/931 4605/1199/933 1758/1200/934
f 1790/1197/931 155/1060/794 1726/1062/796 4605/1199/933
f 4605/1199/933 1726/1062/796 156/1066/800 1791/1201/935
f 1758/1200/934 4605/1199/933 1791/1201/935 188/1202/936
f 188/1202/936 1791/1201/935 4606/1203/937 1759/1204/938
f 1791/1201/935 156/1066/800 1727/1068/802 4606/1203/937
f 4606/1203/937 1727/1068/802 157/1072/806 1792/1205/939
f 1759/1204/938 4606/1203/937 1792/1205/939 189/1206/940
f 189/1206/940 1792/1205/939 4607/1207/941 1760/1208/942
f 1792/1205/939 157/1072/806 1728/1074/808 4607/1207/941
f 4607/1207/941 1728/1074/808 158/1078/812 1793/1209/943
f 1760/1208/942 4607/1207/941 1793/1209/943 190/1210/944
f 190/1210/944 1793/1209/943 4608/1211/945 1761/1212/946
f 1793/1209/943 158/1078/812 1729/1080/814 4608/1211/945
f 4608/1211/945 1729/1080/814 159/1084/818 1794/1213/947
f 1761/1212/946 4608/1211/945 1794/1213/947 191/1214/948
f 191/1214/948 1794/1213/947 4609/1215/949 1762/1216/950
f 1794/1213/947 159/1084/818 1730/1086/820 4609/1215/949
f 4609/1215/949 1730/1086/820 160/1090/824 1795/1217/951
f 1762/1216/950 4609/1215/949 1795/1217/951 192/1218/952
f 192/1218/952 1795/1217/951 4610/1219/953 1763/1220/954
f 1795/1217/951 160/1090/824 1731/1092/826 4610/1219/953
f 4610/1219/953 1731/1092/826 161/920/654 1796/1221/955
f 1763/1220/954 4610/1219/953 1796/1221/955 193/1222/956
f 193/1222/956 1796/1221/955 4611/1223/957 1764/1224/958
f 1796/1221/955 161/920/654 1732/923/657 4611/1223/957
f 4611/1223/957 1732/923/657 131/187/187 1765/1098/832
f 1764/1224/958 4611/1223/957 1765/1098/832 163/1097/831
f 195/1225/959 1829/1226/960 4612/1227/961 1797/1228/962
f 1829/1226/960 163/1097/831 1733/1100/834 4612/1227/961
f 4612/1227/961 1733/1100/834 162/1102/836 1830/1229/963
f 1797/1228/962 4612/1227/961 1830/1229/963 194/1230/964
f 194/1230/964 1830/1229/963 4613/1231/965 1798/1232/966
f 1830/1229/963 162/1102/836 1734/1104/838 4613/1231/965
f 4613/1231/965 1734/1104/838 164/1106/840 1831/1233/967
f 1798/1232/966 4613/1231/965 1831/1233/967 196/1234/968
f 196/1234/968 1831/1233/967 4614/1235/969 1799/1236/970
f 1831/1233/967 164/1106/840 1735/1108/842 4614/1235/969
f 4614/1235/969 1735/1108/842 165/1110/844 1832/1237/971
f 1799/1236/970 4614/1235/969 1832/1237/971 197/1238/972
f 197/1238/972 1832/1237/971 4615/1239/973 1800/1240/974
f 1832/1237/971 165/1110/844 1736/1112/846 4615/1239/973
f 4615/1239/973 1736/1112/846 166/1114/848 1833/1241/975
f 1800/1240/974 4615/1239/973 1833/1241/975 198/1242/976
f 198/1242/976 1833/1241/975 4616/1243/977 1801/1244/978
f 1833/1241/975 166/1114/848 1737/1116/850 4616/1243/977
f 4616/1243/977 1737/1116/850 167/1118/852 1834/1245/979
f 1801/1244/978 4616/1243/977 1834/1245/979 199/1246/980
f 199/1246/980 1834/1245/979 4617/1247/981 1802/1248/982
f 1834/1245/979 167/1118/852 1738/1120/854 4617/1247/981
f 4617/1247/981 1738/1120/854 168/1122/856 1835/1249/983
f 1802/1248/982 4617/1247/981 1835/1249/983 200/1250/984
f 200/1250/984 1835/1249/983 4618/1251/985 1803/1252/986
f 1835/1249/983 168/1122/856 1739/1124/858 4618/1251/985
f 4618/1251/985 1739/1124/858 169/1126/860 1836/1253/987
f 1803/1252/986 4618/1251/985 1836/1253/987 201/1254/988
f 201/1254/988 1836/1253/987 4619/1255/989 1804/1256/990
f 1836/1253/987 169/1126/860 1740/1128/862 4619/1255/989
f 4619/1255/989 1740/1128/862 170/1130/864 1837/1257/991
f 1804/1256/990 4619/1255/989 1837/1257/991 202/1258/992
f 202/1258/992 1837/1257/991 4620/1259/993 1805/1260/994
f 1837/1257/991 170/1130/864 1741/1132/866 4620/1259/993
f 4620/1259/993 1741/1132/866 171/1134/868 1838/1261/995
f 1805/1260/994 4620/1259/993 1838/1261/995 203/1262/996
f 203/1262/996 1838/1261/995 4621/1263/997 1806/1264/998
f 1838/1261/995 171/1134/868 1742/1136/870 4621/1263/997
f 4621/1263/997 1742/1136/870 172/1138/872 1839/1265/999
f 1806/1264/998 4621/1263/997 1839/1265/999 204/1266/1000
f 204/1266/1000 1839/1265/999 4622/1267/1001 1807/1268/1002
f 1839/1265/999 172/1138/872 1743/1140/874 4622/1267/1001
f 4622/1267/1001 1743/1140/874 173/1142/876 1840/1269/1003
f 1807/1268/1002 4622/1267/1001 1840/1269/1003 205/1270/1004
f 205/1270/1004 1840/1269/1003 4623/1271/1005 1808/1272/1006
f 1840/1269/1003 173/1142/876 1744/1144/878 4623/1271/1005
f 4623/1271/1005 1744/1144/878 174/1146/880 1841/1273/1007
f 1808/1272/1006 4623/1271/1005 1841/1273/1007 206/1274/1008
f 206/1274/1008 1841/1273/1007 4624/1275/1009 1809/1276/1010
f 1841/1273/1007 174/1146/880 1745/1148/882 4624/1275/1009
f 4624/1275/1009 1745/1148/882 175/1150/884 1842/1277/1011
f 1809/1276/1010 4624/1275/1009 1842/1277/1011 207/1278/1012
f 207/1278/1012 1842/1277/1011 4625/1279/1013 1810/1280/1014
f 1842/1277/1011 175/1150/884 1746/1152/886 4625/1279/1013
f 4625/1279/1013 1746/1152/886 176/1154/888 1843/1281/1015
f 1810/1280/1014 4625/1279/1013 1843/1281/1015 208/1282/1016
f 208/1282/1016 1843/1281/1015 4626/1283/1017 1811/1284/1018
f 1843/1281/1015 176/1154/888 1747/1156/890 4626/1283/1017
f 4626/1283/1017 1747/1156/890 177/1158/892 1844/1285/1019
f 1811/1284/1018 4626/1283/1017 1844/1285/1019 209/1286/1020
f 209/1286/1020 1844/1285/1019 4627/1287/1021 1812/1288/1022
f 1844/1285/1019 177/1158/892 1748/1160/894 4627/1287/1021
f 4627/1287/1021 1748/1160/894 178/1162/896 1845/1289/1023
f 1812/1288/1022 4627/1287/1021 1845/1289/1023 210/1290/1024
f 210/1290/1024 1845/1289/1023 4628/1291/1025 1813/1292/1026
f 1845/1289/1023 178/1162/896 1749/1164/898 4628/1291/1025
f 4628/1291/1025 1749/1164/898 179/1166/900 1846/1293/1027
f 1813/1292/1026 4628/1291/1025 1846/1293/1027 211/1294/1028
f 211/1294/1028 1846/1293/1027 4629/1295/1029 1814/1296/1030
f 1846/1293/1027 179/1166/900 1750/1168/902 4629/1295/1029
f 4629/1295/1029 1750/1168/902 180/1170/904 1847/1297/1031
f 1814/1296/1030 4629/1295/1029 1847/1297/1031 212/1298/1032
f 212/1298/1032 1847/1297/1031 4630/1299/1033 1815/1300/1034
f 1847/1297/1031 180/1170/904 1751/1172/906 4630/1299/1033
f 4630/1299/1033 1751/1172/906 181/1174/908 1848/1301/1035
f 1815/1300/1034 4630/1299/1033 1848/1301/1035 213/1302/1036
f 213/1302/1036 1848/1301/1035 4631/1303/1037 1816/1304/1038
f 1848/1301/1035 181/1174/908 1752/1176/910 4631/1303/1037
f 4631/1303/1037 1752/1176/910 182/1178/912 1849/1305/1039
f 1816/1304/1038 4631/1303/1037 1849/1305/1039 214/1306/1040
f 214/1306/1040 1849/1305/1039 4632/1307/1041 1817/1308/1042
f 1849/1305/1039 182/1178/912 1753/1180/914 4632/1307/1041
f 4632/1307/1041 1753/1180/914 183/1182/916 1850/1309/1043
f 1817/1308/1042 4632/1307/1041 1850/1309/1043 215/1310/1044
f 215/1310/1044 1850/1309/1043 4633/1311/1045 1818/1312/1046
f 1850/1309/1043 183/1182/916 1754/1184/918 4633/1311/1045
f 4633/1311/1045 1754/1184/918 184/1186/920 1851/1313/1047
f 1818/1312/1046 4633/1311/1045 1851/1313/1047 216/1314/1048
f 216/1314/1048 1851/1313/1047 4634/1315/1049 1819/1316/1050
f 1851/1313/1047 184/1186/920 1755/1188/922 4634/1315/1049
f 4634/1315/1049 1755/1188/922 185/1190/924 1852/1317/1051
f 1819/1316/1050 4634/1315/1049 1852/1317/1051 217/1318/1052
f 217/1318/1052 1852/1317/1051 4635/1319/1053 1820/1320/1054
f 1852/1317/1051 185/1190/924 1756/1192/926 4635/1319/1053
f 4635/1319/1053 1756/1192/926 186/1194/928 1853/1321/1055
f 1820/1320/1054 4635/1319/1053 1853/1321/1055 218/1322/1056
f 218/1322/1056 1853/1321/1055 4636/1323/1057 1821/1324/1058
f 1853/1321/1055 186/1194/928 1757/1196/930 4636/1323/1057
f 4636/1323/1057 1757/1196/930 187/1198/932 1854/1325/1059
f 1821/1324/1058 4636/1323/1057 1854/1325/1059 219/1326/1060
f 219/1326/1060 1854/1325/1059 4637/1327/1061 1822/1328/1062
f 1854/1325/1059 187/1198/932 1758/1200/934 4637/1327/1061
f 4637/1327/1061 1758/1200/934 188/1202/936 1855/1329/1063
f 1822/1328/1062 4637/1327/1061 1855/1329/1063 220/1330/1064
f 220/1330/1064 1855/1329/1063 4638/1331/1065 1823/1332/1066
f 1855/1329/1063 188/1202/936 1759/1204/938 4638/1331/1065
f 4638/1331/1065 1759/1204/938 189/1206/940 1856/1333/1067
f 1823/1332/1066 4638/1331/1065 1856/1333/1067 221/1334/1068
f 221/1334/1068 1856/1333/1067 4639/1335/1069 1824/1336/1070
f 1856/1333/1067 189/1206/940 1760/1208/942 4639/1335/1069
f 4639/1335/1069 1760/1208/942 190/1210/944 1857/1337/1071
f 1824/1336/1070 4639/1335/1069 1857/1337/1071 222/1338/1072
f 222/1338/1072 1857/1337/1071 4640/1339/1073 1825/1340/1074
f 1857/1337/1071 190/1210/944 1761/1212/946 4640/1339/1073
f 4640/1339/1073 1761/1212/946 191/1214/948 1858/1341/1075
f 1825/1340/1074 4640/1339/1073 1858/1341/1075 223/1342/1076
f 223/1342/1076 1858/1341/1075 4641/1343/1077 1826/1344/1078
f 1858/1341/1075 191/1214/948 1762/1216/950 4641/1343/1077
f 4641/1343/1077 1762/1216/950 192/1218/952 1859/1345/1079
f 1826/1344/1078 4641/1343/1077 1859/1345/1079 224/1346/1080
f 224/1346/1080 1859/1345/1079 4642/1347/1081 1827/1348/1082
f 1859/1345/1079 192/1218/952 1763/1220/954 4642/1347/1081
f 4642/1347/1081 1763/1220/954 193/1222/956 1860/1349/1083
f 1827/1348/1082 4642/1347/1081 1860/1349/1083 225/1350/1084
f 225/1350/1084 1860/1349/1083 4643/1351/1085 1828/1352/1086
f 1860/1349/1083 193/1222/956 1764/1224/958 4643/1351/1085
f 4643/1351/1085 1764/1224/958 163/1097/831 1829/1226/960
f 1828/1352/1086 4643/1351/1085 1829/1226/960 195/1225/959
f 547/1353/1087 2539/1354/1088 4644/1355/1089 2824/1356/1090
f 2539/1354/1088 551/1357/1091 2826/1358/1092 4644/1355/1089
f 4644/1355/1089 2826/1358/1092 645/1359/1093 2726/1360/1094
f 2824/1356/1090 4644/1355/1089 2726/1360/1094 644/1361/1095
f 556/1362/1096 2549/1363/1097 4645/1364/1098 2829/1365/1099
f 2549/1363/1097 553/1366/1100 2823/1367/1101 4645/1364/1098
f 4645/1364/1098 2823/1367/1101 648/1368/1102 2733/1369/1103
f 2829/1365/1099 4645/1364/1098 2733/1369/1103 650/1370/1104
f 562/1371/1105 2559/1372/1106 4646/1373/1107 2833/1374/1108
f 2559/1372/1106 559/1375/1109 2831/1376/1110 4646/1373/1107
f 4646/1373/1107 2831/1376/1110 652/1377/1111 2739/1378/1112
f 2833/1374/1108 4646/1373/1107 2739/1378/1112 654/1379/1113
f 565/1380/1114 2564/1381/1115 4647/1382/1116 2835/1383/1117
f 2564/1381/1115 562/1371/1105 2833/1374/1108 4647/1382/1116
f 4647/1382/1116 2833/1374/1108 654/1379/1113 2742/1384/1118
f 2835/1383/1117 4647/1382/1116 2742/1384/1118 656/1385/1119
f 568/1386/1120 2569/1387/1121 4648/1388/1122 2837/1389/1123
f 2569/1387/1121 565/1380/1114 2835/1383/1117 4648/1388/1122
f 4648/1388/1122 2835/1383/1117 656/1385/1119 2745/1390/1124
f 2837/1389/1123 4648/1388/1122 2745/1390/1124 658/1391/1125
f 571/1392/1126 2574/1393/1127 4649/1394/1128 2839/1395/1129
f 2574/1393/1127 568/1386/1120 2837/1389/1123 4649/1394/1128
f 4649/1394/1128 2837/1389/1123 658/1391/1125 2748/1396/1130
f 2839/1395/1129 4649/1394/1128 2748/1396/1130 660/1397/1131
f 574/1398/1132 2579/1399/1133 4650/1400/1134 2841/1401/1135
f 2579/1399/1133 571/1392/1126 2839/1395/1129 4650/1400/1134
f 4650/1400/1134 2839/1395/1129 660/1397/1131 2751/1402/1136
f 2841/1401/1135 4650/1400/1134 2751/1402/1136 662/1403/1137
f 577/1404/1138 2584/1405/1139 4651/1406/1140 2843/1407/1141
f 2584/1405/1139 574/1398/1132 2841/1401/1135 4651/1406/1140
f 4651/1406/1140 2841/1401/1135 662/1403/1137 2754/1408/1142
f 2843/1407/1141 4651/1406/1140 2754/1408/1142 664/1409/1143
f 580/1410/1144 2589/1411/1145 4652/1412/1146 2845/1413/1147
f 2589/1411/1145 577/1404/1138 2843/1407/1141 4652/1412/1146
f 4652/1412/1146 2843/1407/1141 664/1409/1143 2757/1414/1148
f 2845/1413/1147 4652/1412/1146 2757/1414/1148 666/1415/1149
f 583/1416/1150 2594/1417/1151 4653/1418/1152 2847/1419/1153
f 2594/1417/1151 580/1410/1144 2845/1413/1147 4653/1418/1152
f 4653/1418/1152 2845/1413/1147 666/1415/1149 2760/1420/1154
f 2847/1419/1153 4653/1418/1152 2760/1420/1154 668/1421/1155
f 586/1422/1156 2599/1423/1157 4654/1424/1158 2849/1425/1159
f 2599/1423/1157 583/1416/1150 2847/1419/1153 4654/1424/1158
f 4654/1424/1158 2847/1419/1153 668/1421/1155 2763/1426/1160
f 2849/1425/1159 4654/1424/1158 2763/1426/1160 670/1427/1161
f 589/1428/1162 2604/1429/1163 4655/1430/1164 2851/1431/1165
f 2604/1429/1163 586/1422/1156 2849/1425/1159 4655/1430/1164
f 4655/1430/1164 2849/1425/1159 670/1427/1161 2766/1432/1166
f 2851/1431/1165 4655/1430/1164 2766/1432/1166 672/1433/1167
f 592/1434/1168 2609/1435/1169 4656/1436/1170 2853/1437/1171
f 2609/1435/1169 589/1428/1162 2851/1431/1165 4656/1436/1170
f 4656/1436/1170 2851/1431/1165 672/1433/1167 2769/1438/1172
f 2853/1437/1171 4656/1436/1170 2769/1438/1172 674/1439/1173
f 595/1440/1174 2614/1441/1175 4657/1442/1176 2855/1443/1177
f 2614/1441/1175 592/1434/1168 2853/1437/1171 4657/1442/1176
f 4657/1442/1176 2853/1437/1171 674/1439/1173 2772/1444/1178
f 2855/1443/1177 4657/1442/1176 2772/1444/1178 676/1445/1179
f 598/1446/1180 2619/1447/1181 4658/1448/1182 2857/1449/1183
f 2619/1447/1181 595/1440/1174 2855/1443/1177 4658/1448/1182
f 4658/1448/1182 2855/1443/1177 676/1445/1179 2775/1450/1184
f 2857/1449/1183 4658/1448/1182 2775/1450/1184 678/1451/1185
f 601/1452/1186 2624/1453/1187 4659/1454/1188 2859/1455/1189
f 2624/1453/1187 598/1446/1180 2857/1449/1183 4659/1454/1188
f 4659/1454/1188 2857/1449/1183 678/1451/1185 2778/1456/1190
f 2859/1455/1189 4659/1454/1188 2778/1456/1190 680/1457/1191
f 604/1458/1192 2629/1459/1193 4660/1460/1194 2861/1461/1195
f 2629/1459/1193 601/1452/1186 2859/1455/1189 4660/1460/1194
f 4660/1460/1194 2859/1455/1189 680/1457/1191 2781/1462/1196
f 2861/1461/1195 4660/1460/1194 2781/1462/1196 682/1463/1197
f 607/1464/1198 2634/1465/1199 4661/1466/1200 2863/1467/1201
f 2634/1465/1199 604/1458/1192 2861/1461/1195 4661/1466/1200
f 4661/1466/1200 2861/1461/1195 682/1463/1197 2784/1468/1202
f 2863/1467/1201 4661/1466/1200 2784/1468/1202 684/1469/1203
f 610/1470/1204 2639/1471/1205 4662/1472/1206 2865/1473/1207
f 2639/1471/1205 607/1464/1198 2863/1467/1201 4662/1472/1206
f 4662/1472/1206 2863/1467/1201 684/1469/1203 2787/1474/1208
f 2865/1473/1207 4662/1472/1206 2787/1474/1208 686/1475/1209
f 613/1476/1210 2644/1477/1211 4663/1478/1212 2867/1479/1213
f 2644/1477/1211 610/1470/1204 2865/1473/1207 4663/1478/1212
f 4663/1478/1212 2865/1473/1207 686/1475/1209 2790/1480/1214
f 2867/1479/1213 4663/1478/1212 2790/1480/1214 688/1481/1215
f 616/1482/1216 2649/1483/1217 4664/1484/1218 2869/1485/1219
f 2649/1483/1217 613/1476/1210 2867/1479/1213 4664/1484/1218
f 4664/1484/1218 2867/1479/1213 688/1481/1215 2793/1486/1220
f 2869/1485/1219 4664/1484/1218 2793/1486/1220 690/1487/1221
f 619/1488/1222 2654/1489/1223 4665/1490/1224 2871/1491/1225
f 2654/1489/1223 616/1482/1216 2869/1485/1219 4665/1490/1224
f 4665/1490/1224 2869/1485/1219 690/1487/1221 2796/1492/1226
f 2871/1491/1225 4665/1490/1224 2796/1492/1226 692/1493/1227
f 622/1494/1228 2659/1495/1229 4666/1496/1230 2873/1497/1231
f 2659/1495/1229 619/1488/1222 2871/1491/1225 4666/1496/1230
f 4666/1496/1230 2871/1491/1225 692/1493/1227 2799/1498/1232
f 2873/1497/1231 4666/1496/1230 2799/1498/1232 694/1499/1233
f 625/1500/1234 2664/1501/1235 4667/1502/1236 2875/1503/1237
f 2664/1501/1235 622/1494/1228 2873/1497/1231 4667/1502/1236
f 4667/1502/1236 2873/1497/1231 694/1499/1233 2802/1504/1238
f 2875/1503/1237 4667/1502/1236 2802/1504/1238 696/1505/1239
f 628/1506/1240 2669/1507/1241 4668/1508/1242 2877/1509/1243
f 2669/1507/1241 625/1500/1234 2875/1503/1237 4668/1508/1242
f 4668/1508/1242 2875/1503/1237 696/1505/1239 2805/1510/1244
f 2877/1509/1243 4668/1508/1242 2805/1510/1244 698/1511/1245
f 631/1512/1246 2674/1513/1247 4669/1514/1248 2879/1515/1249
f 2674/1513/1247 628/1506/1240 2877/1509/1243 4669/1514/1248
f 4669/1514/1248 2877/1509/1243 698/1511/1245 2808/1516/1250
f 2879/1515/1249 4669/1514/1248 2808/1516/1250 700/1517/1251
f 634/1518/1252 2679/1519/1253 4670/1520/1254 2881/1521/1255
f 2679/1519/1253 631/1512/1246 2879/1515/1249 4670/1520/1254
f 4670/1520/1254 2879/1515/1249 700/1517/1251 2811/1522/1256
f 2881/1521/1255 4670/1520/1254 2811/1522/1256 702/1523/1257
f 637/1524/1258 2684/1525/1259 4671/1526/1260 2883/1527/1261
f 2684/1525/1259 634/1518/1252 2881/1521/1255 4671/1526/1260
f 4671/1526/1260 2881/1521/1255 702/1523/1257 2814/1528/1262
f 2883/1527/1261 4671/1526/1260 2814/1528/1262 704/1529/1263
f 640/1530/1264 2689/1531/1265 4672/1532/1266 2827/1533/1267
f 2689/1531/1265 637/1524/1258 2883/1527/1261 4672/1532/1266
f 4672/1532/1266 2883/1527/1261 704/1529/1263 2817/1534/1268
f 2827/1533/1267 4672/1532/1266 2817/1534/1268 706/1535/1269
f 559/1375/1109 2554/1536/1270 4673/1537/1271 2831/1376/1110
f 2554/1536/1270 556/1362/1096 2829/1365/1099 4673/1537/1271
f 4673/1537/1271 2829/1365/1099 650/1370/1104 2736/1538/1272
f 2831/1376/1110 4673/1537/1271 2736/1538/1272 652/1377/1111
f 508/1539/1273 2521/1540/1274 4674/1541/1275 2442/1542/1276
f 2521/1540/1274 213/1302/1036 1816/1304/1038 4674/1541/1275
f 4674/1541/1275 1816/1304/1038 214/1306/1040 2522/1543/1277
f 2442/1542/1276 4674/1541/1275 2522/1543/1277 511/1544/1278
f 466/1545/1279 2507/1546/1280 4675/1547/1281 2372/1548/1282
f 2507/1546/1280 199/1246/980 1802/1248/982 4675/1547/1281
f 4675/1547/1281 1802/1248/982 200/1250/984 2508/1549/1283
f 2372/1548/1282 4675/1547/1281 2508/1549/1283 469/1550/1284
f 505/1551/1285 2520/1552/1286 4676/1553/1287 2437/1554/1288
f 2520/1552/1286 212/1298/1032 1815/1300/1034 4676/1553/1287
f 4676/1553/1287 1815/1300/1034 213/1302/1036 2521/1540/1274
f 2437/1554/1288 4676/1553/1287 2521/1540/1274 508/1539/1273
f 544/1555/1289 2504/1556/1290 4677/1557/1291 2500/1558/1292
f 2504/1556/1290 225/1350/1084 1828/1352/1086 4677/1557/1291
f 4677/1557/1291 1828/1352/1086 195/1225/959 2501/1559/1293
f 2500/1558/1292 4677/1557/1291 2501/1559/1293 455/1560/1294
f 463/1561/1295 2506/1562/1296 4678/1563/1297 2367/1564/1298
f 2506/1562/1296 198/1242/976 1801/1244/978 4678/1563/1297
f 4678/1563/1297 1801/1244/978 199/1246/980 2507/1546/1280
f 2367/1564/1298 4678/1563/1297 2507/1546/1280 466/1545/1279
f 502/1565/1299 2519/1566/1300 4679/1567/1301 2432/1568/1302
f 2519/1566/1300 211/1294/1028 1814/1296/1030 4679/1567/1301
f 4679/1567/1301 1814/1296/1030 212/1298/1032 2520/1552/1286
f 2432/1568/1302 4679/1567/1301 2520/1552/1286 505/1551/1285
f 541/1569/1303 2532/1570/1304 4680/1571/1305 2497/1572/1306
f 2532/1570/1304 224/1346/1080 1827/1348/1082 4680/1571/1305
f 4680/1571/1305 1827/1348/1082 225/1350/1084 2504/1556/1290
f 2497/1572/1306 4680/1571/1305 2504/1556/1290 544/1555/1289
f 460/1573/1307 2505/1574/1308 4681/1575/1309 2362/1576/1310
f 2505/1574/1308 197/1238/972 1800/1240/974 4681/1575/1309
f 4681/1575/1309 1800/1240/974 198/1242/976 2506/1562/1296
f 2362/1576/1310 4681/1575/1309 2506/1562/1296 463/1561/1295
f 499/1577/1311 2518/1578/1312 4682/1579/1313 2427/1580/1314
f 2518/1578/1312 210/1290/1024 1813/1292/1026 4682/1579/1313
f 4682/1579/1313 1813/1292/1026 211/1294/1028 2519/1566/1300
f 2427/1580/1314 4682/1579/1313 2519/1566/1300 502/1565/1299
f 538/1581/1315 2531/1582/1316 4683/1583/1317 2492/1584/1318
f 2531/1582/1316 223/1342/1076 1826/1344/1078 4683/1583/1317
f 4683/1583/1317 1826/1344/1078 224/1346/1080 2532/1570/1304
f 2492/1584/1318 4683/1583/1317 2532/1570/1304 541/1569/1303
f 457/1585/1319 2503/1586/1320 4684/1587/1321 2357/1588/1322
f 2503/1586/1320 196/1234/968 1799/1236/970 4684/1587/1321
f 4684/1587/1321 1799/1236/970 197/1238/972 2505/1574/1308
f 2357/1588/1322 4684/1587/1321 2505/1574/1308 460/1573/1307
f 496/1589/1323 2517/1590/1324 4685/1591/1325 2422/1592/1326
f 2517/1590/1324 209/1286/1020 1812/1288/1022 4685/1591/1325
f 4685/1591/1325 1812/1288/1022 210/1290/1024 2518/1578/1312
f 2422/1592/1326 4685/1591/1325 2518/1578/1312 499/1577/1311
f 535/1593/1327 2530/1594/1328 4686/1595/1329 2487/1596/1330
f 2530/1594/1328 222/1338/1072 1825/1340/1074 4686/1595/1329
f 4686/1595/1329 1825/1340/1074 223/1342/1076 2531/1582/1316
f 2487/1596/1330 4686/1595/1329 2531/1582/1316 538/1581/1315
f 451/1597/1331 2502/1598/1332 4687/1599/1333 2352/1600/1334
f 2502/1598/1332 194/1230/964 1798/1232/966 4687/1599/1333
f 4687/1599/1333 1798/1232/966 196/1234/968 2503/1586/1320
f 2352/1600/1334 4687/1599/1333 2503/1586/1320 457/1585/1319
f 493/1601/1335 2516/1602/1336 4688/1603/1337 2417/1604/1338
f 2516/1602/1336 208/1282/1016 1811/1284/1018 4688/1603/1337
f 4688/1603/1337 1811/1284/1018 209/1286/1020 2517/1590/1324
f 2417/1604/1338 4688/1603/1337 2517/1590/1324 496/1589/1323
f 532/1605/1339 2529/1606/1340 4689/1607/1341 2482/1608/1342
f 2529/1606/1340 221/1334/1068 1824/1336/1070 4689/1607/1341
f 4689/1607/1341 1824/1336/1070 222/1338/1072 2530/1594/1328
f 2482/1608/1342 4689/1607/1341 2530/1594/1328 535/1593/1327
f 455/1560/1294 2501/1559/1293 4690/1609/1343 2347/1610/1344
f 2501/1559/1293 195/1225/959 1797/1228/962 4690/1609/1343
f 4690/1609/1343 1797/1228/962 194/1230/964 2502/1598/1332
f 2347/1610/1344 4690/1609/1343 2502/1598/1332 451/1597/1331
f 490/1611/1345 2515/1612/1346 4691/1613/1347 2412/1614/1348
f 2515/1612/1346 207/1278/1012 1810/1280/1014 4691/1613/1347
f 4691/1613/1347 1810/1280/1014 208/1282/1016 2516/1602/1336
f 2412/1614/1348 4691/1613/1347 2516/1602/1336 493/1601/1335
f 529/1615/1349 2528/1616/1350 4692/1617/1351 2477/1618/1352
f 2528/1616/1350 220/1330/1064 1823/1332/1066 4692/1617/1351
f 4692/1617/1351 1823/1332/1066 221/1334/1068 2529/1606/1340
f 2477/1618/1352 4692/1617/1351 2529/1606/1340 532/1605/1339
f 487/1619/1353 2514/1620/1354 4693/1621/1355 2407/1622/1356
f 2514/1620/1354 206/1274/1008 1809/1276/1010 4693/1621/1355
f 4693/1621/1355 1809/1276/1010 207/1278/1012 2515/1612/1346
f 2407/1622/1356 4693/1621/1355 2515/1612/1346 490/1611/1345
f 526/1623/1357 2527/1624/1358 4694/1625/1359 2472/1626/1360
f 2527/1624/1358 219/1326/1060 1822/1328/1062 4694/1625/1359
f 4694/1625/1359 1822/1328/1062 220/1330/1064 2528/1616/1350
f 2472/1626/1360 4694/1625/1359 2528/1616/1350 529/1615/1349
f 484/1627/1361 2513/1628/1362 4695/1629/1363 2402/1630/1364
f 2513/1628/1362 205/1270/1004 1808/1272/1006 4695/1629/1363
f 4695/1629/1363 1808/1272/1006 206/1274/1008 2514/1620/1354
f 2402/1630/1364 4695/1629/1363 2514/1620/1354 487/1619/1353
f 523/1631/1365 2526/1632/1366 4696/1633/1367 2467/1634/1368
f 2526/1632/1366 218/1322/1056 1821/1324/1058 4696/1633/1367
f 4696/1633/1367 1821/1324/1058 219/1326/1060 2527/1624/1358
f 2467/1634/1368 4696/1633/1367 2527/1624/1358 526/1623/1357
f 481/1635/1369 2512/1636/1370 4697/1637/1371 2397/1638/1372
f 2512/1636/1370 204/1266/1000 1807/1268/1002 4697/1637/1371
f 4697/1637/1371 1807/1268/1002 205/1270/1004 2513/1628/1362
f 2397/1638/1372 4697/1637/1371 2513/1628/1362 484/1627/1361
f 520/1639/1373 2525/1640/1374 4698/1641/1375 2462/1642/1376
f 2525/1640/1374 217/1318/1052 1820/1320/1054 4698/1641/1375
f 4698/1641/1375 1820/1320/1054 218/1322/1056 2526/1632/1366
f 2462/1642/1376 4698/1641/1375 2526/1632/1366 523/1631/1365
f 478/1643/1377 2511/1644/1378 4699/1645/1379 2392/1646/1380
f 2511/1644/1378 203/1262/996 1806/1264/998 4699/1645/1379
f 4699/1645/1379 1806/1264/998 204/1266/1000 2512/1636/1370
f 2392/1646/1380 4699/1645/1379 2512/1636/1370 481/1635/1369
f 517/1647/1381 2524/1648/1382 4700/1649/1383 2457/1650/1384
f 2524/1648/1382 216/1314/1048 1819/1316/1050 4700/1649/1383
f 4700/1649/1383 1819/1316/1050 217/1318/1052 2525/1640/1374
f 2457/1650/1384 4700/1649/1383 2525/1640/1374 520/1639/1373
f 475/1651/1385 2510/1652/1386 4701/1653/1387 2387/1654/1388
f 2510/1652/1386 202/1258/992 1805/1260/994 4701/1653/1387
f 4701/1653/1387 1805/1260/994 203/1262/996 2511/1644/1378
f 2387/1654/1388 4701/1653/1387 2511/1644/1378 478/1643/1377
f 514/1655/1389 2523/1656/1390 4702/1657/1391 2452/1658/1392
f 2523/1656/1390 215/1310/1044 1818/1312/1046 4702/1657/1391
f 4702/1657/1391 1818/1312/1046 216/1314/1048 2524/1648/1382
f 2452/1658/1392 4702/1657/1391 2524/1648/1382 517/1647/1381
f 472/1659/1393 2509/1660/1394 4703/1661/1395 2382/1662/1396
f 2509/1660/1394 201/1254/988 1804/1256/990 4703/1661/1395
f 4703/1661/1395 1804/1256/990 202/1258/992 2510/1652/1386
f 2382/1662/1396 4703/1661/1395 2510/1652/1386 475/1651/1385
f 511/1544/1278 2522/1543/1277 4704/1663/1397 2447/1664/1398
f 2522/1543/1277 214/1306/1040 1817/1308/1042 4704/1663/1397
f 4704/1663/1397 1817/1308/1042 215/1310/1044 2523/1656/1390
f 2447/1664/1398 4704/1663/1397 2523/1656/1390 514/1655/1389
f 469/1550/1284 2508/1549/1283 4705/1665/1399 2377/1666/1400
f 2508/1549/1283 200/1250/984 1803/1252/986 4705/1665/1399
f 4705/1665/1399 1803/1252/986 201/1254/988 2509/1660/1394
f 2377/1666/1400 4705/1665/1399 2509/1660/1394 472/1659/1393
f 3/207/207 1445/206/206 4706/1667/1401 2183/1668/1402
f 1445/206/206 2/205/205 2184/1669/1403 4706/1667/1401
f 4706/1667/1401 2184/1669/1403 226/1670/1404 1867/1671/1405
f 2183/1668/1402 4706/1667/1401 1867/1671/1405 230/1672/1406
f 2/205/205 1446/213/213 4707/1673/1407 2184/1669/1403
f 1446/213/213 4/212/212 2186/1674/1408 4707/1673/1407
f 4707/1673/1407 2186/1674/1408 232/1675/1409 1872/1676/1410
f 2184/1669/1403 4707/1673/1407 1872/1676/1410 226/1670/1404
f 4/212/212 1447/219/219 4708/1677/1411 2186/1674/1408
f 1447/219/219 5/218/218 2190/1678/1412 4708/1677/1411
f 4708/1677/1411 2190/1678/1412 235/1679/1413 1877/1680/1414
f 2186/1674/1408 4708/1677/1411 1877/1680/1414 232/1675/1409
f 5/218/218 1448/225/225 4709/1681/1415 2190/1678/1412
f 1448/225/225 6/224/224 2192/1682/1416 4709/1681/1415
f 4709/1681/1415 2192/1682/1416 238/1683/1417 1882/1684/1418
f 2190/1678/1412 4709/1681/1415 1882/1684/1418 235/1679/1413
f 6/224/224 1449/231/231 4710/1685/1419 2192/1682/1416
f 1449/231/231 7/230/230 2194/1686/1420 4710/1685/1419
f 4710/1685/1419 2194/1686/1420 241/1687/1421 1887/1688/1422
f 2192/1682/1416 4710/1685/1419 1887/1688/1422 238/1683/1417
f 7/230/230 1450/237/237 4711/1689/1423 2194/1686/1420
f 1450/237/237 8/236/236 2196/1690/1424 4711/1689/1423
f 4711/1689/1423 2196/1690/1424 244/1691/1425 1892/1692/1426
f 2194/1686/1420 4711/1689/1423 1892/1692/1426 241/1687/1421
f 8/236/236 1451/243/243 4712/1693/1427 2196/1690/1424
f 1451/243/243 9/242/242 2198/1694/1428 4712/1693/1427
f 4712/1693/1427 2198/1694/1428 247/1695/1429 1897/1696/1430
f 2196/1690/1424 4712/1693/1427 1897/1696/1430 244/1691/1425
f 9/242/242 1452/249/249 4713/1697/1431 2198/1694/1428
f 1452/249/249 10/248/248 2200/1698/1432 4713/1697/1431
f 4713/1697/1431 2200/1698/1432 250/1699/1433 1902/1700/1434
f 2198/1694/1428 4713/1697/1431 1902/1700/1434 247/1695/1429
f 10/248/248 1453/255/255 4714/1701/1435 2200/1698/1432
f 1453/255/255 11/254/254 2202/1702/1436 4714/1701/1435
f 4714/1701/1435 2202/1702/1436 253/1703/1437 1907/1704/1438
f 2200/1698/1432 4714/1701/1435 1907/1704/1438 250/1699/1433
f 11/254/254 1454/261/261 4715/1705/1439 2202/1702/1436
f 1454/261/261 12/260/260 2204/1706/1440 4715/1705/1439
f 4715/1705/1439 2204/1706/1440 256/1707/1441 1912/1708/1442
f 2202/1702/1436 4715/1705/1439 1912/1708/1442 253/1703/1437
f 12/260/260 1455/267/267 4716/1709/1443 2204/1706/1440
f 1455/267/267 13/266/266 2206/1710/1444 4716/1709/1443
f 4716/1709/1443 2206/1710/1444 259/1711/1445 1917/1712/1446
f 2204/1706/1440 4716/1709/1443 1917/1712/1446 256/1707/1441
f 13/266/266 1456/273/273 4717/1713/1447 2206/1710/1444
f 1456/273/273 14/272/272 2208/1714/1448 4717/1713/1447
f 4717/1713/1447 2208/1714/1448 262/1715/1449 1922/1716/1450
f 2206/1710/1444 4717/1713/1447 1922/1716/1450 259/1711/1445
f 14/272/272 1457/279/279 4718/1717/1451 2208/1714/1448
f 1457/279/279 15/278/278 2210/1718/1452 4718/1717/1451
f 4718/1717/1451 2210/1718/1452 265/1719/1453 1927/1720/1454
f 2208/1714/1448 4718/1717/1451 1927/1720/1454 262/1715/1449
f 15/278/278 1458/285/285 4719/1721/1455 2210/1718/1452
f 1458/285/285 16/284/284 2212/1722/1456 4719/1721/1455
f 4719/1721/1455 2212/1722/1456 268/1723/1457 1932/1724/1458
f 2210/1718/1452 4719/1721/1455 1932/1724/1458 265/1719/1453
f 16/284/284 1459/291/291 4720/1725/1459 2212/1722/1456
f 1459/291/291 17/290/290 2214/1726/1460 4720/1725/1459
f 4720/1725/1459 2214/1726/1460 271/1727/1461 1937/1728/1462
f 2212/1722/1456 4720/1725/1459 1937/1728/1462 268/1723/1457
f 17/290/290 1460/297/297 4721/1729/1463 2214/1726/1460
f 1460/297/297 18/296/296 2216/1730/1464 4721/1729/1463
f 4721/1729/1463 2216/1730/1464 274/1731/1465 1942/1732/1466
f 2214/1726/1460 4721/1729/1463 1942/1732/1466 271/1727/1461
f 18/296/296 1461/303/303 4722/1733/1467 2216/1730/1464
f 1461/303/303 19/302/302 2218/1734/1468 4722/1733/1467
f 4722/1733/1467 2218/1734/1468 277/1735/1469 1947/1736/1470
f 2216/1730/1464 4722/1733/1467 1947/1736/1470 274/1731/1465
f 19/302/302 1462/309/309 4723/1737/1471 2218/1734/1468
f 1462/309/309 20/308/308 2220/1738/1472 4723/1737/1471
f 4723/1737/1471 2220/1738/1472 280/1739/1473 1952/1740/1474
f 2218/1734/1468 4723/1737/1471 1952/1740/1474 277/1735/1469
f 20/308/308 1463/315/315 4724/1741/1475 2220/1738/1472
f 1463/315/315 21/314/314 2222/1742/1476 4724/1741/1475
f 4724/1741/1475 2222/1742/1476 283/1743/1477 1957/1744/1478
f 2220/1738/1472 4724/1741/1475 1957/1744/1478 280/1739/1473
f 21/314/314 1464/321/321 4725/1745/1479 2222/1742/1476
f 1464/321/321 22/320/320 2224/1746/1480 4725/1745/1479
f 4725/1745/1479 2224/1746/1480 286/1747/1481 1962/1748/1482
f 2222/1742/1476 4725/1745/1479 1962/1748/1482 283/1743/1477
f 22/320/320 1465/327/327 4726/1749/1483 2224/1746/1480
f 1465/327/327 23/326/326 2226/1750/1484 4726/1749/1483
f 4726/1749/1483 2226/1750/1484 289/1751/1485 1967/1752/1486
f 2224/1746/1480 4726/1749/1483 1967/1752/1486 286/1747/1481
f 23/326/326 1466/333/333 4727/1753/1487 2226/1750/1484
f 1466/333/333 24/332/332 2228/1754/1488 4727/1753/1487
f 4727/1753/1487 2228/1754/1488 292/1755/1489 1972/1756/1490
f 2226/1750/1484 4727/1753/1487 1972/1756/1490 289/1751/1485
f 24/332/332 1467/339/339 4728/1757/1491 2228/1754/1488
f 1467/339/339 25/338/338 2230/1758/1492 4728/1757/1491
f 4728/1757/1491 2230/1758/1492 295/1759/1493 1977/1760/1494
f 2228/1754/1488 4728/1757/1491 1977/1760/1494 292/1755/1489
f 25/338/338 1468/345/345 4729/1761/1495 2230/1758/1492
f 1468/345/345 26/344/344 2232/1762/1496 4729/1761/1495
f 4729/1761/1495 2232/1762/1496 298/1763/1497 1982/1764/1498
f 2230/1758/1492 4729/1761/1495 1982/1764/1498 295/1759/1493
f 26/344/344 1469/351/351 4730/1765/1499 2232/1762/1496
f 1469/351/351 27/350/350 2234/1766/1500 4730/1765/1499
f 4730/1765/1499 2234/1766/1500 301/1767/1501 1987/1768/1502
f 2232/1762/1496 4730/1765/1499 1987/1768/1502 298/1763/1497
f 27/350/350 1470/357/357 4731/1769/1503 2234/1766/1500
f 1470/357/357 28/356/356 2236/1770/1504 4731/1769/1503
f 4731/1769/1503 2236/1770/1504 304/1771/1505 1992/1772/1506
f 2234/1766/1500 4731/1769/1503 1992/1772/1506 301/1767/1501
f 28/356/356 1471/363/363 4732/1773/1507 2236/1770/1504
f 1471/363/363 29/362/362 2238/1774/1508 4732/1773/1507
f 4732/1773/1507 2238/1774/1508 307/1775/1509 1997/1776/1510
f 2236/1770/1504 4732/1773/1507 1997/1776/1510 304/1771/1505
f 29/362/362 1472/369/369 4733/1777/1511 2238/1774/1508
f 1472/369/369 30/368/368 2240/1778/1512 4733/1777/1511
f 4733/1777/1511 2240/1778/1512 310/1779/1513 2002/1780/1514
f 2238/1774/1508 4733/1777/1511 2002/1780/1514 307/1775/1509
f 30/368/368 1473/375/375 4734/1781/1515 2240/1778/1512
f 1473/375/375 31/374/374 2242/1782/1516 4734/1781/1515
f 4734/1781/1515 2242/1782/1516 313/1783/1517 2007/1784/1518
f 2240/1778/1512 4734/1781/1515 2007/1784/1518 310/1779/1513
f 31/374/374 1474/381/381 4735/1785/1519 2242/1782/1516
f 1474/381/381 32/380/380 2244/1786/1520 4735/1785/1519
f 4735/1785/1519 2244/1786/1520 316/1787/1521 2012/1788/1522
f 2242/1782/1516 4735/1785/1519 2012/1788/1522 313/1783/1517
f 32/380/380 1475/387/387 4736/1789/1523 2244/1786/1520
f 1475/387/387 33/386/386 2188/1790/1524 4736/1789/1523
f 4736/1789/1523 2188/1790/1524 319/1791/1525 2017/1792/1526
f 2244/1786/1520 4736/1789/1523 2017/1792/1526 316/1787/1521
f 33/386/386 1476/390/390 4737/1793/1527 2188/1790/1524
f 1476/390/390 3/207/207 2183/1668/1402 4737/1793/1527
f 4737/1793/1527 2183/1668/1402 230/1672/1406 2020/1794/1528
f 2188/1790/1524 4737/1793/1527 2020/1794/1528 319/1791/1525
f 227/1/1 1862/1795/1529 4738/1796/1530 1861/1797/1531
f 1862/1795/1529 229/1798/14 1863/1799/1532 4738/1796/1530
f 4738/1796/1530 1863/1799/1532 231/1800/1533 1864/1801/1534
f 1861/1797/1531 4738/1796/1530 1864/1801/1534 228/1802/1535
f 228/1803/1535 1864/1804/1534 4739/1805/1536 1865/1806/1537
f 1864/1804/1534 231/1807/1533 1866/1808/1538 4739/1805/1536
f 4739/1805/1536 1866/1808/1538 230/1809/1406 1867/1810/1405
f 1865/1806/1537 4739/1805/1536 1867/1810/1405 226/1811/1404
f 233/1812/5 1869/1813/2 4740/1814/1539 1868/1815/1540
f 1869/1813/2 227/1/1 1861/1797/1531 4740/1814/1539
f 4740/1814/1539 1861/1797/1531 228/1802/1535 1870/1816/1541
f 1868/1815/1540 4740/1814/1539 1870/1816/1541 234/1817/1542
f 234/1818/1542 1870/1819/1541 4741/1820/1543 1871/1821/1544
f 1870/1819/1541 228/1803/1535 1865/1806/1537 4741/1820/1543
f 4741/1820/1543 1865/1806/1537 226/1811/1404 1872/1822/1410
f 1871/1821/1544 4741/1820/1543 1872/1822/1410 232/1823/1409
f 236/19/19 1874/1824/196 4742/1825/1545 1873/1826/1546
f 1874/1824/196 233/1812/5 1868/1815/1540 4742/1825/1545
f 4742/1825/1545 1868/1815/1540 234/1817/1542 1875/1827/1547
f 1873/1826/1546 4742/1825/1545 1875/1827/1547 237/1828/1548
f 237/1829/1548 1875/1830/1547 4743/1831/1549 1876/1832/1550
f 1875/1830/1547 234/1818/1542 1871/1821/1544 4743/1831/1549
f 4743/1831/1549 1871/1821/1544 232/1823/1409 1877/1833/1414
f 1876/1832/1550 4743/1831/1549 1877/1833/1414 235/1834/1413
f 239/23/23 1879/1835/20 4744/1836/1551 1878/1837/1552
f 1879/1835/20 236/19/19 1873/1826/1546 4744/1836/1551
f 4744/1836/1551 1873/1826/1546 237/1828/1548 1880/1838/1553
f 1878/1837/1552 4744/1836/1551 1880/1838/1553 240/1839/1554
f 240/1840/1554 1880/1841/1553 4745/1842/1555 1881/1843/1556
f 1880/1841/1553 237/1829/1548 1876/1832/1550 4745/1842/1555
f 4745/1842/1555 1876/1832/1550 235/1834/1413 1882/1844/1418
f 1881/1843/1556 4745/1842/1555 1882/1844/1418 238/1683/1417
f 242/1845/30 1884/1846/28 4746/1847/1557 1883/1848/1558
f 1884/1846/28 239/23/23 1878/1837/1552 4746/1847/1557
f 4746/1847/1557 1878/1837/1552 240/1839/1554 1885/1849/1559
f 1883/1848/1558 4746/1847/1557 1885/1849/1559 243/1850/1560
f 243/1851/1560 1885/1852/1559 4747/1853/1561 1886/1854/1562
f 1885/1852/1559 240/1840/1554 1881/1843/1556 4747/1853/1561
f 4747/1853/1561 1881/1843/1556 238/1683/1417 1887/1855/1422
f 1886/1854/1562 4747/1853/1561 1887/1855/1422 241/1856/1421
f 245/1857/36 1889/1858/34 4748/1859/1563 1888/1860/1564
f 1889/1858/34 242/1845/30 1883/1848/1558 4748/1859/1563
f 4748/1859/1563 1883/1848/1558 243/1850/1560 1890/1861/1565
f 1888/1860/1564 4748/1859/1563 1890/1861/1565 246/1862/1566
f 246/1863/1566 1890/1864/1565 4749/1865/1567 1891/1866/1568
f 1890/1864/1565 243/1851/1560 1886/1854/1562 4749/1865/1567
f 4749/1865/1567 1886/1854/1562 241/1856/1421 1892/1867/1426
f 1891/1866/1568 4749/1865/1567 1892/1867/1426 244/1868/1425
f 248/42/42 1894/1869/40 4750/1870/1569 1893/1871/1570
f 1894/1869/40 245/1857/36 1888/1860/1564 4750/1870/1569
f 4750/1870/1569 1888/1860/1564 246/1862/1566 1895/1872/1571
f 1893/1871/1570 4750/1870/1569 1895/1872/1571 249/1873/1572
f 249/1874/1572 1895/1875/1571 4751/1876/1573 1896/1877/1574
f 1895/1875/1571 246/1863/1566 1891/1866/1568 4751/1876/1573
f 4751/1876/1573 1891/1866/1568 244/1868/1425 1897/1696/1430
f 1896/1877/1574 4751/1876/1573 1897/1696/1430 247/1878/1429
f 251/1879/48 1899/1880/46 4752/1881/1575 1898/1882/1576
f 1899/1880/46 248/42/42 1893/1871/1570 4752/1881/1575
f 4752/1881/1575 1893/1871/1570 249/1873/1572 1900/1883/1577
f 1898/1882/1576 4752/1881/1575 1900/1883/1577 252/1884/1578
f 252/1885/1578 1900/1886/1577 4753/1887/1579 1901/1888/1580
f 1900/1886/1577 249/1874/1572 1896/1877/1574 4753/1887/1579
f 4753/1887/1579 1896/1877/1574 247/1878/1429 1902/1889/1434
f 1901/1888/1580 4753/1887/1579 1902/1889/1434 250/1890/1433
f 254/54/54 1904/1891/52 4754/1892/1581 1903/1893/1582
f 1904/1891/52 251/1879/48 1898/1882/1576 4754/1892/1581
f 4754/1892/1581 1898/1882/1576 252/1884/1578 1905/1894/1583
f 1903/1893/1582 4754/1892/1581 1905/1894/1583 255/1895/1584
f 255/1896/1584 1905/1897/1583 4755/1898/1585 1906/1899/1586
f 1905/1897/1583 252/1885/1578 1901/1888/1580 4755/1898/1585
f 4755/1898/1585 1901/1888/1580 250/1890/1433 1907/1900/1438
f 1906/1899/1586 4755/1898/1585 1907/1900/1438 253/1901/1437
f 257/1902/60 1909/1903/58 4756/1904/1587 1908/1905/1588
f 1909/1903/58 254/54/54 1903/1893/1582 4756/1904/1587
f 4756/1904/1587 1903/1893/1582 255/1895/1584 1910/1906/1589
f 1908/1905/1588 4756/1904/1587 1910/1906/1589 258/1907/1590
f 258/1908/1590 1910/1909/1589 4757/1910/1591 1911/1911/1592
f 1910/1909/1589 255/1896/1584 1906/1899/1586 4757/1910/1591
f 4757/1910/1591 1906/1899/1586 253/1901/1437 1912/1912/1442
f 1911/1911/1592 4757/1910/1591 1912/1912/1442 256/1913/1441
f 260/1914/66 1914/1915/64 4758/1916/1593 1913/1917/1594
f 1914/1915/64 257/1902/60 1908/1905/1588 4758/1916/1593
f 4758/1916/1593 1908/1905/1588 258/1907/1590 1915/1918/1595
f 1913/1917/1594 4758/1916/1593 1915/1918/1595 261/1919/1596
f 261/1920/1596 1915/1921/1595 4759/1922/1597 1916/1923/1598
f 1915/1921/1595 258/1908/1590 1911/1911/1592 4759/1922/1597
f 4759/1922/1597 1911/1911/1592 256/1913/1441 1917/1924/1446
f 1916/1923/1598 4759/1922/1597 1917/1924/1446 259/1925/1445
f 263/1926/72 1919/1927/70 4760/1928/1599 1918/1929/1600
f 1919/1927/70 260/1914/66 1913/1917/1594 4760/1928/1599
f 4760/1928/1599 1913/1917/1594 261/1919/1596 1920/1930/1601
f 1918/1929/1600 4760/1928/1599 1920/1930/1601 264/1931/1602
f 264/1932/1602 1920/1933/1601 4761/1934/1603 1921/1935/1604
f 1920/1933/1601 261/1920/1596 1916/1923/1598 4761/1934/1603
f 4761/1934/1603 1916/1923/1598 259/1925/1445 1922/1936/1450
f 1921/1935/1604 4761/1934/1603 1922/1936/1450 262/1937/1449
f 266/78/78 1924/1938/76 4762/1939/1605 1923/1940/1606
f 1924/1938/76 263/1926/72 1918/1929/1600 4762/1939/1605
f 4762/1939/1605 1918/1929/1600 264/1931/1602 1925/1941/1607
f 1923/1940/1606 4762/1939/1605 1925/1941/1607 267/1942/1608
f 267/1943/1608 1925/1944/1607 4763/1945/1609 1926/1946/1610
f 1925/1944/1607 264/1932/1602 1921/1935/1604 4763/1945/1609
f 4763/1945/1609 1921/1935/1604 262/1937/1449 1927/1947/1454
f 1926/1946/1610 4763/1945/1609 1927/1947/1454 265/1948/1453
f 269/1949/84 1929/1950/82 4764/1951/1611 1928/1952/1612
f 1929/1950/82 266/78/78 1923/1940/1606 4764/1951/1611
f 4764/1951/1611 1923/1940/1606 267/1942/1608 1930/1953/1613
f 1928/1952/1612 4764/1951/1611 1930/1953/1613 270/1954/1614
f 270/1955/1614 1930/1956/1613 4765/1957/1615 1931/1958/1616
f 1930/1956/1613 267/1943/1608 1926/1946/1610 4765/1957/1615
f 4765/1957/1615 1926/1946/1610 265/1948/1453 1932/1959/1458
f 1931/1958/1616 4765/1957/1615 1932/1959/1458 268/1723/1457
f 272/1960/90 1934/1961/88 4766/1962/1617 1933/1963/1618
f 1934/1961/88 269/1949/84 1928/1952/1612 4766/1962/1617
f 4766/1962/1617 1928/1952/1612 270/1954/1614 1935/1964/1619
f 1933/1963/1618 4766/1962/1617 1935/1964/1619 273/1965/1620
f 273/1966/1620 1935/1967/1619 4767/1968/1621 1936/1969/1622
f 1935/1967/1619 270/1955/1614 1931/1958/1616 4767/1968/1621
f 4767/1968/1621 1931/1958/1616 268/1723/1457 1937/1970/1462
f 1936/1969/1622 4767/1968/1621 1937/1970/1462 271/1727/1461
f 275/1971/96 1939/1972/94 4768/1973/1623 1938/1974/1624
f 1939/1972/94 272/1960/90 1933/1963/1618 4768/1973/1623
f 4768/1973/1623 1933/1963/1618 273/1965/1620 1940/1975/1625
f 1938/1974/1624 4768/1973/1623 1940/1975/1625 276/1976/1626
f 276/1977/1626 1940/1978/1625 4769/1979/1627 1941/1980/1628
f 1940/1978/1625 273/1966/1620 1936/1969/1622 4769/1979/1627
f 4769/1979/1627 1936/1969/1622 271/1727/1461 1942/1981/1466
f 1941/1980/1628 4769/1979/1627 1942/1981/1466 274/1982/1465
f 278/102/102 1944/1983/100 4770/1984/1629 1943/1985/1630
f 1944/1983/100 275/1971/96 1938/1974/1624 4770/1984/1629
f 4770/1984/1629 1938/1974/1624 276/1976/1626 1945/1986/1631
f 1943/1985/1630 4770/1984/1629 1945/1986/1631 279/1987/1632
f 279/1988/1632 1945/1989/1631 4771/1990/1633 1946/1991/1634
f 1945/1989/1631 276/1977/1626 1941/1980/1628 4771/1990/1633
f 4771/1990/1633 1941/1980/1628 274/1982/1465 1947/1992/1470
f 1946/1991/1634 4771/1990/1633 1947/1992/1470 277/1735/1469
f 281/1993/108 1949/1994/106 4772/1995/1635 1948/1996/1636
f 1949/1994/106 278/102/102 1943/1985/1630 4772/1995/1635
f 4772/1995/1635 1943/1985/1630 279/1987/1632 1950/1997/1637
f 1948/1996/1636 4772/1995/1635 1950/1997/1637 282/1998/1638
f 282/1999/1638 1950/2000/1637 4773/2001/1639 1951/2002/1640
f 1950/2000/1637 279/1988/1632 1946/1991/1634 4773/2001/1639
f 4773/2001/1639 1946/1991/1634 277/1735/1469 1952/2003/1474
f 1951/2002/1640 4773/2001/1639 1952/2003/1474 280/1739/1473
f 284/114/114 1954/112/112 4774/2004/1641 1953/2005/1642
f 1954/112/112 281/1993/108 1948/1996/1636 4774/2004/1641
f 4774/2004/1641 1948/1996/1636 282/1998/1638 1955/2006/1643
f 1953/2005/1642 4774/2004/1641 1955/2006/1643 285/2007/1644
f 285/2008/1644 1955/2009/1643 4775/2010/1645 1956/2011/1646
f 1955/2009/1643 282/1999/1638 1951/2002/1640 4775/2010/1645
f 4775/2010/1645 1951/2002/1640 280/1739/1473 1957/2012/1478
f 1956/2011/1646 4775/2010/1645 1957/2012/1478 283/2013/1477
f 287/2014/120 1959/2015/118 4776/2016/1647 1958/2017/1648
f 1959/2015/118 284/114/114 1953/2005/1642 4776/2016/1647
f 4776/2016/1647 1953/2005/1642 285/2007/1644 1960/2018/1649
f 1958/2017/1648 4776/2016/1647 1960/2018/1649 288/2019/1650
f 288/2020/1650 1960/2021/1649 4777/2022/1651 1961/2023/1652
f 1960/2021/1649 285/2008/1644 1956/2011/1646 4777/2022/1651
f 4777/2022/1651 1956/2011/1646 283/2013/1477 1962/2024/1482
f 1961/2023/1652 4777/2022/1651 1962/2024/1482 286/2025/1481
f 290/2026/126 1964/2027/124 4778/2028/1653 1963/2029/1654
f 1964/2027/124 287/2014/120 1958/2017/1648 4778/2028/1653
f 4778/2028/1653 1958/2017/1648 288/2019/1650 1965/2030/1655
f 1963/2029/1654 4778/2028/1653 1965/2030/1655 291/2031/1656
f 291/2032/1656 1965/2033/1655 4779/2034/1657 1966/2035/1658
f 1965/2033/1655 288/2020/1650 1961/2023/1652 4779/2034/1657
f 4779/2034/1657 1961/2023/1652 286/2025/1481 1967/2036/1486
f 1966/2035/1658 4779/2034/1657 1967/2036/1486 289/2037/1485
f 293/2038/132 1969/2039/130 4780/2040/1659 1968/2041/1660
f 1969/2039/130 290/2026/126 1963/2029/1654 4780/2040/1659
f 4780/2040/1659 1963/2029/1654 291/2031/1656 1970/2042/1661
f 1968/2041/1660 4780/2040/1659 1970/2042/1661 294/2043/1662
f 294/2044/1662 1970/2045/1661 4781/2046/1663 1971/2047/1664
f 1970/2045/1661 291/2032/1656 1966/2035/1658 4781/2046/1663
f 4781/2046/1663 1966/2035/1658 289/2037/1485 1972/2048/1490
f 1971/2047/1664 4781/2046/1663 1972/2048/1490 292/2049/1489
f 296/2050/138 1974/2051/136 4782/2052/1665 1973/2053/1666
f 1974/2051/136 293/2038/132 1968/2041/1660 4782/2052/1665
f 4782/2052/1665 1968/2041/1660 294/2043/1662 1975/2054/1667
f 1973/2053/1666 4782/2052/1665 1975/2054/1667 297/2055/1668
f 297/2056/1668 1975/2057/1667 4783/2058/1669 1976/2059/1670
f 1975/2057/1667 294/2044/1662 1971/2047/1664 4783/2058/1669
f 4783/2058/1669 1971/2047/1664 292/2049/1489 1977/1760/1494
f 1976/2059/1670 4783/2058/1669 1977/1760/1494 295/2060/1493
f 299/144/144 1979/2061/142 4784/2062/1671 1978/2063/1672
f 1979/2061/142 296/2050/138 1973/2053/1666 4784/2062/1671
f 4784/2062/1671 1973/2053/1666 297/2055/1668 1980/2064/1673
f 1978/2063/1672 4784/2062/1671 1980/2064/1673 300/2065/1674
f 300/2066/1674 1980/2067/1673 4785/2068/1675 1981/2069/1676
f 1980/2067/1673 297/2056/1668 1976/2059/1670 4785/2068/1675
f 4785/2068/1675 1976/2059/1670 295/2060/1493 1982/1764/1498
f 1981/2069/1676 4785/2068/1675 1982/1764/1498 298/2070/1497
f 302/2071/150 1984/2072/148 4786/2073/1677 1983/2074/1678
f 1984/2072/148 299/144/144 1978/2063/1672 4786/2073/1677
f 4786/2073/1677 1978/2063/1672 300/2065/1674 1985/2075/1679
f 1983/2074/1678 4786/2073/1677 1985/2075/1679 303/2076/1680
f 303/2077/1680 1985/2078/1679 4787/2079/1681 1986/2080/1682
f 1985/2078/1679 300/2066/1674 1981/2069/1676 4787/2079/1681
f 4787/2079/1681 1981/2069/1676 298/2070/1497 1987/2081/1502
f 1986/2080/1682 4787/2079/1681 1987/2081/1502 301/2082/1501
f 305/2083/156 1989/2084/154 4788/2085/1683 1988/2086/1684
f 1989/2084/154 302/2071/150 1983/2074/1678 4788/2085/1683
f 4788/2085/1683 1983/2074/1678 303/2076/1680 1990/2087/1685
f 1988/2086/1684 4788/2085/1683 1990/2087/1685 306/2088/1686
f 306/2089/1686 1990/2090/1685 4789/2091/1687 1991/2092/1688
f 1990/2090/1685 303/2077/1680 1986/2080/1682 4789/2091/1687
f 4789/2091/1687 1986/2080/1682 301/2082/1501 1992/2093/1506
f 1991/2092/1688 4789/2091/1687 1992/2093/1506 304/2094/1505
f 308/2095/162 1994/2096/160 4790/2097/1689 1993/2098/1690
f 1994/2096/160 305/2083/156 1988/2086/1684 4790/2097/1689
f 4790/2097/1689 1988/2086/1684 306/2088/1686 1995/2099/1691
f 1993/2098/1690 4790/2097/1689 1995/2099/1691 309/2100/1692
f 309/2101/1692 1995/2102/1691 4791/2103/1693 1996/2104/1694
f 1995/2102/1691 306/2089/1686 1991/2092/1688 4791/2103/1693
f 4791/2103/1693 1991/2092/1688 304/2094/1505 1997/2105/1510
f 1996/2104/1694 4791/2103/1693 1997/2105/1510 307/2106/1509
f 311/2107/168 1999/2108/166 4792/2109/1695 1998/2110/1696
f 1999/2108/166 308/2095/162 1993/2098/1690 4792/2109/1695
f 4792/2109/1695 1993/2098/1690 309/2100/1692 2000/2111/1697
f 1998/2110/1696 4792/2109/1695 2000/2111/1697 312/2112/1698
f 312/2113/1698 2000/2114/1697 4793/2115/1699 2001/2116/1700
f 2000/2114/1697 309/2101/1692 1996/2104/1694 4793/2115/1699
f 4793/2115/1699 1996/2104/1694 307/2106/1509 2002/1780/1514
f 2001/2116/1700 4793/2115/1699 2002/1780/1514 310/2117/1513
f 314/2118/174 2004/2119/172 4794/2120/1701 2003/2121/1702
f 2004/2119/172 311/2107/168 1998/2110/1696 4794/2120/1701
f 4794/2120/1701 1998/2110/1696 312/2112/1698 2005/2122/1703
f 2003/2121/1702 4794/2120/1701 2005/2122/1703 315/2123/1704
f 315/2124/1704 2005/2125/1703 4795/2126/1705 2006/2127/1706
f 2005/2125/1703 312/2113/1698 2001/2116/1700 4795/2126/1705
f 4795/2126/1705 2001/2116/1700 310/2117/1513 2007/2128/1518
f 2006/2127/1706 4795/2126/1705 2007/2128/1518 313/2129/1517
f 317/2130/180 2009/178/178 4796/2131/1707 2008/2132/1708
f 2009/178/178 314/2118/174 2003/2121/1702 4796/2131/1707
f 4796/2131/1707 2003/2121/1702 315/2123/1704 2010/2133/1709
f 2008/2132/1708 4796/2131/1707 2010/2133/1709 318/2134/1710
f 318/2135/1710 2010/2136/1709 4797/2137/1711 2011/2138/1712
f 2010/2136/1709 315/2124/1704 2006/2127/1706 4797/2137/1711
f 4797/2137/1711 2006/2127/1706 313/2129/1517 2012/2139/1522
f 2011/2138/1712 4797/2137/1711 2012/2139/1522 316/2140/1521
f 320/2141/10 2014/2142/184 4798/2143/1713 2013/2144/1714
f 2014/2142/184 317/2130/180 2008/2132/1708 4798/2143/1713
f 4798/2143/1713 2008/2132/1708 318/2134/1710 2015/2145/1715
f 2013/2144/1714 4798/2143/1713 2015/2145/1715 321/2146/1716
f 321/2147/1716 2015/2148/1715 4799/2149/1717 2016/2150/1718
f 2015/2148/1715 318/2135/1710 2011/2138/1712 4799/2149/1717
f 4799/2149/1717 2011/2138/1712 316/2140/1521 2017/2151/1526
f 2016/2150/1718 4799/2149/1717 2017/2151/1526 319/2152/1525
f 229/1798/14 2018/2153/11 4800/2154/1719 1863/1799/1532
f 2018/2153/11 320/2141/10 2013/2144/1714 4800/2154/1719
f 4800/2154/1719 2013/2144/1714 321/2146/1716 2019/2155/1720
f 1863/1799/1532 4800/2154/1719 2019/2155/1720 231/1800/1533
f 231/1807/1533 2019/2156/1720 4801/2157/1721 1866/1808/1538
f 2019/2156/1720 321/2147/1716 2016/2150/1718 4801/2157/1721
f 4801/2157/1721 2016/2150/1718 319/2152/1525 2020/2158/1528
f 1866/1808/1538 4801/2157/1721 2020/2158/1528 230/1809/1406
f 323/2159/193 2022/2160/192 4802/2161/1722 2021/2162/1723
f 2022/2160/192 325/191/191 2023/2163/1724 4802/2161/1722
f 4802/2161/1722 2023/2163/1724 327/2164/1725 2024/2165/1726
f 2021/2162/1723 4802/2161/1722 2024/2165/1726 324/2166/1727
f 324/2166/1727 2024/2165/1726 4803/2167/1728 2025/2168/1729
f 2024/2165/1726 327/2164/1725 2026/2169/1730 4803/2167/1728
f 4803/2167/1728 2026/2169/1730 326/2170/16 2027/2171/1731
f 2025/2168/1729 4803/2167/1728 2027/2171/1731 322/2172/9
f 329/2173/651 2029/2174/650 4804/2175/1732 2028/2176/1733
f 2029/2174/650 323/2159/193 2021/2162/1723 4804/2175/1732
f 4804/2175/1732 2021/2162/1723 324/2166/1727 2030/2177/1734
f 2028/2176/1733 4804/2175/1732 2030/2177/1734 330/2178/1735
f 330/2178/1735 2030/2177/1734 4805/2179/1736 2031/2180/1737
f 2030/2177/1734 324/2166/1727 2025/2168/1729 4805/2179/1736
f 4805/2179/1736 2025/2168/1729 322/2172/9 2032/2181/8
f 2031/2180/1737 4805/2179/1736 2032/2181/8 328/7/7
f 332/930/664 2034/2182/830 4806/2183/1738 2033/2184/1739
f 2034/2182/830 329/2173/651 2028/2176/1733 4806/2183/1738
f 4806/2183/1738 2028/2176/1733 330/2178/1735 2035/2185/1740
f 2033/2184/1739 4806/2183/1738 2035/2185/1740 333/2186/1741
f 333/2186/1741 2035/2185/1740 4807/2187/1742 2036/2188/1743
f 2035/2185/1740 330/2178/1735 2031/2180/1737 4807/2187/1742
f 4807/2187/1742 2031/2180/1737 328/7/7 2037/2189/198
f 2036/2188/1743 4807/2187/1742 2037/2189/198 331/2190/27
f 335/2191/666 2039/2192/665 4808/2193/1744 2038/2194/1745
f 2039/2192/665 332/930/664 2033/2184/1739 4808/2193/1744
f 4808/2193/1744 2033/2184/1739 333/2186/1741 2040/2195/1746
f 2038/2194/1745 4808/2193/1744 2040/2195/1746 336/2196/1747
f 336/2196/1747 2040/2195/1746 4809/2197/1748 2041/2198/1749
f 2040/2195/1746 333/2186/1741 2036/2188/1743 4809/2197/1748
f 4809/2197/1748 2036/2188/1743 331/2190/27 2042/2199/26
f 2041/2198/1749 4809/2197/1748 2042/2199/26 334/2200/25
f 338/2201/672 2044/2202/671 4810/2203/1750 2043/2204/1751
f 2044/2202/671 335/2191/666 2038/2194/1745 4810/2203/1750
f 4810/2203/1750 2038/2194/1745 336/2196/1747 2045/2205/1752
f 2043/2204/1751 4810/2203/1750 2045/2205/1752 339/2206/1753
f 339/2206/1753 2045/2205/1752 4811/2207/1754 2046/2208/1755
f 2045/2205/1752 336/2196/1747 2041/2198/1749 4811/2207/1754
f 4811/2207/1754 2041/2198/1749 334/2200/25 2047/2209/33
f 2046/2208/1755 4811/2207/1754 2047/2209/33 337/2210/32
f 341/2211/678 2049/2212/677 4812/2213/1756 2048/2214/1757
f 2049/2212/677 338/2201/672 2043/2204/1751 4812/2213/1756
f 4812/2213/1756 2043/2204/1751 339/2206/1753 2050/2215/1758
f 2048/2214/1757 4812/2213/1756 2050/2215/1758 342/2216/1759
f 342/2216/1759 2050/2215/1758 4813/2217/1760 2051/2218/1761
f 2050/2215/1758 339/2206/1753 2046/2208/1755 4813/2217/1760
f 4813/2217/1760 2046/2208/1755 337/2210/32 2052/2219/39
f 2051/2218/1761 4813/2217/1760 2052/2219/39 340/2220/38
f 344/2221/684 2054/2222/683 4814/2223/1762 2053/2224/1763
f 2054/2222/683 341/2211/678 2048/2214/1757 4814/2223/1762
f 4814/2223/1762 2048/2214/1757 342/2216/1759 2055/2225/1764
f 2053/2224/1763 4814/2223/1762 2055/2225/1764 345/2226/1765
f 345/2226/1765 2055/2225/1764 4815/2227/1766 2056/2228/1767
f 2055/2225/1764 342/2216/1759 2051/2218/1761 4815/2227/1766
f 4815/2227/1766 2051/2218/1761 340/2220/38 2057/45/45
f 2056/2228/1767 4815/2227/1766 2057/45/45 343/2229/44
f 347/2230/690 2059/2231/689 4816/2232/1768 2058/2233/1769
f 2059/2231/689 344/2221/684 2053/2224/1763 4816/2232/1768
f 4816/2232/1768 2053/2224/1763 345/2226/1765 2060/2234/1770
f 2058/2233/1769 4816/2232/1768 2060/2234/1770 348/2235/1771
f 348/2235/1771 2060/2234/1770 4817/2236/1772 2061/2237/1773
f 2060/2234/1770 345/2226/1765 2056/2228/1767 4817/2236/1772
f 4817/2236/1772 2056/2228/1767 343/2229/44 2062/2238/51
f 2061/2237/1773 4817/2236/1772 2062/2238/51 346/2239/50
f 350/2240/696 2064/2241/695 4818/2242/1774 2063/2243/1775
f 2064/2241/695 347/2230/690 2058/2233/1769 4818/2242/1774
f 4818/2242/1774 2058/2233/1769 348/2235/1771 2065/2244/1776
f 2063/2243/1775 4818/2242/1774 2065/2244/1776 351/2245/1777
f 351/2245/1777 2065/2244/1776 4819/2246/1778 2066/2247/1779
f 2065/2244/1776 348/2235/1771 2061/2237/1773 4819/2246/1778
f 4819/2246/1778 2061/2237/1773 346/2239/50 2067/57/57
f 2066/2247/1779 4819/2246/1778 2067/57/57 349/2248/56
f 353/2249/702 2069/2250/701 4820/2251/1780 2068/2252/1781
f 2069/2250/701 350/2240/696 2063/2243/1775 4820/2251/1780
f 4820/2251/1780 2063/2243/1775 351/2245/1777 2070/2253/1782
f 2068/2252/1781 4820/2251/1780 2070/2253/1782 354/2254/1783
f 354/2254/1783 2070/2253/1782 4821/2255/1784 2071/2256/1785
f 2070/2253/1782 351/2245/1777 2066/2247/1779 4821/2255/1784
f 4821/2255/1784 2066/2247/1779 349/2248/56 2072/2257/63
f 2071/2256/1785 4821/2255/1784 2072/2257/63 352/62/62
f 356/974/708 2074/2258/707 4822/2259/1786 2073/2260/1787
f 2074/2258/707 353/2249/702 2068/2252/1781 4822/2259/1786
f 4822/2259/1786 2068/2252/1781 354/2254/1783 2075/2261/1788
f 2073/2260/1787 4822/2259/1786 2075/2261/1788 357/2262/1789
f 357/2262/1789 2075/2261/1788 4823/2263/1790 2076/2264/1791
f 2075/2261/1788 354/2254/1783 2071/2256/1785 4823/2263/1790
f 4823/2263/1790 2071/2256/1785 352/62/62 2077/2265/69
f 2076/2264/1791 4823/2263/1790 2077/2265/69 355/2266/68
f 359/2267/714 2079/2268/713 4824/2269/1792 2078/2270/1793
f 2079/2268/713 356/974/708 2073/2260/1787 4824/2269/1792
f 4824/2269/1792 2073/2260/1787 357/2262/1789 2080/2271/1794
f 2078/2270/1793 4824/2269/1792 2080/2271/1794 360/2272/1795
f 360/2272/1795 2080/2271/1794 4825/2273/1796 2081/2274/1797
f 2080/2271/1794 357/2262/1789 2076/2264/1791 4825/2273/1796
f 4825/2273/1796 2076/2264/1791 355/2266/68 2082/2275/75
f 2081/2274/1797 4825/2273/1796 2082/2275/75 358/74/74
f 362/2276/720 2084/2277/719 4826/2278/1798 2083/2279/1799
f 2084/2277/719 359/2267/714 2078/2270/1793 4826/2278/1798
f 4826/2278/1798 2078/2270/1793 360/2272/1795 2085/2280/1800
f 2083/2279/1799 4826/2278/1798 2085/2280/1800 363/2281/1801
f 363/2281/1801 2085/2280/1800 4827/2282/1802 2086/2283/1803
f 2085/2280/1800 360/2272/1795 2081/2274/1797 4827/2282/1802
f 4827/2282/1802 2081/2274/1797 358/74/74 2087/2284/81
f 2086/2283/1803 4827/2282/1802 2087/2284/81 361/2285/80
f 365/2286/726 2089/991/725 4828/2287/1804 2088/2288/1805
f 2089/991/725 362/2276/720 2083/2279/1799 4828/2287/1804
f 4828/2287/1804 2083/2279/1799 363/2281/1801 2090/2289/1806
f 2088/2288/1805 4828/2287/1804 2090/2289/1806 366/2290/1807
f 366/2290/1807 2090/2289/1806 4829/2291/1808 2091/2292/1809
f 2090/2289/1806 363/2281/1801 2086/2283/1803 4829/2291/1808
f 4829/2291/1808 2086/2283/1803 361/2285/80 2092/2293/87
f 2091/2292/1809 4829/2291/1808 2092/2293/87 364/2294/86
f 368/2295/732 2094/2296/731 4830/2297/1810 2093/2298/1811
f 2094/2296/731 365/2286/726 2088/2288/1805 4830/2297/1810
f 4830/2297/1810 2088/2288/1805 366/2290/1807 2095/2299/1812
f 2093/2298/1811 4830/2297/1810 2095/2299/1812 369/2300/1813
f 369/2300/1813 2095/2299/1812 4831/2301/1814 2096/2302/1815
f 2095/2299/1812 366/2290/1807 2091/2292/1809 4831/2301/1814
f 4831/2301/1814 2091/2292/1809 364/2294/86 2097/2303/93
f 2096/2302/1815 4831/2301/1814 2097/2303/93 367/2304/92
f 371/2305/738 2099/2306/737 4832/2307/1816 2098/2308/1817
f 2099/2306/737 368/2295/732 2093/2298/1811 4832/2307/1816
f 4832/2307/1816 2093/2298/1811 369/2300/1813 2100/2309/1818
f 2098/2308/1817 4832/2307/1816 2100/2309/1818 372/2310/1819
f 372/2310/1819 2100/2309/1818 4833/2311/1820 2101/2312/1821
f 2100/2309/1818 369/2300/1813 2096/2302/1815 4833/2311/1820
f 4833/2311/1820 2096/2302/1815 367/2304/92 2102/2313/99
f 2101/2312/1821 4833/2311/1820 2102/2313/99 370/98/98
f 374/2314/744 2104/2315/743 4834/2316/1822 2103/2317/1823
f 2104/2315/743 371/2305/738 2098/2308/1817 4834/2316/1822
f 4834/2316/1822 2098/2308/1817 372/2310/1819 2105/2318/1824
f 2103/2317/1823 4834/2316/1822 2105/2318/1824 375/2319/1825
f 375/2319/1825 2105/2318/1824 4835/2320/1826 2106/2321/1827
f 2105/2318/1824 372/2310/1819 2101/2312/1821 4835/2320/1826
f 4835/2320/1826 2101/2312/1821 370/98/98 2107/2322/105
f 2106/2321/1827 4835/2320/1826 2107/2322/105 373/2323/104
f 377/2324/750 2109/2325/749 4836/2326/1828 2108/2327/1829
f 2109/2325/749 374/2314/744 2103/2317/1823 4836/2326/1828
f 4836/2326/1828 2103/2317/1823 375/2319/1825 2110/2328/1830
f 2108/2327/1829 4836/2326/1828 2110/2328/1830 378/2329/1831
f 378/2329/1831 2110/2328/1830 4837/2330/1832 2111/2331/1833
f 2110/2328/1830 375/2319/1825 2106/2321/1827 4837/2330/1832
f 4837/2330/1832 2106/2321/1827 373/2323/104 2112/2332/111
f 2111/2331/1833 4837/2330/1832 2112/2332/111 376/2333/110
f 380/2334/756 2114/2335/755 4838/2336/1834 2113/2337/1835
f 2114/2335/755 377/2324/750 2108/2327/1829 4838/2336/1834
f 4838/2336/1834 2108/2327/1829 378/2329/1831 2115/2338/1836
f 2113/2337/1835 4838/2336/1834 2115/2338/1836 381/2339/1837
f 381/2339/1837 2115/2338/1836 4839/2340/1838 2116/2341/1839
f 2115/2338/1836 378/2329/1831 2111/2331/1833 4839/2340/1838
f 4839/2340/1838 2111/2331/1833 376/2333/110 2117/2342/117
f 2116/2341/1839 4839/2340/1838 2117/2342/117 379/116/116
f 383/2343/762 2119/2344/761 4840/2345/1840 2118/2346/1841
f 2119/2344/761 380/2334/756 2113/2337/1835 4840/2345/1840
f 4840/2345/1840 2113/2337/1835 381/2339/1837 2120/2347/1842
f 2118/2346/1841 4840/2345/1840 2120/2347/1842 384/2348/1843
f 384/2348/1843 2120/2347/1842 4841/2349/1844 2121/2350/1845
f 2120/2347/1842 381/2339/1837 2116/2341/1839 4841/2349/1844
f 4841/2349/1844 2116/2341/1839 379/116/116 2122/2351/123
f 2121/2350/1845 4841/2349/1844 2122/2351/123 382/122/122
f 386/2352/768 2124/1033/767 4842/2353/1846 2123/2354/1847
f 2124/1033/767 383/2343/762 2118/2346/1841 4842/2353/1846
f 4842/2353/1846 2118/2346/1841 384/2348/1843 2125/2355/1848
f 2123/2354/1847 4842/2353/1846 2125/2355/1848 387/2356/1849
f 387/2356/1849 2125/2355/1848 4843/2357/1850 2126/2358/1851
f 2125/2355/1848 384/2348/1843 2121/2350/1845 4843/2357/1850
f 4843/2357/1850 2121/2350/1845 382/122/122 2127/2359/129
f 2126/2358/1851 4843/2357/1850 2127/2359/129 385/2360/128
f 389/2361/774 2129/2362/773 4844/2363/1852 2128/2364/1853
f 2129/2362/773 386/2352/768 2123/2354/1847 4844/2363/1852
f 4844/2363/1852 2123/2354/1847 387/2356/1849 2130/2365/1854
f 2128/2364/1853 4844/2363/1852 2130/2365/1854 390/2366/1855
f 390/2366/1855 2130/2365/1854 4845/2367/1856 2131/2368/1857
f 2130/2365/1854 387/2356/1849 2126/2358/1851 4845/2367/1856
f 4845/2367/1856 2126/2358/1851 385/2360/128 2132/2369/135
f 2131/2368/1857 4845/2367/1856 2132/2369/135 388/2370/134
f 392/2371/780 2134/2372/779 4846/2373/1858 2133/2374/1859
f 2134/2372/779 389/2361/774 2128/2364/1853 4846/2373/1858
f 4846/2373/1858 2128/2364/1853 390/2366/1855 2135/2375/1860
f 2133/2374/1859 4846/2373/1858 2135/2375/1860 393/2376/1861
f 393/2376/1861 2135/2375/1860 4847/2377/1862 2136/2378/1863
f 2135/2375/1860 390/2366/1855 2131/2368/1857 4847/2377/1862
f 4847/2377/1862 2131/2368/1857 388/2370/134 2137/2379/141
f 2136/2378/1863 4847/2377/1862 2137/2379/141 391/2380/140
f 395/2381/786 2139/2382/785 4848/2383/1864 2138/2384/1865
f 2139/2382/785 392/2371/780 2133/2374/1859 4848/2383/1864
f 4848/2383/1864 2133/2374/1859 393/2376/1861 2140/2385/1866
f 2138/2384/1865 4848/2383/1864 2140/2385/1866 396/2386/1867
f 396/2386/1867 2140/2385/1866 4849/2387/1868 2141/2388/1869
f 2140/2385/1866 393/2376/1861 2136/2378/1863 4849/2387/1868
f 4849/2387/1868 2136/2378/1863 391/2380/140 2142/2389/147
f 2141/2388/1869 4849/2387/1868 2142/2389/147 394/2390/146
f 398/2391/792 2144/2392/791 4850/2393/1870 2143/2394/1871
f 2144/2392/791 395/2381/786 2138/2384/1865 4850/2393/1870
f 4850/2393/1870 2138/2384/1865 396/2386/1867 2145/2395/1872
f 2143/2394/1871 4850/2393/1870 2145/2395/1872 399/2396/1873
f 399/2396/1873 2145/2395/1872 4851/2397/1874 2146/2398/1875
f 2145/2395/1872 396/2386/1867 2141/2388/1869 4851/2397/1874
f 4851/2397/1874 2141/2388/1869 394/2390/146 2147/2399/153
f 2146/2398/1875 4851/2397/1874 2147/2399/153 397/2400/152
f 401/2401/798 2149/1063/797 4852/2402/1876 2148/2403/1877
f 2149/1063/797 398/2391/792 2143/2394/1871 4852/2402/1876
f 4852/2402/1876 2143/2394/1871 399/2396/1873 2150/2404/1878
f 2148/2403/1877 4852/2402/1876 2150/2404/1878 402/2405/1879
f 402/2405/1879 2150/2404/1878 4853/2406/1880 2151/2407/1881
f 2150/2404/1878 399/2396/1873 2146/2398/1875 4853/2406/1880
f 4853/2406/1880 2146/2398/1875 397/2400/152 2152/2408/159
f 2151/2407/1881 4853/2406/1880 2152/2408/159 400/2409/158
f 404/2410/804 2154/2411/803 4854/2412/1882 2153/2413/1883
f 2154/2411/803 401/2401/798 2148/2403/1877 4854/2412/1882
f 4854/2412/1882 2148/2403/1877 402/2405/1879 2155/2414/1884
f 2153/2413/1883 4854/2412/1882 2155/2414/1884 405/2415/1885
f 405/2415/1885 2155/2414/1884 4855/2416/1886 2156/2417/1887
f 2155/2414/1884 402/2405/1879 2151/2407/1881 4855/2416/1886
f 4855/2416/1886 2151/2407/1881 400/2409/158 2157/2418/165
f 2156/2417/1887 4855/2416/1886 2157/2418/165 403/2419/164
f 407/2420/810 2159/2421/809 4856/2422/1888 2158/2423/1889
f 2159/2421/809 404/2410/804 2153/2413/1883 4856/2422/1888
f 4856/2422/1888 2153/2413/1883 405/2415/1885 2160/2424/1890
f 2158/2423/1889 4856/2422/1888 2160/2424/1890 408/2425/1891
f 408/2425/1891 2160/2424/1890 4857/2426/1892 2161/2427/1893
f 2160/2424/1890 405/2415/1885 2156/2417/1887 4857/2426/1892
f 4857/2426/1892 2156/2417/1887 403/2419/164 2162/2428/171
f 2161/2427/1893 4857/2426/1892 2162/2428/171 406/2429/170
f 410/2430/816 2164/2431/815 4858/2432/1894 2163/2433/1895
f 2164/2431/815 407/2420/810 2158/2423/1889 4858/2432/1894
f 4858/2432/1894 2158/2423/1889 408/2425/1891 2165/2434/1896
f 2163/2433/1895 4858/2432/1894 2165/2434/1896 411/2435/1897
f 411/2435/1897 2165/2434/1896 4859/2436/1898 2166/2437/1899
f 2165/2434/1896 408/2425/1891 2161/2427/1893 4859/2436/1898
f 4859/2436/1898 2161/2427/1893 406/2429/170 2167/2438/177
f 2166/2437/1899 4859/2436/1898 2167/2438/177 409/176/176
f 413/2439/822 2169/2440/821 4860/2441/1900 2168/2442/1901
f 2169/2440/821 410/2430/816 2163/2433/1895 4860/2441/1900
f 4860/2441/1900 2163/2433/1895 411/2435/1897 2170/2443/1902
f 2168/2442/1901 4860/2441/1900 2170/2443/1902 414/2444/1903
f 414/2444/1903 2170/2443/1902 4861/2445/1904 2171/2446/1905
f 2170/2443/1902 411/2435/1897 2166/2437/1899 4861/2445/1904
f 4861/2445/1904 2166/2437/1899 409/176/176 2172/2447/183
f 2171/2446/1905 4861/2445/1904 2172/2447/183 412/2448/182
f 416/924/658 2174/1093/827 4862/2449/1906 2173/2450/1907
f 2174/1093/827 413/2439/822 2168/2442/1901 4862/2449/1906
f 4862/2449/1906 2168/2442/1901 414/2444/1903 2175/2451/1908
f 2173/2450/1907 4862/2449/1906 2175/2451/1908 417/2452/1909
f 417/2452/1909 2175/2451/1908 4863/2453/1910 2176/2454/1911
f 2175/2451/1908 414/2444/1903 2171/2446/1905 4863/2453/1910
f 4863/2453/1910 2171/2446/1905 412/2448/182 2177/2455/186
f 2176/2454/1911 4863/2453/1910 2177/2455/186 415/2456/18
f 325/191/191 2178/2457/659 4864/2458/1912 2023/2163/1724
f 2178/2457/659 416/924/658 2173/2450/1907 4864/2458/1912
f 4864/2458/1912 2173/2450/1907 417/2452/1909 2179/2459/1913
f 2023/2163/1724 4864/2458/1912 2179/2459/1913 327/2164/1725
f 327/2164/1725 2179/2459/1913 4865/2460/1914 2026/2169/1730
f 2179/2459/1913 417/2452/1909 2176/2454/1911 4865/2460/1914
f 4865/2460/1914 2176/2454/1911 415/2456/18 2180/2461/17
f 2026/2169/1730 4865/2460/1914 2180/2461/17 326/2170/16
f 229/14/14 1862/1795/1529 4866/2462/1915 2181/15/15
f 1862/1795/1529 227/1/1 2182/4/4 4866/2462/1915
f 4866/2462/1915 2182/4/4 322/9/9 2027/2463/1731
f 2181/15/15 4866/2462/1915 2027/2463/1731 326/16/16
f 527/2464/1916 2469/2465/1917 4867/2466/1918 2874/2467/1919
f 2469/2465/1917 530/2468/1920 2876/2469/1921 4867/2466/1918
f 4867/2466/1918 2876/2469/1921 695/2470/1922 2803/2471/1923
f 2874/2467/1919 4867/2466/1918 2803/2471/1923 693/2472/1924
f 485/2473/1925 2399/2474/1926 4868/2475/1927 2846/2476/1928
f 2399/2474/1926 488/2477/1929 2848/2478/1930 4868/2475/1927
f 4868/2475/1927 2848/2478/1930 667/2479/1931 2761/2480/1932
f 2846/2476/1928 4868/2475/1927 2761/2480/1932 665/2481/1933
f 524/2482/1934 2464/2483/1935 4869/2484/1936 2872/2485/1937
f 2464/2483/1935 527/2464/1916 2874/2467/1919 4869/2484/1936
f 4869/2484/1936 2874/2467/1919 693/2472/1924 2800/2486/1938
f 2872/2485/1937 4869/2484/1936 2800/2486/1938 691/2487/1939
f 482/2488/1940 2394/2489/1941 4870/2490/1942 2844/2491/1943
f 2394/2489/1941 485/2473/1925 2846/2476/1928 4870/2490/1942
f 4870/2490/1942 2846/2476/1928 665/2481/1933 2758/2492/1944
f 2844/2491/1943 4870/2490/1942 2758/2492/1944 663/2493/1945
f 521/2494/1946 2459/2495/1947 4871/2496/1948 2870/2497/1949
f 2459/2495/1947 524/2482/1934 2872/2485/1937 4871/2496/1948
f 4871/2496/1948 2872/2485/1937 691/2487/1939 2797/2498/1950
f 2870/2497/1949 4871/2496/1948 2797/2498/1950 689/2499/1951
f 479/2500/1952 2389/2501/1953 4872/2502/1954 2842/2503/1955
f 2389/2501/1953 482/2488/1940 2844/2491/1943 4872/2502/1954
f 4872/2502/1954 2844/2491/1943 663/2493/1945 2755/2504/1956
f 2842/2503/1955 4872/2502/1954 2755/2504/1956 661/2505/1957
f 518/2506/1958 2454/2507/1959 4873/2508/1960 2868/2509/1961
f 2454/2507/1959 521/2494/1946 2870/2497/1949 4873/2508/1960
f 4873/2508/1960 2870/2497/1949 689/2499/1951 2794/2510/1962
f 2868/2509/1961 4873/2508/1960 2794/2510/1962 687/2511/1963
f 476/2512/1964 2384/2513/1965 4874/2514/1966 2840/2515/1967
f 2384/2513/1965 479/2500/1952 2842/2503/1955 4874/2514/1966
f 4874/2514/1966 2842/2503/1955 661/2505/1957 2752/2516/1968
f 2840/2515/1967 4874/2514/1966 2752/2516/1968 659/2517/1969
f 515/2518/1970 2449/2519/1971 4875/2520/1972 2866/2521/1973
f 2449/2519/1971 518/2506/1958 2868/2509/1961 4875/2520/1972
f 4875/2520/1972 2868/2509/1961 687/2511/1963 2791/2522/1974
f 2866/2521/1973 4875/2520/1972 2791/2522/1974 685/2523/1975
f 473/2524/1976 2379/2525/1977 4876/2526/1978 2838/2527/1979
f 2379/2525/1977 476/2512/1964 2840/2515/1967 4876/2526/1978
f 4876/2526/1978 2840/2515/1967 659/2517/1969 2749/2528/1980
f 2838/2527/1979 4876/2526/1978 2749/2528/1980 657/2529/1981
f 512/2530/1982 2444/2531/1983 4877/2532/1984 2864/2533/1985
f 2444/2531/1983 515/2518/1970 2866/2521/1973 4877/2532/1984
f 4877/2532/1984 2866/2521/1973 685/2523/1975 2788/2534/1986
f 2864/2533/1985 4877/2532/1984 2788/2534/1986 683/2535/1987
f 470/2536/1988 2374/2537/1989 4878/2538/1990 2836/2539/1991
f 2374/2537/1989 473/2524/1976 2838/2527/1979 4878/2538/1990
f 4878/2538/1990 2838/2527/1979 657/2529/1981 2746/2540/1992
f 2836/2539/1991 4878/2538/1990 2746/2540/1992 655/2541/1993
f 509/2542/1994 2439/2543/1995 4879/2544/1996 2862/2545/1997
f 2439/2543/1995 512/2530/1982 2864/2533/1985 4879/2544/1996
f 4879/2544/1996 2864/2533/1985 683/2535/1987 2785/2546/1998
f 2862/2545/1997 4879/2544/1996 2785/2546/1998 681/2547/1999
f 467/2548/2000 2369/2549/2001 4880/2550/2002 2834/2551/2003
f 2369/2549/2001 470/2536/1988 2836/2539/1991 4880/2550/2002
f 4880/2550/2002 2836/2539/1991 655/2541/1993 2743/2552/2004
f 2834/2551/2003 4880/2550/2002 2743/2552/2004 653/2553/2005
f 506/2554/2006 2434/2555/2007 4881/2556/2008 2860/2557/2009
f 2434/2555/2007 509/2542/1994 2862/2545/1997 4881/2556/2008
f 4881/2556/2008 2862/2545/1997 681/2547/1999 2782/2558/2010
f 2860/2557/2009 4881/2556/2008 2782/2558/2010 679/2559/2011
f 545/2560/2012 2498/2561/2013 4882/2562/2014 2828/2563/2015
f 2498/2561/2013 454/2564/2016 2821/2565/2017 4882/2562/2014
f 4882/2562/2014 2821/2565/2017 646/2566/2018 2820/2567/2019
f 2828/2563/2015 4882/2562/2014 2820/2567/2019 705/2568/2020
f 464/2569/2021 2364/2570/2022 4883/2571/2023 2832/2572/2024
f 2364/2570/2022 467/2548/2000 2834/2551/2003 4883/2571/2023
f 4883/2571/2023 2834/2551/2003 653/2553/2005 2740/2573/2025
f 2832/2572/2024 4883/2571/2023 2740/2573/2025 651/2574/2026
f 503/2575/2027 2429/2576/2028 4884/2577/2029 2858/2578/2030
f 2429/2576/2028 506/2554/2006 2860/2557/2009 4884/2577/2029
f 4884/2577/2029 2860/2557/2009 679/2559/2011 2779/2579/2031
f 2858/2578/2030 4884/2577/2029 2779/2579/2031 677/2580/2032
f 542/2581/2033 2494/2582/2034 4885/2583/2035 2884/2584/2036
f 2494/2582/2034 545/2560/2012 2828/2563/2015 4885/2583/2035
f 4885/2583/2035 2828/2563/2015 705/2568/2020 2818/2585/2037
f 2884/2584/2036 4885/2583/2035 2818/2585/2037 703/2586/2038
f 461/2587/2039 2359/2588/2040 4886/2589/2041 2830/2590/2042
f 2359/2588/2040 464/2569/2021 2832/2572/2024 4886/2589/2041
f 4886/2589/2041 2832/2572/2024 651/2574/2026 2737/2591/2043
f 2830/2590/2042 4886/2589/2041 2737/2591/2043 649/2592/2044
f 500/2593/2045 2424/2594/2046 4887/2595/2047 2856/2596/2048
f 2424/2594/2046 503/2575/2027 2858/2578/2030 4887/2595/2047
f 4887/2595/2047 2858/2578/2030 677/2580/2032 2776/2597/2049
f 2856/2596/2048 4887/2595/2047 2776/2597/2049 675/2598/2050
f 539/2599/2051 2489/2600/2052 4888/2601/2053 2882/2602/2054
f 2489/2600/2052 542/2581/2033 2884/2584/2036 4888/2601/2053
f 4888/2601/2053 2884/2584/2036 703/2586/2038 2815/2603/2055
f 2882/2602/2054 4888/2601/2053 2815/2603/2055 701/2604/2056
f 458/2605/2057 2354/2606/2058 4889/2607/2059 2825/2608/2060
f 2354/2606/2058 461/2587/2039 2830/2590/2042 4889/2607/2059
f 4889/2607/2059 2830/2590/2042 649/2592/2044 2734/2609/2061
f 2825/2608/2060 4889/2607/2059 2734/2609/2061 647/2610/2062
f 497/2611/2063 2419/2612/2064 4890/2613/2065 2854/2614/2066
f 2419/2612/2064 500/2593/2045 2856/2596/2048 4890/2613/2065
f 4890/2613/2065 2856/2596/2048 675/2598/2050 2773/2615/2067
f 2854/2614/2066 4890/2613/2065 2773/2615/2067 673/2616/2068
f 536/2617/2069 2484/2618/2070 4891/2619/2071 2880/2620/2072
f 2484/2618/2070 539/2599/2051 2882/2602/2054 4891/2619/2071
f 4891/2619/2071 2882/2602/2054 701/2604/2056 2812/2621/2073
f 2880/2620/2072 4891/2619/2071 2812/2621/2073 699/2622/2074
f 452/2623/2075 2349/2624/2076 4892/2625/2077 2822/2626/2078
f 2349/2624/2076 458/2605/2057 2825/2608/2060 4892/2625/2077
f 4892/2625/2077 2825/2608/2060 647/2610/2062 2731/2627/2079
f 2822/2626/2078 4892/2625/2077 2731/2627/2079 643/2628/2080
f 494/2629/2081 2414/2630/2082 4893/2631/2083 2852/2632/2084
f 2414/2630/2082 497/2611/2063 2854/2614/2066 4893/2631/2083
f 4893/2631/2083 2854/2614/2066 673/2616/2068 2770/2633/2085
f 2852/2632/2084 4893/2631/2083 2770/2633/2085 671/2634/2086
f 533/2635/2087 2479/2636/2088 4894/2637/2089 2878/2638/2090
f 2479/2636/2088 536/2617/2069 2880/2620/2072 4894/2637/2089
f 4894/2637/2089 2880/2620/2072 699/2622/2074 2809/2639/2091
f 2878/2638/2090 4894/2637/2089 2809/2639/2091 697/2640/2092
f 551/1357/1091 2692/2641/2093 4895/2642/2094 2826/1358/1092
f 2692/2641/2093 640/1530/1264 2827/1533/1267 4895/2642/2094
f 4895/2642/2094 2827/1533/1267 706/1535/1269 2819/2643/2095
f 2826/1358/1092 4895/2642/2094 2819/2643/2095 645/1359/1093
f 491/2644/2096 2409/2645/2097 4896/2646/2098 2850/2647/2099
f 2409/2645/2097 494/2629/2081 2852/2632/2084 4896/2646/2098
f 4896/2646/2098 2852/2632/2084 671/2634/2086 2767/2648/2100
f 2850/2647/2099 4896/2646/2098 2767/2648/2100 669/2649/2101
f 530/2468/1920 2474/2650/2102 4897/2651/2103 2876/2469/1921
f 2474/2650/2102 533/2635/2087 2878/2638/2090 4897/2651/2103
f 4897/2651/2103 2878/2638/2090 697/2640/2092 2806/2652/2104
f 2876/2469/1921 4897/2651/2103 2806/2652/2104 695/2470/1922
f 488/2477/1929 2404/2653/2105 4898/2654/2106 2848/2478/1930
f 2404/2653/2105 491/2644/2096 2850/2647/2099 4898/2654/2106
f 4898/2654/2106 2850/2647/2099 669/2649/2101 2764/2655/2107
f 2848/2478/1930 4898/2654/2106 2764/2655/2107 667/2479/1931
f 548/2656/2108 2541/2657/2109 4899/2658/2110 2694/2659/2111
f 2541/2657/2109 554/2660/2112 2695/2661/2113 4899/2658/2110
f 4899/2658/2110 2695/2661/2113 421/2662/2114 2310/2663/2115
f 2694/2659/2111 4899/2658/2110 2310/2663/2115 419/2664/2116
f 641/2665/2117 2690/2666/2118 4900/2667/2119 2696/2668/2120
f 2690/2666/2118 550/2669/2121 2693/2670/2122 4900/2667/2119
f 4900/2667/2119 2693/2670/2122 420/2671/2123 2340/2672/2124
f 2696/2668/2120 4900/2667/2119 2340/2672/2124 450/2673/2125
f 557/2674/2126 2551/2675/2127 4901/2676/2128 2697/2677/2129
f 2551/2675/2127 560/2678/2130 2698/2679/2131 4901/2676/2128
f 4901/2676/2128 2698/2679/2131 423/2680/2132 2312/2681/2133
f 2697/2677/2129 4901/2676/2128 2312/2681/2133 422/2682/2134
f 560/2678/2130 2556/2683/2135 4902/2684/2136 2698/2679/2131
f 2556/2683/2135 563/2685/2137 2699/2686/2138 4902/2684/2136
f 4902/2684/2136 2699/2686/2138 424/2687/2139 2313/2688/2140
f 2698/2679/2131 4902/2684/2136 2313/2688/2140 423/2680/2132
f 563/2685/2137 2561/2689/2141 4903/2690/2142 2699/2686/2138
f 2561/2689/2141 566/2691/2143 2700/2692/2144 4903/2690/2142
f 4903/2690/2142 2700/2692/2144 425/2693/2145 2314/2694/2146
f 2699/2686/2138 4903/2690/2142 2314/2694/2146 424/2687/2139
f 566/2691/2143 2566/2695/2147 4904/2696/2148 2700/2692/2144
f 2566/2695/2147 569/2697/2149 2701/2698/2150 4904/2696/2148
f 4904/2696/2148 2701/2698/2150 426/2699/2151 2315/2700/2152
f 2700/2692/2144 4904/2696/2148 2315/2700/2152 425/2693/2145
f 569/2697/2149 2571/2701/2153 4905/2702/2154 2701/2698/2150
f 2571/2701/2153 572/2703/2155 2702/2704/2156 4905/2702/2154
f 4905/2702/2154 2702/2704/2156 427/2705/2157 2316/2706/2158
f 2701/2698/2150 4905/2702/2154 2316/2706/2158 426/2699/2151
f 572/2703/2155 2576/2707/2159 4906/2708/2160 2702/2704/2156
f 2576/2707/2159 575/2709/2161 2703/2710/2162 4906/2708/2160
f 4906/2708/2160 2703/2710/2162 428/2711/2163 2317/2712/2164
f 2702/2704/2156 4906/2708/2160 2317/2712/2164 427/2705/2157
f 575/2709/2161 2581/2713/2165 4907/2714/2166 2703/2710/2162
f 2581/2713/2165 578/2715/2167 2704/2716/2168 4907/2714/2166
f 4907/2714/2166 2704/2716/2168 429/2717/2169 2318/2718/2170
f 2703/2710/2162 4907/2714/2166 2318/2718/2170 428/2711/2163
f 578/2715/2167 2586/2719/2171 4908/2720/2172 2704/2716/2168
f 2586/2719/2171 581/2721/2173 2705/2722/2174 4908/2720/2172
f 4908/2720/2172 2705/2722/2174 430/2723/2175 2319/2724/2176
f 2704/2716/2168 4908/2720/2172 2319/2724/2176 429/2717/2169
f 581/2721/2173 2591/2725/2177 4909/2726/2178 2705/2722/2174
f 2591/2725/2177 584/2727/2179 2706/2728/2180 4909/2726/2178
f 4909/2726/2178 2706/2728/2180 431/2729/2181 2320/2730/2182
f 2705/2722/2174 4909/2726/2178 2320/2730/2182 430/2723/2175
f 584/2727/2179 2596/2731/2183 4910/2732/2184 2706/2728/2180
f 2596/2731/2183 587/2733/2185 2707/2734/2186 4910/2732/2184
f 4910/2732/2184 2707/2734/2186 432/2735/2187 2321/2736/2188
f 2706/2728/2180 4910/2732/2184 2321/2736/2188 431/2729/2181
f 587/2733/2185 2601/2737/2189 4911/2738/2190 2707/2734/2186
f 2601/2737/2189 590/2739/2191 2708/2740/2192 4911/2738/2190
f 4911/2738/2190 2708/2740/2192 433/2741/2193 2322/2742/2194
f 2707/2734/2186 4911/2738/2190 2322/2742/2194 432/2735/2187
f 590/2739/2191 2606/2743/2195 4912/2744/2196 2708/2740/2192
f 2606/2743/2195 593/2745/2197 2709/2746/2198 4912/2744/2196
f 4912/2744/2196 2709/2746/2198 434/2747/2199 2323/2748/2200
f 2708/2740/2192 4912/2744/2196 2323/2748/2200 433/2741/2193
f 593/2745/2197 2611/2749/2201 4913/2750/2202 2709/2746/2198
f 2611/2749/2201 596/2751/2203 2710/2752/2204 4913/2750/2202
f 4913/2750/2202 2710/2752/2204 435/2753/2205 2324/2754/2206
f 2709/2746/2198 4913/2750/2202 2324/2754/2206 434/2747/2199
f 596/2751/2203 2616/2755/2207 4914/2756/2208 2710/2752/2204
f 2616/2755/2207 599/2757/2209 2711/2758/2210 4914/2756/2208
f 4914/2756/2208 2711/2758/2210 436/2759/2211 2325/2760/2212
f 2710/2752/2204 4914/2756/2208 2325/2760/2212 435/2753/2205
f 599/2757/2209 2621/2761/2213 4915/2762/2214 2711/2758/2210
f 2621/2761/2213 602/2763/2215 2712/2764/2216 4915/2762/2214
f 4915/2762/2214 2712/2764/2216 437/2765/2217 2326/2766/2218
f 2711/2758/2210 4915/2762/2214 2326/2766/2218 436/2759/2211
f 602/2763/2215 2626/2767/2219 4916/2768/2220 2712/2764/2216
f 2626/2767/2219 605/2769/2221 2713/2770/2222 4916/2768/2220
f 4916/2768/2220 2713/2770/2222 438/2771/2223 2327/2772/2224
f 2712/2764/2216 4916/2768/2220 2327/2772/2224 437/2765/2217
f 605/2769/2221 2631/2773/2225 4917/2774/2226 2713/2770/2222
f 2631/2773/2225 608/2775/2227 2714/2776/2228 4917/2774/2226
f 4917/2774/2226 2714/2776/2228 439/2777/2229 2328/2778/2230
f 2713/2770/2222 4917/2774/2226 2328/2778/2230 438/2771/2223
f 608/2775/2227 2636/2779/2231 4918/2780/2232 2714/2776/2228
f 2636/2779/2231 611/2781/2233 2715/2782/2234 4918/2780/2232
f 4918/2780/2232 2715/2782/2234 440/2783/2235 2329/2784/2236
f 2714/2776/2228 4918/2780/2232 2329/2784/2236 439/2777/2229
f 611/2781/2233 2641/2785/2237 4919/2786/2238 2715/2782/2234
f 2641/2785/2237 614/2787/2239 2716/2788/2240 4919/2786/2238
f 4919/2786/2238 2716/2788/2240 441/2789/2241 2330/2790/2242
f 2715/2782/2234 4919/2786/2238 2330/2790/2242 440/2783/2235
f 614/2787/2239 2646/2791/2243 4920/2792/2244 2716/2788/2240
f 2646/2791/2243 617/2793/2245 2717/2794/2246 4920/2792/2244
f 4920/2792/2244 2717/2794/2246 442/2795/2247 2331/2796/2248
f 2716/2788/2240 4920/2792/2244 2331/2796/2248 441/2789/2241
f 617/2793/2245 2651/2797/2249 4921/2798/2250 2717/2794/2246
f 2651/2797/2249 620/2799/2251 2718/2800/2252 4921/2798/2250
f 4921/2798/2250 2718/2800/2252 443/2801/2253 2332/2802/2254
f 2717/2794/2246 4921/2798/2250 2332/2802/2254 442/2795/2247
f 620/2799/2251 2656/2803/2255 4922/2804/2256 2718/2800/2252
f 2656/2803/2255 623/2805/2257 2719/2806/2258 4922/2804/2256
f 4922/2804/2256 2719/2806/2258 444/2807/2259 2333/2808/2260
f 2718/2800/2252 4922/2804/2256 2333/2808/2260 443/2801/2253
f 623/2805/2257 2661/2809/2261 4923/2810/2262 2719/2806/2258
f 2661/2809/2261 626/2811/2263 2720/2812/2264 4923/2810/2262
f 4923/2810/2262 2720/2812/2264 445/2813/2265 2334/2814/2266
f 2719/2806/2258 4923/2810/2262 2334/2814/2266 444/2807/2259
f 626/2811/2263 2666/2815/2267 4924/2816/2268 2720/2812/2264
f 2666/2815/2267 629/2817/2269 2721/2818/2270 4924/2816/2268
f 4924/2816/2268 2721/2818/2270 446/2819/2271 2335/2820/2272
f 2720/2812/2264 4924/2816/2268 2335/2820/2272 445/2813/2265
f 629/2817/2269 2671/2821/2273 4925/2822/2274 2721/2818/2270
f 2671/2821/2273 632/2823/2275 2722/2824/2276 4925/2822/2274
f 4925/2822/2274 2722/2824/2276 447/2825/2277 2336/2826/2278
f 2721/2818/2270 4925/2822/2274 2336/2826/2278 446/2819/2271
f 632/2823/2275 2676/2827/2279 4926/2828/2280 2722/2824/2276
f 2676/2827/2279 635/2829/2281 2723/2830/2282 4926/2828/2280
f 4926/2828/2280 2723/2830/2282 448/2831/2283 2337/2832/2284
f 2722/2824/2276 4926/2828/2280 2337/2832/2284 447/2825/2277
f 635/2829/2281 2681/2833/2285 4927/2834/2286 2723/2830/2282
f 2681/2833/2285 638/2835/2287 2724/2836/2288 4927/2834/2286
f 4927/2834/2286 2724/2836/2288 449/2837/2289 2338/2838/2290
f 2723/2830/2282 4927/2834/2286 2338/2838/2290 448/2831/2283
f 638/2835/2287 2686/2839/2291 4928/2840/2292 2724/2836/2288
f 2686/2839/2291 641/2665/2117 2696/2668/2120 4928/2840/2292
f 4928/2840/2292 2696/2668/2120 450/2673/2125 2339/2841/2293
f 2724/2836/2288 4928/2840/2292 2339/2841/2293 449/2837/2289
f 554/2660/2112 2546/2842/2294 4929/2843/2295 2695/2661/2113
f 2546/2842/2294 557/2674/2126 2697/2677/2129 4929/2843/2295
f 4929/2843/2295 2697/2677/2129 422/2682/2134 2311/2844/2296
f 2695/2661/2113 4929/2843/2295 2311/2844/2296 421/2662/2114
f 418/2845/2297 2277/2846/2298 4930/2847/2299 2278/2848/2300
f 420/2849/2123 2309/2850/2301 4930/2847/2299 2277/2851/2298
f 419/2852/2116 2278/2853/2300 4930/2847/2299 2309/2854/2301
f 418/2845/2297 2278/2848/2300 4931/2855/2302 2279/2856/2303
f 419/2857/2116 2310/2858/2115 4931/2855/2302 2278/2853/2300
f 421/2859/2114 2279/2856/2303 4931/2855/2302 2310/2663/2115
f 418/2845/2297 2279/2860/2303 4932/2861/2304 2280/2862/2305
f 421/2863/2114 2311/2864/2296 4932/2861/2304 2279/2856/2303
f 422/2865/2134 2280/2862/2305 4932/2861/2304 2311/2864/2296
f 418/2845/2297 2280/2862/2305 4933/2866/2306 2281/2867/2307
f 422/2868/2134 2312/2869/2133 4933/2866/2306 2280/2870/2305
f 423/2871/2132 2281/2872/2307 4933/2866/2306 2312/2873/2133
f 418/2845/2297 2281/2874/2307 4934/2875/2308 2282/2876/2309
f 423/2871/2132 2313/2877/2140 4934/2875/2308 2281/2878/2307
f 424/2879/2139 2282/2876/2309 4934/2875/2308 2313/2877/2140
f 418/2845/2297 2282/2880/2309 4935/2881/2310 2283/2882/2311
f 424/2883/2139 2314/2884/2146 4935/2881/2310 2282/2876/2309
f 425/2885/2145 2283/2886/2311 4935/2881/2310 2314/2884/2146
f 418/2845/2297 2283/2887/2311 4936/2888/2312 2284/2889/2313
f 425/2890/2145 2315/2891/2152 4936/2888/2312 2283/2887/2311
f 426/2892/2151 2284/2893/2313 4936/2888/2312 2315/2891/2152
f 418/2845/2297 2284/2894/2313 4937/2895/2314 2285/2896/2315
f 426/2897/2151 2316/2898/2158 4937/2895/2314 2284/2899/2313
f 427/2705/2157 2285/2900/2315 4937/2895/2314 2316/2898/2158
f 418/2845/2297 2285/2901/2315 4938/2902/2316 2286/2903/2317
f 427/2904/2157 2317/2712/2164 4938/2902/2316 2285/2905/2315
f 428/2906/2163 2286/2903/2317 4938/2902/2316 2317/2712/2164
f 418/2845/2297 2286/2907/2317 4939/2908/2318 2287/2909/2319
f 428/2906/2163 2318/2910/2170 4939/2908/2318 2286/2903/2317
f 429/2911/2169 2287/2909/2319 4939/2908/2318 2318/2912/2170
f 418/2845/2297 2287/2913/2319 4940/2914/2320 2288/2915/2321
f 429/2911/2169 2319/2916/2176 4940/2914/2320 2287/2909/2319
f 430/2917/2175 2288/2918/2321 4940/2914/2320 2319/2919/2176
f 418/2845/2297 2288/2918/2321 4941/2920/2322 2289/2921/2323
f 430/2922/2175 2320/2923/2182 4941/2920/2322 2288/2918/2321
f 431/2924/2181 2289/2925/2323 4941/2920/2322 2320/2926/2182
f 418/2845/2297 2289/2927/2323 4942/2928/2324 2290/2929/2325
f 431/2729/2181 2321/2930/2188 4942/2928/2324 2289/2931/2323
f 432/2932/2187 2290/2933/2325 4942/2928/2324 2321/2934/2188
f 418/2845/2297 2290/2935/2325 4943/2936/2326 2291/2937/2327
f 432/2938/2187 2322/2939/2194 4943/2936/2326 2290/2940/2325
f 433/2741/2193 2291/2941/2327 4943/2936/2326 2322/2942/2194
f 418/2845/2297 2291/2943/2327 4944/2944/2328 2292/2945/2329
f 433/2741/2193 2323/2748/2200 4944/2944/2328 2291/2941/2327
f 434/2946/2199 2292/2947/2329 4944/2944/2328 2323/2748/2200
f 418/2845/2297 2292/2948/2329 4945/2949/2330 2293/2950/2331
f 434/2946/2199 2324/2951/2206 4945/2949/2330 2292/2945/2329
f 435/2952/2205 2293/2953/2331 4945/2949/2330 2324/2954/2206
f 418/2845/2297 2293/2955/2331 4946/2956/2332 2294/2957/2333
f 435/2952/2205 2325/2760/2212 4946/2956/2332 2293/2958/2331
f 436/2959/2211 2294/2960/2333 4946/2956/2332 2325/2961/2212
f 418/2845/2297 2294/2962/2333 4947/2963/2334 2295/2964/2335
f 436/2965/2211 2326/2966/2218 4947/2963/2334 2294/2967/2333
f 437/2968/2217 2295/2969/2335 4947/2963/2334 2326/2966/2218
f 418/2845/2297 2295/2970/2335 4948/2971/2336 2296/2972/2337
f 437/2973/2217 2327/2974/2224 4948/2971/2336 2295/2969/2335
f 438/2975/2223 2296/2976/2337 4948/2971/2336 2327/2977/2224
f 418/2845/2297 2296/2972/2337 4949/2978/2338 2297/2979/2339
f 438/2975/2223 2328/2980/2230 4949/2978/2338 2296/2972/2337
f 439/2777/2229 2297/2981/2339 4949/2978/2338 2328/2980/2230
f 418/2845/2297 2297/2982/2339 4950/2983/2340 2298/2984/2341
f 439/2985/2229 2329/2784/2236 4950/2983/2340 2297/2986/2339
f 440/2987/2235 2298/2984/2341 4950/2983/2340 2329/2988/2236
f 418/2845/2297 2298/2989/2341 4951/2990/2342 2299/2991/2343
f 440/2783/2235 2330/2992/2242 4951/2990/2342 2298/2993/2341
f 441/2789/2241 2299/2994/2343 4951/2990/2342 2330/2995/2242
f 418/2845/2297 2299/2994/2343 4952/2996/2344 2300/2997/2345
f 441/2789/2241 2331/2796/2248 4952/2996/2344 2299/2991/2343
f 442/2795/2247 2300/2998/2345 4952/2996/2344 2331/2999/2248
f 418/2845/2297 2300/3000/2345 4953/3001/2346 2301/3002/2347
f 442/2795/2247 2332/3003/2254 4953/3001/2346 2300/2998/2345
f 443/3004/2253 2301/3005/2347 4953/3001/2346 2332/2802/2254
f 418/2845/2297 2301/3006/2347 4954/3007/2348 2302/3008/2349
f 443/3009/2253 2333/2808/2260 4954/3007/2348 2301/3010/2347
f 444/3011/2259 2302/3012/2349 4954/3007/2348 2333/2808/2260
f 418/2845/2297 2302/3013/2349 4955/3014/2350 2303/3015/2351
f 444/3016/2259 2334/3017/2266 4955/3014/2350 2302/3018/2349
f 445/3019/2265 2303/3020/2351 4955/3014/2350 2334/2814/2266
f 418/2845/2297 2303/3021/2351 4956/3022/2352 2304/3023/2353
f 445/3024/2265 2335/2820/2272 4956/3022/2352 2303/3021/2351
f 446/3025/2271 2304/3023/2353 4956/3022/2352 2335/2820/2272
f 418/2845/2297 2304/3023/2353 4957/3026/2354 2305/3027/2355
f 446/3028/2271 2336/3029/2278 4957/3026/2354 2304/3023/2353
f 447/3030/2277 2305/3031/2355 4957/3026/2354 2336/3029/2278
f 418/2845/2297 2305/3032/2355 4958/3033/2356 2306/3034/2357
f 447/3035/2277 2337/3036/2284 4958/3033/2356 2305/3032/2355
f 448/3037/2283 2306/3034/2357 4958/3033/2356 2337/3038/2284
f 418/2845/2297 2306/3039/2357 4959/3040/2358 2307/3041/2359
f 448/3037/2283 2338/2838/2290 4959/3040/2358 2306/3034/2357
f 449/2837/2289 2307/3042/2359 4959/3040/2358 2338/3043/2290
f 418/2845/2297 2307/3042/2359 4960/3044/2360 2308/3045/2361
f 449/3046/2289 2339/2841/2293 4960/3044/2360 2307/3042/2359
f 450/3047/2125 2308/3048/2361 4960/3044/2360 2339/3049/2293
f 418/2845/2297 2308/3045/2361 4961/3050/2362 2277/3051/2298
f 450/3052/2125 2340/3053/2124 4961/3050/2362 2308/3045/2361
f 420/3054/2123 2277/2851/2298 4961/3050/2362 2340/3055/2124
f 452/3056/2075 2342/3057/2363 4962/3058/2364 2341/3059/2365
f 2342/3057/2363 454/3060/2016 2343/3061/2366 4962/3058/2364
f 4962/3058/2364 2343/3061/2366 456/3062/2367 2344/3063/2368
f 2341/3059/2365 4962/3058/2364 2344/3063/2368 453/3064/2369
f 453/3064/2369 2344/3063/2368 4963/3065/2370 2345/3066/2371
f 2344/3063/2368 456/3062/2367 2346/3067/2372 4963/3065/2370
f 4963/3065/2370 2346/3067/2372 455/3068/1294 2347/3069/1344
f 2345/3066/2371 4963/3065/2370 2347/3069/1344 451/3070/1331
f 458/3071/2057 2349/3072/2076 4964/3073/2373 2348/3074/2374
f 2349/3072/2076 452/3056/2075 2341/3059/2365 4964/3073/2373
f 4964/3073/2373 2341/3059/2365 453/3064/2369 2350/3075/2375
f 2348/3074/2374 4964/3073/2373 2350/3075/2375 459/3076/2376
f 459/3076/2376 2350/3075/2375 4965/3077/2377 2351/3078/2378
f 2350/3075/2375 453/3064/2369 2345/3066/2371 4965/3077/2377
f 4965/3077/2377 2345/3066/2371 451/3070/1331 2352/3079/1334
f 2351/3078/2378 4965/3077/2377 2352/3079/1334 457/3080/1319
f 461/3081/2039 2354/3082/2058 4966/3083/2379 2353/3084/2380
f 2354/3082/2058 458/3071/2057 2348/3074/2374 4966/3083/2379
f 4966/3083/2379 2348/3074/2374 459/3076/2376 2355/3085/2381
f 2353/3084/2380 4966/3083/2379 2355/3085/2381 462/3086/2382
f 462/3086/2382 2355/3085/2381 4967/3087/2383 2356/3088/2384
f 2355/3085/2381 459/3076/2376 2351/3078/2378 4967/3087/2383
f 4967/3087/2383 2351/3078/2378 457/3080/1319 2357/3089/1322
f 2356/3088/2384 4967/3087/2383 2357/3089/1322 460/1573/1307
f 464/2569/2021 2359/3090/2040 4968/3091/2385 2358/3092/2386
f 2359/3090/2040 461/3081/2039 2353/3084/2380 4968/3091/2385
f 4968/3091/2385 2353/3084/2380 462/3086/2382 2360/3093/2387
f 2358/3092/2386 4968/3091/2385 2360/3093/2387 465/3094/2388
f 465/3094/2388 2360/3093/2387 4969/3095/2389 2361/3096/2390
f 2360/3093/2387 462/3086/2382 2356/3088/2384 4969/3095/2389
f 4969/3095/2389 2356/3088/2384 460/1573/1307 2362/1576/1310
f 2361/3096/2390 4969/3095/2389 2362/1576/1310 463/3097/1295
f 467/2548/2000 2364/3098/2022 4970/3099/2391 2363/3100/2392
f 2364/3098/2022 464/2569/2021 2358/3092/2386 4970/3099/2391
f 4970/3099/2391 2358/3092/2386 465/3094/2388 2365/3101/2393
f 2363/3100/2392 4970/3099/2391 2365/3101/2393 468/3102/2394
f 468/3102/2394 2365/3101/2393 4971/3103/2395 2366/3104/2396
f 2365/3101/2393 465/3094/2388 2361/3096/2390 4971/3103/2395
f 4971/3103/2395 2361/3096/2390 463/3097/1295 2367/1564/1298
f 2366/3104/2396 4971/3103/2395 2367/1564/1298 466/3105/1279
f 470/3106/1988 2369/3107/2001 4972/3108/2397 2368/3109/2398
f 2369/3107/2001 467/2548/2000 2363/3100/2392 4972/3108/2397
f 4972/3108/2397 2363/3100/2392 468/3102/2394 2370/3110/2399
f 2368/3109/2398 4972/3108/2397 2370/3110/2399 471/3111/2400
f 471/3111/2400 2370/3110/2399 4973/3112/2401 2371/3113/2402
f 2370/3110/2399 468/3102/2394 2366/3104/2396 4973/3112/2401
f 4973/3112/2401 2366/3104/2396 466/3105/1279 2372/3114/1282
f 2371/3113/2402 4973/3112/2401 2372/3114/1282 469/3115/1284
f 473/3116/1976 2374/3117/1989 4974/3118/2403 2373/3119/2404
f 2374/3117/1989 470/3106/1988 2368/3109/2398 4974/3118/2403
f 4974/3118/2403 2368/3109/2398 471/3111/2400 2375/3120/2405
f 2373/3119/2404 4974/3118/2403 2375/3120/2405 474/3121/2406
f 474/3121/2406 2375/3120/2405 4975/3122/2407 2376/3123/2408
f 2375/3120/2405 471/3111/2400 2371/3113/2402 4975/3122/2407
f 4975/3122/2407 2371/3113/2402 469/3115/1284 2377/3124/1400
f 2376/3123/2408 4975/3122/2407 2377/3124/1400 472/3125/1393
f 476/3126/1964 2379/3127/1977 4976/3128/2409 2378/3129/2410
f 2379/3127/1977 473/3116/1976 2373/3119/2404 4976/3128/2409
f 4976/3128/2409 2373/3119/2404 474/3121/2406 2380/3130/2411
f 2378/3129/2410 4976/3128/2409 2380/3130/2411 477/3131/2412
f 477/3131/2412 2380/3130/2411 4977/3132/2413 2381/3133/2414
f 2380/3130/2411 474/3121/2406 2376/3123/2408 4977/3132/2413
f 4977/3132/2413 2376/3123/2408 472/3125/1393 2382/3134/1396
f 2381/3133/2414 4977/3132/2413 2382/3134/1396 475/3135/1385
f 479/3136/1952 2384/3137/1965 4978/3138/2415 2383/3139/2416
f 2384/3137/1965 476/3126/1964 2378/3129/2410 4978/3138/2415
f 4978/3138/2415 2378/3129/2410 477/3131/2412 2385/3140/2417
f 2383/3139/2416 4978/3138/2415 2385/3140/2417 480/3141/2418
f 480/3141/2418 2385/3140/2417 4979/3142/2419 2386/3143/2420
f 2385/3140/2417 477/3131/2412 2381/3133/2414 4979/3142/2419
f 4979/3142/2419 2381/3133/2414 475/3135/1385 2387/1654/1388
f 2386/3143/2420 4979/3142/2419 2387/1654/1388 478/1643/1377
f 482/3144/1940 2389/3145/1953 4980/3146/2421 2388/3147/2422
f 2389/3145/1953 479/3136/1952 2383/3139/2416 4980/3146/2421
f 4980/3146/2421 2383/3139/2416 480/3141/2418 2390/3148/2423
f 2388/3147/2422 4980/3146/2421 2390/3148/2423 483/3149/2424
f 483/3149/2424 2390/3148/2423 4981/3150/2425 2391/3151/2426
f 2390/3148/2423 480/3141/2418 2386/3143/2420 4981/3150/2425
f 4981/3150/2425 2386/3143/2420 478/1643/1377 2392/3152/1380
f 2391/3151/2426 4981/3150/2425 2392/3152/1380 481/1635/1369
f 485/3153/1925 2394/3154/1941 4982/3155/2427 2393/3156/2428
f 2394/3154/1941 482/3144/1940 2388/3147/2422 4982/3155/2427
f 4982/3155/2427 2388/3147/2422 483/3149/2424 2395/3157/2429
f 2393/3156/2428 4982/3155/2427 2395/3157/2429 486/3158/2430
f 486/3158/2430 2395/3157/2429 4983/3159/2431 2396/3160/2432
f 2395/3157/2429 483/3149/2424 2391/3151/2426 4983/3159/2431
f 4983/3159/2431 2391/3151/2426 481/1635/1369 2397/3161/1372
f 2396/3160/2432 4983/3159/2431 2397/3161/1372 484/1627/1361
f 488/3162/1929 2399/3163/1926 4984/3164/2433 2398/3165/2434
f 2399/3163/1926 485/3153/1925 2393/3156/2428 4984/3164/2433
f 4984/3164/2433 2393/3156/2428 486/3158/2430 2400/3166/2435
f 2398/3165/2434 4984/3164/2433 2400/3166/2435 489/3167/2436
f 489/3167/2436 2400/3166/2435 4985/3168/2437 2401/3169/2438
f 2400/3166/2435 486/3158/2430 2396/3160/2432 4985/3168/2437
f 4985/3168/2437 2396/3160/2432 484/1627/1361 2402/1630/1364
f 2401/3169/2438 4985/3168/2437 2402/1630/1364 487/3170/1353
f 491/2644/2096 2404/3171/2105 4986/3172/2439 2403/3173/2440
f 2404/3171/2105 488/3162/1929 2398/3165/2434 4986/3172/2439
f 4986/3172/2439 2398/3165/2434 489/3167/2436 2405/3174/2441
f 2403/3173/2440 4986/3172/2439 2405/3174/2441 492/3175/2442
f 492/3175/2442 2405/3174/2441 4987/3176/2443 2406/3177/2444
f 2405/3174/2441 489/3167/2436 2401/3169/2438 4987/3176/2443
f 4987/3176/2443 2401/3169/2438 487/3170/1353 2407/1622/1356
f 2406/3177/2444 4987/3176/2443 2407/1622/1356 490/3178/1345
f 494/3179/2081 2409/3180/2097 4988/3181/2445 2408/3182/2446
f 2409/3180/2097 491/2644/2096 2403/3173/2440 4988/3181/2445
f 4988/3181/2445 2403/3173/2440 492/3175/2442 2410/3183/2447
f 2408/3182/2446 4988/3181/2445 2410/3183/2447 495/3184/2448
f 495/3184/2448 2410/3183/2447 4989/3185/2449 2411/3186/2450
f 2410/3183/2447 492/3175/2442 2406/3177/2444 4989/3185/2449
f 4989/3185/2449 2406/3177/2444 490/3178/1345 2412/3187/1348
f 2411/3186/2450 4989/3185/2449 2412/3187/1348 493/3188/1335
f 497/2611/2063 2414/3189/2082 4990/3190/2451 2413/3191/2452
f 2414/3189/2082 494/3179/2081 2408/3182/2446 4990/3190/2451
f 4990/3190/2451 2408/3182/2446 495/3184/2448 2415/3192/2453
f 2413/3191/2452 4990/3190/2451 2415/3192/2453 498/3193/2454
f 498/3193/2454 2415/3192/2453 4991/3194/2455 2416/3195/2456
f 2415/3192/2453 495/3184/2448 2411/3186/2450 4991/3194/2455
f 4991/3194/2455 2411/3186/2450 493/3188/1335 2417/3196/1338
f 2416/3195/2456 4991/3194/2455 2417/3196/1338 496/1589/1323
f 500/2593/2045 2419/3197/2064 4992/3198/2457 2418/3199/2458
f 2419/3197/2064 497/2611/2063 2413/3191/2452 4992/3198/2457
f 4992/3198/2457 2413/3191/2452 498/3193/2454 2420/3200/2459
f 2418/3199/2458 4992/3198/2457 2420/3200/2459 501/3201/2460
f 501/3201/2460 2420/3200/2459 4993/3202/2461 2421/3203/2462
f 2420/3200/2459 498/3193/2454 2416/3195/2456 4993/3202/2461
f 4993/3202/2461 2416/3195/2456 496/1589/1323 2422/1592/1326
f 2421/3203/2462 4993/3202/2461 2422/1592/1326 499/3204/1311
f 503/3205/2027 2424/2594/2046 4994/3206/2463 2423/3207/2464
f 2424/2594/2046 500/2593/2045 2418/3199/2458 4994/3206/2463
f 4994/3206/2463 2418/3199/2458 501/3201/2460 2425/3208/2465
f 2423/3207/2464 4994/3206/2463 2425/3208/2465 504/3209/2466
f 504/3209/2466 2425/3208/2465 4995/3210/2467 2426/3211/2468
f 2425/3208/2465 501/3201/2460 2421/3203/2462 4995/3210/2467
f 4995/3210/2467 2421/3203/2462 499/3204/1311 2427/1580/1314
f 2426/3211/2468 4995/3210/2467 2427/1580/1314 502/3212/1299
f 506/3213/2006 2429/3214/2028 4996/3215/2469 2428/3216/2470
f 2429/3214/2028 503/3205/2027 2423/3207/2464 4996/3215/2469
f 4996/3215/2469 2423/3207/2464 504/3209/2466 2430/3217/2471
f 2428/3216/2470 4996/3215/2469 2430/3217/2471 507/3218/2472
f 507/3218/2472 2430/3217/2471 4997/3219/2473 2431/3220/2474
f 2430/3217/2471 504/3209/2466 2426/3211/2468 4997/3219/2473
f 4997/3219/2473 2426/3211/2468 502/3212/1299 2432/3221/1302
f 2431/3220/2474 4997/3219/2473 2432/3221/1302 505/3222/1285
f 509/3223/1994 2434/2555/2007 4998/3224/2475 2433/3225/2476
f 2434/2555/2007 506/3213/2006 2428/3216/2470 4998/3224/2475
f 4998/3224/2475 2428/3216/2470 507/3218/2472 2435/3226/2477
f 2433/3225/2476 4998/3224/2475 2435/3226/2477 510/3227/2478
f 510/3227/2478 2435/3226/2477 4999/3228/2479 2436/3229/2480
f 2435/3226/2477 507/3218/2472 2431/3220/2474 4999/3228/2479
f 4999/3228/2479 2431/3220/2474 505/3222/1285 2437/3230/1288
f 2436/3229/2480 4999/3228/2479 2437/3230/1288 508/3231/1273
f 512/3232/1982 2439/3233/1995 5000/3234/2481 2438/3235/2482
f 2439/3233/1995 509/3223/1994 2433/3225/2476 5000/3234/2481
f 5000/3234/2481 2433/3225/2476 510/3227/2478 2440/3236/2483
f 2438/3235/2482 5000/3234/2481 2440/3236/2483 513/3237/2484
f 513/3237/2484 2440/3236/2483 5001/3238/2485 2441/3239/2486
f 2440/3236/2483 510/3227/2478 2436/3229/2480 5001/3238/2485
f 5001/3238/2485 2436/3229/2480 508/3231/1273 2442/3240/1276
f 2441/3239/2486 5001/3238/2485 2442/3240/1276 511/3241/1278
f 515/3242/1970 2444/3243/1983 5002/3244/2487 2443/3245/2488
f 2444/3243/1983 512/3232/1982 2438/3235/2482 5002/3244/2487
f 5002/3244/2487 2438/3235/2482 513/3237/2484 2445/3246/2489
f 2443/3245/2488 5002/3244/2487 2445/3246/2489 516/3247/2490
f 516/3247/2490 2445/3246/2489 5003/3248/2491 2446/3249/2492
f 2445/3246/2489 513/3237/2484 2441/3239/2486 5003/3248/2491
f 5003/3248/2491 2441/3239/2486 511/3241/1278 2447/3250/1398
f 2446/3249/2492 5003/3248/2491 2447/3250/1398 514/1655/1389
f 518/3251/1958 2449/3252/1971 5004/3253/2493 2448/3254/2494
f 2449/3252/1971 515/3242/1970 2443/3245/2488 5004/3253/2493
f 5004/3253/2493 2443/3245/2488 516/3247/2490 2450/3255/2495
f 2448/3254/2494 5004/3253/2493 2450/3255/2495 519/3256/2496
f 519/3256/2496 2450/3255/2495 5005/3257/2497 2451/3258/2498
f 2450/3255/2495 516/3247/2490 2446/3249/2492 5005/3257/2497
f 5005/3257/2497 2446/3249/2492 514/1655/1389 2452/3259/1392
f 2451/3258/2498 5005/3257/2497 2452/3259/1392 517/3260/1381
f 521/3261/1946 2454/3262/1959 5006/3263/2499 2453/3264/2500
f 2454/3262/1959 518/3251/1958 2448/3254/2494 5006/3263/2499
f 5006/3263/2499 2448/3254/2494 519/3256/2496 2455/3265/2501
f 2453/3264/2500 5006/3263/2499 2455/3265/2501 522/3266/2502
f 522/3266/2502 2455/3265/2501 5007/3267/2503 2456/3268/2504
f 2455/3265/2501 519/3256/2496 2451/3258/2498 5007/3267/2503
f 5007/3267/2503 2451/3258/2498 517/3260/1381 2457/3269/1384
f 2456/3268/2504 5007/3267/2503 2457/3269/1384 520/3270/1373
f 524/3271/1934 2459/3272/1947 5008/3273/2505 2458/3274/2506
f 2459/3272/1947 521/3261/1946 2453/3264/2500 5008/3273/2505
f 5008/3273/2505 2453/3264/2500 522/3266/2502 2460/3275/2507
f 2458/3274/2506 5008/3273/2505 2460/3275/2507 525/3276/2508
f 525/3276/2508 2460/3275/2507 5009/3277/2509 2461/3278/2510
f 2460/3275/2507 522/3266/2502 2456/3268/2504 5009/3277/2509
f 5009/3277/2509 2456/3268/2504 520/3270/1373 2462/3279/1376
f 2461/3278/2510 5009/3277/2509 2462/3279/1376 523/1631/1365
f 527/3280/1916 2464/3281/1935 5010/3282/2511 2463/3283/2512
f 2464/3281/1935 524/3271/1934 2458/3274/2506 5010/3282/2511
f 5010/3282/2511 2458/3274/2506 525/3276/2508 2465/3284/2513
f 2463/3283/2512 5010/3282/2511 2465/3284/2513 528/3285/2514
f 528/3285/2514 2465/3284/2513 5011/3286/2515 2466/3287/2516
f 2465/3284/2513 525/3276/2508 2461/3278/2510 5011/3286/2515
f 5011/3286/2515 2461/3278/2510 523/1631/1365 2467/3288/1368
f 2466/3287/2516 5011/3286/2515 2467/3288/1368 526/3289/1357
f 530/3290/1920 2469/3291/1917 5012/3292/2517 2468/3293/2518
f 2469/3291/1917 527/3280/1916 2463/3283/2512 5012/3292/2517
f 5012/3292/2517 2463/3283/2512 528/3285/2514 2470/3294/2519
f 2468/3293/2518 5012/3292/2517 2470/3294/2519 531/3295/2520
f 531/3295/2520 2470/3294/2519 5013/3296/2521 2471/3297/2522
f 2470/3294/2519 528/3285/2514 2466/3287/2516 5013/3296/2521
f 5013/3296/2521 2466/3287/2516 526/3289/1357 2472/3298/1360
f 2471/3297/2522 5013/3296/2521 2472/3298/1360 529/1615/1349
f 533/3299/2087 2474/3300/2102 5014/3301/2523 2473/3302/2524
f 2474/3300/2102 530/3290/1920 2468/3293/2518 5014/3301/2523
f 5014/3301/2523 2468/3293/2518 531/3295/2520 2475/3303/2525
f 2473/3302/2524 5014/3301/2523 2475/3303/2525 534/3304/2526
f 534/3304/2526 2475/3303/2525 5015/3305/2527 2476/3306/2528
f 2475/3303/2525 531/3295/2520 2471/3297/2522 5015/3305/2527
f 5015/3305/2527 2471/3297/2522 529/1615/1349 2477/3307/1352
f 2476/3306/2528 5015/3305/2527 2477/3307/1352 532/3308/1339
f 536/3309/2069 2479/2636/2088 5016/3310/2529 2478/3311/2530
f 2479/2636/2088 533/3299/2087 2473/3302/2524 5016/3310/2529
f 5016/3310/2529 2473/3302/2524 534/3304/2526 2480/3312/2531
f 2478/3311/2530 5016/3310/2529 2480/3312/2531 537/3313/2532
f 537/3313/2532 2480/3312/2531 5017/3314/2533 2481/3315/2534
f 2480/3312/2531 534/3304/2526 2476/3306/2528 5017/3314/2533
f 5017/3314/2533 2476/3306/2528 532/3308/1339 2482/3316/1342
f 2481/3315/2534 5017/3314/2533 2482/3316/1342 535/3317/1327
f 539/3318/2051 2484/3319/2070 5018/3320/2535 2483/3321/2536
f 2484/3319/2070 536/3309/2069 2478/3311/2530 5018/3320/2535
f 5018/3320/2535 2478/3311/2530 537/3313/2532 2485/3322/2537
f 2483/3321/2536 5018/3320/2535 2485/3322/2537 540/3323/2538
f 540/3323/2538 2485/3322/2537 5019/3324/2539 2486/3325/2540
f 2485/3322/2537 537/3313/2532 2481/3315/2534 5019/3324/2539
f 5019/3324/2539 2481/3315/2534 535/3317/1327 2487/3326/1330
f 2486/3325/2540 5019/3324/2539 2487/3326/1330 538/3327/1315
f 542/3328/2033 2489/3329/2052 5020/3330/2541 2488/3331/2542
f 2489/3329/2052 539/3318/2051 2483/3321/2536 5020/3330/2541
f 5020/3330/2541 2483/3321/2536 540/3323/2538 2490/3332/2543
f 2488/3331/2542 5020/3330/2541 2490/3332/2543 543/3333/2544
f 543/3333/2544 2490/3332/2543 5021/3334/2545 2491/3335/2546
f 2490/3332/2543 540/3323/2538 2486/3325/2540 5021/3334/2545
f 5021/3334/2545 2486/3325/2540 538/3327/1315 2492/3336/1318
f 2491/3335/2546 5021/3334/2545 2492/3336/1318 541/3337/1303
f 545/3338/2012 2494/3339/2034 5022/3340/2547 2493/3341/2548
f 2494/3339/2034 542/3328/2033 2488/3331/2542 5022/3340/2547
f 5022/3340/2547 2488/3331/2542 543/3333/2544 2495/3342/2549
f 2493/3341/2548 5022/3340/2547 2495/3342/2549 546/3343/2550
f 546/3343/2550 2495/3342/2549 5023/3344/2551 2496/3345/2552
f 2495/3342/2549 543/3333/2544 2491/3335/2546 5023/3344/2551
f 5023/3344/2551 2491/3335/2546 541/3337/1303 2497/3346/1306
f 2496/3345/2552 5023/3344/2551 2497/3346/1306 544/1555/1289
f 454/3060/2016 2498/3347/2013 5024/3348/2553 2343/3061/2366
f 2498/3347/2013 545/3338/2012 2493/3341/2548 5024/3348/2553
f 5024/3348/2553 2493/3341/2548 546/3343/2550 2499/3349/2554
f 2343/3061/2366 5024/3348/2553 2499/3349/2554 456/3062/2367
f 456/3062/2367 2499/3349/2554 5025/3350/2555 2346/3067/2372
f 2499/3349/2554 546/3343/2550 2496/3345/2552 5025/3350/2555
f 5025/3350/2555 2496/3345/2552 544/1555/1289 2500/1558/1292
f 2346/3067/2372 5025/3350/2555 2500/1558/1292 455/3068/1294
f 553/1366/1100 2544/3351/2556 5026/3352/2557 2823/1367/1101
f 2544/3351/2556 547/1353/1087 2824/1356/1090 5026/3352/2557
f 5026/3352/2557 2824/1356/1090 644/1361/1095 2730/3353/2558
f 2823/1367/1101 5026/3352/2557 2730/3353/2558 648/1368/1102
f 548/3354/2108 2534/3355/2559 5027/3356/2560 2533/3357/2561
f 2534/3355/2559 550/3358/2121 2535/3359/2562 5027/3356/2560
f 5027/3356/2560 2535/3359/2562 552/3360/2563 2536/3361/2564
f 2533/3357/2561 5027/3356/2560 2536/3361/2564 549/3362/2565
f 549/3362/2565 2536/3361/2564 5028/3363/2566 2537/3364/2567
f 2536/3361/2564 552/3360/2563 2538/3365/2568 5028/3363/2566
f 5028/3363/2566 2538/3365/2568 551/1357/1091 2539/1354/1088
f 2537/3364/2567 5028/3363/2566 2539/1354/1088 547/1353/1087
f 554/2660/2112 2541/3366/2109 5029/3367/2569 2540/3368/2570
f 2541/3366/2109 548/3354/2108 2533/3357/2561 5029/3367/2569
f 5029/3367/2569 2533/3357/2561 549/3362/2565 2542/3369/2571
f 2540/3368/2570 5029/3367/2569 2542/3369/2571 555/3370/2572
f 555/3370/2572 2542/3369/2571 5030/3371/2573 2543/3372/2574
f 2542/3369/2571 549/3362/2565 2537/3364/2567 5030/3371/2573
f 5030/3371/2573 2537/3364/2567 547/1353/1087 2544/3351/2556
f 2543/3372/2574 5030/3371/2573 2544/3351/2556 553/1366/1100
f 557/2674/2126 2546/2842/2294 5031/3373/2575 2545/3374/2576
f 2546/2842/2294 554/2660/2112 2540/3368/2570 5031/3373/2575
f 5031/3373/2575 2540/3368/2570 555/3370/2572 2547/3375/2577
f 2545/3374/2576 5031/3373/2575 2547/3375/2577 558/3376/2578
f 558/3376/2578 2547/3375/2577 5032/3377/2579 2548/3378/2580
f 2547/3375/2577 555/3370/2572 2543/3372/2574 5032/3377/2579
f 5032/3377/2579 2543/3372/2574 553/1366/1100 2549/1363/1097
f 2548/3378/2580 5032/3377/2579 2549/1363/1097 556/1362/1096
f 560/3379/2130 2551/3380/2127 5033/3381/2581 2550/3382/2582
f 2551/3380/2127 557/2674/2126 2545/3374/2576 5033/3381/2581
f 5033/3381/2581 2545/3374/2576 558/3376/2578 2552/3383/2583
f 2550/3382/2582 5033/3381/2581 2552/3383/2583 561/3384/2584
f 561/3384/2584 2552/3383/2583 5034/3385/2585 2553/3386/2586
f 2552/3383/2583 558/3376/2578 2548/3378/2580 5034/3385/2585
f 5034/3385/2585 2548/3378/2580 556/1362/1096 2554/1536/1270
f 2553/3386/2586 5034/3385/2585 2554/1536/1270 559/1375/1109
f 563/3387/2137 2556/3388/2135 5035/3389/2587 2555/3390/2588
f 2556/3388/2135 560/3379/2130 2550/3382/2582 5035/3389/2587
f 5035/3389/2587 2550/3382/2582 561/3384/2584 2557/3391/2589
f 2555/3390/2588 5035/3389/2587 2557/3391/2589 564/3392/2590
f 564/3392/2590 2557/3391/2589 5036/3393/2591 2558/3394/2592
f 2557/3391/2589 561/3384/2584 2553/3386/2586 5036/3393/2591
f 5036/3393/2591 2553/3386/2586 559/1375/1109 2559/1372/1106
f 2558/3394/2592 5036/3393/2591 2559/1372/1106 562/1371/1105
f 566/3395/2143 2561/3396/2141 5037/3397/2593 2560/3398/2594
f 2561/3396/2141 563/3387/2137 2555/3390/2588 5037/3397/2593
f 5037/3397/2593 2555/3390/2588 564/3392/2590 2562/3399/2595
f 2560/3398/2594 5037/3397/2593 2562/3399/2595 567/3400/2596
f 567/3400/2596 2562/3399/2595 5038/3401/2597 2563/3402/2598
f 2562/3399/2595 564/3392/2590 2558/3394/2592 5038/3401/2597
f 5038/3401/2597 2558/3394/2592 562/1371/1105 2564/1381/1115
f 2563/3402/2598 5038/3401/2597 2564/1381/1115 565/1380/1114
f 569/3403/2149 2566/3404/2147 5039/3405/2599 2565/3406/2600
f 2566/3404/2147 566/3395/2143 2560/3398/2594 5039/3405/2599
f 5039/3405/2599 2560/3398/2594 567/3400/2596 2567/3407/2601
f 2565/3406/2600 5039/3405/2599 2567/3407/2601 570/3408/2602
f 570/3408/2602 2567/3407/2601 5040/3409/2603 2568/3410/2604
f 2567/3407/2601 567/3400/2596 2563/3402/2598 5040/3409/2603
f 5040/3409/2603 2563/3402/2598 565/1380/1114 2569/1387/1121
f 2568/3410/2604 5040/3409/2603 2569/1387/1121 568/1386/1120
f 572/3411/2155 2571/3412/2153 5041/3413/2605 2570/3414/2606
f 2571/3412/2153 569/3403/2149 2565/3406/2600 5041/3413/2605
f 5041/3413/2605 2565/3406/2600 570/3408/2602 2572/3415/2607
f 2570/3414/2606 5041/3413/2605 2572/3415/2607 573/3416/2608
f 573/3416/2608 2572/3415/2607 5042/3417/2609 2573/3418/2610
f 2572/3415/2607 570/3408/2602 2568/3410/2604 5042/3417/2609
f 5042/3417/2609 2568/3410/2604 568/1386/1120 2574/1393/1127
f 2573/3418/2610 5042/3417/2609 2574/1393/1127 571/1392/1126
f 575/3419/2161 2576/3420/2159 5043/3421/2611 2575/3422/2612
f 2576/3420/2159 572/3411/2155 2570/3414/2606 5043/3421/2611
f 5043/3421/2611 2570/3414/2606 573/3416/2608 2577/3423/2613
f 2575/3422/2612 5043/3421/2611 2577/3423/2613 576/3424/2614
f 576/3424/2614 2577/3423/2613 5044/3425/2615 2578/3426/2616
f 2577/3423/2613 573/3416/2608 2573/3418/2610 5044/3425/2615
f 5044/3425/2615 2573/3418/2610 571/1392/1126 2579/1399/1133
f 2578/3426/2616 5044/3425/2615 2579/1399/1133 574/1398/1132
f 578/2715/2167 2581/3427/2165 5045/3428/2617 2580/3429/2618
f 2581/3427/2165 575/3419/2161 2575/3422/2612 5045/3428/2617
f 5045/3428/2617 2575/3422/2612 576/3424/2614 2582/3430/2619
f 2580/3429/2618 5045/3428/2617 2582/3430/2619 579/3431/2620
f 579/3431/2620 2582/3430/2619 5046/3432/2621 2583/3433/2622
f 2582/3430/2619 576/3424/2614 2578/3426/2616 5046/3432/2621
f 5046/3432/2621 2578/3426/2616 574/1398/1132 2584/1405/1139
f 2583/3433/2622 5046/3432/2621 2584/1405/1139 577/1404/1138
f 581/3434/2173 2586/3435/2171 5047/3436/2623 2585/3437/2624
f 2586/3435/2171 578/2715/2167 2580/3429/2618 5047/3436/2623
f 5047/3436/2623 2580/3429/2618 579/3431/2620 2587/3438/2625
f 2585/3437/2624 5047/3436/2623 2587/3438/2625 582/3439/2626
f 582/3439/2626 2587/3438/2625 5048/3440/2627 2588/3441/2628
f 2587/3438/2625 579/3431/2620 2583/3433/2622 5048/3440/2627
f 5048/3440/2627 2583/3433/2622 577/1404/1138 2589/1411/1145
f 2588/3441/2628 5048/3440/2627 2589/1411/1145 580/1410/1144
f 584/3442/2179 2591/3443/2177 5049/3444/2629 2590/3445/2630
f 2591/3443/2177 581/3434/2173 2585/3437/2624 5049/3444/2629
f 5049/3444/2629 2585/3437/2624 582/3439/2626 2592/3446/2631
f 2590/3445/2630 5049/3444/2629 2592/3446/2631 585/3447/2632
f 585/3447/2632 2592/3446/2631 5050/3448/2633 2593/3449/2634
f 2592/3446/2631 582/3439/2626 2588/3441/2628 5050/3448/2633
f 5050/3448/2633 2588/3441/2628 580/1410/1144 2594/1417/1151
f 2593/3449/2634 5050/3448/2633 2594/1417/1151 583/1416/1150
f 587/2733/2185 2596/3450/2183 5051/3451/2635 2595/3452/2636
f 2596/3450/2183 584/3442/2179 2590/3445/2630 5051/3451/2635
f 5051/3451/2635 2590/3445/2630 585/3447/2632 2597/3453/2637
f 2595/3452/2636 5051/3451/2635 2597/3453/2637 588/3454/2638
f 588/3454/2638 2597/3453/2637 5052/3455/2639 2598/3456/2640
f 2597/3453/2637 585/3447/2632 2593/3449/2634 5052/3455/2639
f 5052/3455/2639 2593/3449/2634 583/1416/1150 2599/1423/1157
f 2598/3456/2640 5052/3455/2639 2599/1423/1157 586/1422/1156
f 590/3457/2191 2601/3458/2189 5053/3459/2641 2600/3460/2642
f 2601/3458/2189 587/2733/2185 2595/3452/2636 5053/3459/2641
f 5053/3459/2641 2595/3452/2636 588/3454/2638 2602/3461/2643
f 2600/3460/2642 5053/3459/2641 2602/3461/2643 591/3462/2644
f 591/3462/2644 2602/3461/2643 5054/3463/2645 2603/3464/2646
f 2602/3461/2643 588/3454/2638 2598/3456/2640 5054/3463/2645
f 5054/3463/2645 2598/3456/2640 586/1422/1156 2604/1429/1163
f 2603/3464/2646 5054/3463/2645 2604/1429/1163 589/1428/1162
f 593/2745/2197 2606/3465/2195 5055/3466/2647 2605/3467/2648
f 2606/3465/2195 590/3457/2191 2600/3460/2642 5055/3466/2647
f 5055/3466/2647 2600/3460/2642 591/3462/2644 2607/3468/2649
f 2605/3467/2648 5055/3466/2647 2607/3468/2649 594/3469/2650
f 594/3469/2650 2607/3468/2649 5056/3470/2651 2608/3471/2652
f 2607/3468/2649 591/3462/2644 2603/3464/2646 5056/3470/2651
f 5056/3470/2651 2603/3464/2646 589/1428/1162 2609/1435/1169
f 2608/3471/2652 5056/3470/2651 2609/1435/1169 592/1434/1168
f 596/3472/2203 2611/2749/2201 5057/3473/2653 2610/3474/2654
f 2611/2749/2201 593/2745/2197 2605/3467/2648 5057/3473/2653
f 5057/3473/2653 2605/3467/2648 594/3469/2650 2612/3475/2655
f 2610/3474/2654 5057/3473/2653 2612/3475/2655 597/3476/2656
f 597/3476/2656 2612/3475/2655 5058/3477/2657 2613/3478/2658
f 2612/3475/2655 594/3469/2650 2608/3471/2652 5058/3477/2657
f 5058/3477/2657 2608/3471/2652 592/1434/1168 2614/1441/1175
f 2613/3478/2658 5058/3477/2657 2614/1441/1175 595/1440/1174
f 599/3479/2209 2616/3480/2207 5059/3481/2659 2615/3482/2660
f 2616/3480/2207 596/3472/2203 2610/3474/2654 5059/3481/2659
f 5059/3481/2659 2610/3474/2654 597/3476/2656 2617/3483/2661
f 2615/3482/2660 5059/3481/2659 2617/3483/2661 600/3484/2662
f 600/3484/2662 2617/3483/2661 5060/3485/2663 2618/3486/2664
f 2617/3483/2661 597/3476/2656 2613/3478/2658 5060/3485/2663
f 5060/3485/2663 2613/3478/2658 595/1440/1174 2619/1447/1181
f 2618/3486/2664 5060/3485/2663 2619/1447/1181 598/1446/1180
f 602/3487/2215 2621/3488/2213 5061/3489/2665 2620/3490/2666
f 2621/3488/2213 599/3479/2209 2615/3482/2660 5061/3489/2665
f 5061/3489/2665 2615/3482/2660 600/3484/2662 2622/3491/2667
f 2620/3490/2666 5061/3489/2665 2622/3491/2667 603/3492/2668
f 603/3492/2668 2622/3491/2667 5062/3493/2669 2623/3494/2670
f 2622/3491/2667 600/3484/2662 2618/3486/2664 5062/3493/2669
f 5062/3493/2669 2618/3486/2664 598/1446/1180 2624/1453/1187
f 2623/3494/2670 5062/3493/2669 2624/1453/1187 601/1452/1186
f 605/3495/2221 2626/3496/2219 5063/3497/2671 2625/3498/2672
f 2626/3496/2219 602/3487/2215 2620/3490/2666 5063/3497/2671
f 5063/3497/2671 2620/3490/2666 603/3492/2668 2627/3499/2673
f 2625/3498/2672 5063/3497/2671 2627/3499/2673 606/3500/2674
f 606/3500/2674 2627/3499/2673 5064/3501/2675 2628/3502/2676
f 2627/3499/2673 603/3492/2668 2623/3494/2670 5064/3501/2675
f 5064/3501/2675 2623/3494/2670 601/1452/1186 2629/1459/1193
f 2628/3502/2676 5064/3501/2675 2629/1459/1193 604/1458/1192
f 608/3503/2227 2631/3504/2225 5065/3505/2677 2630/3506/2678
f 2631/3504/2225 605/3495/2221 2625/3498/2672 5065/3505/2677
f 5065/3505/2677 2625/3498/2672 606/3500/2674 2632/3507/2679
f 2630/3506/2678 5065/3505/2677 2632/3507/2679 609/3508/2680
f 609/3508/2680 2632/3507/2679 5066/3509/2681 2633/3510/2682
f 2632/3507/2679 606/3500/2674 2628/3502/2676 5066/3509/2681
f 5066/3509/2681 2628/3502/2676 604/1458/1192 2634/1465/1199
f 2633/3510/2682 5066/3509/2681 2634/1465/1199 607/1464/1198
f 611/3511/2233 2636/3512/2231 5067/3513/2683 2635/3514/2684
f 2636/3512/2231 608/3503/2227 2630/3506/2678 5067/3513/2683
f 5067/3513/2683 2630/3506/2678 609/3508/2680 2637/3515/2685
f 2635/3514/2684 5067/3513/2683 2637/3515/2685 612/3516/2686
f 612/3516/2686 2637/3515/2685 5068/3517/2687 2638/3518/2688
f 2637/3515/2685 609/3508/2680 2633/3510/2682 5068/3517/2687
f 5068/3517/2687 2633/3510/2682 607/1464/1198 2639/1471/1205
f 2638/3518/2688 5068/3517/2687 2639/1471/1205 610/1470/1204
f 614/3519/2239 2641/2785/2237 5069/3520/2689 2640/3521/2690
f 2641/2785/2237 611/3511/2233 2635/3514/2684 5069/3520/2689
f 5069/3520/2689 2635/3514/2684 612/3516/2686 2642/3522/2691
f 2640/3521/2690 5069/3520/2689 2642/3522/2691 615/3523/2692
f 615/3523/2692 2642/3522/2691 5070/3524/2693 2643/3525/2694
f 2642/3522/2691 612/3516/2686 2638/3518/2688 5070/3524/2693
f 5070/3524/2693 2638/3518/2688 610/1470/1204 2644/1477/1211
f 2643/3525/2694 5070/3524/2693 2644/1477/1211 613/1476/1210
f 617/3526/2245 2646/3527/2243 5071/3528/2695 2645/3529/2696
f 2646/3527/2243 614/3519/2239 2640/3521/2690 5071/3528/2695
f 5071/3528/2695 2640/3521/2690 615/3523/2692 2647/3530/2697
f 2645/3529/2696 5071/3528/2695 2647/3530/2697 618/3531/2698
f 618/3531/2698 2647/3530/2697 5072/3532/2699 2648/3533/2700
f 2647/3530/2697 615/3523/2692 2643/3525/2694 5072/3532/2699
f 5072/3532/2699 2643/3525/2694 613/1476/1210 2649/1483/1217
f 2648/3533/2700 5072/3532/2699 2649/1483/1217 616/1482/1216
f 620/3534/2251 2651/3535/2249 5073/3536/2701 2650/3537/2702
f 2651/3535/2249 617/3526/2245 2645/3529/2696 5073/3536/2701
f 5073/3536/2701 2645/3529/2696 618/3531/2698 2652/3538/2703
f 2650/3537/2702 5073/3536/2701 2652/3538/2703 621/3539/2704
f 621/3539/2704 2652/3538/2703 5074/3540/2705 2653/3541/2706
f 2652/3538/2703 618/3531/2698 2648/3533/2700 5074/3540/2705
f 5074/3540/2705 2648/3533/2700 616/1482/1216 2654/1489/1223
f 2653/3541/2706 5074/3540/2705 2654/1489/1223 619/1488/1222
f 623/3542/2257 2656/2803/2255 5075/3543/2707 2655/3544/2708
f 2656/2803/2255 620/3534/2251 2650/3537/2702 5075/3543/2707
f 5075/3543/2707 2650/3537/2702 621/3539/2704 2657/3545/2709
f 2655/3544/2708 5075/3543/2707 2657/3545/2709 624/3546/2710
f 624/3546/2710 2657/3545/2709 5076/3547/2711 2658/3548/2712
f 2657/3545/2709 621/3539/2704 2653/3541/2706 5076/3547/2711
f 5076/3547/2711 2653/3541/2706 619/1488/1222 2659/1495/1229
f 2658/3548/2712 5076/3547/2711 2659/1495/1229 622/1494/1228
f 626/2811/2263 2661/3549/2261 5077/3550/2713 2660/3551/2714
f 2661/3549/2261 623/3542/2257 2655/3544/2708 5077/3550/2713
f 5077/3550/2713 2655/3544/2708 624/3546/2710 2662/3552/2715
f 2660/3551/2714 5077/3550/2713 2662/3552/2715 627/3553/2716
f 627/3553/2716 2662/3552/2715 5078/3554/2717 2663/3555/2718
f 2662/3552/2715 624/3546/2710 2658/3548/2712 5078/3554/2717
f 5078/3554/2717 2658/3548/2712 622/1494/1228 2664/1501/1235
f 2663/3555/2718 5078/3554/2717 2664/1501/1235 625/1500/1234
f 629/3556/2269 2666/3557/2267 5079/3558/2719 2665/3559/2720
f 2666/3557/2267 626/2811/2263 2660/3551/2714 5079/3558/2719
f 5079/3558/2719 2660/3551/2714 627/3553/2716 2667/3560/2721
f 2665/3559/2720 5079/3558/2719 2667/3560/2721 630/3561/2722
f 630/3561/2722 2667/3560/2721 5080/3562/2723 2668/3563/2724
f 2667/3560/2721 627/3553/2716 2663/3555/2718 5080/3562/2723
f 5080/3562/2723 2663/3555/2718 625/1500/1234 2669/1507/1241
f 2668/3563/2724 5080/3562/2723 2669/1507/1241 628/1506/1240
f 632/3564/2275 2671/3565/2273 5081/3566/2725 2670/3567/2726
f 2671/3565/2273 629/3556/2269 2665/3559/2720 5081/3566/2725
f 5081/3566/2725 2665/3559/2720 630/3561/2722 2672/3568/2727
f 2670/3567/2726 5081/3566/2725 2672/3568/2727 633/3569/2728
f 633/3569/2728 2672/3568/2727 5082/3570/2729 2673/3571/2730
f 2672/3568/2727 630/3561/2722 2668/3563/2724 5082/3570/2729
f 5082/3570/2729 2668/3563/2724 628/1506/1240 2674/1513/1247
f 2673/3571/2730 5082/3570/2729 2674/1513/1247 631/1512/1246
f 635/3572/2281 2676/3573/2279 5083/3574/2731 2675/3575/2732
f 2676/3573/2279 632/3564/2275 2670/3567/2726 5083/3574/2731
f 5083/3574/2731 2670/3567/2726 633/3569/2728 2677/3576/2733
f 2675/3575/2732 5083/3574/2731 2677/3576/2733 636/3577/2734
f 636/3577/2734 2677/3576/2733 5084/3578/2735 2678/3579/2736
f 2677/3576/2733 633/3569/2728 2673/3571/2730 5084/3578/2735
f 5084/3578/2735 2673/3571/2730 631/1512/1246 2679/1519/1253
f 2678/3579/2736 5084/3578/2735 2679/1519/1253 634/1518/1252
f 638/3580/2287 2681/3581/2285 5085/3582/2737 2680/3583/2738
f 2681/3581/2285 635/3572/2281 2675/3575/2732 5085/3582/2737
f 5085/3582/2737 2675/3575/2732 636/3577/2734 2682/3584/2739
f 2680/3583/2738 5085/3582/2737 2682/3584/2739 639/3585/2740
f 639/3585/2740 2682/3584/2739 5086/3586/2741 2683/3587/2742
f 2682/3584/2739 636/3577/2734 2678/3579/2736 5086/3586/2741
f 5086/3586/2741 2678/3579/2736 634/1518/1252 2684/1525/1259
f 2683/3587/2742 5086/3586/2741 2684/1525/1259 637/1524/1258
f 641/2665/2117 2686/2839/2291 5087/3588/2743 2685/3589/2744
f 2686/2839/2291 638/3580/2287 2680/3583/2738 5087/3588/2743
f 5087/3588/2743 2680/3583/2738 639/3585/2740 2687/3590/2745
f 2685/3589/2744 5087/3588/2743 2687/3590/2745 642/3591/2746
f 642/3591/2746 2687/3590/2745 5088/3592/2747 2688/3593/2748
f 2687/3590/2745 639/3585/2740 2683/3587/2742 5088/3592/2747
f 5088/3592/2747 2683/3587/2742 637/1524/1258 2689/1531/1265
f 2688/3593/2748 5088/3592/2747 2689/1531/1265 640/1530/1264
f 550/3358/2121 2690/2666/2118 5089/3594/2749 2535/3359/2562
f 2690/2666/2118 641/2665/2117 2685/3589/2744 5089/3594/2749
f 5089/3594/2749 2685/3589/2744 642/3591/2746 2691/3595/2750
f 2535/3359/2562 5089/3594/2749 2691/3595/2750 552/3360/2563
f 552/3360/2563 2691/3595/2750 5090/3596/2751 2538/3365/2568
f 2691/3595/2750 642/3591/2746 2688/3593/2748 5090/3596/2751
f 5090/3596/2751 2688/3593/2748 640/1530/1264 2692/2641/2093
f 2538/3365/2568 5090/3596/2751 2692/2641/2093 551/1357/1091
f 550/2669/2121 2534/3597/2559 5091/3598/2752 2693/2670/2122
f 2534/3597/2559 548/2656/2108 2694/2659/2111 5091/3598/2752
f 5091/3598/2752 2694/2659/2111 419/2664/2116 2309/3599/2301
f 2693/2670/2122 5091/3598/2752 2309/3599/2301 420/2671/2123
f 644/1361/1095 2726/1360/1094 5092/3600/2753 2725/3601/2754
f 2726/1360/1094 645/1359/1093 2727/3602/2755 5092/3600/2753
f 5092/3600/2753 2727/3602/2755 646/3603/2018 2728/3604/2756
f 2725/3601/2754 5092/3600/2753 2728/3604/2756 643/3605/2080
f 648/1368/1102 2730/3353/2558 5093/3606/2757 2729/3607/2758
f 2730/3353/2558 644/1361/1095 2725/3601/2754 5093/3606/2757
f 5093/3606/2757 2725/3601/2754 643/3605/2080 2731/3608/2079
f 2729/3607/2758 5093/3606/2757 2731/3608/2079 647/3609/2062
f 650/1370/1104 2733/1369/1103 5094/3610/2759 2732/3611/2760
f 2733/1369/1103 648/1368/1102 2729/3607/2758 5094/3610/2759
f 5094/3610/2759 2729/3607/2758 647/3609/2062 2734/3612/2061
f 2732/3611/2760 5094/3610/2759 2734/3612/2061 649/3613/2044
f 652/1377/1111 2736/1538/1272 5095/3614/2761 2735/3615/2762
f 2736/1538/1272 650/1370/1104 2732/3611/2760 5095/3614/2761
f 5095/3614/2761 2732/3611/2760 649/3613/2044 2737/3616/2043
f 2735/3615/2762 5095/3614/2761 2737/3616/2043 651/2574/2026
f 654/1379/1113 2739/1378/1112 5096/3617/2763 2738/3618/2764
f 2739/1378/1112 652/1377/1111 2735/3615/2762 5096/3617/2763
f 5096/3617/2763 2735/3615/2762 651/2574/2026 2740/3619/2025
f 2738/3618/2764 5096/3617/2763 2740/3619/2025 653/3620/2005
f 656/1385/1119 2742/1384/1118 5097/3621/2765 2741/3622/2766
f 2742/1384/1118 654/1379/1113 2738/3618/2764 5097/3621/2765
f 5097/3621/2765 2738/3618/2764 653/3620/2005 2743/3623/2004
f 2741/3622/2766 5097/3621/2765 2743/3623/2004 655/3624/1993
f 658/1391/1125 2745/1390/1124 5098/3625/2767 2744/3626/2768
f 2745/1390/1124 656/1385/1119 2741/3622/2766 5098/3625/2767
f 5098/3625/2767 2741/3622/2766 655/3624/1993 2746/3627/1992
f 2744/3626/2768 5098/3625/2767 2746/3627/1992 657/3628/1981
f 660/1397/1131 2748/1396/1130 5099/3629/2769 2747/3630/2770
f 2748/1396/1130 658/1391/1125 2744/3626/2768 5099/3629/2769
f 5099/3629/2769 2744/3626/2768 657/3628/1981 2749/3631/1980
f 2747/3630/2770 5099/3629/2769 2749/3631/1980 659/2517/1969
f 662/1403/1137 2751/1402/1136 5100/3632/2771 2750/3633/2772
f 2751/1402/1136 660/1397/1131 2747/3630/2770 5100/3632/2771
f 5100/3632/2771 2747/3630/2770 659/2517/1969 2752/3634/1968
f 2750/3633/2772 5100/3632/2771 2752/3634/1968 661/3635/1957
f 664/1409/1143 2754/1408/1142 5101/3636/2773 2753/3637/2774
f 2754/1408/1142 662/1403/1137 2750/3633/2772 5101/3636/2773
f 5101/3636/2773 2750/3633/2772 661/3635/1957 2755/3638/1956
f 2753/3637/2774 5101/3636/2773 2755/3638/1956 663/2493/1945
f 666/1415/1149 2757/1414/1148 5102/3639/2775 2756/3640/2776
f 2757/1414/1148 664/1409/1143 2753/3637/2774 5102/3639/2775
f 5102/3639/2775 2753/3637/2774 663/2493/1945 2758/3641/1944
f 2756/3640/2776 5102/3639/2775 2758/3641/1944 665/3642/1933
f 668/1421/1155 2760/1420/1154 5103/3643/2777 2759/3644/2778
f 2760/1420/1154 666/1415/1149 2756/3640/2776 5103/3643/2777
f 5103/3643/2777 2756/3640/2776 665/3642/1933 2761/3645/1932
f 2759/3644/2778 5103/3643/2777 2761/3645/1932 667/2479/1931
f 670/1427/1161 2763/1426/1160 5104/3646/2779 2762/3647/2780
f 2763/1426/1160 668/1421/1155 2759/3644/2778 5104/3646/2779
f 5104/3646/2779 2759/3644/2778 667/2479/1931 2764/3648/2107
f 2762/3647/2780 5104/3646/2779 2764/3648/2107 669/3649/2101
f 672/1433/1167 2766/1432/1166 5105/3650/2781 2765/3651/2782
f 2766/1432/1166 670/1427/1161 2762/3647/2780 5105/3650/2781
f 5105/3650/2781 2762/3647/2780 669/3649/2101 2767/3652/2100
f 2765/3651/2782 5105/3650/2781 2767/3652/2100 671/3653/2086
f 674/1439/1173 2769/1438/1172 5106/3654/2783 2768/3655/2784
f 2769/1438/1172 672/1433/1167 2765/3651/2782 5106/3654/2783
f 5106/3654/2783 2765/3651/2782 671/3653/2086 2770/3656/2085
f 2768/3655/2784 5106/3654/2783 2770/3656/2085 673/3657/2068
f 676/1445/1179 2772/1444/1178 5107/3658/2785 2771/3659/2786
f 2772/1444/1178 674/1439/1173 2768/3655/2784 5107/3658/2785
f 5107/3658/2785 2768/3655/2784 673/3657/2068 2773/3660/2067
f 2771/3659/2786 5107/3658/2785 2773/3660/2067 675/3661/2050
f 678/1451/1185 2775/1450/1184 5108/3662/2787 2774/3663/2788
f 2775/1450/1184 676/1445/1179 2771/3659/2786 5108/3662/2787
f 5108/3662/2787 2771/3659/2786 675/3661/2050 2776/3664/2049
f 2774/3663/2788 5108/3662/2787 2776/3664/2049 677/3665/2032
f 680/1457/1191 2778/1456/1190 5109/3666/2789 2777/3667/2790
f 2778/1456/1190 678/1451/1185 2774/3663/2788 5109/3666/2789
f 5109/3666/2789 2774/3663/2788 677/3665/2032 2779/3668/2031
f 2777/3667/2790 5109/3666/2789 2779/3668/2031 679/3669/2011
f 682/1463/1197 2781/1462/1196 5110/3670/2791 2780/3671/2792
f 2781/1462/1196 680/1457/1191 2777/3667/2790 5110/3670/2791
f 5110/3670/2791 2777/3667/2790 679/3669/2011 2782/2558/2010
f 2780/3671/2792 5110/3670/2791 2782/2558/2010 681/3672/1999
f 684/1469/1203 2784/1468/1202 5111/3673/2793 2783/3674/2794
f 2784/1468/1202 682/1463/1197 2780/3671/2792 5111/3673/2793
f 5111/3673/2793 2780/3671/2792 681/3672/1999 2785/3675/1998
f 2783/3674/2794 5111/3673/2793 2785/3675/1998 683/2535/1987
f 686/1475/1209 2787/1474/1208 5112/3676/2795 2786/3677/2796
f 2787/1474/1208 684/1469/1203 2783/3674/2794 5112/3676/2795
f 5112/3676/2795 2783/3674/2794 683/2535/1987 2788/3678/1986
f 2786/3677/2796 5112/3676/2795 2788/3678/1986 685/2523/1975
f 688/1481/1215 2790/1480/1214 5113/3679/2797 2789/3680/2798
f 2790/1480/1214 686/1475/1209 2786/3677/2796 5113/3679/2797
f 5113/3679/2797 2786/3677/2796 685/2523/1975 2791/3681/1974
f 2789/3680/2798 5113/3679/2797 2791/3681/1974 687/3682/1963
f 690/1487/1221 2793/1486/1220 5114/3683/2799 2792/3684/2800
f 2793/1486/1220 688/1481/1215 2789/3680/2798 5114/3683/2799
f 5114/3683/2799 2789/3680/2798 687/3682/1963 2794/3685/1962
f 2792/3684/2800 5114/3683/2799 2794/3685/1962 689/3686/1951
f 692/1493/1227 2796/1492/1226 5115/3687/2801 2795/3688/2802
f 2796/1492/1226 690/1487/1221 2792/3684/2800 5115/3687/2801
f 5115/3687/2801 2792/3684/2800 689/3686/1951 2797/3689/1950
f 2795/3688/2802 5115/3687/2801 2797/3689/1950 691/2487/1939
f 694/1499/1233 2799/1498/1232 5116/3690/2803 2798/3691/2804
f 2799/1498/1232 692/1493/1227 2795/3688/2802 5116/3690/2803
f 5116/3690/2803 2795/3688/2802 691/2487/1939 2800/3692/1938
f 2798/3691/2804 5116/3690/2803 2800/3692/1938 693/3693/1924
f 696/1505/1239 2802/1504/1238 5117/3694/2805 2801/3695/2806
f 2802/1504/1238 694/1499/1233 2798/3691/2804 5117/3694/2805
f 5117/3694/2805 2798/3691/2804 693/3693/1924 2803/3696/1923
f 2801/3695/2806 5117/3694/2805 2803/3696/1923 695/2470/1922
f 698/1511/1245 2805/1510/1244 5118/3697/2807 2804/3698/2808
f 2805/1510/1244 696/1505/1239 2801/3695/2806 5118/3697/2807
f 5118/3697/2807 2801/3695/2806 695/2470/1922 2806/3699/2104
f 2804/3698/2808 5118/3697/2807 2806/3699/2104 697/3700/2092
f 700/1517/1251 2808/1516/1250 5119/3701/2809 2807/3702/2810
f 2808/1516/1250 698/1511/1245 2804/3698/2808 5119/3701/2809
f 5119/3701/2809 2804/3698/2808 697/3700/2092 2809/3703/2091
f 2807/3702/2810 5119/3701/2809 2809/3703/2091 699/3704/2074
f 702/1523/1257 2811/1522/1256 5120/3705/2811 2810/3706/2812
f 2811/1522/1256 700/1517/1251 2807/3702/2810 5120/3705/2811
f 5120/3705/2811 2807/3702/2810 699/3704/2074 2812/3707/2073
f 2810/3706/2812 5120/3705/2811 2812/3707/2073 701/2604/2056
f 704/1529/1263 2814/1528/1262 5121/3708/2813 2813/3709/2814
f 2814/1528/1262 702/1523/1257 2810/3706/2812 5121/3708/2813
f 5121/3708/2813 2810/3706/2812 701/2604/2056 2815/3710/2055
f 2813/3709/2814 5121/3708/2813 2815/3710/2055 703/3711/2038
f 706/1535/1269 2817/1534/1268 5122/3712/2815 2816/3713/2816
f 2817/1534/1268 704/1529/1263 2813/3709/2814 5122/3712/2815
f 5122/3712/2815 2813/3709/2814 703/3711/2038 2818/3714/2037
f 2816/3713/2816 5122/3712/2815 2818/3714/2037 705/2568/2020
f 645/1359/1093 2819/2643/2095 5123/3715/2817 2727/3602/2755
f 2819/2643/2095 706/1535/1269 2816/3713/2816 5123/3715/2817
f 5123/3715/2817 2816/3713/2816 705/2568/2020 2820/3716/2019
f 2727/3602/2755 5123/3715/2817 2820/3716/2019 646/3603/2018
f 454/2564/2016 2342/3717/2363 5124/3718/2818 2821/2565/2017
f 2342/3717/2363 452/2623/2075 2822/2626/2078 5124/3718/2818
f 5124/3718/2818 2822/2626/2078 643/2628/2080 2728/3719/2756
f 2821/2565/2017 5124/3718/2818 2728/3719/2756 646/2566/2018
f 771/3720/2819 3108/3721/2820 5125/3722/2821 3045/3723/2822
f 3108/3721/2820 772/3724/2823 2950/3725/2824 5125/3722/2821
f 5125/3722/2821 2950/3725/2824 707/3726/2825 2885/3727/2826
f 3045/3723/2822 5125/3722/2821 2885/3727/2826 708/3728/2827
f 772/3724/2823 3107/3729/2828 5126/3730/2829 2950/3725/2824
f 3107/3729/2828 773/3731/2830 2951/3732/2831 5126/3730/2829
f 5126/3730/2829 2951/3732/2831 709/3733/2832 2886/3734/2833
f 2950/3725/2824 5126/3730/2829 2886/3734/2833 707/3726/2825
f 773/3731/2830 3106/3735/2834 5127/3736/2835 2951/3732/2831
f 3106/3735/2834 774/3737/2836 2952/3738/2837 5127/3736/2835
f 5127/3736/2835 2952/3738/2837 710/3739/2838 2887/3740/2839
f 2951/3732/2831 5127/3736/2835 2887/3740/2839 709/3733/2832
f 774/3737/2836 3105/3741/2840 5128/3742/2841 2952/3738/2837
f 3105/3741/2840 775/3743/2842 2953/3744/2843 5128/3742/2841
f 5128/3742/2841 2953/3744/2843 711/3745/2844 2888/3746/2845
f 2952/3738/2837 5128/3742/2841 2888/3746/2845 710/3739/2838
f 775/3743/2842 3104/3747/2846 5129/3748/2847 2953/3744/2843
f 3104/3747/2846 776/3749/2848 2954/3750/2849 5129/3748/2847
f 5129/3748/2847 2954/3750/2849 712/3751/2850 2889/3752/2851
f 2953/3744/2843 5129/3748/2847 2889/3752/2851 711/3745/2844
f 776/3749/2848 3103/3753/2852 5130/3754/2853 2954/3750/2849
f 3103/3753/2852 777/3755/2854 2955/3756/2855 5130/3754/2853
f 5130/3754/2853 2955/3756/2855 713/3757/2856 2890/3758/2857
f 2954/3750/2849 5130/3754/2853 2890/3758/2857 712/3751/2850
f 777/3755/2854 3102/3759/2858 5131/3760/2859 2955/3756/2855
f 3102/3759/2858 778/3761/2860 2956/3762/2861 5131/3760/2859
f 5131/3760/2859 2956/3762/2861 714/3763/2862 2891/3764/2863
f 2955/3756/2855 5131/3760/2859 2891/3764/2863 713/3757/2856
f 778/3761/2860 3101/3765/2864 5132/3766/2865 2956/3762/2861
f 3101/3765/2864 779/3767/2866 2957/3768/2867 5132/3766/2865
f 5132/3766/2865 2957/3768/2867 715/3769/2868 2892/3770/2869
f 2956/3762/2861 5132/3766/2865 2892/3770/2869 714/3763/2862
f 779/3767/2866 3100/3771/2870 5133/3772/2871 2957/3768/2867
f 3100/3771/2870 780/3773/2872 2958/3774/2873 5133/3772/2871
f 5133/3772/2871 2958/3774/2873 716/3775/2874 2893/3776/2875
f 2957/3768/2867 5133/3772/2871 2893/3776/2875 715/3769/2868
f 780/3773/2872 3099/3777/2876 5134/3778/2877 2958/3774/2873
f 3099/3777/2876 781/3779/2878 2959/3780/2879 5134/3778/2877
f 5134/3778/2877 2959/3780/2879 717/3781/2880 2894/3782/2881
f 2958/3774/2873 5134/3778/2877 2894/3782/2881 716/3775/2874
f 781/3779/2878 3098/3783/2882 5135/3784/2883 2959/3780/2879
f 3098/3783/2882 782/3785/2884 2960/3786/2885 5135/3784/2883
f 5135/3784/2883 2960/3786/2885 718/3787/2886 2895/3788/2887
f 2959/3780/2879 5135/3784/2883 2895/3788/2887 717/3781/2880
f 782/3785/2884 3097/3789/2888 5136/3790/2889 2960/3786/2885
f 3097/3789/2888 783/3791/2890 2961/3792/2891 5136/3790/2889
f 5136/3790/2889 2961/3792/2891 719/3793/2892 2896/3794/2893
f 2960/3786/2885 5136/3790/2889 2896/3794/2893 718/3787/2886
f 783/3791/2890 3096/3795/2894 5137/3796/2895 2961/3792/2891
f 3096/3795/2894 784/3797/2896 2962/3798/2897 5137/3796/2895
f 5137/3796/2895 2962/3798/2897 720/3799/2898 2897/3800/2899
f 2961/3792/2891 5137/3796/2895 2897/3800/2899 719/3793/2892
f 784/3797/2896 3095/3801/2900 5138/3802/2901 2962/3798/2897
f 3095/3801/2900 785/3803/2902 2963/3804/2903 5138/3802/2901
f 5138/3802/2901 2963/3804/2903 721/3805/2904 2898/3806/2905
f 2962/3798/2897 5138/3802/2901 2898/3806/2905 720/3799/2898
f 785/3803/2902 3094/3807/2906 5139/3808/2907 2963/3804/2903
f 3094/3807/2906 786/3809/2908 2964/3810/2909 5139/3808/2907
f 5139/3808/2907 2964/3810/2909 722/3811/2910 2899/3812/2911
f 2963/3804/2903 5139/3808/2907 2899/3812/2911 721/3805/2904
f 786/3809/2908 3093/3813/2912 5140/3814/2913 2964/3810/2909
f 3093/3813/2912 787/3815/2914 2965/3816/2915 5140/3814/2913
f 5140/3814/2913 2965/3816/2915 723/3817/2916 2900/3818/2917
f 2964/3810/2909 5140/3814/2913 2900/3818/2917 722/3811/2910
f 787/3815/2914 3092/3819/2918 5141/3820/2919 2965/3816/2915
f 3092/3819/2918 788/3821/2920 2966/3822/2921 5141/3820/2919
f 5141/3820/2919 2966/3822/2921 724/3823/2922 2901/3824/2923
f 2965/3816/2915 5141/3820/2919 2901/3824/2923 723/3817/2916
f 788/3821/2920 3091/3825/2924 5142/3826/2925 2966/3822/2921
f 3091/3825/2924 789/3827/2926 2967/3828/2927 5142/3826/2925
f 5142/3826/2925 2967/3828/2927 725/3829/2928 2902/3830/2929
f 2966/3822/2921 5142/3826/2925 2902/3830/2929 724/3823/2922
f 789/3827/2926 3090/3831/2930 5143/3832/2931 2967/3828/2927
f 3090/3831/2930 790/3833/2932 2968/3834/2933 5143/3832/2931
f 5143/3832/2931 2968/3834/2933 726/3835/2934 2903/3836/2935
f 2967/3828/2927 5143/3832/2931 2903/3836/2935 725/3829/2928
f 790/3833/2932 3089/3837/2936 5144/3838/2937 2968/3834/2933
f 3089/3837/2936 791/3839/2938 2969/3840/2939 5144/3838/2937
f 5144/3838/2937 2969/3840/2939 727/3841/2940 2904/3842/2941
f 2968/3834/2933 5144/3838/2937 2904/3842/2941 726/3835/2934
f 791/3839/2938 3088/3843/2942 5145/3844/2943 2969/3840/2939
f 3088/3843/2942 792/3845/2944 2970/3846/2945 5145/3844/2943
f 5145/3844/2943 2970/3846/2945 728/3847/2946 2905/3848/2947
f 2969/3840/2939 5145/3844/2943 2905/3848/2947 727/3841/2940
f 792/3845/2944 3087/3849/2948 5146/3850/2949 2970/3846/2945
f 3087/3849/2948 793/3851/2950 2971/3852/2951 5146/3850/2949
f 5146/3850/2949 2971/3852/2951 729/3853/2952 2906/3854/2953
f 2970/3846/2945 5146/3850/2949 2906/3854/2953 728/3847/2946
f 793/3851/2950 3086/3855/2954 5147/3856/2955 2971/3852/2951
f 3086/3855/2954 794/3857/2956 2972/3858/2957 5147/3856/2955
f 5147/3856/2955 2972/3858/2957 730/3859/2958 2907/3860/2959
f 2971/3852/2951 5147/3856/2955 2907/3860/2959 729/3853/2952
f 794/3857/2956 3085/3861/2960 5148/3862/2961 2972/3858/2957
f 3085/3861/2960 795/3863/2962 2973/3864/2963 5148/3862/2961
f 5148/3862/2961 2973/3864/2963 731/3865/2964 2908/3866/2965
f 2972/3858/2957 5148/3862/2961 2908/3866/2965 730/3859/2958
f 795/3863/2962 3084/3867/2966 5149/3868/2967 2973/3864/2963
f 3084/3867/2966 796/3869/2968 2974/3870/2969 5149/3868/2967
f 5149/3868/2967 2974/3870/2969 732/3871/2970 2909/3872/2971
f 2973/3864/2963 5149/3868/2967 2909/3872/2971 731/3865/2964
f 796/3869/2968 3083/3873/2972 5150/3874/2973 2974/3870/2969
f 3083/3873/2972 797/3875/2974 2975/3876/2975 5150/3874/2973
f 5150/3874/2973 2975/3876/2975 733/3877/2976 2910/3878/2977
f 2974/3870/2969 5150/3874/2973 2910/3878/2977 732/3871/2970
f 797/3875/2974 3082/3879/2978 5151/3880/2979 2975/3876/2975
f 3082/3879/2978 798/3881/2980 2976/3882/2981 5151/3880/2979
f 5151/3880/2979 2976/3882/2981 734/3883/2982 2911/3884/2983
f 2975/3876/2975 5151/3880/2979 2911/3884/2983 733/3877/2976
f 798/3881/2980 3081/3885/2984 5152/3886/2985 2976/3882/2981
f 3081/3885/2984 799/3887/2986 2977/3888/2987 5152/3886/2985
f 5152/3886/2985 2977/3888/2987 735/3889/2988 2912/3890/2989
f 2976/3882/2981 5152/3886/2985 2912/3890/2989 734/3883/2982
f 799/3887/2986 3080/3891/2990 5153/3892/2991 2977/3888/2987
f 3080/3891/2990 800/3893/2992 2978/3894/2993 5153/3892/2991
f 5153/3892/2991 2978/3894/2993 736/3895/2994 2913/3896/2995
f 2977/3888/2987 5153/3892/2991 2913/3896/2995 735/3889/2988
f 800/3893/2992 3079/3897/2996 5154/3898/2997 2978/3894/2993
f 3079/3897/2996 801/3899/2998 2979/3900/2999 5154/3898/2997
f 5154/3898/2997 2979/3900/2999 737/3901/3000 2914/3902/3001
f 2978/3894/2993 5154/3898/2997 2914/3902/3001 736/3895/2994
f 801/3899/2998 3078/3903/3002 5155/3904/3003 2979/3900/2999
f 3078/3903/3002 802/3905/3004 2980/3906/3005 5155/3904/3003
f 5155/3904/3003 2980/3906/3005 738/3907/3006 2915/3908/3007
f 2979/3900/2999 5155/3904/3003 2915/3908/3007 737/3901/3000
f 802/3905/3004 3077/3909/3008 5156/3910/3009 2980/3906/3005
f 3077/3909/3008 771/3720/2819 3045/3723/2822 5156/3910/3009
f 5156/3910/3009 3045/3723/2822 708/3728/2827 2916/3911/3010
f 2980/3906/3005 5156/3910/3009 2916/3911/3010 738/3907/3006
f 804/3912/3011 2981/3913/3012 5157/3914/3013 3013/3915/3014
f 2981/3913/3012 803/3916/3015 3014/3917/3016 5157/3914/3013
f 5157/3914/3013 3014/3917/3016 739/3918/3017 2917/3919/3018
f 3013/3915/3014 5157/3914/3013 2917/3919/3018 740/3920/3019
f 803/3916/3015 2982/3921/3020 5158/3922/3021 3014/3917/3016
f 2982/3921/3020 805/3923/3022 3015/3924/3023 5158/3922/3021
f 5158/3922/3021 3015/3924/3023 741/3925/3024 2918/3926/3025
f 3014/3917/3016 5158/3922/3021 2918/3926/3025 739/3918/3017
f 805/3923/3022 2983/3927/3026 5159/3928/3027 3015/3924/3023
f 2983/3927/3026 806/3929/3028 3016/3930/3029 5159/3928/3027
f 5159/3928/3027 3016/3930/3029 742/3931/3030 2919/3932/3031
f 3015/3924/3023 5159/3928/3027 2919/3932/3031 741/3925/3024
f 806/3929/3028 2984/3933/3032 5160/3934/3033 3016/3930/3029
f 2984/3933/3032 807/3935/3034 3017/3936/3035 5160/3934/3033
f 5160/3934/3033 3017/3936/3035 743/3937/3036 2920/3938/3037
f 3016/3930/3029 5160/3934/3033 2920/3938/3037 742/3931/3030
f 807/3935/3034 2985/3939/3038 5161/3940/3039 3017/3936/3035
f 2985/3939/3038 808/3941/3040 3018/3942/3041 5161/3940/3039
f 5161/3940/3039 3018/3942/3041 744/3943/3042 2921/3944/3043
f 3017/3936/3035 5161/3940/3039 2921/3944/3043 743/3937/3036
f 808/3941/3040 2986/3945/3044 5162/3946/3045 3018/3942/3041
f 2986/3945/3044 809/3947/3046 3019/3948/3047 5162/3946/3045
f 5162/3946/3045 3019/3948/3047 745/3949/3048 2922/3950/3049
f 3018/3942/3041 5162/3946/3045 2922/3950/3049 744/3943/3042
f 809/3947/3046 2987/3951/3050 5163/3952/3051 3019/3948/3047
f 2987/3951/3050 810/3953/3052 3020/3954/3053 5163/3952/3051
f 5163/3952/3051 3020/3954/3053 746/3955/3054 2923/3956/3055
f 3019/3948/3047 5163/3952/3051 2923/3956/3055 745/3949/3048
f 810/3953/3052 2988/3957/3056 5164/3958/3057 3020/3954/3053
f 2988/3957/3056 811/3959/3058 3021/3960/3059 5164/3958/3057
f 5164/3958/3057 3021/3960/3059 747/3961/3060 2924/3962/3061
f 3020/3954/3053 5164/3958/3057 2924/3962/3061 746/3955/3054
f 811/3959/3058 2989/3963/3062 5165/3964/3063 3021/3960/3059
f 2989/3963/3062 812/3965/3064 3022/3966/3065 5165/3964/3063
f 5165/3964/3063 3022/3966/3065 748/3967/3066 2925/3968/3067
f 3021/3960/3059 5165/3964/3063 2925/3968/3067 747/3961/3060
f 812/3965/3064 2990/3969/3068 5166/3970/3069 3022/3966/3065
f 2990/3969/3068 813/3971/3070 3023/3972/3071 5166/3970/3069
f 5166/3970/3069 3023/3972/3071 749/3973/3072 2926/3974/3073
f 3022/3966/3065 5166/3970/3069 2926/3974/3073 748/3967/3066
f 813/3971/3070 2991/3975/3074 5167/3976/3075 3023/3972/3071
f 2991/3975/3074 814/3977/3076 3024/3978/3077 5167/3976/3075
f 5167/3976/3075 3024/3978/3077 750/3979/3078 2927/3980/3079
f 3023/3972/3071 5167/3976/3075 2927/3980/3079 749/3973/3072
f 814/3977/3076 2992/3981/3080 5168/3982/3081 3024/3978/3077
f 2992/3981/3080 815/3983/3082 3025/3984/3083 5168/3982/3081
f 5168/3982/3081 3025/3984/3083 751/3985/3084 2928/3986/3085
f 3024/3978/3077 5168/3982/3081 2928/3986/3085 750/3979/3078
f 815/3983/3082 2993/3987/3086 5169/3988/3087 3025/3984/3083
f 2993/3987/3086 816/3989/3088 3026/3990/3089 5169/3988/3087
f 5169/3988/3087 3026/3990/3089 752/3991/3090 2929/3992/3091
f 3025/3984/3083 5169/3988/3087 2929/3992/3091 751/3985/3084
f 816/3989/3088 2994/3993/3092 5170/3994/3093 3026/3990/3089
f 2994/3993/3092 817/3995/3094 3027/3996/3095 5170/3994/3093
f 5170/3994/3093 3027/3996/3095 753/3997/3096 2930/3998/3097
f 3026/3990/3089 5170/3994/3093 2930/3998/3097 752/3991/3090
f 817/3995/3094 2995/3999/3098 5171/4000/3099 3027/3996/3095
f 2995/3999/3098 818/4001/3100 3028/4002/3101 5171/4000/3099
f 5171/4000/3099 3028/4002/3101 754/4003/3102 2931/4004/3103
f 3027/3996/3095 5171/4000/3099 2931/4004/3103 753/3997/3096
f 818/4001/3100 2996/4005/3104 5172/4006/3105 3028/4002/3101
f 2996/4005/3104 819/4007/3106 3029/4008/3107 5172/4006/3105
f 5172/4006/3105 3029/4008/3107 755/4009/3108 2932/4010/3109
f 3028/4002/3101 5172/4006/3105 2932/4010/3109 754/4003/3102
f 819/4007/3106 2997/4011/3110 5173/4012/3111 3029/4008/3107
f 2997/4011/3110 820/4013/3112 3030/4014/3113 5173/4012/3111
f 5173/4012/3111 3030/4014/3113 756/4015/3114 2933/4016/3115
f 3029/4008/3107 5173/4012/3111 2933/4016/3115 755/4009/3108
f 820/4013/3112 2998/4017/3116 5174/4018/3117 3030/4014/3113
f 2998/4017/3116 821/4019/3118 3031/4020/3119 5174/4018/3117
f 5174/4018/3117 3031/4020/3119 757/4021/3120 2934/4022/3121
f 3030/4014/3113 5174/4018/3117 2934/4022/3121 756/4015/3114
f 821/4019/3118 2999/4023/3122 5175/4024/3123 3031/4020/3119
f 2999/4023/3122 822/4025/3124 3032/4026/3125 5175/4024/3123
f 5175/4024/3123 3032/4026/3125 758/4027/3126 2935/4028/3127
f 3031/4020/3119 5175/4024/3123 2935/4028/3127 757/4021/3120
f 822/4025/3124 3000/4029/3128 5176/4030/3129 3032/4026/3125
f 3000/4029/3128 823/4031/3130 3033/4032/3131 5176/4030/3129
f 5176/4030/3129 3033/4032/3131 759/4033/3132 2936/4034/3133
f 3032/4026/3125 5176/4030/3129 2936/4034/3133 758/4027/3126
f 823/4031/3130 3001/4035/3134 5177/4036/3135 3033/4032/3131
f 3001/4035/3134 824/4037/3136 3034/4038/3137 5177/4036/3135
f 5177/4036/3135 3034/4038/3137 760/4039/3138 2937/4040/3139
f 3033/4032/3131 5177/4036/3135 2937/4040/3139 759/4033/3132
f 824/4037/3136 3002/4041/3140 5178/4042/3141 3034/4038/3137
f 3002/4041/3140 825/4043/3142 3035/4044/3143 5178/4042/3141
f 5178/4042/3141 3035/4044/3143 761/4045/3144 2938/4046/3145
f 3034/4038/3137 5178/4042/3141 2938/4046/3145 760/4039/3138
f 825/4043/3142 3003/4047/3146 5179/4048/3147 3035/4044/3143
f 3003/4047/3146 826/4049/3148 3036/4050/3149 5179/4048/3147
f 5179/4048/3147 3036/4050/3149 762/4051/3150 2939/4052/3151
f 3035/4044/3143 5179/4048/3147 2939/4052/3151 761/4045/3144
f 826/4049/3148 3004/4053/3152 5180/4054/3153 3036/4050/3149
f 3004/4053/3152 827/4055/3154 3037/4056/3155 5180/4054/3153
f 5180/4054/3153 3037/4056/3155 763/4057/3156 2940/4058/3157
f 3036/4050/3149 5180/4054/3153 2940/4058/3157 762/4051/3150
f 827/4055/3154 3005/4059/3158 5181/4060/3159 3037/4056/3155
f 3005/4059/3158 828/4061/3160 3038/4062/3161 5181/4060/3159
f 5181/4060/3159 3038/4062/3161 764/4063/3162 2941/4064/3163
f 3037/4056/3155 5181/4060/3159 2941/4064/3163 763/4057/3156
f 828/4061/3160 3006/4065/3164 5182/4066/3165 3038/4062/3161
f 3006/4065/3164 829/4067/3166 3039/4068/3167 5182/4066/3165
f 5182/4066/3165 3039/4068/3167 765/4069/3168 2942/4070/3169
f 3038/4062/3161 5182/4066/3165 2942/4070/3169 764/4063/3162
f 829/4067/3166 3007/4071/3170 5183/4072/3171 3039/4068/3167
f 3007/4071/3170 830/4073/3172 3040/4074/3173 5183/4072/3171
f 5183/4072/3171 3040/4074/3173 766/4075/3174 2943/4076/3175
f 3039/4068/3167 5183/4072/3171 2943/4076/3175 765/4069/3168
f 830/4073/3172 3008/4077/3176 5184/4078/3177 3040/4074/3173
f 3008/4077/3176 831/4079/3178 3041/4080/3179 5184/4078/3177
f 5184/4078/3177 3041/4080/3179 767/4081/3180 2944/4082/3181
f 3040/4074/3173 5184/4078/3177 2944/4082/3181 766/4075/3174
f 831/4079/3178 3009/4083/3182 5185/4084/3183 3041/4080/3179
f 3009/4083/3182 832/4085/3184 3042/4086/3185 5185/4084/3183
f 5185/4084/3183 3042/4086/3185 768/4087/3186 2945/4088/3187
f 3041/4080/3179 5185/4084/3183 2945/4088/3187 767/4081/3180
f 832/4085/3184 3010/4089/3188 5186/4090/3189 3042/4086/3185
f 3010/4089/3188 833/4091/3190 3043/4092/3191 5186/4090/3189
f 5186/4090/3189 3043/4092/3191 769/4093/3192 2946/4094/3193
f 3042/4086/3185 5186/4090/3189 2946/4094/3193 768/4087/3186
f 833/4091/3190 3011/4095/3194 5187/4096/3195 3043/4092/3191
f 3011/4095/3194 834/4097/3196 3044/4098/3197 5187/4096/3195
f 5187/4096/3195 3044/4098/3197 770/4099/3198 2947/4100/3199
f 3043/4092/3191 5187/4096/3195 2947/4100/3199 769/4093/3192
f 834/4097/3196 3012/4101/3200 5188/4102/3201 3044/4098/3197
f 3012/4101/3200 804/3912/3011 3013/3915/3014 5188/4102/3201
f 5188/4102/3201 3013/3915/3014 740/3920/3019 2948/4103/3202
f 3044/4098/3197 5188/4102/3201 2948/4103/3202 770/4099/3198
f 835/4104/647 3122/4105/3203 5189/4106/3204 3123/4107/3205
f 820/4108/3112 2997/4011/3110 5189/4106/3204 3122/4109/3203
f 819/4110/3106 3123/4111/3205 5189/4106/3204 2997/4112/3110
f 835/4104/647 3109/4113/3206 5190/4114/3207 3110/4115/3208
f 833/4116/3190 3010/4117/3188 5190/4114/3207 3109/4118/3206
f 832/4119/3184 3110/4115/3208 5190/4114/3207 3010/4120/3188
f 835/4104/647 3136/4121/3209 5191/4122/3210 3139/4123/3211
f 806/4124/3028 2983/4125/3026 5191/4122/3210 3136/4126/3209
f 805/4127/3022 3139/4128/3211 5191/4122/3210 2983/4125/3026
f 835/4104/647 3123/4129/3205 5192/4130/3212 3124/4131/3213
f 819/4007/3106 2996/4132/3104 5192/4130/3212 3123/4133/3205
f 818/4134/3100 3124/4131/3213 5192/4130/3212 2996/4005/3104
f 835/4104/647 3110/4115/3208 5193/4135/3214 3111/4136/3215
f 832/4137/3184 3009/4138/3182 5193/4135/3214 3110/4115/3208
f 831/4139/3178 3111/4136/3215 5193/4135/3214 3009/4140/3182
f 835/4104/647 3124/4141/3213 5194/4142/3216 3125/4143/3217
f 818/4144/3100 2995/4145/3098 5194/4142/3216 3124/4146/3213
f 817/4147/3094 3125/4143/3217 5194/4142/3216 2995/4145/3098
f 835/4104/647 3111/4136/3215 5195/4148/3218 3112/4149/3219
f 831/4150/3178 3008/4151/3176 5195/4148/3218 3111/4136/3215
f 830/4152/3172 3112/4153/3219 5195/4148/3218 3008/4154/3176
f 835/4104/647 3139/4155/3211 5196/4156/3220 3140/4157/3221
f 805/4158/3022 2982/4159/3020 5196/4156/3220 3139/4155/3211
f 803/4160/3015 3140/4161/3221 5196/4156/3220 2982/4162/3020
f 835/4104/647 3125/4163/3217 5197/4164/3222 3126/4165/3223
f 817/4166/3094 2994/4167/3092 5197/4164/3222 3125/4168/3217
f 816/4169/3088 3126/4170/3223 5197/4164/3222 2994/4167/3092
f 835/4104/647 3112/4171/3219 5198/4172/3224 3113/4173/3225
f 830/4073/3172 3007/4174/3170 5198/4172/3224 3112/4175/3219
f 829/4176/3166 3113/4177/3225 5198/4172/3224 3007/4071/3170
f 835/4104/647 3126/4165/3223 5199/4178/3226 3127/4179/3227
f 816/4169/3088 2993/4180/3086 5199/4178/3226 3126/4170/3223
f 815/3983/3082 3127/4179/3227 5199/4178/3226 2993/4181/3086
f 835/4104/647 3113/4177/3225 5200/4182/3228 3114/4183/3229
f 829/4184/3166 3006/4185/3164 5200/4182/3228 3113/4186/3225
f 828/4187/3160 3114/4188/3229 5200/4182/3228 3006/4185/3164
f 835/4104/647 3127/4189/3227 5201/4190/3230 3128/4191/3231
f 815/4192/3082 2992/4193/3080 5201/4190/3230 3127/4189/3227
f 814/4194/3076 3128/4191/3231 5201/4190/3230 2992/4193/3080
f 835/4104/647 3114/4183/3229 5202/4195/3232 3115/4196/3233
f 828/4197/3160 3005/4198/3158 5202/4195/3232 3114/4199/3229
f 827/4200/3154 3115/4201/3233 5202/4195/3232 3005/4202/3158
f 835/4104/647 3128/4191/3231 5203/4203/3234 3129/4204/3235
f 814/4194/3076 2991/3975/3074 5203/4203/3234 3128/4191/3231
f 813/4205/3070 3129/4206/3235 5203/4203/3234 2991/4207/3074
f 835/4104/647 3115/4208/3233 5204/4209/3236 3116/4210/3237
f 827/4200/3154 3004/4211/3152 5204/4209/3236 3115/4212/3233
f 826/4213/3148 3116/4214/3237 5204/4209/3236 3004/4215/3152
f 835/4104/647 3129/4204/3235 5205/4216/3238 3130/4217/3239
f 813/4218/3070 2990/4219/3068 5205/4216/3238 3129/4204/3235
f 812/3965/3064 3130/4220/3239 5205/4216/3238 2990/4221/3068
f 835/4104/647 3116/4222/3237 5206/4223/3240 3117/4224/3241
f 826/4225/3148 3003/4226/3146 5206/4223/3240 3116/4227/3237
f 825/4228/3142 3117/4229/3241 5206/4223/3240 3003/4230/3146
f 835/4104/647 3130/4231/3239 5207/4232/3242 3131/4233/3243
f 812/4234/3064 2989/4235/3062 5207/4232/3242 3130/4220/3239
f 811/4236/3058 3131/4237/3243 5207/4232/3242 2989/4238/3062
f 835/4104/647 3117/4239/3241 5208/4240/3244 3118/4241/3245
f 825/4242/3142 3002/4243/3140 5208/4240/3244 3117/4244/3241
f 824/4245/3136 3118/4246/3245 5208/4240/3244 3002/4041/3140
f 835/4104/647 3131/4247/3243 5209/4248/3246 3132/4249/3247
f 811/4236/3058 2988/4250/3056 5209/4248/3246 3131/4251/3243
f 810/4252/3052 3132/4253/3247 5209/4248/3246 2988/4254/3056
f 835/4104/647 3118/4246/3245 5210/4255/3248 3119/4256/3249
f 824/4257/3136 3001/4258/3134 5210/4255/3248 3118/4246/3245
f 823/4259/3130 3119/4260/3249 5210/4255/3248 3001/4261/3134
f 835/4104/647 3132/4262/3247 5211/4263/3250 3133/4264/3251
f 810/4265/3052 2987/4266/3050 5211/4263/3250 3132/4262/3247
f 809/4267/3046 3133/4268/3251 5211/4263/3250 2987/4269/3050
f 835/4104/647 3119/4256/3249 5212/4270/3252 3120/4271/3253
f 823/4272/3130 3000/4273/3128 5212/4270/3252 3119/4256/3249
f 822/4274/3124 3120/4275/3253 5212/4270/3252 3000/4273/3128
f 835/4104/647 3133/4276/3251 5213/4277/3254 3134/4278/3255
f 809/4279/3046 2986/4280/3044 5213/4277/3254 3133/4268/3251
f 808/4281/3040 3134/4282/3255 5213/4277/3254 2986/4283/3044
f 835/4104/647 3120/4275/3253 5214/4284/3256 3121/4285/3257
f 822/4286/3124 2999/4287/3122 5214/4284/3256 3120/4275/3253
f 821/4288/3118 3121/4289/3257 5214/4284/3256 2999/4290/3122
f 835/4104/647 3138/4291/3258 5215/4292/3259 3137/4293/3260
f 804/4294/3011 3012/4101/3200 5215/4292/3259 3138/4295/3258
f 834/4296/3196 3137/4297/3260 5215/4292/3259 3012/4298/3200
f 835/4104/647 3134/4299/3255 5216/4300/3261 3135/4301/3262
f 808/3941/3040 2985/4302/3038 5216/4300/3261 3134/4282/3255
f 807/4303/3034 3135/4304/3262 5216/4300/3261 2985/4302/3038
f 835/4104/647 3121/4285/3257 5217/4305/3263 3122/4105/3203
f 821/4288/3118 2998/4306/3116 5217/4305/3263 3121/4289/3257
f 820/4307/3112 3122/4105/3203 5217/4305/3263 2998/4308/3116
f 835/4104/647 3137/4309/3260 5218/4310/3264 3109/4113/3206
f 834/4296/3196 3011/4311/3194 5218/4310/3264 3137/4309/3260
f 833/4312/3190 3109/4113/3206 5218/4310/3264 3011/4313/3194
f 835/4104/647 3135/4314/3262 5219/4315/3265 3136/4316/3209
f 807/4303/3034 2984/4317/3032 5219/4315/3265 3135/4318/3262
f 806/4319/3028 3136/4316/3209 5219/4315/3265 2984/4320/3032
f 1222/4321/3266 3917/4322/3267 5220/4323/3268 4230/4324/3269
f 3917/4322/3267 1228/4325/3270 4233/4326/3271 5220/4323/3268
f 5220/4323/3268 4233/4326/3271 1323/4327/3272 4080/4328/3273
f 4230/4324/3269 5220/4323/3268 4080/4328/3273 1317/4329/3274
f 1306/4330/3275 4052/4331/3276 5221/4332/3277 4287/4333/3278
f 4052/4331/3276 1309/4334/3279 4289/4335/3280 5221/4332/3277
f 5221/4332/3277 4289/4335/3280 1404/4336/3281 4215/4337/3282
f 4287/4333/3278 5221/4332/3277 4215/4337/3282 1401/4338/3283
f 1267/4339/3284 3987/4340/3285 5222/4341/3286 4261/4342/3287
f 3987/4340/3285 1270/4343/3288 4263/4344/3289 5222/4341/3286
f 5222/4341/3286 4263/4344/3289 1365/4345/3290 4150/4346/3291
f 4261/4342/3287 5222/4341/3286 4150/4346/3291 1362/4347/3292
f 1315/4348/3293 4066/4349/3294 5223/4350/3295 4235/4351/3296
f 4066/4349/3294 1224/4352/3297 4229/4353/3298 5223/4350/3295
f 5223/4350/3295 4229/4353/3298 1321/4354/3299 4228/4355/3300
f 4235/4351/3296 5223/4350/3295 4228/4355/3300 1410/4356/3301
f 1309/4334/3279 4057/4357/3302 5224/4358/3303 4289/4335/3280
f 4057/4357/3302 1312/4359/3304 4291/4360/3305 5224/4358/3303
f 5224/4358/3303 4291/4360/3305 1407/4361/3306 4220/4362/3307
f 4289/4335/3280 5224/4358/3303 4220/4362/3307 1404/4336/3281
f 1270/4343/3288 3992/4363/3308 5225/4364/3309 4263/4344/3289
f 3992/4363/3308 1273/4365/3310 4265/4366/3311 5225/4364/3309
f 5225/4364/3309 4265/4366/3311 1368/4367/3312 4155/4368/3313
f 4263/4344/3289 5225/4364/3309 4155/4368/3313 1365/4345/3290
f 1231/4369/3314 3927/4370/3315 5226/4371/3316 4237/4372/3317
f 3927/4370/3315 1234/4373/3318 4239/4374/3319 5226/4371/3316
f 5226/4371/3316 4239/4374/3319 1329/4375/3320 4090/4376/3321
f 4237/4372/3317 5226/4371/3316 4090/4376/3321 1326/4377/3322
f 1312/4359/3304 4062/4378/3323 5227/4379/3324 4291/4360/3305
f 4062/4378/3323 1315/4348/3293 4235/4351/3296 5227/4379/3324
f 5227/4379/3324 4235/4351/3296 1410/4356/3301 4225/4380/3325
f 4291/4360/3305 5227/4379/3324 4225/4380/3325 1407/4361/3306
f 1273/4365/3310 3997/4381/3326 5228/4382/3327 4265/4366/3311
f 3997/4381/3326 1276/4383/3328 4267/4384/3329 5228/4382/3327
f 5228/4382/3327 4267/4384/3329 1371/4385/3330 4160/4386/3331
f 4265/4366/3311 5228/4382/3327 4160/4386/3331 1368/4367/3312
f 1234/4373/3318 3932/4387/3332 5229/4388/3333 4239/4374/3319
f 3932/4387/3332 1237/4389/3334 4241/4390/3335 5229/4388/3333
f 5229/4388/3333 4241/4390/3335 1332/4391/3336 4095/4392/3337
f 4239/4374/3319 5229/4388/3333 4095/4392/3337 1329/4375/3320
f 837/4393/3338 4293/4394/3339 5230/4395/3340 3141/4396/3341
f 4293/4394/3339 1320/4397/3342 4070/4398/3343 5230/4395/3340
f 5230/4395/3340 4070/4398/3343 1318/4399/3344 4294/4400/3345
f 3141/4396/3341 5230/4395/3340 4294/4400/3345 836/4401/3346
f 1276/4383/3328 4002/4402/3347 5231/4403/3348 4267/4384/3329
f 4002/4402/3347 1279/4404/3349 4269/4405/3350 5231/4403/3348
f 5231/4403/3348 4269/4405/3350 1374/4406/3351 4165/4407/3352
f 4267/4384/3329 5231/4403/3348 4165/4407/3352 1371/4385/3330
f 1237/4389/3334 3937/4408/3353 5232/4409/3354 4241/4390/3335
f 3937/4408/3353 1240/4410/3355 4243/4411/3356 5232/4409/3354
f 5232/4409/3354 4243/4411/3356 1335/4412/3357 4100/4413/3358
f 4241/4390/3335 5232/4409/3354 4100/4413/3358 1332/4391/3336
f 1228/4325/3270 3922/4414/3359 5233/4415/3360 4233/4326/3271
f 3922/4414/3359 1231/4369/3314 4237/4372/3317 5233/4415/3360
f 5233/4415/3360 4237/4372/3317 1326/4377/3322 4085/4416/3361
f 4233/4326/3271 5233/4415/3360 4085/4416/3361 1323/4327/3272
f 1279/4404/3349 4007/4417/3362 5234/4418/3363 4269/4405/3350
f 4007/4417/3362 1282/4419/3364 4271/4420/3365 5234/4418/3363
f 5234/4418/3363 4271/4420/3365 1377/4421/3366 4170/4422/3367
f 4269/4405/3350 5234/4418/3363 4170/4422/3367 1374/4406/3351
f 1240/4410/3355 3942/4423/3368 5235/4424/3369 4243/4411/3356
f 3942/4423/3368 1243/4425/3370 4245/4426/3371 5235/4424/3369
f 5235/4424/3369 4245/4426/3371 1338/4427/3372 4105/4428/3373
f 4243/4411/3356 5235/4424/3369 4105/4428/3373 1335/4412/3357
f 1282/4419/3364 4012/4429/3374 5236/4430/3375 4271/4420/3365
f 4012/4429/3374 1285/4431/3376 4273/4432/3377 5236/4430/3375
f 5236/4430/3375 4273/4432/3377 1380/4433/3378 4175/4434/3379
f 4271/4420/3365 5236/4430/3375 4175/4434/3379 1377/4421/3366
f 1243/4425/3370 3947/4435/3380 5237/4436/3381 4245/4426/3371
f 3947/4435/3380 1246/4437/3382 4247/4438/3383 5237/4436/3381
f 5237/4436/3381 4247/4438/3383 1341/4439/3384 4110/4440/3385
f 4245/4426/3371 5237/4436/3381 4110/4440/3385 1338/4427/3372
f 1285/4431/3376 4017/4441/3386 5238/4442/3387 4273/4432/3377
f 4017/4441/3386 1288/4443/3388 4275/4444/3389 5238/4442/3387
f 5238/4442/3387 4275/4444/3389 1383/4445/3390 4180/4446/3391
f 4273/4432/3377 5238/4442/3387 4180/4446/3391 1380/4433/3378
f 1246/4437/3382 3952/4447/3392 5239/4448/3393 4247/4438/3383
f 3952/4447/3392 1249/4449/3394 4249/4450/3395 5239/4448/3393
f 5239/4448/3393 4249/4450/3395 1344/4451/3396 4115/4452/3397
f 4247/4438/3383 5239/4448/3393 4115/4452/3397 1341/4439/3384
f 1288/4443/3388 4022/4453/3398 5240/4454/3399 4275/4444/3389
f 4022/4453/3398 1291/4455/3400 4277/4456/3401 5240/4454/3399
f 5240/4454/3399 4277/4456/3401 1386/4457/3402 4185/4458/3403
f 4275/4444/3389 5240/4454/3399 4185/4458/3403 1383/4445/3390
f 1249/4449/3394 3957/4459/3404 5241/4460/3405 4249/4450/3395
f 3957/4459/3404 1252/4461/3406 4251/4462/3407 5241/4460/3405
f 5241/4460/3405 4251/4462/3407 1347/4463/3408 4120/4464/3409
f 4249/4450/3395 5241/4460/3405 4120/4464/3409 1344/4451/3396
f 1291/4455/3400 4027/4465/3410 5242/4466/3411 4277/4456/3401
f 4027/4465/3410 1294/4467/3412 4279/4468/3413 5242/4466/3411
f 5242/4466/3411 4279/4468/3413 1389/4469/3414 4190/4470/3415
f 4277/4456/3401 5242/4466/3411 4190/4470/3415 1386/4457/3402
f 1252/4461/3406 3962/4471/3416 5243/4472/3417 4251/4462/3407
f 3962/4471/3416 1255/4473/3418 4253/4474/3419 5243/4472/3417
f 5243/4472/3417 4253/4474/3419 1350/4475/3420 4125/4476/3421
f 4251/4462/3407 5243/4472/3417 4125/4476/3421 1347/4463/3408
f 1294/4467/3412 4032/4477/3422 5244/4478/3423 4279/4468/3413
f 4032/4477/3422 1297/4479/3424 4281/4480/3425 5244/4478/3423
f 5244/4478/3423 4281/4480/3425 1392/4481/3426 4195/4482/3427
f 4279/4468/3413 5244/4478/3423 4195/4482/3427 1389/4469/3414
f 1255/4473/3418 3967/4483/3428 5245/4484/3429 4253/4474/3419
f 3967/4483/3428 1258/4485/3430 4255/4486/3431 5245/4484/3429
f 5245/4484/3429 4255/4486/3431 1353/4487/3432 4130/4488/3433
f 4253/4474/3419 5245/4484/3429 4130/4488/3433 1350/4475/3420
f 1297/4479/3424 4037/4489/3434 5246/4490/3435 4281/4480/3425
f 4037/4489/3434 1300/4491/3436 4283/4492/3437 5246/4490/3435
f 5246/4490/3435 4283/4492/3437 1395/4493/3438 4200/4494/3439
f 4281/4480/3425 5246/4490/3435 4200/4494/3439 1392/4481/3426
f 1258/4485/3430 3972/4495/3440 5247/4496/3441 4255/4486/3431
f 3972/4495/3440 1261/4497/3442 4257/4498/3443 5247/4496/3441
f 5247/4496/3441 4257/4498/3443 1356/4499/3444 4135/4500/3445
f 4255/4486/3431 5247/4496/3441 4135/4500/3445 1353/4487/3432
f 1300/4491/3436 4042/4501/3446 5248/4502/3447 4283/4492/3437
f 4042/4501/3446 1303/4503/3448 4285/4504/3449 5248/4502/3447
f 5248/4502/3447 4285/4504/3449 1398/4505/3450 4205/4506/3451
f 4283/4492/3437 5248/4502/3447 4205/4506/3451 1395/4493/3438
f 1261/4497/3442 3977/4507/3452 5249/4508/3453 4257/4498/3443
f 3977/4507/3452 1264/4509/3454 4259/4510/3455 5249/4508/3453
f 5249/4508/3453 4259/4510/3455 1359/4511/3456 4140/4512/3457
f 4257/4498/3443 5249/4508/3453 4140/4512/3457 1356/4499/3444
f 1303/4503/3448 4047/4513/3458 5250/4514/3459 4285/4504/3449
f 4047/4513/3458 1306/4330/3275 4287/4333/3278 5250/4514/3459
f 5250/4514/3459 4287/4333/3278 1401/4338/3283 4210/4515/3460
f 4285/4504/3449 5250/4514/3459 4210/4515/3460 1398/4505/3450
f 1264/4509/3454 3982/4516/3461 5251/4517/3462 4259/4510/3455
f 3982/4516/3461 1267/4339/3284 4261/4342/3287 5251/4517/3462
f 5251/4517/3462 4261/4342/3287 1362/4347/3292 4145/4518/3463
f 4259/4510/3455 5251/4517/3462 4145/4518/3463 1359/4511/3456
f 770/4519/3198 2948/4520/3202 5252/4521/3464 3076/4522/3465
f 2948/4520/3202 740/4523/3019 2949/4524/3466 5252/4521/3464
f 5252/4521/3464 2949/4524/3466 771/3720/2819 3077/3909/3008
f 3076/4522/3465 5252/4521/3464 3077/3909/3008 802/3905/3004
f 769/4525/3192 2947/4526/3199 5253/4527/3467 3075/4528/3468
f 2947/4526/3199 770/4519/3198 3076/4522/3465 5253/4527/3467
f 5253/4527/3467 3076/4522/3465 802/3905/3004 3078/3903/3002
f 3075/4528/3468 5253/4527/3467 3078/3903/3002 801/3899/2998
f 768/4087/3186 2946/4529/3193 5254/4530/3469 3074/4531/3470
f 2946/4529/3193 769/4525/3192 3075/4528/3468 5254/4530/3469
f 5254/4530/3469 3075/4528/3468 801/3899/2998 3079/3897/2996
f 3074/4531/3470 5254/4530/3469 3079/3897/2996 800/3893/2992
f 767/4532/3180 2945/4533/3187 5255/4534/3471 3073/4535/3472
f 2945/4533/3187 768/4087/3186 3074/4531/3470 5255/4534/3471
f 5255/4534/3471 3074/4531/3470 800/3893/2992 3080/3891/2990
f 3073/4535/3472 5255/4534/3471 3080/3891/2990 799/3887/2986
f 766/4075/3174 2944/4536/3181 5256/4537/3473 3072/4538/3474
f 2944/4536/3181 767/4532/3180 3073/4535/3472 5256/4537/3473
f 5256/4537/3473 3073/4535/3472 799/3887/2986 3081/3885/2984
f 3072/4538/3474 5256/4537/3473 3081/3885/2984 798/3881/2980
f 765/4069/3168 2943/4539/3175 5257/4540/3475 3071/4541/3476
f 2943/4539/3175 766/4075/3174 3072/4538/3474 5257/4540/3475
f 5257/4540/3475 3072/4538/3474 798/3881/2980 3082/3879/2978
f 3071/4541/3476 5257/4540/3475 3082/3879/2978 797/3875/2974
f 764/4542/3162 2942/4543/3169 5258/4544/3477 3070/4545/3478
f 2942/4543/3169 765/4069/3168 3071/4541/3476 5258/4544/3477
f 5258/4544/3477 3071/4541/3476 797/3875/2974 3083/3873/2972
f 3070/4545/3478 5258/4544/3477 3083/3873/2972 796/3869/2968
f 763/4546/3156 2941/4547/3163 5259/4548/3479 3069/4549/3480
f 2941/4547/3163 764/4542/3162 3070/4545/3478 5259/4548/3479
f 5259/4548/3479 3070/4545/3478 796/3869/2968 3084/3867/2966
f 3069/4549/3480 5259/4548/3479 3084/3867/2966 795/3863/2962
f 762/4550/3150 2940/4551/3157 5260/4552/3481 3068/4553/3482
f 2940/4551/3157 763/4546/3156 3069/4549/3480 5260/4552/3481
f 5260/4552/3481 3069/4549/3480 795/3863/2962 3085/3861/2960
f 3068/4553/3482 5260/4552/3481 3085/3861/2960 794/3857/2956
f 761/4045/3144 2939/4554/3151 5261/4555/3483 3067/4556/3484
f 2939/4554/3151 762/4550/3150 3068/4553/3482 5261/4555/3483
f 5261/4555/3483 3068/4553/3482 794/3857/2956 3086/3855/2954
f 3067/4556/3484 5261/4555/3483 3086/3855/2954 793/3851/2950
f 760/4557/3138 2938/4558/3145 5262/4559/3485 3066/4560/3486
f 2938/4558/3145 761/4045/3144 3067/4556/3484 5262/4559/3485
f 5262/4559/3485 3067/4556/3484 793/3851/2950 3087/3849/2948
f 3066/4560/3486 5262/4559/3485 3087/3849/2948 792/3845/2944
f 759/4561/3132 2937/4562/3139 5263/4563/3487 3065/4564/3488
f 2937/4562/3139 760/4557/3138 3066/4560/3486 5263/4563/3487
f 5263/4563/3487 3066/4560/3486 792/3845/2944 3088/3843/2942
f 3065/4564/3488 5263/4563/3487 3088/3843/2942 791/3839/2938
f 758/4565/3126 2936/4566/3133 5264/4567/3489 3064/4568/3490
f 2936/4566/3133 759/4561/3132 3065/4564/3488 5264/4567/3489
f 5264/4567/3489 3065/4564/3488 791/3839/2938 3089/3837/2936
f 3064/4568/3490 5264/4567/3489 3089/3837/2936 790/3833/2932
f 757/4021/3120 2935/4569/3127 5265/4570/3491 3063/4571/3492
f 2935/4569/3127 758/4565/3126 3064/4568/3490 5265/4570/3491
f 5265/4570/3491 3064/4568/3490 790/3833/2932 3090/3831/2930
f 3063/4571/3492 5265/4570/3491 3090/3831/2930 789/3827/2926
f 756/4572/3114 2934/4573/3121 5266/4574/3493 3062/4575/3494
f 2934/4573/3121 757/4021/3120 3063/4571/3492 5266/4574/3493
f 5266/4574/3493 3063/4571/3492 789/3827/2926 3091/3825/2924
f 3062/4575/3494 5266/4574/3493 3091/3825/2924 788/3821/2920
f 755/4576/3108 2933/4577/3115 5267/4578/3495 3061/4579/3496
f 2933/4577/3115 756/4572/3114 3062/4575/3494 5267/4578/3495
f 5267/4578/3495 3062/4575/3494 788/3821/2920 3092/3819/2918
f 3061/4579/3496 5267/4578/3495 3092/3819/2918 787/3815/2914
f 754/4003/3102 2932/4580/3109 5268/4581/3497 3060/4582/3498
f 2932/4580/3109 755/4576/3108 3061/4579/3496 5268/4581/3497
f 5268/4581/3497 3061/4579/3496 787/3815/2914 3093/3813/2912
f 3060/4582/3498 5268/4581/3497 3093/3813/2912 786/3809/2908
f 753/3997/3096 2931/4583/3103 5269/4584/3499 3059/4585/3500
f 2931/4583/3103 754/4003/3102 3060/4582/3498 5269/4584/3499
f 5269/4584/3499 3060/4582/3498 786/3809/2908 3094/3807/2906
f 3059/4585/3500 5269/4584/3499 3094/3807/2906 785/3803/2902
f 752/4586/3090 2930/4587/3097 5270/4588/3501 3058/4589/3502
f 2930/4587/3097 753/3997/3096 3059/4585/3500 5270/4588/3501
f 5270/4588/3501 3059/4585/3500 785/3803/2902 3095/3801/2900
f 3058/4589/3502 5270/4588/3501 3095/3801/2900 784/3797/2896
f 751/4590/3084 2929/3992/3091 5271/4591/3503 3057/4592/3504
f 2929/3992/3091 752/4586/3090 3058/4589/3502 5271/4591/3503
f 5271/4591/3503 3058/4589/3502 784/3797/2896 3096/3795/2894
f 3057/4592/3504 5271/4591/3503 3096/3795/2894 783/3791/2890
f 750/4593/3078 2928/4594/3085 5272/4595/3505 3056/4596/3506
f 2928/4594/3085 751/4590/3084 3057/4592/3504 5272/4595/3505
f 5272/4595/3505 3057/4592/3504 783/3791/2890 3097/3789/2888
f 3056/4596/3506 5272/4595/3505 3097/3789/2888 782/3785/2884
f 749/4597/3072 2927/4598/3079 5273/4599/3507 3055/4600/3508
f 2927/4598/3079 750/4593/3078 3056/4596/3506 5273/4599/3507
f 5273/4599/3507 3056/4596/3506 782/3785/2884 3098/3783/2882
f 3055/4600/3508 5273/4599/3507 3098/3783/2882 781/3779/2878
f 748/4601/3066 2926/4602/3073 5274/4603/3509 3054/4604/3510
f 2926/4602/3073 749/4597/3072 3055/4600/3508 5274/4603/3509
f 5274/4603/3509 3055/4600/3508 781/3779/2878 3099/3777/2876
f 3054/4604/3510 5274/4603/3509 3099/3777/2876 780/3773/2872
f 747/4605/3060 2925/4606/3067 5275/4607/3511 3053/4608/3512
f 2925/4606/3067 748/4601/3066 3054/4604/3510 5275/4607/3511
f 5275/4607/3511 3054/4604/3510 780/3773/2872 3100/3771/2870
f 3053/4608/3512 5275/4607/3511 3100/3771/2870 779/3767/2866
f 746/4609/3054 2924/4610/3061 5276/4611/3513 3052/4612/3514
f 2924/4610/3061 747/4605/3060 3053/4608/3512 5276/4611/3513
f 5276/4611/3513 3053/4608/3512 779/3767/2866 3101/3765/2864
f 3052/4612/3514 5276/4611/3513 3101/3765/2864 778/3761/2860
f 745/3949/3048 2923/4613/3055 5277/4614/3515 3051/4615/3516
f 2923/4613/3055 746/4609/3054 3052/4612/3514 5277/4614/3515
f 5277/4614/3515 3052/4612/3514 778/3761/2860 3102/3759/2858
f 3051/4615/3516 5277/4614/3515 3102/3759/2858 777/3755/2854
f 744/4616/3042 2922/4617/3049 5278/4618/3517 3050/4619/3518
f 2922/4617/3049 745/3949/3048 3051/4615/3516 5278/4618/3517
f 5278/4618/3517 3051/4615/3516 777/3755/2854 3103/3753/2852
f 3050/4619/3518 5278/4618/3517 3103/3753/2852 776/3749/2848
f 743/4620/3036 2921/4621/3043 5279/4622/3519 3049/4623/3520
f 2921/4621/3043 744/4616/3042 3050/4619/3518 5279/4622/3519
f 5279/4622/3519 3050/4619/3518 776/3749/2848 3104/3747/2846
f 3049/4623/3520 5279/4622/3519 3104/3747/2846 775/3743/2842
f 742/4624/3030 2920/3938/3037 5280/4625/3521 3048/4626/3522
f 2920/3938/3037 743/4620/3036 3049/4623/3520 5280/4625/3521
f 5280/4625/3521 3049/4623/3520 775/3743/2842 3105/3741/2840
f 3048/4626/3522 5280/4625/3521 3105/3741/2840 774/3737/2836
f 741/4627/3024 2919/4628/3031 5281/4629/3523 3047/4630/3524
f 2919/4628/3031 742/4624/3030 3048/4626/3522 5281/4629/3523
f 5281/4629/3523 3048/4626/3522 774/3737/2836 3106/3735/2834
f 3047/4630/3524 5281/4629/3523 3106/3735/2834 773/3731/2830
f 739/4631/3017 2918/4632/3025 5282/4633/3525 3046/4634/3526
f 2918/4632/3025 741/4627/3024 3047/4630/3524 5282/4633/3525
f 5282/4633/3525 3047/4630/3524 773/3731/2830 3107/3729/2828
f 3046/4634/3526 5282/4633/3525 3107/3729/2828 772/3724/2823
f 740/4523/3019 2917/4635/3018 5283/4636/3527 2949/4524/3466
f 2917/4635/3018 739/4631/3017 3046/4634/3526 5283/4636/3527
f 5283/4636/3527 3046/4634/3526 772/3724/2823 3108/3721/2820
f 2949/4524/3466 5283/4636/3527 3108/3721/2820 771/3720/2819
f 835/4104/647 3140/4637/3221 5284/4638/3528 3138/4639/3258
f 803/4640/3015 2981/4641/3012 5284/4638/3528 3140/4157/3221
f 804/4294/3011 3138/4642/3258 5284/4638/3528 2981/4643/3012
f 900/4644/3529 3301/4645/3530 5285/4646/3531 3364/4647/3532
f 3301/4645/3530 837/4393/3338 3141/4396/3341 5285/4646/3531
f 5285/4646/3531 3141/4396/3341 836/4401/3346 3206/4648/3533
f 3364/4647/3532 5285/4646/3531 3206/4648/3533 901/4649/3534
f 901/4649/3534 3206/4648/3533 5286/4650/3535 3363/4651/3536
f 3206/4648/3533 836/4401/3346 3142/4652/3537 5286/4650/3535
f 5286/4650/3535 3142/4652/3537 838/4653/3538 3207/4654/3539
f 3363/4651/3536 5286/4650/3535 3207/4654/3539 902/4655/3540
f 902/4655/3540 3207/4654/3539 5287/4656/3541 3362/4657/3542
f 3207/4654/3539 838/4653/3538 3143/4658/3543 5287/4656/3541
f 5287/4656/3541 3143/4658/3543 839/4659/3544 3208/4660/3545
f 3362/4657/3542 5287/4656/3541 3208/4660/3545 903/4661/3546
f 903/4661/3546 3208/4660/3545 5288/4662/3547 3361/4663/3548
f 3208/4660/3545 839/4659/3544 3144/4664/3549 5288/4662/3547
f 5288/4662/3547 3144/4664/3549 840/4665/3550 3209/4666/3551
f 3361/4663/3548 5288/4662/3547 3209/4666/3551 904/4667/3552
f 904/4667/3552 3209/4666/3551 5289/4668/3553 3360/4669/3554
f 3209/4666/3551 840/4665/3550 3145/4670/3555 5289/4668/3553
f 5289/4668/3553 3145/4670/3555 841/4671/3556 3210/4672/3557
f 3360/4669/3554 5289/4668/3553 3210/4672/3557 905/4673/3558
f 905/4673/3558 3210/4672/3557 5290/4674/3559 3359/4675/3560
f 3210/4672/3557 841/4671/3556 3146/4676/3561 5290/4674/3559
f 5290/4674/3559 3146/4676/3561 842/4677/3562 3211/4678/3563
f 3359/4675/3560 5290/4674/3559 3211/4678/3563 906/4679/3564
f 906/4679/3564 3211/4678/3563 5291/4680/3565 3358/4681/3566
f 3211/4678/3563 842/4677/3562 3147/4682/3567 5291/4680/3565
f 5291/4680/3565 3147/4682/3567 843/4683/3568 3212/4684/3569
f 3358/4681/3566 5291/4680/3565 3212/4684/3569 907/4685/3570
f 907/4685/3570 3212/4684/3569 5292/4686/3571 3357/4687/3572
f 3212/4684/3569 843/4683/3568 3148/4688/3573 5292/4686/3571
f 5292/4686/3571 3148/4688/3573 844/4689/3574 3213/4690/3575
f 3357/4687/3572 5292/4686/3571 3213/4690/3575 908/4691/3576
f 908/4691/3576 3213/4690/3575 5293/4692/3577 3356/4693/3578
f 3213/4690/3575 844/4689/3574 3149/4694/3579 5293/4692/3577
f 5293/4692/3577 3149/4694/3579 845/4695/3580 3214/4696/3581
f 3356/4693/3578 5293/4692/3577 3214/4696/3581 909/4697/3582
f 909/4697/3582 3214/4696/3581 5294/4698/3583 3355/4699/3584
f 3214/4696/3581 845/4695/3580 3150/4700/3585 5294/4698/3583
f 5294/4698/3583 3150/4700/3585 846/4701/3586 3215/4702/3587
f 3355/4699/3584 5294/4698/3583 3215/4702/3587 910/4703/3588
f 910/4703/3588 3215/4702/3587 5295/4704/3589 3354/4705/3590
f 3215/4702/3587 846/4701/3586 3151/4706/3591 5295/4704/3589
f 5295/4704/3589 3151/4706/3591 847/4707/3592 3216/4708/3593
f 3354/4705/3590 5295/4704/3589 3216/4708/3593 911/4709/3594
f 911/4709/3594 3216/4708/3593 5296/4710/3595 3353/4711/3596
f 3216/4708/3593 847/4707/3592 3152/4712/3597 5296/4710/3595
f 5296/4710/3595 3152/4712/3597 848/4713/3598 3217/4714/3599
f 3353/4711/3596 5296/4710/3595 3217/4714/3599 912/4715/3600
f 912/4715/3600 3217/4714/3599 5297/4716/3601 3352/4717/3602
f 3217/4714/3599 848/4713/3598 3153/4718/3603 5297/4716/3601
f 5297/4716/3601 3153/4718/3603 849/4719/3604 3218/4720/3605
f 3352/4717/3602 5297/4716/3601 3218/4720/3605 913/4721/3606
f 913/4721/3606 3218/4720/3605 5298/4722/3607 3351/4723/3608
f 3218/4720/3605 849/4719/3604 3154/4724/3609 5298/4722/3607
f 5298/4722/3607 3154/4724/3609 850/4725/3610 3219/4726/3611
f 3351/4723/3608 5298/4722/3607 3219/4726/3611 914/4727/3612
f 914/4727/3612 3219/4726/3611 5299/4728/3613 3350/4729/3614
f 3219/4726/3611 850/4725/3610 3155/4730/3615 5299/4728/3613
f 5299/4728/3613 3155/4730/3615 851/4731/3616 3220/4732/3617
f 3350/4729/3614 5299/4728/3613 3220/4732/3617 915/4733/3618
f 915/4733/3618 3220/4732/3617 5300/4734/3619 3349/4735/3620
f 3220/4732/3617 851/4731/3616 3156/4736/3621 5300/4734/3619
f 5300/4734/3619 3156/4736/3621 852/4737/3622 3221/4738/3623
f 3349/4735/3620 5300/4734/3619 3221/4738/3623 916/4739/3624
f 916/4739/3624 3221/4738/3623 5301/4740/3625 3348/4741/3626
f 3221/4738/3623 852/4737/3622 3157/4742/3627 5301/4740/3625
f 5301/4740/3625 3157/4742/3627 853/4743/3628 3222/4744/3629
f 3348/4741/3626 5301/4740/3625 3222/4744/3629 917/4745/3630
f 917/4745/3630 3222/4744/3629 5302/4746/3631 3347/4747/3632
f 3222/4744/3629 853/4743/3628 3158/4748/3633 5302/4746/3631
f 5302/4746/3631 3158/4748/3633 854/4749/3634 3223/4750/3635
f 3347/4747/3632 5302/4746/3631 3223/4750/3635 918/4751/3636
f 918/4751/3636 3223/4750/3635 5303/4752/3637 3346/4753/3638
f 3223/4750/3635 854/4749/3634 3159/4754/3639 5303/4752/3637
f 5303/4752/3637 3159/4754/3639 855/4755/3640 3224/4756/3641
f 3346/4753/3638 5303/4752/3637 3224/4756/3641 919/4757/3642
f 919/4757/3642 3224/4756/3641 5304/4758/3643 3345/4759/3644
f 3224/4756/3641 855/4755/3640 3160/4760/3645 5304/4758/3643
f 5304/4758/3643 3160/4760/3645 856/4761/3646 3225/4762/3647
f 3345/4759/3644 5304/4758/3643 3225/4762/3647 920/4763/3648
f 920/4763/3648 3225/4762/3647 5305/4764/3649 3344/4765/3650
f 3225/4762/3647 856/4761/3646 3161/4766/3651 5305/4764/3649
f 5305/4764/3649 3161/4766/3651 857/4767/3652 3226/4768/3653
f 3344/4765/3650 5305/4764/3649 3226/4768/3653 921/4769/3654
f 921/4769/3654 3226/4768/3653 5306/4770/3655 3343/4771/3656
f 3226/4768/3653 857/4767/3652 3162/4772/3657 5306/4770/3655
f 5306/4770/3655 3162/4772/3657 858/4773/3658 3227/4774/3659
f 3343/4771/3656 5306/4770/3655 3227/4774/3659 922/4775/3660
f 922/4775/3660 3227/4774/3659 5307/4776/3661 3342/4777/3662
f 3227/4774/3659 858/4773/3658 3163/4778/3663 5307/4776/3661
f 5307/4776/3661 3163/4778/3663 859/4779/3664 3228/4780/3665
f 3342/4777/3662 5307/4776/3661 3228/4780/3665 923/4781/3666
f 923/4781/3666 3228/4780/3665 5308/4782/3667 3341/4783/3668
f 3228/4780/3665 859/4779/3664 3164/4784/3669 5308/4782/3667
f 5308/4782/3667 3164/4784/3669 860/4785/3670 3229/4786/3671
f 3341/4783/3668 5308/4782/3667 3229/4786/3671 924/4787/3672
f 924/4787/3672 3229/4786/3671 5309/4788/3673 3340/4789/3674
f 3229/4786/3671 860/4785/3670 3165/4790/3675 5309/4788/3673
f 5309/4788/3673 3165/4790/3675 861/4791/3676 3230/4792/3677
f 3340/4789/3674 5309/4788/3673 3230/4792/3677 925/4793/3678
f 925/4793/3678 3230/4792/3677 5310/4794/3679 3339/4795/3680
f 3230/4792/3677 861/4791/3676 3166/4796/3681 5310/4794/3679
f 5310/4794/3679 3166/4796/3681 862/4797/3682 3231/4798/3683
f 3339/4795/3680 5310/4794/3679 3231/4798/3683 926/4799/3684
f 926/4799/3684 3231/4798/3683 5311/4800/3685 3338/4801/3686
f 3231/4798/3683 862/4797/3682 3167/4802/3687 5311/4800/3685
f 5311/4800/3685 3167/4802/3687 863/4803/3688 3232/4804/3689
f 3338/4801/3686 5311/4800/3685 3232/4804/3689 927/4805/3690
f 927/4805/3690 3232/4804/3689 5312/4806/3691 3337/4807/3692
f 3232/4804/3689 863/4803/3688 3168/4808/3693 5312/4806/3691
f 5312/4806/3691 3168/4808/3693 864/4809/3694 3233/4810/3695
f 3337/4807/3692 5312/4806/3691 3233/4810/3695 928/4811/3696
f 928/4811/3696 3233/4810/3695 5313/4812/3697 3336/4813/3698
f 3233/4810/3695 864/4809/3694 3169/4814/3699 5313/4812/3697
f 5313/4812/3697 3169/4814/3699 865/4815/3700 3234/4816/3701
f 3336/4813/3698 5313/4812/3697 3234/4816/3701 929/4817/3702
f 929/4817/3702 3234/4816/3701 5314/4818/3703 3335/4819/3704
f 3234/4816/3701 865/4815/3700 3170/4820/3705 5314/4818/3703
f 5314/4818/3703 3170/4820/3705 866/4821/3706 3235/4822/3707
f 3335/4819/3704 5314/4818/3703 3235/4822/3707 930/4823/3708
f 930/4823/3708 3235/4822/3707 5315/4824/3709 3334/4825/3710
f 3235/4822/3707 866/4821/3706 3171/4826/3711 5315/4824/3709
f 5315/4824/3709 3171/4826/3711 867/4827/3712 3236/4828/3713
f 3334/4825/3710 5315/4824/3709 3236/4828/3713 931/4829/3714
f 931/4829/3714 3236/4828/3713 5316/4830/3715 3333/4831/3716
f 3236/4828/3713 867/4827/3712 3172/4832/3717 5316/4830/3715
f 5316/4830/3715 3172/4832/3717 837/4393/3338 3301/4645/3530
f 3333/4831/3716 5316/4830/3715 3301/4645/3530 900/4644/3529
f 933/4833/3718 3269/4834/3719 5317/4835/3720 3237/4836/3721
f 3269/4834/3719 869/4837/3722 3173/4838/3723 5317/4835/3720
f 5317/4835/3720 3173/4838/3723 868/4839/3724 3270/4840/3725
f 3237/4836/3721 5317/4835/3720 3270/4840/3725 932/4841/3726
f 932/4841/3726 3270/4840/3725 5318/4842/3727 3238/4843/3728
f 3270/4840/3725 868/4839/3724 3174/4844/3729 5318/4842/3727
f 5318/4842/3727 3174/4844/3729 870/4845/3730 3271/4846/3731
f 3238/4843/3728 5318/4842/3727 3271/4846/3731 934/4847/3732
f 934/4847/3732 3271/4846/3731 5319/4848/3733 3239/4849/3734
f 3271/4846/3731 870/4845/3730 3175/4850/3735 5319/4848/3733
f 5319/4848/3733 3175/4850/3735 871/4851/3736 3272/4852/3737
f 3239/4849/3734 5319/4848/3733 3272/4852/3737 935/4853/3738
f 935/4853/3738 3272/4852/3737 5320/4854/3739 3240/4855/3740
f 3272/4852/3737 871/4851/3736 3176/4856/3741 5320/4854/3739
f 5320/4854/3739 3176/4856/3741 872/4857/3742 3273/4858/3743
f 3240/4855/3740 5320/4854/3739 3273/4858/3743 936/4859/3744
f 936/4859/3744 3273/4858/3743 5321/4860/3745 3241/4861/3746
f 3273/4858/3743 872/4857/3742 3177/4862/3747 5321/4860/3745
f 5321/4860/3745 3177/4862/3747 873/4863/3748 3274/4864/3749
f 3241/4861/3746 5321/4860/3745 3274/4864/3749 937/4865/3750
f 937/4865/3750 3274/4864/3749 5322/4866/3751 3242/4867/3752
f 3274/4864/3749 873/4863/3748 3178/4868/3753 5322/4866/3751
f 5322/4866/3751 3178/4868/3753 874/4869/3754 3275/4870/3755
f 3242/4867/3752 5322/4866/3751 3275/4870/3755 938/4871/3756
f 938/4871/3756 3275/4870/3755 5323/4872/3757 3243/4873/3758
f 3275/4870/3755 874/4869/3754 3179/4874/3759 5323/4872/3757
f 5323/4872/3757 3179/4874/3759 875/4875/3760 3276/4876/3761
f 3243/4873/3758 5323/4872/3757 3276/4876/3761 939/4877/3762
f 939/4877/3762 3276/4876/3761 5324/4878/3763 3244/4879/3764
f 3276/4876/3761 875/4875/3760 3180/4880/3765 5324/4878/3763
f 5324/4878/3763 3180/4880/3765 876/4881/3766 3277/4882/3767
f 3244/4879/3764 5324/4878/3763 3277/4882/3767 940/4883/3768
f 940/4883/3768 3277/4882/3767 5325/4884/3769 3245/4885/3770
f 3277/4882/3767 876/4881/3766 3181/4886/3771 5325/4884/3769
f 5325/4884/3769 3181/4886/3771 877/4887/3772 3278/4888/3773
f 3245/4885/3770 5325/4884/3769 3278/4888/3773 941/4889/3774
f 941/4889/3774 3278/4888/3773 5326/4890/3775 3246/4891/3776
f 3278/4888/3773 877/4887/3772 3182/4892/3777 5326/4890/3775
f 5326/4890/3775 3182/4892/3777 878/4893/3778 3279/4894/3779
f 3246/4891/3776 5326/4890/3775 3279/4894/3779 942/4895/3780
f 942/4895/3780 3279/4894/3779 5327/4896/3781 3247/4897/3782
f 3279/4894/3779 878/4893/3778 3183/4898/3783 5327/4896/3781
f 5327/4896/3781 3183/4898/3783 879/4899/3784 3280/4900/3785
f 3247/4897/3782 5327/4896/3781 3280/4900/3785 943/4901/3786
f 943/4901/3786 3280/4900/3785 5328/4902/3787 3248/4903/3788
f 3280/4900/3785 879/4899/3784 3184/4904/3789 5328/4902/3787
f 5328/4902/3787 3184/4904/3789 880/4905/3790 3281/4906/3791
f 3248/4903/3788 5328/4902/3787 3281/4906/3791 944/4907/3792
f 944/4907/3792 3281/4906/3791 5329/4908/3793 3249/4909/3794
f 3281/4906/3791 880/4905/3790 3185/4910/3795 5329/4908/3793
f 5329/4908/3793 3185/4910/3795 881/4911/3796 3282/4912/3797
f 3249/4909/3794 5329/4908/3793 3282/4912/3797 945/4913/3798
f 945/4913/3798 3282/4912/3797 5330/4914/3799 3250/4915/3800
f 3282/4912/3797 881/4911/3796 3186/4916/3801 5330/4914/3799
f 5330/4914/3799 3186/4916/3801 882/4917/3802 3283/4918/3803
f 3250/4915/3800 5330/4914/3799 3283/4918/3803 946/4919/3804
f 946/4919/3804 3283/4918/3803 5331/4920/3805 3251/4921/3806
f 3283/4918/3803 882/4917/3802 3187/4922/3807 5331/4920/3805
f 5331/4920/3805 3187/4922/3807 883/4923/3808 3284/4924/3809
f 3251/4921/3806 5331/4920/3805 3284/4924/3809 947/4925/3810
f 947/4925/3810 3284/4924/3809 5332/4926/3811 3252/4927/3812
f 3284/4924/3809 883/4923/3808 3188/4928/3813 5332/4926/3811
f 5332/4926/3811 3188/4928/3813 884/4929/3814 3285/4930/3815
f 3252/4927/3812 5332/4926/3811 3285/4930/3815 948/4931/3816
f 948/4931/3816 3285/4930/3815 5333/4932/3817 3253/4933/3818
f 3285/4930/3815 884/4929/3814 3189/4934/3819 5333/4932/3817
f 5333/4932/3817 3189/4934/3819 885/4935/3820 3286/4936/3821
f 3253/4933/3818 5333/4932/3817 3286/4936/3821 949/4937/3822
f 949/4937/3822 3286/4936/3821 5334/4938/3823 3254/4939/3824
f 3286/4936/3821 885/4935/3820 3190/4940/3825 5334/4938/3823
f 5334/4938/3823 3190/4940/3825 886/4941/3826 3287/4942/3827
f 3254/4939/3824 5334/4938/3823 3287/4942/3827 950/4943/3828
f 950/4943/3828 3287/4942/3827 5335/4944/3829 3255/4945/3830
f 3287/4942/3827 886/4941/3826 3191/4946/3831 5335/4944/3829
f 5335/4944/3829 3191/4946/3831 887/4947/3832 3288/4948/3833
f 3255/4945/3830 5335/4944/3829 3288/4948/3833 951/4949/3834
f 951/4949/3834 3288/4948/3833 5336/4950/3835 3256/4951/3836
f 3288/4948/3833 887/4947/3832 3192/4952/3837 5336/4950/3835
f 5336/4950/3835 3192/4952/3837 888/4953/3838 3289/4954/3839
f 3256/4951/3836 5336/4950/3835 3289/4954/3839 952/4955/3840
f 952/4955/3840 3289/4954/3839 5337/4956/3841 3257/4957/3842
f 3289/4954/3839 888/4953/3838 3193/4958/3843 5337/4956/3841
f 5337/4956/3841 3193/4958/3843 889/4959/3844 3290/4960/3845
f 3257/4957/3842 5337/4956/3841 3290/4960/3845 953/4961/3846
f 953/4961/3846 3290/4960/3845 5338/4962/3847 3258/4963/3848
f 3290/4960/3845 889/4959/3844 3194/4964/3849 5338/4962/3847
f 5338/4962/3847 3194/4964/3849 890/4965/3850 3291/4966/3851
f 3258/4963/3848 5338/4962/3847 3291/4966/3851 954/4967/3852
f 954/4967/3852 3291/4966/3851 5339/4968/3853 3259/4969/3854
f 3291/4966/3851 890/4965/3850 3195/4970/3855 5339/4968/3853
f 5339/4968/3853 3195/4970/3855 891/4971/3856 3292/4972/3857
f 3259/4969/3854 5339/4968/3853 3292/4972/3857 955/4973/3858
f 955/4973/3858 3292/4972/3857 5340/4974/3859 3260/4975/3860
f 3292/4972/3857 891/4971/3856 3196/4976/3861 5340/4974/3859
f 5340/4974/3859 3196/4976/3861 892/4977/3862 3293/4978/3863
f 3260/4975/3860 5340/4974/3859 3293/4978/3863 956/4979/3864
f 956/4979/3864 3293/4978/3863 5341/4980/3865 3261/4981/3866
f 3293/4978/3863 892/4977/3862 3197/4982/3867 5341/4980/3865
f 5341/4980/3865 3197/4982/3867 893/4983/3868 3294/4984/3869
f 3261/4981/3866 5341/4980/3865 3294/4984/3869 957/4985/3870
f 957/4985/3870 3294/4984/3869 5342/4986/3871 3262/4987/3872
f 3294/4984/3869 893/4983/3868 3198/4988/3873 5342/4986/3871
f 5342/4986/3871 3198/4988/3873 894/4989/3874 3295/4990/3875
f 3262/4987/3872 5342/4986/3871 3295/4990/3875 958/4991/3876
f 958/4991/3876 3295/4990/3875 5343/4992/3877 3263/4993/3878
f 3295/4990/3875 894/4989/3874 3199/4994/3879 5343/4992/3877
f 5343/4992/3877 3199/4994/3879 895/4995/3880 3296/4996/3881
f 3263/4993/3878 5343/4992/3877 3296/4996/3881 959/4997/3882
f 959/4997/3882 3296/4996/3881 5344/4998/3883 3264/4999/3884
f 3296/4996/3881 895/4995/3880 3200/5000/3885 5344/4998/3883
f 5344/4998/3883 3200/5000/3885 896/5001/3886 3297/5002/3887
f 3264/4999/3884 5344/4998/3883 3297/5002/3887 960/5003/3888
f 960/5003/3888 3297/5002/3887 5345/5004/3889 3265/5005/3890
f 3297/5002/3887 896/5001/3886 3201/5006/3891 5345/5004/3889
f 5345/5004/3889 3201/5006/3891 897/5007/3892 3298/5008/3893
f 3265/5005/3890 5345/5004/3889 3298/5008/3893 961/5009/3894
f 961/5009/3894 3298/5008/3893 5346/5010/3895 3266/5011/3896
f 3298/5008/3893 897/5007/3892 3202/5012/3897 5346/5010/3895
f 5346/5010/3895 3202/5012/3897 898/5013/3898 3299/5014/3899
f 3266/5011/3896 5346/5010/3895 3299/5014/3899 962/5015/3900
f 962/5015/3900 3299/5014/3899 5347/5016/3901 3267/5017/3902
f 3299/5014/3899 898/5013/3898 3203/5018/3903 5347/5016/3901
f 5347/5016/3901 3203/5018/3903 899/5019/3904 3300/5020/3905
f 3267/5017/3902 5347/5016/3901 3300/5020/3905 963/5021/3906
f 963/5021/3906 3300/5020/3905 5348/5022/3907 3268/5023/3908
f 3300/5020/3905 899/5019/3904 3204/5024/3909 5348/5022/3907
f 5348/5022/3907 3204/5024/3909 869/4837/3722 3269/4834/3719
f 3268/5023/3908 5348/5022/3907 3269/4834/3719 933/4833/3718
f 1046/5025/3910 3606/5026/3911 5349/5027/3912 3512/5028/3913
f 3606/5026/3911 948/4931/3816 3253/4933/3818 5349/5027/3912
f 5349/5027/3912 3253/4933/3818 949/4937/3822 3607/5029/3914
f 3512/5028/3913 5349/5027/3912 3607/5029/3914 1049/5030/3915
f 1085/5031/3916 3619/5032/3917 5350/5033/3918 3577/5034/3919
f 3619/5032/3917 961/5009/3894 3266/5011/3896 5350/5033/3918
f 5350/5033/3918 3266/5011/3896 962/5015/3900 3620/5035/3920
f 3577/5034/3919 5350/5033/3918 3620/5035/3920 1088/5036/3921
f 1004/5037/3922 3590/5038/3923 5351/5039/3924 3442/5040/3925
f 3590/5038/3923 934/4847/3732 3239/4849/3734 5351/5039/3924
f 5351/5039/3924 3239/4849/3734 935/4853/3738 3593/5041/3926
f 3442/5040/3925 5351/5039/3924 3593/5041/3926 1007/5042/3927
f 1043/5043/3928 3605/5044/3929 5352/5045/3930 3507/5046/3931
f 3605/5044/3929 947/4925/3810 3252/4927/3812 5352/5045/3930
f 5352/5045/3930 3252/4927/3812 948/4931/3816 3606/5026/3911
f 3507/5046/3931 5352/5045/3930 3606/5026/3911 1046/5025/3910
f 1082/5047/3932 3618/5048/3933 5353/5049/3934 3572/5050/3935
f 3618/5048/3933 960/5003/3888 3265/5005/3890 5353/5049/3934
f 5353/5049/3934 3265/5005/3890 961/5009/3894 3619/5032/3917
f 3572/5050/3935 5353/5049/3934 3619/5032/3917 1085/5031/3916
f 1006/5051/3936 3881/5052/3937 5354/5053/3938 3445/5054/3939
f 3881/5052/3937 1164/5055/3940 3629/5056/3941 5354/5053/3938
f 5354/5053/3938 3629/5056/3941 1162/5057/3942 3879/5058/3943
f 3445/5054/3939 5354/5053/3938 3879/5058/3943 1003/5059/3944
f 1040/5060/3945 3604/5061/3946 5355/5062/3947 3502/5063/3948
f 3604/5061/3946 946/4919/3804 3251/4921/3806 5355/5062/3947
f 5355/5062/3947 3251/4921/3806 947/4925/3810 3605/5044/3929
f 3502/5063/3948 5355/5062/3947 3605/5044/3929 1043/5043/3928
f 1079/5064/3949 3617/5065/3950 5356/5066/3951 3567/5067/3952
f 3617/5065/3950 959/4997/3882 3264/4999/3884 5356/5066/3951
f 5356/5066/3951 3264/4999/3884 960/5003/3888 3618/5048/3933
f 3567/5067/3952 5356/5066/3951 3618/5048/3933 1082/5047/3932
f 998/5068/3953 3589/5069/3954 5357/5070/3955 3437/5071/3956
f 3589/5069/3954 932/4841/3726 3238/4843/3728 5357/5070/3955
f 5357/5070/3955 3238/4843/3728 934/4847/3732 3590/5038/3923
f 3437/5071/3956 5357/5070/3955 3590/5038/3923 1004/5037/3922
f 1037/5072/3957 3603/5073/3958 5358/5074/3959 3497/5075/3960
f 3603/5073/3958 945/4913/3798 3250/4915/3800 5358/5074/3959
f 5358/5074/3959 3250/4915/3800 946/4919/3804 3604/5061/3946
f 3497/5075/3960 5358/5074/3959 3604/5061/3946 1040/5060/3945
f 1076/5076/3961 3616/5077/3962 5359/5078/3963 3562/5079/3964
f 3616/5077/3962 958/4991/3876 3263/4993/3878 5359/5078/3963
f 5359/5078/3963 3263/4993/3878 959/4997/3882 3617/5065/3950
f 3562/5079/3964 5359/5078/3963 3617/5065/3950 1079/5064/3949
f 1034/5080/3965 3602/5081/3966 5360/5082/3967 3492/5083/3968
f 3602/5081/3966 944/4907/3792 3249/4909/3794 5360/5082/3967
f 5360/5082/3967 3249/4909/3794 945/4913/3798 3603/5073/3958
f 3492/5083/3968 5360/5082/3967 3603/5073/3958 1037/5072/3957
f 1073/5084/3969 3615/5085/3970 5361/5086/3971 3557/5087/3972
f 3615/5085/3970 957/4985/3870 3262/4987/3872 5361/5086/3971
f 5361/5086/3971 3262/4987/3872 958/4991/3876 3616/5077/3962
f 3557/5087/3972 5361/5086/3971 3616/5077/3962 1076/5076/3961
f 1031/5088/3973 3601/5089/3974 5362/5090/3975 3487/5091/3976
f 3601/5089/3974 943/4901/3786 3248/4903/3788 5362/5090/3975
f 5362/5090/3975 3248/4903/3788 944/4907/3792 3602/5081/3966
f 3487/5091/3976 5362/5090/3975 3602/5081/3966 1034/5080/3965
f 1070/5092/3977 3614/5093/3978 5363/5094/3979 3552/5095/3980
f 3614/5093/3978 956/4979/3864 3261/4981/3866 5363/5094/3979
f 5363/5094/3979 3261/4981/3866 957/4985/3870 3615/5085/3970
f 3552/5095/3980 5363/5094/3979 3615/5085/3970 1073/5084/3969
f 1028/5096/3981 3600/5097/3982 5364/5098/3983 3482/5099/3984
f 3600/5097/3982 942/4895/3780 3247/4897/3782 5364/5098/3983
f 5364/5098/3983 3247/4897/3782 943/4901/3786 3601/5089/3974
f 3482/5099/3984 5364/5098/3983 3601/5089/3974 1031/5088/3973
f 1067/5100/3985 3613/5101/3986 5365/5102/3987 3547/5103/3988
f 3613/5101/3986 955/4973/3858 3260/4975/3860 5365/5102/3987
f 5365/5102/3987 3260/4975/3860 956/4979/3864 3614/5093/3978
f 3547/5103/3988 5365/5102/3987 3614/5093/3978 1070/5092/3977
f 1025/5104/3989 3599/5105/3990 5366/5106/3991 3477/5107/3992
f 3599/5105/3990 941/4889/3774 3246/4891/3776 5366/5106/3991
f 5366/5106/3991 3246/4891/3776 942/4895/3780 3600/5097/3982
f 3477/5107/3992 5366/5106/3991 3600/5097/3982 1028/5096/3981
f 1064/5108/3993 3612/5109/3994 5367/5110/3995 3542/5111/3996
f 3612/5109/3994 954/4967/3852 3259/4969/3854 5367/5110/3995
f 5367/5110/3995 3259/4969/3854 955/4973/3858 3613/5101/3986
f 3542/5111/3996 5367/5110/3995 3613/5101/3986 1067/5100/3985
f 1022/5112/3997 3598/5113/3998 5368/5114/3999 3472/5115/4000
f 3598/5113/3998 940/4883/3768 3245/4885/3770 5368/5114/3999
f 5368/5114/3999 3245/4885/3770 941/4889/3774 3599/5105/3990
f 3472/5115/4000 5368/5114/3999 3599/5105/3990 1025/5104/3989
f 1061/5116/4001 3611/5117/4002 5369/5118/4003 3537/5119/4004
f 3611/5117/4002 953/4961/3846 3258/4963/3848 5369/5118/4003
f 5369/5118/4003 3258/4963/3848 954/4967/3852 3612/5109/3994
f 3537/5119/4004 5369/5118/4003 3612/5109/3994 1064/5108/3993
f 1019/5120/4005 3597/5121/4006 5370/5122/4007 3467/5123/4008
f 3597/5121/4006 939/4877/3762 3244/4879/3764 5370/5122/4007
f 5370/5122/4007 3244/4879/3764 940/4883/3768 3598/5113/3998
f 3467/5123/4008 5370/5122/4007 3598/5113/3998 1022/5112/3997
f 1058/5124/4009 3610/5125/4010 5371/5126/4011 3532/5127/4012
f 3610/5125/4010 952/4955/3840 3257/4957/3842 5371/5126/4011
f 5371/5126/4011 3257/4957/3842 953/4961/3846 3611/5117/4002
f 3532/5127/4012 5371/5126/4011 3611/5117/4002 1061/5116/4001
f 1016/5128/4013 3596/5129/4014 5372/5130/4015 3462/5131/4016
f 3596/5129/4014 938/4871/3756 3243/4873/3758 5372/5130/4015
f 5372/5130/4015 3243/4873/3758 939/4877/3762 3597/5121/4006
f 3462/5131/4016 5372/5130/4015 3597/5121/4006 1019/5120/4005
f 1055/5132/4017 3609/5133/4018 5373/5134/4019 3527/5135/4020
f 3609/5133/4018 951/4949/3834 3256/4951/3836 5373/5134/4019
f 5373/5134/4019 3256/4951/3836 952/4955/3840 3610/5125/4010
f 3527/5135/4020 5373/5134/4019 3610/5125/4010 1058/5124/4009
f 1013/5136/4021 3595/5137/4022 5374/5138/4023 3457/5139/4024
f 3595/5137/4022 937/4865/3750 3242/4867/3752 5374/5138/4023
f 5374/5138/4023 3242/4867/3752 938/4871/3756 3596/5129/4014
f 3457/5139/4024 5374/5138/4023 3596/5129/4014 1016/5128/4013
f 1052/5140/4025 3608/5141/4026 5375/5142/4027 3522/5143/4028
f 3608/5141/4026 950/4943/3828 3255/4945/3830 5375/5142/4027
f 5375/5142/4027 3255/4945/3830 951/4949/3834 3609/5133/4018
f 3522/5143/4028 5375/5142/4027 3609/5133/4018 1055/5132/4017
f 1091/5144/4029 3592/5145/4030 5376/5146/4031 3586/5147/4032
f 3592/5145/4030 963/5021/3906 3268/5023/3908 5376/5146/4031
f 5376/5146/4031 3268/5023/3908 933/4833/3718 3591/5148/4033
f 3586/5147/4032 5376/5146/4031 3591/5148/4033 1000/5149/4034
f 1010/5150/4035 3594/5151/4036 5377/5152/4037 3452/5153/4038
f 3594/5151/4036 936/4859/3744 3241/4861/3746 5377/5152/4037
f 5377/5152/4037 3241/4861/3746 937/4865/3750 3595/5137/4022
f 3452/5153/4038 5377/5152/4037 3595/5137/4022 1013/5136/4021
f 1049/5030/3915 3607/5029/3914 5378/5154/4039 3517/5155/4040
f 3607/5029/3914 949/4937/3822 3254/4939/3824 5378/5154/4039
f 5378/5154/4039 3254/4939/3824 950/4943/3828 3608/5141/4026
f 3517/5155/4040 5378/5154/4039 3608/5141/4026 1052/5140/4025
f 1088/5036/3921 3620/5035/3920 5379/5156/4041 3582/5157/4042
f 3620/5035/3920 962/5015/3900 3267/5017/3902 5379/5156/4041
f 5379/5156/4041 3267/5017/3902 963/5021/3906 3592/5145/4030
f 3582/5157/4042 5379/5156/4041 3592/5145/4030 1091/5144/4029
f 1007/5042/3927 3593/5041/3926 5380/5158/4043 3447/5159/4044
f 3593/5041/3926 935/4853/3738 3240/4855/3740 5380/5158/4043
f 5380/5158/4043 3240/4855/3740 936/4859/3744 3594/5151/4036
f 3447/5159/4044 5380/5158/4043 3594/5151/4036 1010/5150/4035
f 836/4401/3346 4294/4400/3345 5381/5160/4045 3142/4652/3537
f 4294/4400/3345 1318/4399/3344 4077/5161/4046 5381/5160/4045
f 5381/5160/4045 4077/5161/4046 1324/5162/4047 4295/5163/4048
f 3142/4652/3537 5381/5160/4045 4295/5163/4048 838/4653/3538
f 864/4809/3694 4322/5164/4049 5382/5165/4050 3169/4814/3699
f 4322/5164/4049 1402/5166/4051 4212/5167/4052 5382/5165/4050
f 5382/5165/4050 4212/5167/4052 1405/5168/4053 4323/5169/4054
f 3169/4814/3699 5382/5165/4050 4323/5169/4054 865/4815/3700
f 851/4731/3616 4309/5170/4055 5383/5171/4056 3156/4736/3621
f 4309/5170/4055 1363/5172/4057 4147/5173/4058 5383/5171/4056
f 5383/5171/4056 4147/5173/4058 1366/5174/4059 4310/5175/4060
f 3156/4736/3621 5383/5171/4056 4310/5175/4060 852/4737/3622
f 867/4827/3712 4296/5176/4061 5384/5177/4062 3172/4832/3717
f 4296/5176/4061 1411/5178/4063 4226/5179/4064 5384/5177/4062
f 5384/5177/4062 4226/5179/4064 1320/4397/3342 4293/4394/3339
f 3172/4832/3717 5384/5177/4062 4293/4394/3339 837/4393/3338
f 865/4815/3700 4323/5169/4054 5385/5180/4065 3170/4820/3705
f 4323/5169/4054 1405/5168/4053 4217/5181/4066 5385/5180/4065
f 5385/5180/4065 4217/5181/4066 1408/5182/4067 4324/5183/4068
f 3170/4820/3705 5385/5180/4065 4324/5183/4068 866/4821/3706
f 852/4737/3622 4310/5175/4060 5386/5184/4069 3157/4742/3627
f 4310/5175/4060 1366/5174/4059 4152/5185/4070 5386/5184/4069
f 5386/5184/4069 4152/5185/4070 1369/5186/4071 4311/5187/4072
f 3157/4742/3627 5386/5184/4069 4311/5187/4072 853/4743/3628
f 839/4659/3544 4297/5188/4073 5387/5189/4074 3144/4664/3549
f 4297/5188/4073 1327/5190/4075 4087/5191/4076 5387/5189/4074
f 5387/5189/4074 4087/5191/4076 1330/5192/4077 4298/5193/4078
f 3144/4664/3549 5387/5189/4074 4298/5193/4078 840/4665/3550
f 866/4821/3706 4324/5183/4068 5388/5194/4079 3171/4826/3711
f 4324/5183/4068 1408/5182/4067 4222/5195/4080 5388/5194/4079
f 5388/5194/4079 4222/5195/4080 1411/5178/4063 4296/5176/4061
f 3171/4826/3711 5388/5194/4079 4296/5176/4061 867/4827/3712
f 853/4743/3628 4311/5187/4072 5389/5196/4081 3158/4748/3633
f 4311/5187/4072 1369/5186/4071 4157/5197/4082 5389/5196/4081
f 5389/5196/4081 4157/5197/4082 1372/5198/4083 4312/5199/4084
f 3158/4748/3633 5389/5196/4081 4312/5199/4084 854/4749/3634
f 840/4665/3550 4298/5193/4078 5390/5200/4085 3145/4670/3555
f 4298/5193/4078 1330/5192/4077 4092/5201/4086 5390/5200/4085
f 5390/5200/4085 4092/5201/4086 1333/5202/4087 4299/5203/4088
f 3145/4670/3555 5390/5200/4085 4299/5203/4088 841/4671/3556
f 854/4749/3634 4312/5199/4084 5391/5204/4089 3159/4754/3639
f 4312/5199/4084 1372/5198/4083 4162/5205/4090 5391/5204/4089
f 5391/5204/4089 4162/5205/4090 1375/5206/4091 4313/5207/4092
f 3159/4754/3639 5391/5204/4089 4313/5207/4092 855/4755/3640
f 841/4671/3556 4299/5203/4088 5392/5208/4093 3146/4676/3561
f 4299/5203/4088 1333/5202/4087 4097/5209/4094 5392/5208/4093
f 5392/5208/4093 4097/5209/4094 1336/5210/4095 4300/5211/4096
f 3146/4676/3561 5392/5208/4093 4300/5211/4096 842/4677/3562
f 838/4653/3538 4295/5163/4048 5393/5212/4097 3143/4658/3543
f 4295/5163/4048 1324/5162/4047 4082/5213/4098 5393/5212/4097
f 5393/5212/4097 4082/5213/4098 1327/5190/4075 4297/5188/4073
f 3143/4658/3543 5393/5212/4097 4297/5188/4073 839/4659/3544
f 855/4755/3640 4313/5207/4092 5394/5214/4099 3160/4760/3645
f 4313/5207/4092 1375/5206/4091 4167/5215/4100 5394/5214/4099
f 5394/5214/4099 4167/5215/4100 1378/5216/4101 4314/5217/4102
f 3160/4760/3645 5394/5214/4099 4314/5217/4102 856/4761/3646
f 842/4677/3562 4300/5211/4096 5395/5218/4103 3147/4682/3567
f 4300/5211/4096 1336/5210/4095 4102/5219/4104 5395/5218/4103
f 5395/5218/4103 4102/5219/4104 1339/5220/4105 4301/5221/4106
f 3147/4682/3567 5395/5218/4103 4301/5221/4106 843/4683/3568
f 856/4761/3646 4314/5217/4102 5396/5222/4107 3161/4766/3651
f 4314/5217/4102 1378/5216/4101 4172/5223/4108 5396/5222/4107
f 5396/5222/4107 4172/5223/4108 1381/5224/4109 4315/5225/4110
f 3161/4766/3651 5396/5222/4107 4315/5225/4110 857/4767/3652
f 843/4683/3568 4301/5221/4106 5397/5226/4111 3148/4688/3573
f 4301/5221/4106 1339/5220/4105 4107/5227/4112 5397/5226/4111
f 5397/5226/4111 4107/5227/4112 1342/5228/4113 4302/5229/4114
f 3148/4688/3573 5397/5226/4111 4302/5229/4114 844/4689/3574
f 857/4767/3652 4315/5225/4110 5398/5230/4115 3162/4772/3657
f 4315/5225/4110 1381/5224/4109 4177/5231/4116 5398/5230/4115
f 5398/5230/4115 4177/5231/4116 1384/5232/4117 4316/5233/4118
f 3162/4772/3657 5398/5230/4115 4316/5233/4118 858/4773/3658
f 844/4689/3574 4302/5229/4114 5399/5234/4119 3149/4694/3579
f 4302/5229/4114 1342/5228/4113 4112/5235/4120 5399/5234/4119
f 5399/5234/4119 4112/5235/4120 1345/5236/4121 4303/5237/4122
f 3149/4694/3579 5399/5234/4119 4303/5237/4122 845/4695/3580
f 858/4773/3658 4316/5233/4118 5400/5238/4123 3163/4778/3663
f 4316/5233/4118 1384/5232/4117 4182/5239/4124 5400/5238/4123
f 5400/5238/4123 4182/5239/4124 1387/5240/4125 4317/5241/4126
f 3163/4778/3663 5400/5238/4123 4317/5241/4126 859/4779/3664
f 845/4695/3580 4303/5237/4122 5401/5242/4127 3150/4700/3585
f 4303/5237/4122 1345/5236/4121 4117/5243/4128 5401/5242/4127
f 5401/5242/4127 4117/5243/4128 1348/5244/4129 4304/5245/4130
f 3150/4700/3585 5401/5242/4127 4304/5245/4130 846/4701/3586
f 859/4779/3664 4317/5241/4126 5402/5246/4131 3164/4784/3669
f 4317/5241/4126 1387/5240/4125 4187/5247/4132 5402/5246/4131
f 5402/5246/4131 4187/5247/4132 1390/5248/4133 4318/5249/4134
f 3164/4784/3669 5402/5246/4131 4318/5249/4134 860/4785/3670
f 846/4701/3586 4304/5245/4130 5403/5250/4135 3151/4706/3591
f 4304/5245/4130 1348/5244/4129 4122/5251/4136 5403/5250/4135
f 5403/5250/4135 4122/5251/4136 1351/5252/4137 4305/5253/4138
f 3151/4706/3591 5403/5250/4135 4305/5253/4138 847/4707/3592
f 860/4785/3670 4318/5249/4134 5404/5254/4139 3165/4790/3675
f 4318/5249/4134 1390/5248/4133 4192/5255/4140 5404/5254/4139
f 5404/5254/4139 4192/5255/4140 1393/5256/4141 4319/5257/4142
f 3165/4790/3675 5404/5254/4139 4319/5257/4142 861/4791/3676
f 847/4707/3592 4305/5253/4138 5405/5258/4143 3152/4712/3597
f 4305/5253/4138 1351/5252/4137 4127/5259/4144 5405/5258/4143
f 5405/5258/4143 4127/5259/4144 1354/5260/4145 4306/5261/4146
f 3152/4712/3597 5405/5258/4143 4306/5261/4146 848/4713/3598
f 861/4791/3676 4319/5257/4142 5406/5262/4147 3166/4796/3681
f 4319/5257/4142 1393/5256/4141 4197/5263/4148 5406/5262/4147
f 5406/5262/4147 4197/5263/4148 1396/5264/4149 4320/5265/4150
f 3166/4796/3681 5406/5262/4147 4320/5265/4150 862/4797/3682
f 848/4713/3598 4306/5261/4146 5407/5266/4151 3153/4718/3603
f 4306/5261/4146 1354/5260/4145 4132/5267/4152 5407/5266/4151
f 5407/5266/4151 4132/5267/4152 1357/5268/4153 4307/5269/4154
f 3153/4718/3603 5407/5266/4151 4307/5269/4154 849/4719/3604
f 862/4797/3682 4320/5265/4150 5408/5270/4155 3167/4802/3687
f 4320/5265/4150 1396/5264/4149 4202/5271/4156 5408/5270/4155
f 5408/5270/4155 4202/5271/4156 1399/5272/4157 4321/5273/4158
f 3167/4802/3687 5408/5270/4155 4321/5273/4158 863/4803/3688
f 849/4719/3604 4307/5269/4154 5409/5274/4159 3154/4724/3609
f 4307/5269/4154 1357/5268/4153 4137/5275/4160 5409/5274/4159
f 5409/5274/4159 4137/5275/4160 1360/5276/4161 4308/5277/4162
f 3154/4724/3609 5409/5274/4159 4308/5277/4162 850/4725/3610
f 863/4803/3688 4321/5273/4158 5410/5278/4163 3168/4808/3693
f 4321/5273/4158 1399/5272/4157 4207/5279/4164 5410/5278/4163
f 5410/5278/4163 4207/5279/4164 1402/5166/4051 4322/5164/4049
f 3168/4808/3693 5410/5278/4163 4322/5164/4049 864/4809/3694
f 850/4725/3610 4308/5277/4162 5411/5280/4165 3155/4730/3615
f 4308/5277/4162 1360/5276/4161 4142/5281/4166 5411/5280/4165
f 5411/5280/4165 4142/5281/4166 1363/5172/4057 4309/5170/4055
f 3155/4730/3615 5411/5280/4165 4309/5170/4055 851/4731/3616
f 1444/5282/4167 3332/5283/4168 5412/5284/4169 4388/5285/4170
f 3332/5283/4168 931/4829/3714 3333/4831/3716 5412/5284/4169
f 5412/5284/4169 3333/4831/3716 900/4644/3529 4325/5286/4171
f 4388/5285/4170 5412/5284/4169 4325/5286/4171 1413/5287/4172
f 1443/5288/4173 3331/5289/4174 5413/5290/4175 4387/5291/4176
f 3331/5289/4174 930/4823/3708 3334/4825/3710 5413/5290/4175
f 5413/5290/4175 3334/4825/3710 931/4829/3714 3332/5283/4168
f 4387/5291/4176 5413/5290/4175 3332/5283/4168 1444/5282/4167
f 1442/5292/4177 3330/5293/4178 5414/5294/4179 4386/5295/4180
f 3330/5293/4178 929/4817/3702 3335/4819/3704 5414/5294/4179
f 5414/5294/4179 3335/4819/3704 930/4823/3708 3331/5289/4174
f 4386/5295/4180 5414/5294/4179 3331/5289/4174 1443/5288/4173
f 1441/5296/4181 3329/5297/4182 5415/5298/4183 4385/5299/4184
f 3329/5297/4182 928/4811/3696 3336/4813/3698 5415/5298/4183
f 5415/5298/4183 3336/4813/3698 929/4817/3702 3330/5293/4178
f 4385/5299/4184 5415/5298/4183 3330/5293/4178 1442/5292/4177
f 1440/5300/4185 3328/5301/4186 5416/5302/4187 4384/5303/4188
f 3328/5301/4186 927/4805/3690 3337/4807/3692 5416/5302/4187
f 5416/5302/4187 3337/4807/3692 928/4811/3696 3329/5297/4182
f 4384/5303/4188 5416/5302/4187 3329/5297/4182 1441/5296/4181
f 1439/5304/4189 3327/5305/4190 5417/5306/4191 4383/5307/4192
f 3327/5305/4190 926/4799/3684 3338/4801/3686 5417/5306/4191
f 5417/5306/4191 3338/4801/3686 927/4805/3690 3328/5301/4186
f 4383/5307/4192 5417/5306/4191 3328/5301/4186 1440/5300/4185
f 1438/5308/4193 3326/5309/4194 5418/5310/4195 4382/5311/4196
f 3326/5309/4194 925/4793/3678 3339/4795/3680 5418/5310/4195
f 5418/5310/4195 3339/4795/3680 926/4799/3684 3327/5305/4190
f 4382/5311/4196 5418/5310/4195 3327/5305/4190 1439/5304/4189
f 1437/5312/4197 3325/5313/4198 5419/5314/4199 4381/5315/4200
f 3325/5313/4198 924/4787/3672 3340/4789/3674 5419/5314/4199
f 5419/5314/4199 3340/4789/3674 925/4793/3678 3326/5309/4194
f 4381/5315/4200 5419/5314/4199 3326/5309/4194 1438/5308/4193
f 1436/5316/4201 3324/5317/4202 5420/5318/4203 4380/5319/4204
f 3324/5317/4202 923/4781/3666 3341/4783/3668 5420/5318/4203
f 5420/5318/4203 3341/4783/3668 924/4787/3672 3325/5313/4198
f 4380/5319/4204 5420/5318/4203 3325/5313/4198 1437/5312/4197
f 1435/5320/4205 3323/5321/4206 5421/5322/4207 4379/5323/4208
f 3323/5321/4206 922/4775/3660 3342/4777/3662 5421/5322/4207
f 5421/5322/4207 3342/4777/3662 923/4781/3666 3324/5317/4202
f 4379/5323/4208 5421/5322/4207 3324/5317/4202 1436/5316/4201
f 1434/5324/4209 3322/5325/4210 5422/5326/4211 4378/5327/4212
f 3322/5325/4210 921/4769/3654 3343/4771/3656 5422/5326/4211
f 5422/5326/4211 3343/4771/3656 922/4775/3660 3323/5321/4206
f 4378/5327/4212 5422/5326/4211 3323/5321/4206 1435/5320/4205
f 1433/5328/4213 3321/5329/4214 5423/5330/4215 4377/5331/4216
f 3321/5329/4214 920/4763/3648 3344/4765/3650 5423/5330/4215
f 5423/5330/4215 3344/4765/3650 921/4769/3654 3322/5325/4210
f 4377/5331/4216 5423/5330/4215 3322/5325/4210 1434/5324/4209
f 1432/5332/4217 3320/5333/4218 5424/5334/4219 4376/5335/4220
f 3320/5333/4218 919/4757/3642 3345/4759/3644 5424/5334/4219
f 5424/5334/4219 3345/4759/3644 920/4763/3648 3321/5329/4214
f 4376/5335/4220 5424/5334/4219 3321/5329/4214 1433/5328/4213
f 1431/5336/4221 3319/5337/4222 5425/5338/4223 4375/5339/4224
f 3319/5337/4222 918/4751/3636 3346/4753/3638 5425/5338/4223
f 5425/5338/4223 3346/4753/3638 919/4757/3642 3320/5333/4218
f 4375/5339/4224 5425/5338/4223 3320/5333/4218 1432/5332/4217
f 1430/5340/4225 3318/5341/4226 5426/5342/4227 4374/5343/4228
f 3318/5341/4226 917/4745/3630 3347/4747/3632 5426/5342/4227
f 5426/5342/4227 3347/4747/3632 918/4751/3636 3319/5337/4222
f 4374/5343/4228 5426/5342/4227 3319/5337/4222 1431/5336/4221
f 1429/5344/4229 3317/5345/4230 5427/5346/4231 4373/5347/4232
f 3317/5345/4230 916/4739/3624 3348/4741/3626 5427/5346/4231
f 5427/5346/4231 3348/4741/3626 917/4745/3630 3318/5341/4226
f 4373/5347/4232 5427/5346/4231 3318/5341/4226 1430/5340/4225
f 1428/5348/4233 3316/5349/4234 5428/5350/4235 4372/5351/4236
f 3316/5349/4234 915/4733/3618 3349/4735/3620 5428/5350/4235
f 5428/5350/4235 3349/4735/3620 916/4739/3624 3317/5345/4230
f 4372/5351/4236 5428/5350/4235 3317/5345/4230 1429/5344/4229
f 1427/5352/4237 3315/5353/4238 5429/5354/4239 4371/5355/4240
f 3315/5353/4238 914/4727/3612 3350/4729/3614 5429/5354/4239
f 5429/5354/4239 3350/4729/3614 915/4733/3618 3316/5349/4234
f 4371/5355/4240 5429/5354/4239 3316/5349/4234 1428/5348/4233
f 1426/5356/4241 3314/5357/4242 5430/5358/4243 4370/5359/4244
f 3314/5357/4242 913/4721/3606 3351/4723/3608 5430/5358/4243
f 5430/5358/4243 3351/4723/3608 914/4727/3612 3315/5353/4238
f 4370/5359/4244 5430/5358/4243 3315/5353/4238 1427/5352/4237
f 1425/5360/4245 3313/5361/4246 5431/5362/4247 4369/5363/4248
f 3313/5361/4246 912/4715/3600 3352/4717/3602 5431/5362/4247
f 5431/5362/4247 3352/4717/3602 913/4721/3606 3314/5357/4242
f 4369/5363/4248 5431/5362/4247 3314/5357/4242 1426/5356/4241
f 1424/5364/4249 3312/5365/4250 5432/5366/4251 4368/5367/4252
f 3312/5365/4250 911/4709/3594 3353/4711/3596 5432/5366/4251
f 5432/5366/4251 3353/4711/3596 912/4715/3600 3313/5361/4246
f 4368/5367/4252 5432/5366/4251 3313/5361/4246 1425/5360/4245
f 1423/5368/4253 3311/5369/4254 5433/5370/4255 4367/5371/4256
f 3311/5369/4254 910/4703/3588 3354/4705/3590 5433/5370/4255
f 5433/5370/4255 3354/4705/3590 911/4709/3594 3312/5365/4250
f 4367/5371/4256 5433/5370/4255 3312/5365/4250 1424/5364/4249
f 1422/5372/4257 3310/5373/4258 5434/5374/4259 4366/5375/4260
f 3310/5373/4258 909/4697/3582 3355/4699/3584 5434/5374/4259
f 5434/5374/4259 3355/4699/3584 910/4703/3588 3311/5369/4254
f 4366/5375/4260 5434/5374/4259 3311/5369/4254 1423/5368/4253
f 1421/5376/4261 3309/5377/4262 5435/5378/4263 4365/5379/4264
f 3309/5377/4262 908/4691/3576 3356/4693/3578 5435/5378/4263
f 5435/5378/4263 3356/4693/3578 909/4697/3582 3310/5373/4258
f 4365/5379/4264 5435/5378/4263 3310/5373/4258 1422/5372/4257
f 1420/5380/4265 3308/5381/4266 5436/5382/4267 4364/5383/4268
f 3308/5381/4266 907/4685/3570 3357/4687/3572 5436/5382/4267
f 5436/5382/4267 3357/4687/3572 908/4691/3576 3309/5377/4262
f 4364/5383/4268 5436/5382/4267 3309/5377/4262 1421/5376/4261
f 1419/5384/4269 3307/5385/4270 5437/5386/4271 4363/5387/4272
f 3307/5385/4270 906/4679/3564 3358/4681/3566 5437/5386/4271
f 5437/5386/4271 3358/4681/3566 907/4685/3570 3308/5381/4266
f 4363/5387/4272 5437/5386/4271 3308/5381/4266 1420/5380/4265
f 1418/5388/4273 3306/5389/4274 5438/5390/4275 4362/5391/4276
f 3306/5389/4274 905/4673/3558 3359/4675/3560 5438/5390/4275
f 5438/5390/4275 3359/4675/3560 906/4679/3564 3307/5385/4270
f 4362/5391/4276 5438/5390/4275 3307/5385/4270 1419/5384/4269
f 1417/5392/4277 3305/5393/4278 5439/5394/4279 4361/5395/4280
f 3305/5393/4278 904/4667/3552 3360/4669/3554 5439/5394/4279
f 5439/5394/4279 3360/4669/3554 905/4673/3558 3306/5389/4274
f 4361/5395/4280 5439/5394/4279 3306/5389/4274 1418/5388/4273
f 1416/5396/4281 3304/5397/4282 5440/5398/4283 4360/5399/4284
f 3304/5397/4282 903/4661/3546 3361/4663/3548 5440/5398/4283
f 5440/5398/4283 3361/4663/3548 904/4667/3552 3305/5393/4278
f 4360/5399/4284 5440/5398/4283 3305/5393/4278 1417/5392/4277
f 1415/5400/4285 3303/5401/4286 5441/5402/4287 4359/5403/4288
f 3303/5401/4286 902/4655/3540 3362/4657/3542 5441/5402/4287
f 5441/5402/4287 3362/4657/3542 903/4661/3546 3304/5397/4282
f 4359/5403/4288 5441/5402/4287 3304/5397/4282 1416/5396/4281
f 1414/5404/4289 3302/5405/4290 5442/5406/4291 4358/5407/4292
f 3302/5405/4290 901/4649/3534 3363/4651/3536 5442/5406/4291
f 5442/5406/4291 3363/4651/3536 902/4655/3540 3303/5401/4286
f 4358/5407/4292 5442/5406/4291 3303/5401/4286 1415/5400/4285
f 1413/5287/4172 4325/5286/4171 5443/5408/4293 4357/5409/4294
f 4325/5286/4171 900/4644/3529 3364/4647/3532 5443/5408/4293
f 5443/5408/4293 3364/4647/3532 901/4649/3534 3302/5405/4290
f 4357/5409/4294 5443/5408/4293 3302/5405/4290 1414/5404/4289
f 1001/5410/4295 3878/5411/4296 5444/5412/4297 3588/5413/4298
f 3878/5411/4296 1159/5414/4299 3715/5415/4300 5444/5412/4297
f 5444/5412/4297 3715/5415/4300 1220/5416/4301 3880/5417/4302
f 3588/5413/4298 5444/5412/4297 3880/5417/4302 1090/5418/4303
f 1000/5149/4034 3591/5148/4033 5445/5419/4304 3430/5420/4305
f 3591/5148/4033 933/4833/3718 3237/4836/3721 5445/5419/4304
f 5445/5419/4304 3237/4836/3721 932/4841/3726 3589/5069/3954
f 3430/5420/4305 5445/5419/4304 3589/5069/3954 998/5068/3953
f 1012/5421/4306 3883/5422/4307 5446/5423/4308 3455/5424/4309
f 3883/5422/4307 1168/5425/4310 3635/5426/4311 5446/5423/4308
f 5446/5423/4308 3635/5426/4311 1166/5427/4312 3882/5428/4313
f 3455/5424/4309 5446/5423/4308 3882/5428/4313 1009/5429/4314
f 1015/5430/4315 3884/5431/4316 5447/5432/4317 3460/5433/4318
f 3884/5431/4316 1170/5434/4319 3638/5435/4320 5447/5432/4317
f 5447/5432/4317 3638/5435/4320 1168/5425/4310 3883/5422/4307
f 3460/5433/4318 5447/5432/4317 3883/5422/4307 1012/5421/4306
f 1018/5436/4321 3885/5437/4322 5448/5438/4323 3465/5439/4324
f 3885/5437/4322 1172/5440/4325 3641/5441/4326 5448/5438/4323
f 5448/5438/4323 3641/5441/4326 1170/5434/4319 3884/5431/4316
f 3465/5439/4324 5448/5438/4323 3884/5431/4316 1015/5430/4315
f 1021/5442/4327 3886/5443/4328 5449/5444/4329 3470/5445/4330
f 3886/5443/4328 1174/5446/4331 3644/5447/4332 5449/5444/4329
f 5449/5444/4329 3644/5447/4332 1172/5440/4325 3885/5437/4322
f 3470/5445/4330 5449/5444/4329 3885/5437/4322 1018/5436/4321
f 1024/5448/4333 3887/5449/4334 5450/5450/4335 3475/5451/4336
f 3887/5449/4334 1176/5452/4337 3647/5453/4338 5450/5450/4335
f 5450/5450/4335 3647/5453/4338 1174/5446/4331 3886/5443/4328
f 3475/5451/4336 5450/5450/4335 3886/5443/4328 1021/5442/4327
f 1027/5454/4339 3888/5455/4340 5451/5456/4341 3480/5457/4342
f 3888/5455/4340 1178/5458/4343 3650/5459/4344 5451/5456/4341
f 5451/5456/4341 3650/5459/4344 1176/5452/4337 3887/5449/4334
f 3480/5457/4342 5451/5456/4341 3887/5449/4334 1024/5448/4333
f 1030/5460/4345 3889/5461/4346 5452/5462/4347 3485/5463/4348
f 3889/5461/4346 1180/5464/4349 3653/5465/4350 5452/5462/4347
f 5452/5462/4347 3653/5465/4350 1178/5458/4343 3888/5455/4340
f 3485/5463/4348 5452/5462/4347 3888/5455/4340 1027/5454/4339
f 1033/5466/4351 3890/5467/4352 5453/5468/4353 3490/5469/4354
f 3890/5467/4352 1182/5470/4355 3656/5471/4356 5453/5468/4353
f 5453/5468/4353 3656/5471/4356 1180/5464/4349 3889/5461/4346
f 3490/5469/4354 5453/5468/4353 3889/5461/4346 1030/5460/4345
f 1036/5472/4357 3891/5473/4358 5454/5474/4359 3495/5475/4360
f 3891/5473/4358 1184/5476/4361 3659/5477/4362 5454/5474/4359
f 5454/5474/4359 3659/5477/4362 1182/5470/4355 3890/5467/4352
f 3495/5475/4360 5454/5474/4359 3890/5467/4352 1033/5466/4351
f 1039/5478/4363 3892/5479/4364 5455/5480/4365 3500/5481/4366
f 3892/5479/4364 1186/5482/4367 3662/5483/4368 5455/5480/4365
f 5455/5480/4365 3662/5483/4368 1184/5476/4361 3891/5473/4358
f 3500/5481/4366 5455/5480/4365 3891/5473/4358 1036/5472/4357
f 1042/5484/4369 3893/5485/4370 5456/5486/4371 3505/5487/4372
f 3893/5485/4370 1188/5488/4373 3665/5489/4374 5456/5486/4371
f 5456/5486/4371 3665/5489/4374 1186/5482/4367 3892/5479/4364
f 3505/5487/4372 5456/5486/4371 3892/5479/4364 1039/5478/4363
f 1045/5490/4375 3894/5491/4376 5457/5492/4377 3510/5493/4378
f 3894/5491/4376 1190/5494/4379 3668/5495/4380 5457/5492/4377
f 5457/5492/4377 3668/5495/4380 1188/5488/4373 3893/5485/4370
f 3510/5493/4378 5457/5492/4377 3893/5485/4370 1042/5484/4369
f 1048/5496/4381 3895/5497/4382 5458/5498/4383 3515/5499/4384
f 3895/5497/4382 1192/5500/4385 3671/5501/4386 5458/5498/4383
f 5458/5498/4383 3671/5501/4386 1190/5494/4379 3894/5491/4376
f 3515/5499/4384 5458/5498/4383 3894/5491/4376 1045/5490/4375
f 1051/5502/4387 3896/5503/4388 5459/5504/4389 3520/5505/4390
f 3896/5503/4388 1194/5506/4391 3674/5507/4392 5459/5504/4389
f 5459/5504/4389 3674/5507/4392 1192/5500/4385 3895/5497/4382
f 3520/5505/4390 5459/5504/4389 3895/5497/4382 1048/5496/4381
f 1054/5508/4393 3897/5509/4394 5460/5510/4395 3525/5511/4396
f 3897/5509/4394 1196/5512/4397 3677/5513/4398 5460/5510/4395
f 5460/5510/4395 3677/5513/4398 1194/5506/4391 3896/5503/4388
f 3525/5511/4396 5460/5510/4395 3896/5503/4388 1051/5502/4387
f 1057/5514/4399 3898/5515/4400 5461/5516/4401 3530/5517/4402
f 3898/5515/4400 1198/5518/4403 3680/5519/4404 5461/5516/4401
f 5461/5516/4401 3680/5519/4404 1196/5512/4397 3897/5509/4394
f 3530/5517/4402 5461/5516/4401 3897/5509/4394 1054/5508/4393
f 1060/5520/4405 3899/5521/4406 5462/5522/4407 3535/5523/4408
f 3899/5521/4406 1200/5524/4409 3683/5525/4410 5462/5522/4407
f 5462/5522/4407 3683/5525/4410 1198/5518/4403 3898/5515/4400
f 3535/5523/4408 5462/5522/4407 3898/5515/4400 1057/5514/4399
f 1063/5526/4411 3900/5527/4412 5463/5528/4413 3540/5529/4414
f 3900/5527/4412 1202/5530/4415 3686/5531/4416 5463/5528/4413
f 5463/5528/4413 3686/5531/4416 1200/5524/4409 3899/5521/4406
f 3540/5529/4414 5463/5528/4413 3899/5521/4406 1060/5520/4405
f 1066/5532/4417 3901/5533/4418 5464/5534/4419 3545/5535/4420
f 3901/5533/4418 1204/5536/4421 3689/5537/4422 5464/5534/4419
f 5464/5534/4419 3689/5537/4422 1202/5530/4415 3900/5527/4412
f 3545/5535/4420 5464/5534/4419 3900/5527/4412 1063/5526/4411
f 1069/5538/4423 3902/5539/4424 5465/5540/4425 3550/5541/4426
f 3902/5539/4424 1206/5542/4427 3692/5543/4428 5465/5540/4425
f 5465/5540/4425 3692/5543/4428 1204/5536/4421 3901/5533/4418
f 3550/5541/4426 5465/5540/4425 3901/5533/4418 1066/5532/4417
f 1072/5544/4429 3903/5545/4430 5466/5546/4431 3555/5547/4432
f 3903/5545/4430 1208/5548/4433 3695/5549/4434 5466/5546/4431
f 5466/5546/4431 3695/5549/4434 1206/5542/4427 3902/5539/4424
f 3555/5547/4432 5466/5546/4431 3902/5539/4424 1069/5538/4423
f 1075/5550/4435 3904/5551/4436 5467/5552/4437 3560/5553/4438
f 3904/5551/4436 1210/5554/4439 3698/5555/4440 5467/5552/4437
f 5467/5552/4437 3698/5555/4440 1208/5548/4433 3903/5545/4430
f 3560/5553/4438 5467/5552/4437 3903/5545/4430 1072/5544/4429
f 1078/5556/4441 3905/5557/4442 5468/5558/4443 3565/5559/4444
f 3905/5557/4442 1212/5560/4445 3701/5561/4446 5468/5558/4443
f 5468/5558/4443 3701/5561/4446 1210/5554/4439 3904/5551/4436
f 3565/5559/4444 5468/5558/4443 3904/5551/4436 1075/5550/4435
f 1081/5562/4447 3906/5563/4448 5469/5564/4449 3570/5565/4450
f 3906/5563/4448 1214/5566/4451 3704/5567/4452 5469/5564/4449
f 5469/5564/4449 3704/5567/4452 1212/5560/4445 3905/5557/4442
f 3570/5565/4450 5469/5564/4449 3905/5557/4442 1078/5556/4441
f 1084/5568/4453 3907/5569/4454 5470/5570/4455 3575/5571/4456
f 3907/5569/4454 1216/5572/4457 3707/5573/4458 5470/5570/4455
f 5470/5570/4455 3707/5573/4458 1214/5566/4451 3906/5563/4448
f 3575/5571/4456 5470/5570/4455 3906/5563/4448 1081/5562/4447
f 1087/5574/4459 3908/5575/4460 5471/5576/4461 3580/5577/4462
f 3908/5575/4460 1218/5578/4463 3710/5579/4464 5471/5576/4461
f 5471/5576/4461 3710/5579/4464 1216/5572/4457 3907/5569/4454
f 3580/5577/4462 5471/5576/4461 3907/5569/4454 1084/5568/4453
f 1090/5418/4303 3880/5417/4302 5472/5580/4465 3585/5581/4466
f 3880/5417/4302 1220/5416/4301 3713/5582/4467 5472/5580/4465
f 5472/5580/4465 3713/5582/4467 1218/5578/4463 3908/5575/4460
f 3585/5581/4466 5472/5580/4465 3908/5575/4460 1087/5574/4459
f 1009/5429/4314 3882/5428/4313 5473/5583/4468 3450/5584/4469
f 3882/5428/4313 1166/5427/4312 3632/5585/4470 5473/5583/4468
f 5473/5583/4468 3632/5585/4470 1164/5055/3940 3881/5052/3937
f 3450/5584/4469 5473/5583/4468 3881/5052/3937 1006/5051/3936
f 1128/5586/4471 3850/5587/4472 5474/5588/4473 3770/5589/4474
f 3850/5587/4472 1191/5590/4475 3675/5591/4476 5474/5588/4473
f 5474/5588/4473 3675/5591/4476 1193/5592/4477 3852/5593/4478
f 3770/5589/4474 5474/5588/4473 3852/5593/4478 1130/5594/4479
f 1154/5595/4480 3876/5596/4481 5475/5597/4482 3809/5598/4483
f 3876/5596/4481 1217/5599/4484 3714/5600/4485 5475/5597/4482
f 5475/5597/4482 3714/5600/4485 1219/5601/4486 3820/5602/4487
f 3809/5598/4483 5475/5597/4482 3820/5602/4487 1156/5603/4488
f 1100/5604/4489 3822/5605/4490 5476/5606/4491 3728/5607/4492
f 3822/5605/4490 1163/5608/4493 3633/5609/4494 5476/5606/4491
f 5476/5606/4491 3633/5609/4494 1165/5610/4495 3824/5611/4496
f 3728/5607/4492 5476/5606/4491 3824/5611/4496 1102/5612/4497
f 1126/5613/4498 3848/5614/4499 5477/5615/4500 3767/5616/4501
f 3848/5614/4499 1189/5617/4502 3672/5618/4503 5477/5615/4500
f 5477/5615/4500 3672/5618/4503 1191/5590/4475 3850/5587/4472
f 3767/5616/4501 5477/5615/4500 3850/5587/4472 1128/5586/4471
f 1152/5619/4504 3874/5620/4505 5478/5621/4506 3806/5622/4507
f 3874/5620/4505 1215/5623/4508 3711/5624/4509 5478/5621/4506
f 5478/5621/4506 3711/5624/4509 1217/5599/4484 3876/5596/4481
f 3806/5622/4507 5478/5621/4506 3876/5596/4481 1154/5595/4480
f 1098/5625/4510 3816/5626/4511 5479/5627/4512 3725/5628/4513
f 3816/5626/4511 1161/5629/4514 3630/5630/4515 5479/5627/4512
f 5479/5627/4512 3630/5630/4515 1163/5608/4493 3822/5605/4490
f 3725/5628/4513 5479/5627/4512 3822/5605/4490 1100/5604/4489
f 1124/5631/4516 3846/5632/4517 5480/5633/4518 3764/5634/4519
f 3846/5632/4517 1187/5635/4520 3669/5636/4521 5480/5633/4518
f 5480/5633/4518 3669/5636/4521 1189/5617/4502 3848/5614/4499
f 3764/5634/4519 5480/5633/4518 3848/5614/4499 1126/5613/4498
f 1150/5637/4522 3872/5638/4523 5481/5639/4524 3803/5640/4525
f 3872/5638/4523 1213/5641/4526 3708/5642/4527 5481/5639/4524
f 5481/5639/4524 3708/5642/4527 1215/5623/4508 3874/5620/4505
f 3803/5640/4525 5481/5639/4524 3874/5620/4505 1152/5619/4504
f 1096/5643/4528 3814/5644/4529 5482/5645/4530 3812/5646/4531
f 3814/5644/4529 966/5647/4532 3428/5648/4533 5482/5645/4530
f 5482/5645/4530 3428/5648/4533 996/5649/4534 3819/5650/4535
f 3812/5646/4531 5482/5645/4530 3819/5650/4535 1155/5651/4536
f 1122/5652/4537 3844/5653/4538 5483/5654/4539 3761/5655/4540
f 3844/5653/4538 1185/5656/4541 3666/5657/4542 5483/5654/4539
f 5483/5654/4539 3666/5657/4542 1187/5635/4520 3846/5632/4517
f 3761/5655/4540 5483/5654/4539 3846/5632/4517 1124/5631/4516
f 1148/5658/4543 3870/5659/4544 5484/5660/4545 3800/5661/4546
f 3870/5659/4544 1211/5662/4547 3705/5663/4548 5484/5660/4545
f 5484/5660/4545 3705/5663/4548 1213/5641/4526 3872/5638/4523
f 3800/5661/4546 5484/5660/4545 3872/5638/4523 1150/5637/4522
f 1094/5664/4549 3815/5665/4550 5485/5666/4551 3722/5667/4552
f 3815/5665/4550 1157/5668/4553 3627/5669/4554 5485/5666/4551
f 5485/5666/4551 3627/5669/4554 1161/5629/4514 3816/5626/4511
f 3722/5667/4552 5485/5666/4551 3816/5626/4511 1098/5625/4510
f 1120/5670/4555 3842/5671/4556 5486/5672/4557 3758/5673/4558
f 3842/5671/4556 1183/5674/4559 3663/5675/4560 5486/5672/4557
f 5486/5672/4557 3663/5675/4560 1185/5656/4541 3844/5653/4538
f 3758/5673/4558 5486/5672/4557 3844/5653/4538 1122/5652/4537
f 1146/5676/4561 3868/5677/4562 5487/5678/4563 3797/5679/4564
f 3868/5677/4562 1209/5680/4565 3702/5681/4566 5487/5678/4563
f 5487/5678/4563 3702/5681/4566 1211/5662/4547 3870/5659/4544
f 3797/5679/4564 5487/5678/4563 3870/5659/4544 1148/5658/4543
f 1118/5682/4567 3840/5683/4568 5488/5684/4569 3755/5685/4570
f 3840/5683/4568 1181/5686/4571 3660/5687/4572 5488/5684/4569
f 5488/5684/4569 3660/5687/4572 1183/5674/4559 3842/5671/4556
f 3755/5685/4570 5488/5684/4569 3842/5671/4556 1120/5670/4555
f 1144/5688/4573 3866/5689/4574 5489/5690/4575 3794/5691/4576
f 3866/5689/4574 1207/5692/4577 3699/5693/4578 5489/5690/4575
f 5489/5690/4575 3699/5693/4578 1209/5680/4565 3868/5677/4562
f 3794/5691/4576 5489/5690/4575 3868/5677/4562 1146/5676/4561
f 1116/5694/4579 3838/5695/4580 5490/5696/4581 3752/5697/4582
f 3838/5695/4580 1179/5698/4583 3657/5699/4584 5490/5696/4581
f 5490/5696/4581 3657/5699/4584 1181/5686/4571 3840/5683/4568
f 3752/5697/4582 5490/5696/4581 3840/5683/4568 1118/5682/4567
f 1142/5700/4585 3864/5701/4586 5491/5702/4587 3791/5703/4588
f 3864/5701/4586 1205/5704/4589 3696/5705/4590 5491/5702/4587
f 5491/5702/4587 3696/5705/4590 1207/5692/4577 3866/5689/4574
f 3791/5703/4588 5491/5702/4587 3866/5689/4574 1144/5688/4573
f 1114/5706/4591 3836/5707/4592 5492/5708/4593 3749/5709/4594
f 3836/5707/4592 1177/5710/4595 3654/5711/4596 5492/5708/4593
f 5492/5708/4593 3654/5711/4596 1179/5698/4583 3838/5695/4580
f 3749/5709/4594 5492/5708/4593 3838/5695/4580 1116/5694/4579
f 1140/5712/4597 3862/5713/4598 5493/5714/4599 3788/5715/4600
f 3862/5713/4598 1203/5716/4601 3693/5717/4602 5493/5714/4599
f 5493/5714/4599 3693/5717/4602 1205/5704/4589 3864/5701/4586
f 3788/5715/4600 5493/5714/4599 3864/5701/4586 1142/5700/4585
f 1112/5718/4603 3834/5719/4604 5494/5720/4605 3746/5721/4606
f 3834/5719/4604 1175/5722/4607 3651/5723/4608 5494/5720/4605
f 5494/5720/4605 3651/5723/4608 1177/5710/4595 3836/5707/4592
f 3746/5721/4606 5494/5720/4605 3836/5707/4592 1114/5706/4591
f 1138/5724/4609 3860/5725/4610 5495/5726/4611 3785/5727/4612
f 3860/5725/4610 1201/5728/4613 3690/5729/4614 5495/5726/4611
f 5495/5726/4611 3690/5729/4614 1203/5716/4601 3862/5713/4598
f 3785/5727/4612 5495/5726/4611 3862/5713/4598 1140/5712/4597
f 1110/5730/4615 3832/5731/4616 5496/5732/4617 3743/5733/4618
f 3832/5731/4616 1173/5734/4619 3648/5735/4620 5496/5732/4617
f 5496/5732/4617 3648/5735/4620 1175/5722/4607 3834/5719/4604
f 3743/5733/4618 5496/5732/4617 3834/5719/4604 1112/5718/4603
f 1136/5736/4621 3858/5737/4622 5497/5738/4623 3782/5739/4624
f 3858/5737/4622 1199/5740/4625 3687/5741/4626 5497/5738/4623
f 5497/5738/4623 3687/5741/4626 1201/5728/4613 3860/5725/4610
f 3782/5739/4624 5497/5738/4623 3860/5725/4610 1138/5724/4609
f 1108/5742/4627 3830/5743/4628 5498/5744/4629 3740/5745/4630
f 3830/5743/4628 1171/5746/4631 3645/5747/4632 5498/5744/4629
f 5498/5744/4629 3645/5747/4632 1173/5734/4619 3832/5731/4616
f 3740/5745/4630 5498/5744/4629 3832/5731/4616 1110/5730/4615
f 1134/5748/4633 3856/5749/4634 5499/5750/4635 3779/5751/4636
f 3856/5749/4634 1197/5752/4637 3684/5753/4638 5499/5750/4635
f 5499/5750/4635 3684/5753/4638 1199/5740/4625 3858/5737/4622
f 3779/5751/4636 5499/5750/4635 3858/5737/4622 1136/5736/4621
f 1106/5754/4639 3828/5755/4640 5500/5756/4641 3737/5757/4642
f 3828/5755/4640 1169/5758/4643 3642/5759/4644 5500/5756/4641
f 5500/5756/4641 3642/5759/4644 1171/5746/4631 3830/5743/4628
f 3737/5757/4642 5500/5756/4641 3830/5743/4628 1108/5742/4627
f 1132/5760/4645 3854/5761/4646 5501/5762/4647 3776/5763/4648
f 3854/5761/4646 1195/5764/4649 3681/5765/4650 5501/5762/4647
f 5501/5762/4647 3681/5765/4650 1197/5752/4637 3856/5749/4634
f 3776/5763/4648 5501/5762/4647 3856/5749/4634 1134/5748/4633
f 1104/5766/4651 3826/5767/4652 5502/5768/4653 3734/5769/4654
f 3826/5767/4652 1167/5770/4655 3639/5771/4656 5502/5768/4653
f 5502/5768/4653 3639/5771/4656 1169/5758/4643 3828/5755/4640
f 3734/5769/4654 5502/5768/4653 3828/5755/4640 1106/5754/4639
f 1130/5594/4479 3852/5593/4478 5503/5772/4657 3773/5773/4658
f 3852/5593/4478 1193/5592/4477 3678/5774/4659 5503/5772/4657
f 5503/5772/4657 3678/5774/4659 1195/5764/4649 3854/5761/4646
f 3773/5773/4658 5503/5772/4657 3854/5761/4646 1132/5760/4645
f 1156/5603/4488 3820/5602/4487 5504/5775/4660 3811/5776/4661
f 3820/5602/4487 1219/5601/4486 3716/5777/4662 5504/5775/4660
f 5504/5775/4660 3716/5777/4662 1160/5778/4663 3817/5779/4664
f 3811/5776/4661 5504/5775/4660 3817/5779/4664 1095/5780/4665
f 1102/5612/4497 3824/5611/4496 5505/5781/4666 3731/5782/4667
f 3824/5611/4496 1165/5610/4495 3636/5783/4668 5505/5781/4666
f 5505/5781/4666 3636/5783/4668 1167/5770/4655 3826/5767/4652
f 3731/5782/4667 5505/5781/4666 3826/5767/4652 1104/5766/4651
f 1097/5784/4669 3818/5785/4670 5506/5786/4671 3723/5787/4672
f 3818/5785/4670 967/5788/4673 3398/5789/4674 5506/5786/4671
f 5506/5786/4671 3398/5789/4674 965/5790/4675 3813/5791/4676
f 3723/5787/4672 5506/5786/4671 3813/5791/4676 1093/5792/4677
f 1095/5780/4665 3817/5779/4664 5507/5793/4678 3718/5794/4679
f 3817/5779/4664 1160/5778/4663 3624/5795/4680 5507/5793/4678
f 5507/5793/4678 3624/5795/4680 1157/5668/4553 3815/5665/4550
f 3718/5794/4679 5507/5793/4678 3815/5665/4550 1094/5664/4549
f 1101/5796/4681 3823/5797/4682 5508/5798/4683 3729/5799/4684
f 3823/5797/4682 969/5800/4685 3400/5801/4686 5508/5798/4683
f 5508/5798/4683 3400/5801/4686 968/5802/4687 3821/5803/4688
f 3729/5799/4684 5508/5798/4683 3821/5803/4688 1099/5804/4689
f 1103/5805/4690 3825/5806/4691 5509/5807/4692 3732/5808/4693
f 3825/5806/4691 970/5809/4694 3401/5810/4695 5509/5807/4692
f 5509/5807/4692 3401/5810/4695 969/5800/4685 3823/5797/4682
f 3732/5808/4693 5509/5807/4692 3823/5797/4682 1101/5796/4681
f 1105/5811/4696 3827/5812/4697 5510/5813/4698 3735/5814/4699
f 3827/5812/4697 971/5815/4700 3402/5816/4701 5510/5813/4698
f 5510/5813/4698 3402/5816/4701 970/5809/4694 3825/5806/4691
f 3735/5814/4699 5510/5813/4698 3825/5806/4691 1103/5805/4690
f 1107/5817/4702 3829/5818/4703 5511/5819/4704 3738/5820/4705
f 3829/5818/4703 972/5821/4706 3403/5822/4707 5511/5819/4704
f 5511/5819/4704 3403/5822/4707 971/5815/4700 3827/5812/4697
f 3738/5820/4705 5511/5819/4704 3827/5812/4697 1105/5811/4696
f 1109/5823/4708 3831/5824/4709 5512/5825/4710 3741/5826/4711
f 3831/5824/4709 973/5827/4712 3404/5828/4713 5512/5825/4710
f 5512/5825/4710 3404/5828/4713 972/5821/4706 3829/5818/4703
f 3741/5826/4711 5512/5825/4710 3829/5818/4703 1107/5817/4702
f 1111/5829/4714 3833/5830/4715 5513/5831/4716 3744/5832/4717
f 3833/5830/4715 974/5833/4718 3405/5834/4719 5513/5831/4716
f 5513/5831/4716 3405/5834/4719 973/5827/4712 3831/5824/4709
f 3744/5832/4717 5513/5831/4716 3831/5824/4709 1109/5823/4708
f 1113/5835/4720 3835/5836/4721 5514/5837/4722 3747/5838/4723
f 3835/5836/4721 975/5839/4724 3406/5840/4725 5514/5837/4722
f 5514/5837/4722 3406/5840/4725 974/5833/4718 3833/5830/4715
f 3747/5838/4723 5514/5837/4722 3833/5830/4715 1111/5829/4714
f 1115/5841/4726 3837/5842/4727 5515/5843/4728 3750/5844/4729
f 3837/5842/4727 976/5845/4730 3407/5846/4731 5515/5843/4728
f 5515/5843/4728 3407/5846/4731 975/5839/4724 3835/5836/4721
f 3750/5844/4729 5515/5843/4728 3835/5836/4721 1113/5835/4720
f 1117/5847/4732 3839/5848/4733 5516/5849/4734 3753/5850/4735
f 3839/5848/4733 977/5851/4736 3408/5852/4737 5516/5849/4734
f 5516/5849/4734 3408/5852/4737 976/5845/4730 3837/5842/4727
f 3753/5850/4735 5516/5849/4734 3837/5842/4727 1115/5841/4726
f 1119/5853/4738 3841/5854/4739 5517/5855/4740 3756/5856/4741
f 3841/5854/4739 978/5857/4742 3409/5858/4743 5517/5855/4740
f 5517/5855/4740 3409/5858/4743 977/5851/4736 3839/5848/4733
f 3756/5856/4741 5517/5855/4740 3839/5848/4733 1117/5847/4732
f 1121/5859/4744 3843/5860/4745 5518/5861/4746 3759/5862/4747
f 3843/5860/4745 979/5863/4748 3410/5864/4749 5518/5861/4746
f 5518/5861/4746 3410/5864/4749 978/5857/4742 3841/5854/4739
f 3759/5862/4747 5518/5861/4746 3841/5854/4739 1119/5853/4738
f 1123/5865/4750 3845/5866/4751 5519/5867/4752 3762/5868/4753
f 3845/5866/4751 980/5869/4754 3411/5870/4755 5519/5867/4752
f 5519/5867/4752 3411/5870/4755 979/5863/4748 3843/5860/4745
f 3762/5868/4753 5519/5867/4752 3843/5860/4745 1121/5859/4744
f 1125/5871/4756 3847/5872/4757 5520/5873/4758 3765/5874/4759
f 3847/5872/4757 981/5875/4760 3412/5876/4761 5520/5873/4758
f 5520/5873/4758 3412/5876/4761 980/5869/4754 3845/5866/4751
f 3765/5874/4759 5520/5873/4758 3845/5866/4751 1123/5865/4750
f 1127/5877/4762 3849/5878/4763 5521/5879/4764 3768/5880/4765
f 3849/5878/4763 982/5881/4766 3413/5882/4767 5521/5879/4764
f 5521/5879/4764 3413/5882/4767 981/5875/4760 3847/5872/4757
f 3768/5880/4765 5521/5879/4764 3847/5872/4757 1125/5871/4756
f 1129/5883/4768 3851/5884/4769 5522/5885/4770 3771/5886/4771
f 3851/5884/4769 983/5887/4772 3414/5888/4773 5522/5885/4770
f 5522/5885/4770 3414/5888/4773 982/5881/4766 3849/5878/4763
f 3771/5886/4771 5522/5885/4770 3849/5878/4763 1127/5877/4762
f 1131/5889/4774 3853/5890/4775 5523/5891/4776 3774/5892/4777
f 3853/5890/4775 984/5893/4778 3415/5894/4779 5523/5891/4776
f 5523/5891/4776 3415/5894/4779 983/5887/4772 3851/5884/4769
f 3774/5892/4777 5523/5891/4776 3851/5884/4769 1129/5883/4768
f 1133/5895/4780 3855/5896/4781 5524/5897/4782 3777/5898/4783
f 3855/5896/4781 985/5899/4784 3416/5900/4785 5524/5897/4782
f 5524/5897/4782 3416/5900/4785 984/5893/4778 3853/5890/4775
f 3777/5898/4783 5524/5897/4782 3853/5890/4775 1131/5889/4774
f 1135/5901/4786 3857/5902/4787 5525/5903/4788 3780/5904/4789
f 3857/5902/4787 986/5905/4790 3417/5906/4791 5525/5903/4788
f 5525/5903/4788 3417/5906/4791 985/5899/4784 3855/5896/4781
f 3780/5904/4789 5525/5903/4788 3855/5896/4781 1133/5895/4780
f 1137/5907/4792 3859/5908/4793 5526/5909/4794 3783/5910/4795
f 3859/5908/4793 987/5911/4796 3418/5912/4797 5526/5909/4794
f 5526/5909/4794 3418/5912/4797 986/5905/4790 3857/5902/4787
f 3783/5910/4795 5526/5909/4794 3857/5902/4787 1135/5901/4786
f 1139/5913/4798 3861/5914/4799 5527/5915/4800 3786/5916/4801
f 3861/5914/4799 988/5917/4802 3419/5918/4803 5527/5915/4800
f 5527/5915/4800 3419/5918/4803 987/5911/4796 3859/5908/4793
f 3786/5916/4801 5527/5915/4800 3859/5908/4793 1137/5907/4792
f 1141/5919/4804 3863/5920/4805 5528/5921/4806 3789/5922/4807
f 3863/5920/4805 989/5923/4808 3420/5924/4809 5528/5921/4806
f 5528/5921/4806 3420/5924/4809 988/5917/4802 3861/5914/4799
f 3789/5922/4807 5528/5921/4806 3861/5914/4799 1139/5913/4798
f 1143/5925/4810 3865/5926/4811 5529/5927/4812 3792/5928/4813
f 3865/5926/4811 990/5929/4814 3421/5930/4815 5529/5927/4812
f 5529/5927/4812 3421/5930/4815 989/5923/4808 3863/5920/4805
f 3792/5928/4813 5529/5927/4812 3863/5920/4805 1141/5919/4804
f 1145/5931/4816 3867/5932/4817 5530/5933/4818 3795/5934/4819
f 3867/5932/4817 991/5935/4820 3422/5936/4821 5530/5933/4818
f 5530/5933/4818 3422/5936/4821 990/5929/4814 3865/5926/4811
f 3795/5934/4819 5530/5933/4818 3865/5926/4811 1143/5925/4810
f 1147/5937/4822 3869/5938/4823 5531/5939/4824 3798/5940/4825
f 3869/5938/4823 992/5941/4826 3423/5942/4827 5531/5939/4824
f 5531/5939/4824 3423/5942/4827 991/5935/4820 3867/5932/4817
f 3798/5940/4825 5531/5939/4824 3867/5932/4817 1145/5931/4816
f 1149/5943/4828 3871/5944/4829 5532/5945/4830 3801/5946/4831
f 3871/5944/4829 993/5947/4832 3424/5948/4833 5532/5945/4830
f 5532/5945/4830 3424/5948/4833 992/5941/4826 3869/5938/4823
f 3801/5946/4831 5532/5945/4830 3869/5938/4823 1147/5937/4822
f 1151/5949/4834 3873/5950/4835 5533/5951/4836 3804/5952/4837
f 3873/5950/4835 994/5953/4838 3425/5954/4839 5533/5951/4836
f 5533/5951/4836 3425/5954/4839 993/5947/4832 3871/5944/4829
f 3804/5952/4837 5533/5951/4836 3871/5944/4829 1149/5943/4828
f 1153/5955/4840 3875/5956/4841 5534/5957/4842 3807/5958/4843
f 3875/5956/4841 995/5959/4844 3426/5960/4845 5534/5957/4842
f 5534/5957/4842 3426/5960/4845 994/5953/4838 3873/5950/4835
f 3807/5958/4843 5534/5957/4842 3873/5950/4835 1151/5949/4834
f 1155/5651/4536 3819/5650/4535 5535/5961/4846 3810/5962/4847
f 3819/5650/4535 996/5649/4534 3427/5963/4848 5535/5961/4846
f 5535/5961/4846 3427/5963/4848 995/5959/4844 3875/5956/4841
f 3810/5962/4847 5535/5961/4846 3875/5956/4841 1153/5955/4840
f 997/5964/4849 3877/5965/4850 5536/5966/4851 3435/5967/4852
f 3877/5965/4850 1158/5968/4853 3622/5969/4854 5536/5966/4851
f 5536/5966/4851 3622/5969/4854 1159/5414/4299 3878/5411/4296
f 3435/5967/4852 5536/5966/4851 3878/5411/4296 1001/5410/4295
f 1099/5804/4689 3821/5803/4688 5537/5970/4855 3726/5971/4856
f 3821/5803/4688 968/5802/4687 3399/5972/4857 5537/5970/4855
f 5537/5970/4855 3399/5972/4857 967/5788/4673 3818/5785/4670
f 3726/5971/4856 5537/5970/4855 3818/5785/4670 1097/5784/4669
f 964/5973/2297 3365/5974/4858 5538/5975/4859 3366/5976/4860
f 966/5977/4532 3397/5978/4861 5538/5975/4859 3365/5974/4858
f 965/5979/4675 3366/5980/4860 5538/5975/4859 3397/5981/4861
f 964/5973/2297 3366/5982/4860 5539/5983/4862 3367/5984/4863
f 965/5985/4675 3398/5986/4674 5539/5983/4862 3366/5976/4860
f 967/5987/4673 3367/5988/4863 5539/5983/4862 3398/5986/4674
f 964/5973/2297 3367/5989/4863 5540/5990/4864 3368/5991/4865
f 967/5992/4673 3399/5993/4857 5540/5990/4864 3367/5989/4863
f 968/5994/4687 3368/5995/4865 5540/5990/4864 3399/5996/4857
f 964/5973/2297 3368/5995/4865 5541/5997/4866 3369/5998/4867
f 968/5994/4687 3400/5999/4686 5541/5997/4866 3368/5995/4865
f 969/6000/4685 3369/6001/4867 5541/5997/4866 3400/5801/4686
f 964/5973/2297 3369/6002/4867 5542/6003/4868 3370/6004/4869
f 969/6005/4685 3401/6006/4695 5542/6003/4868 3369/6007/4867
f 970/6008/4694 3370/6009/4869 5542/6003/4868 3401/6006/4695
f 964/5973/2297 3370/6010/4869 5543/6011/4870 3371/6012/4871
f 970/6013/4694 3402/6014/4701 5543/6011/4870 3370/6015/4869
f 971/6016/4700 3371/6017/4871 5543/6011/4870 3402/6018/4701
f 964/5973/2297 3371/6019/4871 5544/6020/4872 3372/6021/4873
f 971/6022/4700 3403/6023/4707 5544/6020/4872 3371/6024/4871
f 972/5821/4706 3372/6025/4873 5544/6020/4872 3403/6026/4707
f 964/5973/2297 3372/6025/4873 5545/6027/4874 3373/6028/4875
f 972/6029/4706 3404/6030/4713 5545/6027/4874 3372/6031/4873
f 973/6032/4712 3373/6033/4875 5545/6027/4874 3404/5828/4713
f 964/5973/2297 3373/6028/4875 5546/6034/4876 3374/6035/4877
f 973/6036/4712 3405/6037/4719 5546/6034/4876 3373/6033/4875
f 974/6038/4718 3374/6035/4877 5546/6034/4876 3405/6039/4719
f 964/5973/2297 3374/6040/4877 5547/6041/4878 3375/6042/4879
f 974/6043/4718 3406/6044/4725 5547/6041/4878 3374/6040/4877
f 975/6045/4724 3375/6046/4879 5547/6041/4878 3406/6047/4725
f 964/5973/2297 3375/6046/4879 5548/6048/4880 3376/6049/4881
f 975/6045/4724 3407/6050/4731 5548/6048/4880 3375/6046/4879
f 976/6051/4730 3376/6052/4881 5548/6048/4880 3407/6053/4731
f 964/5973/2297 3376/6049/4881 5549/6054/4882 3377/6055/4883
f 976/5845/4730 3408/6056/4737 5549/6054/4882 3376/6057/4881
f 977/6058/4736 3377/6059/4883 5549/6054/4882 3408/6060/4737
f 964/5973/2297 3377/6055/4883 5550/6061/4884 3378/6062/4885
f 977/6063/4736 3409/6064/4743 5550/6061/4884 3377/6059/4883
f 978/6065/4742 3378/6066/4885 5550/6061/4884 3409/6064/4743
f 964/5973/2297 3378/6066/4885 5551/6067/4886 3379/6068/4887
f 978/6069/4742 3410/5864/4749 5551/6067/4886 3378/6066/4885
f 979/6070/4748 3379/6071/4887 5551/6067/4886 3410/6072/4749
f 964/5973/2297 3379/6073/4887 5552/6074/4888 3380/6075/4889
f 979/6076/4748 3411/6077/4755 5552/6074/4888 3379/6078/4887
f 980/6079/4754 3380/6080/4889 5552/6074/4888 3411/6081/4755
f 964/5973/2297 3380/6082/4889 5553/6083/4890 3381/6084/4891
f 980/6085/4754 3412/6086/4761 5553/6083/4890 3380/6080/4889
f 981/6087/4760 3381/6084/4891 5553/6083/4890 3412/6088/4761
f 964/5973/2297 3381/6089/4891 5554/6090/4892 3382/6091/4893
f 981/6092/4760 3413/6093/4767 5554/6090/4892 3381/6089/4891
f 982/6094/4766 3382/6095/4893 5554/6090/4892 3413/6093/4767
f 964/5973/2297 3382/6091/4893 5555/6096/4894 3383/6097/4895
f 982/6098/4766 3414/6099/4773 5555/6096/4894 3382/6100/4893
f 983/6101/4772 3383/6097/4895 5555/6096/4894 3414/6102/4773
f 964/5973/2297 3383/6103/4895 5556/6104/4896 3384/6105/4897
f 983/6106/4772 3415/5894/4779 5556/6104/4896 3383/6107/4895
f 984/6108/4778 3384/6109/4897 5556/6104/4896 3415/6110/4779
f 964/5973/2297 3384/6111/4897 5557/6112/4898 3385/6113/4899
f 984/6114/4778 3416/6115/4785 5557/6112/4898 3384/6111/4897
f 985/6116/4784 3385/6117/4899 5557/6112/4898 3416/6118/4785
f 964/5973/2297 3385/6113/4899 5558/6119/4900 3386/6120/4901
f 985/6121/4784 3417/5906/4791 5558/6119/4900 3385/6122/4899
f 986/6123/4790 3386/6124/4901 5558/6119/4900 3417/6125/4791
f 964/5973/2297 3386/6120/4901 5559/6126/4902 3387/6127/4903
f 986/6128/4790 3418/6129/4797 5559/6126/4902 3386/6120/4901
f 987/6130/4796 3387/6131/4903 5559/6126/4902 3418/6132/4797
f 964/5973/2297 3387/6127/4903 5560/6133/4904 3388/6134/4905
f 987/6135/4796 3419/6136/4803 5560/6133/4904 3387/6137/4903
f 988/6138/4802 3388/6139/4905 5560/6133/4904 3419/6140/4803
f 964/5973/2297 3388/6134/4905 5561/6141/4906 3389/6142/4907
f 988/6143/4802 3420/6144/4809 5561/6141/4906 3388/6145/4905
f 989/6146/4808 3389/6147/4907 5561/6141/4906 3420/6144/4809
f 964/5973/2297 3389/6148/4907 5562/6149/4908 3390/6150/4909
f 989/6151/4808 3421/6152/4815 5562/6149/4908 3389/6153/4907
f 990/6154/4814 3390/6150/4909 5562/6149/4908 3421/6152/4815
f 964/5973/2297 3390/6150/4909 5563/6155/4910 3391/6156/4911
f 990/6157/4814 3422/6158/4821 5563/6155/4910 3390/6159/4909
f 991/6160/4820 3391/6156/4911 5563/6155/4910 3422/5936/4821
f 964/5973/2297 3391/6161/4911 5564/6162/4912 3392/6163/4913
f 991/6164/4820 3423/6165/4827 5564/6162/4912 3391/6156/4911
f 992/6166/4826 3392/6167/4913 5564/6162/4912 3423/5942/4827
f 964/5973/2297 3392/6168/4913 5565/6169/4914 3393/6170/4915
f 992/6166/4826 3424/6171/4833 5565/6169/4914 3392/6172/4913
f 993/6173/4832 3393/6174/4915 5565/6169/4914 3424/6175/4833
f 964/5973/2297 3393/6176/4915 5566/6177/4916 3394/6178/4917
f 993/6179/4832 3425/6180/4839 5566/6177/4916 3393/6181/4915
f 994/6182/4838 3394/6183/4917 5566/6177/4916 3425/6184/4839
f 964/5973/2297 3394/6183/4917 5567/6185/4918 3395/6186/4919
f 994/6187/4838 3426/6188/4845 5567/6185/4918 3394/6183/4917
f 995/6189/4844 3395/6190/4919 5567/6185/4918 3426/6188/4845
f 964/5973/2297 3395/6186/4919 5568/6191/4920 3396/6192/4921
f 995/6193/4844 3427/6194/4848 5568/6191/4920 3395/6195/4919
f 996/6196/4534 3396/6197/4921 5568/6191/4920 3427/6194/4848
f 964/5973/2297 3396/6198/4921 5569/6199/4922 3365/6200/4858
f 996/6196/4534 3428/5648/4533 5569/6199/4922 3396/6198/4921
f 966/6201/4532 3365/6202/4858 5569/6199/4922 3428/6203/4533
f 998/6204/3953 3429/6205/4923 5570/6206/4924 3430/6207/4305
f 3429/6205/4923 999/6208/4925 3432/6209/4926 5570/6206/4924
f 5570/6206/4924 3432/6209/4926 1002/6210/4927 3431/6211/4928
f 3430/6207/4305 5570/6206/4924 3431/6211/4928 1000/6212/4034
f 999/6208/4925 3433/6213/4929 5571/6214/4930 3432/6209/4926
f 3433/6213/4929 997/5964/4849 3435/5967/4852 5571/6214/4930
f 5571/6214/4930 3435/5967/4852 1001/5410/4295 3434/6215/4931
f 3432/6209/4926 5571/6214/4930 3434/6215/4931 1002/6210/4927
f 1004/5037/3922 3436/6216/4932 5572/6217/4933 3437/6218/3956
f 3436/6216/4932 1005/6219/4934 3438/6220/4935 5572/6217/4933
f 5572/6217/4933 3438/6220/4935 999/6208/4925 3429/6205/4923
f 3437/6218/3956 5572/6217/4933 3429/6205/4923 998/6204/3953
f 1005/6219/4934 3439/6221/4936 5573/6222/4937 3438/6220/4935
f 3439/6221/4936 1003/5059/3944 3440/6223/4938 5573/6222/4937
f 5573/6222/4937 3440/6223/4938 997/5964/4849 3433/6213/4929
f 3438/6220/4935 5573/6222/4937 3433/6213/4929 999/6208/4925
f 1007/6224/3927 3441/6225/4939 5574/6226/4940 3442/6227/3925
f 3441/6225/4939 1008/6228/4941 3443/6229/4942 5574/6226/4940
f 5574/6226/4940 3443/6229/4942 1005/6219/4934 3436/6216/4932
f 3442/6227/3925 5574/6226/4940 3436/6216/4932 1004/5037/3922
f 1008/6228/4941 3444/6230/4943 5575/6231/4944 3443/6229/4942
f 3444/6230/4943 1006/5051/3936 3445/5054/3939 5575/6231/4944
f 5575/6231/4944 3445/5054/3939 1003/5059/3944 3439/6221/4936
f 3443/6229/4942 5575/6231/4944 3439/6221/4936 1005/6219/4934
f 1010/6232/4035 3446/6233/4945 5576/6234/4946 3447/6235/4044
f 3446/6233/4945 1011/6236/4947 3448/6237/4948 5576/6234/4946
f 5576/6234/4946 3448/6237/4948 1008/6228/4941 3441/6225/4939
f 3447/6235/4044 5576/6234/4946 3441/6225/4939 1007/6224/3927
f 1011/6236/4947 3449/6238/4949 5577/6239/4950 3448/6237/4948
f 3449/6238/4949 1009/5429/4314 3450/5584/4469 5577/6239/4950
f 5577/6239/4950 3450/5584/4469 1006/5051/3936 3444/6230/4943
f 3448/6237/4948 5577/6239/4950 3444/6230/4943 1008/6228/4941
f 1013/6240/4021 3451/6241/4951 5578/6242/4952 3452/6243/4038
f 3451/6241/4951 1014/6244/4953 3453/6245/4954 5578/6242/4952
f 5578/6242/4952 3453/6245/4954 1011/6236/4947 3446/6233/4945
f 3452/6243/4038 5578/6242/4952 3446/6233/4945 1010/6232/4035
f 1014/6244/4953 3454/6246/4955 5579/6247/4956 3453/6245/4954
f 3454/6246/4955 1012/5421/4306 3455/5424/4309 5579/6247/4956
f 5579/6247/4956 3455/5424/4309 1009/5429/4314 3449/6238/4949
f 3453/6245/4954 5579/6247/4956 3449/6238/4949 1011/6236/4947
f 1016/6248/4013 3456/6249/4957 5580/6250/4958 3457/6251/4024
f 3456/6249/4957 1017/6252/4959 3458/6253/4960 5580/6250/4958
f 5580/6250/4958 3458/6253/4960 1014/6244/4953 3451/6241/4951
f 3457/6251/4024 5580/6250/4958 3451/6241/4951 1013/6240/4021
f 1017/6252/4959 3459/6254/4961 5581/6255/4962 3458/6253/4960
f 3459/6254/4961 1015/5430/4315 3460/5433/4318 5581/6255/4962
f 5581/6255/4962 3460/5433/4318 1012/5421/4306 3454/6246/4955
f 3458/6253/4960 5581/6255/4962 3454/6246/4955 1014/6244/4953
f 1019/6256/4005 3461/6257/4963 5582/6258/4964 3462/6259/4016
f 3461/6257/4963 1020/6260/4965 3463/6261/4966 5582/6258/4964
f 5582/6258/4964 3463/6261/4966 1017/6252/4959 3456/6249/4957
f 3462/6259/4016 5582/6258/4964 3456/6249/4957 1016/6248/4013
f 1020/6260/4965 3464/6262/4967 5583/6263/4968 3463/6261/4966
f 3464/6262/4967 1018/5436/4321 3465/5439/4324 5583/6263/4968
f 5583/6263/4968 3465/5439/4324 1015/5430/4315 3459/6254/4961
f 3463/6261/4966 5583/6263/4968 3459/6254/4961 1017/6252/4959
f 1022/6264/3997 3466/6265/4969 5584/6266/4970 3467/6267/4008
f 3466/6265/4969 1023/6268/4971 3468/6269/4972 5584/6266/4970
f 5584/6266/4970 3468/6269/4972 1020/6260/4965 3461/6257/4963
f 3467/6267/4008 5584/6266/4970 3461/6257/4963 1019/6256/4005
f 1023/6268/4971 3469/6270/4973 5585/6271/4974 3468/6269/4972
f 3469/6270/4973 1021/5442/4327 3470/5445/4330 5585/6271/4974
f 5585/6271/4974 3470/5445/4330 1018/5436/4321 3464/6262/4967
f 3468/6269/4972 5585/6271/4974 3464/6262/4967 1020/6260/4965
f 1025/6272/3989 3471/6273/4975 5586/6274/4976 3472/6275/4000
f 3471/6273/4975 1026/6276/4977 3473/6277/4978 5586/6274/4976
f 5586/6274/4976 3473/6277/4978 1023/6268/4971 3466/6265/4969
f 3472/6275/4000 5586/6274/4976 3466/6265/4969 1022/6264/3997
f 1026/6276/4977 3474/6278/4979 5587/6279/4980 3473/6277/4978
f 3474/6278/4979 1024/5448/4333 3475/5451/4336 5587/6279/4980
f 5587/6279/4980 3475/5451/4336 1021/5442/4327 3469/6270/4973
f 3473/6277/4978 5587/6279/4980 3469/6270/4973 1023/6268/4971
f 1028/6280/3981 3476/6281/4981 5588/6282/4982 3477/6283/3992
f 3476/6281/4981 1029/6284/4983 3478/6285/4984 5588/6282/4982
f 5588/6282/4982 3478/6285/4984 1026/6276/4977 3471/6273/4975
f 3477/6283/3992 5588/6282/4982 3471/6273/4975 1025/6272/3989
f 1029/6284/4983 3479/6286/4985 5589/6287/4986 3478/6285/4984
f 3479/6286/4985 1027/5454/4339 3480/5457/4342 5589/6287/4986
f 5589/6287/4986 3480/5457/4342 1024/5448/4333 3474/6278/4979
f 3478/6285/4984 5589/6287/4986 3474/6278/4979 1026/6276/4977
f 1031/6288/3973 3481/6289/4987 5590/6290/4988 3482/6291/3984
f 3481/6289/4987 1032/6292/4989 3483/6293/4990 5590/6290/4988
f 5590/6290/4988 3483/6293/4990 1029/6284/4983 3476/6281/4981
f 3482/6291/3984 5590/6290/4988 3476/6281/4981 1028/6280/3981
f 1032/6292/4989 3484/6294/4991 5591/6295/4992 3483/6293/4990
f 3484/6294/4991 1030/5460/4345 3485/5463/4348 5591/6295/4992
f 5591/6295/4992 3485/5463/4348 1027/5454/4339 3479/6286/4985
f 3483/6293/4990 5591/6295/4992 3479/6286/4985 1029/6284/4983
f 1034/6296/3965 3486/6297/4993 5592/6298/4994 3487/6299/3976
f 3486/6297/4993 1035/6300/4995 3488/6301/4996 5592/6298/4994
f 5592/6298/4994 3488/6301/4996 1032/6292/4989 3481/6289/4987
f 3487/6299/3976 5592/6298/4994 3481/6289/4987 1031/6288/3973
f 1035/6300/4995 3489/6302/4997 5593/6303/4998 3488/6301/4996
f 3489/6302/4997 1033/5466/4351 3490/5469/4354 5593/6303/4998
f 5593/6303/4998 3490/5469/4354 1030/5460/4345 3484/6294/4991
f 3488/6301/4996 5593/6303/4998 3484/6294/4991 1032/6292/4989
f 1037/6304/3957 3491/6305/4999 5594/6306/5000 3492/6307/3968
f 3491/6305/4999 1038/6308/5001 3493/6309/5002 5594/6306/5000
f 5594/6306/5000 3493/6309/5002 1035/6300/4995 3486/6297/4993
f 3492/6307/3968 5594/6306/5000 3486/6297/4993 1034/6296/3965
f 1038/6308/5001 3494/6310/5003 5595/6311/5004 3493/6309/5002
f 3494/6310/5003 1036/5472/4357 3495/5475/4360 5595/6311/5004
f 5595/6311/5004 3495/5475/4360 1033/5466/4351 3489/6302/4997
f 3493/6309/5002 5595/6311/5004 3489/6302/4997 1035/6300/4995
f 1040/6312/3945 3496/6313/5005 5596/6314/5006 3497/6315/3960
f 3496/6313/5005 1041/6316/5007 3498/6317/5008 5596/6314/5006
f 5596/6314/5006 3498/6317/5008 1038/6308/5001 3491/6305/4999
f 3497/6315/3960 5596/6314/5006 3491/6305/4999 1037/6304/3957
f 1041/6316/5007 3499/6318/5009 5597/6319/5010 3498/6317/5008
f 3499/6318/5009 1039/5478/4363 3500/5481/4366 5597/6319/5010
f 5597/6319/5010 3500/5481/4366 1036/5472/4357 3494/6310/5003
f 3498/6317/5008 5597/6319/5010 3494/6310/5003 1038/6308/5001
f 1043/5043/3928 3501/6320/5011 5598/6321/5012 3502/6322/3948
f 3501/6320/5011 1044/6323/5013 3503/6324/5014 5598/6321/5012
f 5598/6321/5012 3503/6324/5014 1041/6316/5007 3496/6313/5005
f 3502/6322/3948 5598/6321/5012 3496/6313/5005 1040/6312/3945
f 1044/6323/5013 3504/6325/5015 5599/6326/5016 3503/6324/5014
f 3504/6325/5015 1042/5484/4369 3505/5487/4372 5599/6326/5016
f 5599/6326/5016 3505/5487/4372 1039/5478/4363 3499/6318/5009
f 3503/6324/5014 5599/6326/5016 3499/6318/5009 1041/6316/5007
f 1046/6327/3910 3506/6328/5017 5600/6329/5018 3507/5046/3931
f 3506/6328/5017 1047/6330/5019 3508/6331/5020 5600/6329/5018
f 5600/6329/5018 3508/6331/5020 1044/6323/5013 3501/6320/5011
f 3507/5046/3931 5600/6329/5018 3501/6320/5011 1043/5043/3928
f 1047/6330/5019 3509/6332/5021 5601/6333/5022 3508/6331/5020
f 3509/6332/5021 1045/5490/4375 3510/5493/4378 5601/6333/5022
f 5601/6333/5022 3510/5493/4378 1042/5484/4369 3504/6325/5015
f 3508/6331/5020 5601/6333/5022 3504/6325/5015 1044/6323/5013
f 1049/5030/3915 3511/6334/5023 5602/6335/5024 3512/5028/3913
f 3511/6334/5023 1050/6336/5025 3513/6337/5026 5602/6335/5024
f 5602/6335/5024 3513/6337/5026 1047/6330/5019 3506/6328/5017
f 3512/5028/3913 5602/6335/5024 3506/6328/5017 1046/6327/3910
f 1050/6336/5025 3514/6338/5027 5603/6339/5028 3513/6337/5026
f 3514/6338/5027 1048/5496/4381 3515/5499/4384 5603/6339/5028
f 5603/6339/5028 3515/5499/4384 1045/5490/4375 3509/6332/5021
f 3513/6337/5026 5603/6339/5028 3509/6332/5021 1047/6330/5019
f 1052/6340/4025 3516/6341/5029 5604/6342/5030 3517/6343/4040
f 3516/6341/5029 1053/6344/5031 3518/6345/5032 5604/6342/5030
f 5604/6342/5030 3518/6345/5032 1050/6336/5025 3511/6334/5023
f 3517/6343/4040 5604/6342/5030 3511/6334/5023 1049/5030/3915
f 1053/6344/5031 3519/6346/5033 5605/6347/5034 3518/6345/5032
f 3519/6346/5033 1051/5502/4387 3520/5505/4390 5605/6347/5034
f 5605/6347/5034 3520/5505/4390 1048/5496/4381 3514/6338/5027
f 3518/6345/5032 5605/6347/5034 3514/6338/5027 1050/6336/5025
f 1055/5132/4017 3521/6348/5035 5606/6349/5036 3522/5143/4028
f 3521/6348/5035 1056/6350/5037 3523/6351/5038 5606/6349/5036
f 5606/6349/5036 3523/6351/5038 1053/6344/5031 3516/6341/5029
f 3522/5143/4028 5606/6349/5036 3516/6341/5029 1052/6340/4025
f 1056/6350/5037 3524/6352/5039 5607/6353/5040 3523/6351/5038
f 3524/6352/5039 1054/5508/4393 3525/5511/4396 5607/6353/5040
f 5607/6353/5040 3525/5511/4396 1051/5502/4387 3519/6346/5033
f 3523/6351/5038 5607/6353/5040 3519/6346/5033 1053/6344/5031
f 1058/6354/4009 3526/6355/5041 5608/6356/5042 3527/6357/4020
f 3526/6355/5041 1059/6358/5043 3528/6359/5044 5608/6356/5042
f 5608/6356/5042 3528/6359/5044 1056/6350/5037 3521/6348/5035
f 3527/6357/4020 5608/6356/5042 3521/6348/5035 1055/5132/4017
f 1059/6358/5043 3529/6360/5045 5609/6361/5046 3528/6359/5044
f 3529/6360/5045 1057/5514/4399 3530/5517/4402 5609/6361/5046
f 5609/6361/5046 3530/5517/4402 1054/5508/4393 3524/6352/5039
f 3528/6359/5044 5609/6361/5046 3524/6352/5039 1056/6350/5037
f 1061/6362/4001 3531/6363/5047 5610/6364/5048 3532/6365/4012
f 3531/6363/5047 1062/6366/5049 3533/6367/5050 5610/6364/5048
f 5610/6364/5048 3533/6367/5050 1059/6358/5043 3526/6355/5041
f 3532/6365/4012 5610/6364/5048 3526/6355/5041 1058/6354/4009
f 1062/6366/5049 3534/6368/5051 5611/6369/5052 3533/6367/5050
f 3534/6368/5051 1060/5520/4405 3535/5523/4408 5611/6369/5052
f 5611/6369/5052 3535/5523/4408 1057/5514/4399 3529/6360/5045
f 3533/6367/5050 5611/6369/5052 3529/6360/5045 1059/6358/5043
f 1064/6370/3993 3536/6371/5053 5612/6372/5054 3537/6373/4004
f 3536/6371/5053 1065/6374/5055 3538/6375/5056 5612/6372/5054
f 5612/6372/5054 3538/6375/5056 1062/6366/5049 3531/6363/5047
f 3537/6373/4004 5612/6372/5054 3531/6363/5047 1061/6362/4001
f 1065/6374/5055 3539/6376/5057 5613/6377/5058 3538/6375/5056
f 3539/6376/5057 1063/5526/4411 3540/5529/4414 5613/6377/5058
f 5613/6377/5058 3540/5529/4414 1060/5520/4405 3534/6368/5051
f 3538/6375/5056 5613/6377/5058 3534/6368/5051 1062/6366/5049
f 1067/5100/3985 3541/6378/5059 5614/6379/5060 3542/6380/3996
f 3541/6378/5059 1068/6381/5061 3543/6382/5062 5614/6379/5060
f 5614/6379/5060 3543/6382/5062 1065/6374/5055 3536/6371/5053
f 3542/6380/3996 5614/6379/5060 3536/6371/5053 1064/6370/3993
f 1068/6381/5061 3544/6383/5063 5615/6384/5064 3543/6382/5062
f 3544/6383/5063 1066/5532/4417 3545/5535/4420 5615/6384/5064
f 5615/6384/5064 3545/5535/4420 1063/5526/4411 3539/6376/5057
f 3543/6382/5062 5615/6384/5064 3539/6376/5057 1065/6374/5055
f 1070/5092/3977 3546/6385/5065 5616/6386/5066 3547/6387/3988
f 3546/6385/5065 1071/6388/5067 3548/6389/5068 5616/6386/5066
f 5616/6386/5066 3548/6389/5068 1068/6381/5061 3541/6378/5059
f 3547/6387/3988 5616/6386/5066 3541/6378/5059 1067/5100/3985
f 1071/6388/5067 3549/6390/5069 5617/6391/5070 3548/6389/5068
f 3549/6390/5069 1069/5538/4423 3550/5541/4426 5617/6391/5070
f 5617/6391/5070 3550/5541/4426 1066/5532/4417 3544/6383/5063
f 3548/6389/5068 5617/6391/5070 3544/6383/5063 1068/6381/5061
f 1073/6392/3969 3551/6393/5071 5618/6394/5072 3552/6395/3980
f 3551/6393/5071 1074/6396/5073 3553/6397/5074 5618/6394/5072
f 5618/6394/5072 3553/6397/5074 1071/6388/5067 3546/6385/5065
f 3552/6395/3980 5618/6394/5072 3546/6385/5065 1070/5092/3977
f 1074/6396/5073 3554/6398/5075 5619/6399/5076 3553/6397/5074
f 3554/6398/5075 1072/5544/4429 3555/5547/4432 5619/6399/5076
f 5619/6399/5076 3555/5547/4432 1069/5538/4423 3549/6390/5069
f 3553/6397/5074 5619/6399/5076 3549/6390/5069 1071/6388/5067
f 1076/5076/3961 3556/6400/5077 5620/6401/5078 3557/5087/3972
f 3556/6400/5077 1077/6402/5079 3558/6403/5080 5620/6401/5078
f 5620/6401/5078 3558/6403/5080 1074/6396/5073 3551/6393/5071
f 3557/5087/3972 5620/6401/5078 3551/6393/5071 1073/6392/3969
f 1077/6402/5079 3559/6404/5081 5621/6405/5082 3558/6403/5080
f 3559/6404/5081 1075/5550/4435 3560/5553/4438 5621/6405/5082
f 5621/6405/5082 3560/5553/4438 1072/5544/4429 3554/6398/5075
f 3558/6403/5080 5621/6405/5082 3554/6398/5075 1074/6396/5073
f 1079/5064/3949 3561/6406/5083 5622/6407/5084 3562/5079/3964
f 3561/6406/5083 1080/6408/5085 3563/6409/5086 5622/6407/5084
f 5622/6407/5084 3563/6409/5086 1077/6402/5079 3556/6400/5077
f 3562/5079/3964 5622/6407/5084 3556/6400/5077 1076/5076/3961
f 1080/6408/5085 3564/6410/5087 5623/6411/5088 3563/6409/5086
f 3564/6410/5087 1078/5556/4441 3565/5559/4444 5623/6411/5088
f 5623/6411/5088 3565/5559/4444 1075/5550/4435 3559/6404/5081
f 3563/6409/5086 5623/6411/5088 3559/6404/5081 1077/6402/5079
f 1082/6412/3932 3566/6413/5089 5624/6414/5090 3567/6415/3952
f 3566/6413/5089 1083/6416/5091 3568/6417/5092 5624/6414/5090
f 5624/6414/5090 3568/6417/5092 1080/6408/5085 3561/6406/5083
f 3567/6415/3952 5624/6414/5090 3561/6406/5083 1079/5064/3949
f 1083/6416/5091 3569/6418/5093 5625/6419/5094 3568/6417/5092
f 3569/6418/5093 1081/5562/4447 3570/5565/4450 5625/6419/5094
f 5625/6419/5094 3570/5565/4450 1078/5556/4441 3564/6410/5087
f 3568/6417/5092 5625/6419/5094 3564/6410/5087 1080/6408/5085
f 1085/5031/3916 3571/6420/5095 5626/6421/5096 3572/6422/3935
f 3571/6420/5095 1086/6423/5097 3573/6424/5098 5626/6421/5096
f 5626/6421/5096 3573/6424/5098 1083/6416/5091 3566/6413/5089
f 3572/6422/3935 5626/6421/5096 3566/6413/5089 1082/6412/3932
f 1086/6423/5097 3574/6425/5099 5627/6426/5100 3573/6424/5098
f 3574/6425/5099 1084/5568/4453 3575/5571/4456 5627/6426/5100
f 5627/6426/5100 3575/5571/4456 1081/5562/4447 3569/6418/5093
f 3573/6424/5098 5627/6426/5100 3569/6418/5093 1083/6416/5091
f 1088/6427/3921 3576/6428/5101 5628/6429/5102 3577/6430/3919
f 3576/6428/5101 1089/6431/5103 3578/6432/5104 5628/6429/5102
f 5628/6429/5102 3578/6432/5104 1086/6423/5097 3571/6420/5095
f 3577/6430/3919 5628/6429/5102 3571/6420/5095 1085/5031/3916
f 1089/6431/5103 3579/6433/5105 5629/6434/5106 3578/6432/5104
f 3579/6433/5105 1087/5574/4459 3580/5577/4462 5629/6434/5106
f 5629/6434/5106 3580/5577/4462 1084/5568/4453 3574/6425/5099
f 3578/6432/5104 5629/6434/5106 3574/6425/5099 1086/6423/5097
f 1091/6435/4029 3581/6436/5107 5630/6437/5108 3582/6438/4042
f 3581/6436/5107 1092/6439/5109 3583/6440/5110 5630/6437/5108
f 5630/6437/5108 3583/6440/5110 1089/6431/5103 3576/6428/5101
f 3582/6438/4042 5630/6437/5108 3576/6428/5101 1088/6427/3921
f 1092/6439/5109 3584/6441/5111 5631/6442/5112 3583/6440/5110
f 3584/6441/5111 1090/5418/4303 3585/5581/4466 5631/6442/5112
f 5631/6442/5112 3585/5581/4466 1087/5574/4459 3579/6433/5105
f 3583/6440/5110 5631/6442/5112 3579/6433/5105 1089/6431/5103
f 1000/6212/4034 3431/6211/4928 5632/6443/5113 3586/6444/4032
f 3431/6211/4928 1002/6210/4927 3587/6445/5114 5632/6443/5113
f 5632/6443/5113 3587/6445/5114 1092/6439/5109 3581/6436/5107
f 3586/6444/4032 5632/6443/5113 3581/6436/5107 1091/6435/4029
f 1002/6210/4927 3434/6215/4931 5633/6446/5115 3587/6445/5114
f 3434/6215/4931 1001/5410/4295 3588/5413/4298 5633/6446/5115
f 5633/6446/5115 3588/5413/4298 1090/5418/4303 3584/6441/5111
f 3587/6445/5114 5633/6446/5115 3584/6441/5111 1092/6439/5109
f 1003/5059/3944 3879/5058/3943 5634/6447/5116 3440/6223/4938
f 3879/5058/3943 1162/5057/3942 3626/6448/5117 5634/6447/5116
f 5634/6447/5116 3626/6448/5117 1158/5968/4853 3877/5965/4850
f 3440/6223/4938 5634/6447/5116 3877/5965/4850 997/5964/4849
f 1158/5968/4853 3621/6449/5118 5635/6450/5119 3622/5969/4854
f 3621/6449/5118 1157/6451/4553 3624/6452/4680 5635/6450/5119
f 5635/6450/5119 3624/6452/4680 1160/6453/4663 3623/6454/5120
f 3622/5969/4854 5635/6450/5119 3623/6454/5120 1159/5414/4299
f 1162/5057/3942 3625/6455/5121 5636/6456/5122 3626/6448/5117
f 3625/6455/5121 1161/6457/4514 3627/6458/4554 5636/6456/5122
f 5636/6456/5122 3627/6458/4554 1157/6451/4553 3621/6449/5118
f 3626/6448/5117 5636/6456/5122 3621/6449/5118 1158/5968/4853
f 1164/5055/3940 3628/6459/5123 5637/6460/5124 3629/5056/3941
f 3628/6459/5123 1163/6461/4493 3630/6462/4515 5637/6460/5124
f 5637/6460/5124 3630/6462/4515 1161/6457/4514 3625/6455/5121
f 3629/5056/3941 5637/6460/5124 3625/6455/5121 1162/5057/3942
f 1166/5427/4312 3631/6463/5125 5638/6464/5126 3632/5585/4470
f 3631/6463/5125 1165/6465/4495 3633/6466/4494 5638/6464/5126
f 5638/6464/5126 3633/6466/4494 1163/6461/4493 3628/6459/5123
f 3632/5585/4470 5638/6464/5126 3628/6459/5123 1164/5055/3940
f 1168/5425/4310 3634/6467/5127 5639/6468/5128 3635/5426/4311
f 3634/6467/5127 1167/6469/4655 3636/5783/4668 5639/6468/5128
f 5639/6468/5128 3636/5783/4668 1165/6465/4495 3631/6463/5125
f 3635/5426/4311 5639/6468/5128 3631/6463/5125 1166/5427/4312
f 1170/5434/4319 3637/6470/5129 5640/6471/5130 3638/5435/4320
f 3637/6470/5129 1169/6472/4643 3639/6473/4656 5640/6471/5130
f 5640/6471/5130 3639/6473/4656 1167/6469/4655 3634/6467/5127
f 3638/5435/4320 5640/6471/5130 3634/6467/5127 1168/5425/4310
f 1172/5440/4325 3640/6474/5131 5641/6475/5132 3641/5441/4326
f 3640/6474/5131 1171/6476/4631 3642/5759/4644 5641/6475/5132
f 5641/6475/5132 3642/5759/4644 1169/6472/4643 3637/6470/5129
f 3641/5441/4326 5641/6475/5132 3637/6470/5129 1170/5434/4319
f 1174/5446/4331 3643/6477/5133 5642/6478/5134 3644/5447/4332
f 3643/6477/5133 1173/6479/4619 3645/6480/4632 5642/6478/5134
f 5642/6478/5134 3645/6480/4632 1171/6476/4631 3640/6474/5131
f 3644/5447/4332 5642/6478/5134 3640/6474/5131 1172/5440/4325
f 1176/5452/4337 3646/6481/5135 5643/6482/5136 3647/5453/4338
f 3646/6481/5135 1175/6483/4607 3648/6484/4620 5643/6482/5136
f 5643/6482/5136 3648/6484/4620 1173/6479/4619 3643/6477/5133
f 3647/5453/4338 5643/6482/5136 3643/6477/5133 1174/5446/4331
f 1178/5458/4343 3649/6485/5137 5644/6486/5138 3650/5459/4344
f 3649/6485/5137 1177/6487/4595 3651/5723/4608 5644/6486/5138
f 5644/6486/5138 3651/5723/4608 1175/6483/4607 3646/6481/5135
f 3650/5459/4344 5644/6486/5138 3646/6481/5135 1176/5452/4337
f 1180/5464/4349 3652/6488/5139 5645/6489/5140 3653/5465/4350
f 3652/6488/5139 1179/6490/4583 3654/6491/4596 5645/6489/5140
f 5645/6489/5140 3654/6491/4596 1177/6487/4595 3649/6485/5137
f 3653/5465/4350 5645/6489/5140 3649/6485/5137 1178/5458/4343
f 1182/5470/4355 3655/6492/5141 5646/6493/5142 3656/5471/4356
f 3655/6492/5141 1181/5686/4571 3657/6494/4584 5646/6493/5142
f 5646/6493/5142 3657/6494/4584 1179/6490/4583 3652/6488/5139
f 3656/5471/4356 5646/6493/5142 3652/6488/5139 1180/5464/4349
f 1184/5476/4361 3658/6495/5143 5647/6496/5144 3659/5477/4362
f 3658/6495/5143 1183/5674/4559 3660/6497/4572 5647/6496/5144
f 5647/6496/5144 3660/6497/4572 1181/5686/4571 3655/6492/5141
f 3659/5477/4362 5647/6496/5144 3655/6492/5141 1182/5470/4355
f 1186/5482/4367 3661/6498/5145 5648/6499/5146 3662/5483/4368
f 3661/6498/5145 1185/5656/4541 3663/6500/4560 5648/6499/5146
f 5648/6499/5146 3663/6500/4560 1183/5674/4559 3658/6495/5143
f 3662/5483/4368 5648/6499/5146 3658/6495/5143 1184/5476/4361
f 1188/5488/4373 3664/6501/5147 5649/6502/5148 3665/5489/4374
f 3664/6501/5147 1187/6503/4520 3666/6504/4542 5649/6502/5148
f 5649/6502/5148 3666/6504/4542 1185/5656/4541 3661/6498/5145
f 3665/5489/4374 5649/6502/5148 3661/6498/5145 1186/5482/4367
f 1190/5494/4379 3667/6505/5149 5650/6506/5150 3668/5495/4380
f 3667/6505/5149 1189/6507/4502 3669/6508/4521 5650/6506/5150
f 5650/6506/5150 3669/6508/4521 1187/6503/4520 3664/6501/5147
f 3668/5495/4380 5650/6506/5150 3664/6501/5147 1188/5488/4373
f 1192/5500/4385 3670/6509/5151 5651/6510/5152 3671/5501/4386
f 3670/6509/5151 1191/6511/4475 3672/6512/4503 5651/6510/5152
f 5651/6510/5152 3672/6512/4503 1189/6507/4502 3667/6505/5149
f 3671/5501/4386 5651/6510/5152 3667/6505/5149 1190/5494/4379
f 1194/5506/4391 3673/6513/5153 5652/6514/5154 3674/5507/4392
f 3673/6513/5153 1193/6515/4477 3675/6516/4476 5652/6514/5154
f 5652/6514/5154 3675/6516/4476 1191/6511/4475 3670/6509/5151
f 3674/5507/4392 5652/6514/5154 3670/6509/5151 1192/5500/4385
f 1196/5512/4397 3676/6517/5155 5653/6518/5156 3677/5513/4398
f 3676/6517/5155 1195/5764/4649 3678/6519/4659 5653/6518/5156
f 5653/6518/5156 3678/6519/4659 1193/6515/4477 3673/6513/5153
f 3677/5513/4398 5653/6518/5156 3673/6513/5153 1194/5506/4391
f 1198/5518/4403 3679/6520/5157 5654/6521/5158 3680/5519/4404
f 3679/6520/5157 1197/6522/4637 3681/6523/4650 5654/6521/5158
f 5654/6521/5158 3681/6523/4650 1195/5764/4649 3676/6517/5155
f 3680/5519/4404 5654/6521/5158 3676/6517/5155 1196/5512/4397
f 1200/5524/4409 3682/6524/5159 5655/6525/5160 3683/5525/4410
f 3682/6524/5159 1199/5740/4625 3684/6526/4638 5655/6525/5160
f 5655/6525/5160 3684/6526/4638 1197/6522/4637 3679/6520/5157
f 3683/5525/4410 5655/6525/5160 3679/6520/5157 1198/5518/4403
f 1202/5530/4415 3685/6527/5161 5656/6528/5162 3686/5531/4416
f 3685/6527/5161 1201/6529/4613 3687/6530/4626 5656/6528/5162
f 5656/6528/5162 3687/6530/4626 1199/5740/4625 3682/6524/5159
f 3686/5531/4416 5656/6528/5162 3682/6524/5159 1200/5524/4409
f 1204/5536/4421 3688/6531/5163 5657/6532/5164 3689/5537/4422
f 3688/6531/5163 1203/5716/4601 3690/6533/4614 5657/6532/5164
f 5657/6532/5164 3690/6533/4614 1201/6529/4613 3685/6527/5161
f 3689/5537/4422 5657/6532/5164 3685/6527/5161 1202/5530/4415
f 1206/5542/4427 3691/6534/5165 5658/6535/5166 3692/5543/4428
f 3691/6534/5165 1205/6536/4589 3693/5717/4602 5658/6535/5166
f 5658/6535/5166 3693/5717/4602 1203/5716/4601 3688/6531/5163
f 3692/5543/4428 5658/6535/5166 3688/6531/5163 1204/5536/4421
f 1208/5548/4433 3694/6537/5167 5659/6538/5168 3695/5549/4434
f 3694/6537/5167 1207/5692/4577 3696/6539/4590 5659/6538/5168
f 5659/6538/5168 3696/6539/4590 1205/6536/4589 3691/6534/5165
f 3695/5549/4434 5659/6538/5168 3691/6534/5165 1206/5542/4427
f 1210/5554/4439 3697/6540/5169 5660/6541/5170 3698/5555/4440
f 3697/6540/5169 1209/5680/4565 3699/6542/4578 5660/6541/5170
f 5660/6541/5170 3699/6542/4578 1207/5692/4577 3694/6537/5167
f 3698/5555/4440 5660/6541/5170 3694/6537/5167 1208/5548/4433
f 1212/5560/4445 3700/6543/5171 5661/6544/5172 3701/5561/4446
f 3700/6543/5171 1211/6545/4547 3702/6546/4566 5661/6544/5172
f 5661/6544/5172 3702/6546/4566 1209/5680/4565 3697/6540/5169
f 3701/5561/4446 5661/6544/5172 3697/6540/5169 1210/5554/4439
f 1214/5566/4451 3703/6547/5173 5662/6548/5174 3704/5567/4452
f 3703/6547/5173 1213/6549/4526 3705/5663/4548 5662/6548/5174
f 5662/6548/5174 3705/5663/4548 1211/6545/4547 3700/6543/5171
f 3704/5567/4452 5662/6548/5174 3700/6543/5171 1212/5560/4445
f 1216/5572/4457 3706/6550/5175 5663/6551/5176 3707/5573/4458
f 3706/6550/5175 1215/6552/4508 3708/6553/4527 5663/6551/5176
f 5663/6551/5176 3708/6553/4527 1213/6549/4526 3703/6547/5173
f 3707/5573/4458 5663/6551/5176 3703/6547/5173 1214/5566/4451
f 1218/5578/4463 3709/6554/5177 5664/6555/5178 3710/5579/4464
f 3709/6554/5177 1217/6556/4484 3711/6557/4509 5664/6555/5178
f 5664/6555/5178 3711/6557/4509 1215/6552/4508 3706/6550/5175
f 3710/5579/4464 5664/6555/5178 3706/6550/5175 1216/5572/4457
f 1220/5416/4301 3712/6558/5179 5665/6559/5180 3713/5582/4467
f 3712/6558/5179 1219/6560/4486 3714/5600/4485 5665/6559/5180
f 5665/6559/5180 3714/5600/4485 1217/6556/4484 3709/6554/5177
f 3713/5582/4467 5665/6559/5180 3709/6554/5177 1218/5578/4463
f 1159/5414/4299 3623/6454/5120 5666/6561/5181 3715/5415/4300
f 3623/6454/5120 1160/6453/4663 3716/5777/4662 5666/6561/5181
f 5666/6561/5181 3716/5777/4662 1219/6560/4486 3712/6558/5179
f 3715/5415/4300 5666/6561/5181 3712/6558/5179 1220/5416/4301
f 1094/6562/4549 3717/6563/5182 5667/6564/5183 3718/6565/4679
f 3717/6563/5182 1093/6566/4677 3720/6567/5184 5667/6564/5183
f 5667/6564/5183 3720/6567/5184 1096/6568/4528 3719/6569/5185
f 3718/6565/4679 5667/6564/5183 3719/6569/5185 1095/6570/4665
f 1098/5625/4510 3721/6571/5186 5668/6572/5187 3722/6573/4552
f 3721/6571/5186 1097/6574/4669 3723/6575/4672 5668/6572/5187
f 5668/6572/5187 3723/6575/4672 1093/6566/4677 3717/6563/5182
f 3722/6573/4552 5668/6572/5187 3717/6563/5182 1094/6562/4549
f 1100/5604/4489 3724/6576/5188 5669/6577/5189 3725/5628/4513
f 3724/6576/5188 1099/6578/4689 3726/6579/4856 5669/6577/5189
f 5669/6577/5189 3726/6579/4856 1097/6574/4669 3721/6571/5186
f 3725/5628/4513 5669/6577/5189 3721/6571/5186 1098/5625/4510
f 1102/6580/4497 3727/6581/5190 5670/6582/5191 3728/6583/4492
f 3727/6581/5190 1101/6584/4681 3729/6585/4684 5670/6582/5191
f 5670/6582/5191 3729/6585/4684 1099/6578/4689 3724/6576/5188
f 3728/6583/4492 5670/6582/5191 3724/6576/5188 1100/5604/4489
f 1104/6586/4651 3730/6587/5192 5671/6588/5193 3731/6589/4667
f 3730/6587/5192 1103/6590/4690 3732/6591/4693 5671/6588/5193
f 5671/6588/5193 3732/6591/4693 1101/6584/4681 3727/6581/5190
f 3731/6589/4667 5671/6588/5193 3727/6581/5190 1102/6580/4497
f 1106/5754/4639 3733/6592/5194 5672/6593/5195 3734/6594/4654
f 3733/6592/5194 1105/6595/4696 3735/6596/4699 5672/6593/5195
f 5672/6593/5195 3735/6596/4699 1103/6590/4690 3730/6587/5192
f 3734/6594/4654 5672/6593/5195 3730/6587/5192 1104/6586/4651
f 1108/6597/4627 3736/6598/5196 5673/6599/5197 3737/6600/4642
f 3736/6598/5196 1107/6601/4702 3738/5820/4705 5673/6599/5197
f 5673/6599/5197 3738/5820/4705 1105/6595/4696 3733/6592/5194
f 3737/6600/4642 5673/6599/5197 3733/6592/5194 1106/5754/4639
f 1110/6602/4615 3739/6603/5198 5674/6604/5199 3740/6605/4630
f 3739/6603/5198 1109/6606/4708 3741/5826/4711 5674/6604/5199
f 5674/6604/5199 3741/5826/4711 1107/6601/4702 3736/6598/5196
f 3740/6605/4630 5674/6604/5199 3736/6598/5196 1108/6597/4627
f 1112/6607/4603 3742/6608/5200 5675/6609/5201 3743/6610/4618
f 3742/6608/5200 1111/6611/4714 3744/6612/4717 5675/6609/5201
f 5675/6609/5201 3744/6612/4717 1109/6606/4708 3739/6603/5198
f 3743/6610/4618 5675/6609/5201 3739/6603/5198 1110/6602/4615
f 1114/6613/4591 3745/6614/5202 5676/6615/5203 3746/5721/4606
f 3745/6614/5202 1113/6616/4720 3747/5838/4723 5676/6615/5203
f 5676/6615/5203 3747/5838/4723 1111/6611/4714 3742/6608/5200
f 3746/5721/4606 5676/6615/5203 3742/6608/5200 1112/6607/4603
f 1116/6617/4579 3748/6618/5204 5677/6619/5205 3749/6620/4594
f 3748/6618/5204 1115/6621/4726 3750/6622/4729 5677/6619/5205
f 5677/6619/5205 3750/6622/4729 1113/6616/4720 3745/6614/5202
f 3749/6620/4594 5677/6619/5205 3745/6614/5202 1114/6613/4591
f 1118/6623/4567 3751/6624/5206 5678/6625/5207 3752/5697/4582
f 3751/6624/5206 1117/6626/4732 3753/6627/4735 5678/6625/5207
f 5678/6625/5207 3753/6627/4735 1115/6621/4726 3748/6618/5204
f 3752/5697/4582 5678/6625/5207 3748/6618/5204 1116/6617/4579
f 1120/6628/4555 3754/6629/5208 5679/6630/5209 3755/5685/4570
f 3754/6629/5208 1119/6631/4738 3756/6632/4741 5679/6630/5209
f 5679/6630/5209 3756/6632/4741 1117/6626/4732 3751/6624/5206
f 3755/5685/4570 5679/6630/5209 3751/6624/5206 1118/6623/4567
f 1122/6633/4537 3757/6634/5210 5680/6635/5211 3758/6636/4558
f 3757/6634/5210 1121/6637/4744 3759/6638/4747 5680/6635/5211
f 5680/6635/5211 3759/6638/4747 1119/6631/4738 3754/6629/5208
f 3758/6636/4558 5680/6635/5211 3754/6629/5208 1120/6628/4555
f 1124/6639/4516 3760/6640/5212 5681/6641/5213 3761/6642/4540
f 3760/6640/5212 1123/6643/4750 3762/6644/4753 5681/6641/5213
f 5681/6641/5213 3762/6644/4753 1121/6637/4744 3757/6634/5210
f 3761/6642/4540 5681/6641/5213 3757/6634/5210 1122/6633/4537
f 1126/6645/4498 3763/6646/5214 5682/6647/5215 3764/6648/4519
f 3763/6646/5214 1125/6649/4756 3765/6650/4759 5682/6647/5215
f 5682/6647/5215 3765/6650/4759 1123/6643/4750 3760/6640/5212
f 3764/6648/4519 5682/6647/5215 3760/6640/5212 1124/6639/4516
f 1128/6651/4471 3766/6652/5216 5683/6653/5217 3767/6654/4501
f 3766/6652/5216 1127/5877/4762 3768/6655/4765 5683/6653/5217
f 5683/6653/5217 3768/6655/4765 1125/6649/4756 3763/6646/5214
f 3767/6654/4501 5683/6653/5217 3763/6646/5214 1126/6645/4498
f 1130/5594/4479 3769/6656/5218 5684/6657/5219 3770/5589/4474
f 3769/6656/5218 1129/6658/4768 3771/6659/4771 5684/6657/5219
f 5684/6657/5219 3771/6659/4771 1127/5877/4762 3766/6652/5216
f 3770/5589/4474 5684/6657/5219 3766/6652/5216 1128/6651/4471
f 1132/6660/4645 3772/6661/5220 5685/6662/5221 3773/6663/4658
f 3772/6661/5220 1131/6664/4774 3774/6665/4777 5685/6662/5221
f 5685/6662/5221 3774/6665/4777 1129/6658/4768 3769/6656/5218
f 3773/6663/4658 5685/6662/5221 3769/6656/5218 1130/5594/4479
f 1134/6666/4633 3775/6667/5222 5686/6668/5223 3776/6669/4648
f 3775/6667/5222 1133/6670/4780 3777/6671/4783 5686/6668/5223
f 5686/6668/5223 3777/6671/4783 1131/6664/4774 3772/6661/5220
f 3776/6669/4648 5686/6668/5223 3772/6661/5220 1132/6660/4645
f 1136/5736/4621 3778/6672/5224 5687/6673/5225 3779/6674/4636
f 3778/6672/5224 1135/6675/4786 3780/6676/4789 5687/6673/5225
f 5687/6673/5225 3780/6676/4789 1133/6670/4780 3775/6667/5222
f 3779/6674/4636 5687/6673/5225 3775/6667/5222 1134/6666/4633
f 1138/5724/4609 3781/6677/5226 5688/6678/5227 3782/6679/4624
f 3781/6677/5226 1137/6680/4792 3783/6681/4795 5688/6678/5227
f 5688/6678/5227 3783/6681/4795 1135/6675/4786 3778/6672/5224
f 3782/6679/4624 5688/6678/5227 3778/6672/5224 1136/5736/4621
f 1140/5712/4597 3784/6682/5228 5689/6683/5229 3785/6684/4612
f 3784/6682/5228 1139/6685/4798 3786/6686/4801 5689/6683/5229
f 5689/6683/5229 3786/6686/4801 1137/6680/4792 3781/6677/5226
f 3785/6684/4612 5689/6683/5229 3781/6677/5226 1138/5724/4609
f 1142/6687/4585 3787/6688/5230 5690/6689/5231 3788/6690/4600
f 3787/6688/5230 1141/6691/4804 3789/6692/4807 5690/6689/5231
f 5690/6689/5231 3789/6692/4807 1139/6685/4798 3784/6682/5228
f 3788/6690/4600 5690/6689/5231 3784/6682/5228 1140/5712/4597
f 1144/6693/4573 3790/6694/5232 5691/6695/5233 3791/6696/4588
f 3790/6694/5232 1143/6697/4810 3792/6698/4813 5691/6695/5233
f 5691/6695/5233 3792/6698/4813 1141/6691/4804 3787/6688/5230
f 3791/6696/4588 5691/6695/5233 3787/6688/5230 1142/6687/4585
f 1146/6699/4561 3793/6700/5234 5692/6701/5235 3794/6702/4576
f 3793/6700/5234 1145/5931/4816 3795/6703/4819 5692/6701/5235
f 5692/6701/5235 3795/6703/4819 1143/6697/4810 3790/6694/5232
f 3794/6702/4576 5692/6701/5235 3790/6694/5232 1144/6693/4573
f 1148/5658/4543 3796/6704/5236 5693/6705/5237 3797/6706/4564
f 3796/6704/5236 1147/5937/4822 3798/6707/4825 5693/6705/5237
f 5693/6705/5237 3798/6707/4825 1145/5931/4816 3793/6700/5234
f 3797/6706/4564 5693/6705/5237 3793/6700/5234 1146/6699/4561
f 1150/6708/4522 3799/6709/5238 5694/6710/5239 3800/6711/4546
f 3799/6709/5238 1149/6712/4828 3801/6713/4831 5694/6710/5239
f 5694/6710/5239 3801/6713/4831 1147/5937/4822 3796/6704/5236
f 3800/6711/4546 5694/6710/5239 3796/6704/5236 1148/5658/4543
f 1152/6714/4504 3802/6715/5240 5695/6716/5241 3803/6717/4525
f 3802/6715/5240 1151/6718/4834 3804/6719/4837 5695/6716/5241
f 5695/6716/5241 3804/6719/4837 1149/6712/4828 3799/6709/5238
f 3803/6717/4525 5695/6716/5241 3799/6709/5238 1150/6708/4522
f 1154/6720/4480 3805/6721/5242 5696/6722/5243 3806/5622/4507
f 3805/6721/5242 1153/5955/4840 3807/6723/4843 5696/6722/5243
f 5696/6722/5243 3807/6723/4843 1151/6718/4834 3802/6715/5240
f 3806/5622/4507 5696/6722/5243 3802/6715/5240 1152/6714/4504
f 1156/6724/4488 3808/6725/5244 5697/6726/5245 3809/6727/4483
f 3808/6725/5244 1155/6728/4536 3810/6729/4847 5697/6726/5245
f 5697/6726/5245 3810/6729/4847 1153/5955/4840 3805/6721/5242
f 3809/6727/4483 5697/6726/5245 3805/6721/5242 1154/6720/4480
f 1095/6570/4665 3719/6569/5185 5698/6730/5246 3811/6731/4661
f 3719/6569/5185 1096/6568/4528 3812/6732/4531 5698/6730/5246
f 5698/6730/5246 3812/6732/4531 1155/6728/4536 3808/6725/5244
f 3811/6731/4661 5698/6730/5246 3808/6725/5244 1156/6724/4488
f 1093/5792/4677 3813/5791/4676 5699/6733/5247 3720/6734/5184
f 3813/5791/4676 965/5790/4675 3397/6735/4861 5699/6733/5247
f 5699/6733/5247 3397/6735/4861 966/5647/4532 3814/5644/4529
f 3720/6734/5184 5699/6733/5247 3814/5644/4529 1096/5643/4528
f 708/3728/2827 2885/3727/2826 5700/6736/5248 4231/6737/5249
f 2885/3727/2826 707/3726/2825 4232/6738/5250 5700/6736/5248
f 5700/6736/5248 4232/6738/5250 1221/6739/5251 3915/6740/5252
f 4231/6737/5249 5700/6736/5248 3915/6740/5252 1225/6741/5253
f 707/3726/2825 2886/3734/2833 5701/6742/5254 4232/6738/5250
f 2886/3734/2833 709/3733/2832 4234/6743/5255 5701/6742/5254
f 5701/6742/5254 4234/6743/5255 1227/6744/5256 3920/6745/5257
f 4232/6738/5250 5701/6742/5254 3920/6745/5257 1221/6739/5251
f 709/3733/2832 2887/3740/2839 5702/6746/5258 4234/6743/5255
f 2887/3740/2839 710/3739/2838 4238/6747/5259 5702/6746/5258
f 5702/6746/5258 4238/6747/5259 1230/6748/5260 3925/6749/5261
f 4234/6743/5255 5702/6746/5258 3925/6749/5261 1227/6744/5256
f 710/3739/2838 2888/3746/2845 5703/6750/5262 4238/6747/5259
f 2888/3746/2845 711/3745/2844 4240/6751/5263 5703/6750/5262
f 5703/6750/5262 4240/6751/5263 1233/6752/5264 3930/6753/5265
f 4238/6747/5259 5703/6750/5262 3930/6753/5265 1230/6748/5260
f 711/3745/2844 2889/3752/2851 5704/6754/5266 4240/6751/5263
f 2889/3752/2851 712/3751/2850 4242/6755/5267 5704/6754/5266
f 5704/6754/5266 4242/6755/5267 1236/6756/5268 3935/6757/5269
f 4240/6751/5263 5704/6754/5266 3935/6757/5269 1233/6752/5264
f 712/3751/2850 2890/3758/2857 5705/6758/5270 4242/6755/5267
f 2890/3758/2857 713/3757/2856 4244/6759/5271 5705/6758/5270
f 5705/6758/5270 4244/6759/5271 1239/6760/5272 3940/6761/5273
f 4242/6755/5267 5705/6758/5270 3940/6761/5273 1236/6756/5268
f 713/3757/2856 2891/3764/2863 5706/6762/5274 4244/6759/5271
f 2891/3764/2863 714/3763/2862 4246/6763/5275 5706/6762/5274
f 5706/6762/5274 4246/6763/5275 1242/6764/5276 3945/6765/5277
f 4244/6759/5271 5706/6762/5274 3945/6765/5277 1239/6760/5272
f 714/3763/2862 2892/3770/2869 5707/6766/5278 4246/6763/5275
f 2892/3770/2869 715/3769/2868 4248/6767/5279 5707/6766/5278
f 5707/6766/5278 4248/6767/5279 1245/6768/5280 3950/6769/5281
f 4246/6763/5275 5707/6766/5278 3950/6769/5281 1242/6764/5276
f 715/3769/2868 2893/3776/2875 5708/6770/5282 4248/6767/5279
f 2893/3776/2875 716/3775/2874 4250/6771/5283 5708/6770/5282
f 5708/6770/5282 4250/6771/5283 1248/6772/5284 3955/6773/5285
f 4248/6767/5279 5708/6770/5282 3955/6773/5285 1245/6768/5280
f 716/3775/2874 2894/3782/2881 5709/6774/5286 4250/6771/5283
f 2894/3782/2881 717/3781/2880 4252/6775/5287 5709/6774/5286
f 5709/6774/5286 4252/6775/5287 1251/6776/5288 3960/6777/5289
f 4250/6771/5283 5709/6774/5286 3960/6777/5289 1248/6772/5284
f 717/3781/2880 2895/3788/2887 5710/6778/5290 4252/6775/5287
f 2895/3788/2887 718/3787/2886 4254/6779/5291 5710/6778/5290
f 5710/6778/5290 4254/6779/5291 1254/6780/5292 3965/6781/5293
f 4252/6775/5287 5710/6778/5290 3965/6781/5293 1251/6776/5288
f 718/3787/2886 2896/3794/2893 5711/6782/5294 4254/6779/5291
f 2896/3794/2893 719/3793/2892 4256/6783/5295 5711/6782/5294
f 5711/6782/5294 4256/6783/5295 1257/6784/5296 3970/6785/5297
f 4254/6779/5291 5711/6782/5294 3970/6785/5297 1254/6780/5292
f 719/3793/2892 2897/3800/2899 5712/6786/5298 4256/6783/5295
f 2897/3800/2899 720/3799/2898 4258/6787/5299 5712/6786/5298
f 5712/6786/5298 4258/6787/5299 1260/6788/5300 3975/6789/5301
f 4256/6783/5295 5712/6786/5298 3975/6789/5301 1257/6784/5296
f 720/3799/2898 2898/3806/2905 5713/6790/5302 4258/6787/5299
f 2898/3806/2905 721/3805/2904 4260/6791/5303 5713/6790/5302
f 5713/6790/5302 4260/6791/5303 1263/6792/5304 3980/6793/5305
f 4258/6787/5299 5713/6790/5302 3980/6793/5305 1260/6788/5300
f 721/3805/2904 2899/3812/2911 5714/6794/5306 4260/6791/5303
f 2899/3812/2911 722/3811/2910 4262/6795/5307 5714/6794/5306
f 5714/6794/5306 4262/6795/5307 1266/6796/5308 3985/6797/5309
f 4260/6791/5303 5714/6794/5306 3985/6797/5309 1263/6792/5304
f 722/3811/2910 2900/3818/2917 5715/6798/5310 4262/6795/5307
f 2900/3818/2917 723/3817/2916 4264/6799/5311 5715/6798/5310
f 5715/6798/5310 4264/6799/5311 1269/6800/5312 3990/6801/5313
f 4262/6795/5307 5715/6798/5310 3990/6801/5313 1266/6796/5308
f 723/3817/2916 2901/3824/2923 5716/6802/5314 4264/6799/5311
f 2901/3824/2923 724/3823/2922 4266/6803/5315 5716/6802/5314
f 5716/6802/5314 4266/6803/5315 1272/6804/5316 3995/6805/5317
f 4264/6799/5311 5716/6802/5314 3995/6805/5317 1269/6800/5312
f 724/3823/2922 2902/3830/2929 5717/6806/5318 4266/6803/5315
f 2902/3830/2929 725/3829/2928 4268/6807/5319 5717/6806/5318
f 5717/6806/5318 4268/6807/5319 1275/6808/5320 4000/6809/5321
f 4266/6803/5315 5717/6806/5318 4000/6809/5321 1272/6804/5316
f 725/3829/2928 2903/3836/2935 5718/6810/5322 4268/6807/5319
f 2903/3836/2935 726/3835/2934 4270/6811/5323 5718/6810/5322
f 5718/6810/5322 4270/6811/5323 1278/6812/5324 4005/6813/5325
f 4268/6807/5319 5718/6810/5322 4005/6813/5325 1275/6808/5320
f 726/3835/2934 2904/3842/2941 5719/6814/5326 4270/6811/5323
f 2904/3842/2941 727/3841/2940 4272/6815/5327 5719/6814/5326
f 5719/6814/5326 4272/6815/5327 1281/6816/5328 4010/6817/5329
f 4270/6811/5323 5719/6814/5326 4010/6817/5329 1278/6812/5324
f 727/3841/2940 2905/3848/2947 5720/6818/5330 4272/6815/5327
f 2905/3848/2947 728/3847/2946 4274/6819/5331 5720/6818/5330
f 5720/6818/5330 4274/6819/5331 1284/6820/5332 4015/6821/5333
f 4272/6815/5327 5720/6818/5330 4015/6821/5333 1281/6816/5328
f 728/3847/2946 2906/3854/2953 5721/6822/5334 4274/6819/5331
f 2906/3854/2953 729/3853/2952 4276/6823/5335 5721/6822/5334
f 5721/6822/5334 4276/6823/5335 1287/6824/5336 4020/6825/5337
f 4274/6819/5331 5721/6822/5334 4020/6825/5337 1284/6820/5332
f 729/3853/2952 2907/3860/2959 5722/6826/5338 4276/6823/5335
f 2907/3860/2959 730/3859/2958 4278/6827/5339 5722/6826/5338
f 5722/6826/5338 4278/6827/5339 1290/6828/5340 4025/6829/5341
f 4276/6823/5335 5722/6826/5338 4025/6829/5341 1287/6824/5336
f 730/3859/2958 2908/3866/2965 5723/6830/5342 4278/6827/5339
f 2908/3866/2965 731/3865/2964 4280/6831/5343 5723/6830/5342
f 5723/6830/5342 4280/6831/5343 1293/6832/5344 4030/6833/5345
f 4278/6827/5339 5723/6830/5342 4030/6833/5345 1290/6828/5340
f 731/3865/2964 2909/3872/2971 5724/6834/5346 4280/6831/5343
f 2909/3872/2971 732/3871/2970 4282/6835/5347 5724/6834/5346
f 5724/6834/5346 4282/6835/5347 1296/6836/5348 4035/6837/5349
f 4280/6831/5343 5724/6834/5346 4035/6837/5349 1293/6832/5344
f 732/3871/2970 2910/3878/2977 5725/6838/5350 4282/6835/5347
f 2910/3878/2977 733/3877/2976 4284/6839/5351 5725/6838/5350
f 5725/6838/5350 4284/6839/5351 1299/6840/5352 4040/6841/5353
f 4282/6835/5347 5725/6838/5350 4040/6841/5353 1296/6836/5348
f 733/3877/2976 2911/3884/2983 5726/6842/5354 4284/6839/5351
f 2911/3884/2983 734/3883/2982 4286/6843/5355 5726/6842/5354
f 5726/6842/5354 4286/6843/5355 1302/6844/5356 4045/6845/5357
f 4284/6839/5351 5726/6842/5354 4045/6845/5357 1299/6840/5352
f 734/3883/2982 2912/3890/2989 5727/6846/5358 4286/6843/5355
f 2912/3890/2989 735/3889/2988 4288/6847/5359 5727/6846/5358
f 5727/6846/5358 4288/6847/5359 1305/6848/5360 4050/6849/5361
f 4286/6843/5355 5727/6846/5358 4050/6849/5361 1302/6844/5356
f 735/3889/2988 2913/3896/2995 5728/6850/5362 4288/6847/5359
f 2913/3896/2995 736/3895/2994 4290/6851/5363 5728/6850/5362
f 5728/6850/5362 4290/6851/5363 1308/6852/5364 4055/6853/5365
f 4288/6847/5359 5728/6850/5362 4055/6853/5365 1305/6848/5360
f 736/3895/2994 2914/3902/3001 5729/6854/5366 4290/6851/5363
f 2914/3902/3001 737/3901/3000 4292/6855/5367 5729/6854/5366
f 5729/6854/5366 4292/6855/5367 1311/6856/5368 4060/6857/5369
f 4290/6851/5363 5729/6854/5366 4060/6857/5369 1308/6852/5364
f 737/3901/3000 2915/3908/3007 5730/6858/5370 4292/6855/5367
f 2915/3908/3007 738/3907/3006 4236/6859/5371 5730/6858/5370
f 5730/6858/5370 4236/6859/5371 1314/6860/5372 4065/6861/5373
f 4292/6855/5367 5730/6858/5370 4065/6861/5373 1311/6856/5368
f 738/3907/3006 2916/3911/3010 5731/6862/5374 4236/6859/5371
f 2916/3911/3010 708/3728/2827 4231/6737/5249 5731/6862/5374
f 5731/6862/5374 4231/6737/5249 1225/6741/5253 4068/6863/5375
f 4236/6859/5371 5731/6862/5374 4068/6863/5375 1314/6860/5372
f 1222/6864/3266 3910/6865/5376 5732/6866/5377 3909/6867/5378
f 3910/6865/5376 1224/6868/3297 3911/6869/5379 5732/6866/5377
f 5732/6866/5377 3911/6869/5379 1226/6870/5380 3912/6871/5381
f 3909/6867/5378 5732/6866/5377 3912/6871/5381 1223/6872/5382
f 1223/6872/5382 3912/6871/5381 5733/6873/5383 3913/6874/5384
f 3912/6871/5381 1226/6870/5380 3914/6875/5385 5733/6873/5383
f 5733/6873/5383 3914/6875/5385 1225/6876/5253 3915/6877/5252
f 3913/6874/5384 5733/6873/5383 3915/6877/5252 1221/6878/5251
f 1228/6879/3270 3917/6880/3267 5734/6881/5386 3916/6882/5387
f 3917/6880/3267 1222/6864/3266 3909/6867/5378 5734/6881/5386
f 5734/6881/5386 3909/6867/5378 1223/6872/5382 3918/6883/5388
f 3916/6882/5387 5734/6881/5386 3918/6883/5388 1229/6884/5389
f 1229/6884/5389 3918/6883/5388 5735/6885/5390 3919/6886/5391
f 3918/6883/5388 1223/6872/5382 3913/6874/5384 5735/6885/5390
f 5735/6885/5390 3913/6874/5384 1221/6878/5251 3920/6887/5257
f 3919/6886/5391 5735/6885/5390 3920/6887/5257 1227/6888/5256
f 1231/6889/3314 3922/6890/3359 5736/6891/5392 3921/6892/5393
f 3922/6890/3359 1228/6879/3270 3916/6882/5387 5736/6891/5392
f 5736/6891/5392 3916/6882/5387 1229/6884/5389 3923/6893/5394
f 3921/6892/5393 5736/6891/5392 3923/6893/5394 1232/6894/5395
f 1232/6894/5395 3923/6893/5394 5737/6895/5396 3924/6896/5397
f 3923/6893/5394 1229/6884/5389 3919/6886/5391 5737/6895/5396
f 5737/6895/5396 3919/6886/5391 1227/6888/5256 3925/6897/5261
f 3924/6896/5397 5737/6895/5396 3925/6897/5261 1230/6748/5260
f 1234/6898/3318 3927/6899/3315 5738/6900/5398 3926/6901/5399
f 3927/6899/3315 1231/6889/3314 3921/6892/5393 5738/6900/5398
f 5738/6900/5398 3921/6892/5393 1232/6894/5395 3928/6902/5400
f 3926/6901/5399 5738/6900/5398 3928/6902/5400 1235/6903/5401
f 1235/6903/5401 3928/6902/5400 5739/6904/5402 3929/6905/5403
f 3928/6902/5400 1232/6894/5395 3924/6896/5397 5739/6904/5402
f 5739/6904/5402 3924/6896/5397 1230/6748/5260 3930/6906/5265
f 3929/6905/5403 5739/6904/5402 3930/6906/5265 1233/6752/5264
f 1237/6907/3334 3932/6908/3332 5740/6909/5404 3931/6910/5405
f 3932/6908/3332 1234/6898/3318 3926/6901/5399 5740/6909/5404
f 5740/6909/5404 3926/6901/5399 1235/6903/5401 3933/6911/5406
f 3931/6910/5405 5740/6909/5404 3933/6911/5406 1238/6912/5407
f 1238/6912/5407 3933/6911/5406 5741/6913/5408 3934/6914/5409
f 3933/6911/5406 1235/6903/5401 3929/6905/5403 5741/6913/5408
f 5741/6913/5408 3929/6905/5403 1233/6752/5264 3935/6915/5269
f 3934/6914/5409 5741/6913/5408 3935/6915/5269 1236/6916/5268
f 1240/6917/3355 3937/6918/3353 5742/6919/5410 3936/6920/5411
f 3937/6918/3353 1237/6907/3334 3931/6910/5405 5742/6919/5410
f 5742/6919/5410 3931/6910/5405 1238/6912/5407 3938/6921/5412
f 3936/6920/5411 5742/6919/5410 3938/6921/5412 1241/6922/5413
f 1241/6922/5413 3938/6921/5412 5743/6923/5414 3939/6924/5415
f 3938/6921/5412 1238/6912/5407 3934/6914/5409 5743/6923/5414
f 5743/6923/5414 3934/6914/5409 1236/6916/5268 3940/6925/5273
f 3939/6924/5415 5743/6923/5414 3940/6925/5273 1239/6926/5272
f 1243/6927/3370 3942/6928/3368 5744/6929/5416 3941/6930/5417
f 3942/6928/3368 1240/6917/3355 3936/6920/5411 5744/6929/5416
f 5744/6929/5416 3936/6920/5411 1241/6922/5413 3943/6931/5418
f 3941/6930/5417 5744/6929/5416 3943/6931/5418 1244/6932/5419
f 1244/6932/5419 3943/6931/5418 5745/6933/5420 3944/6934/5421
f 3943/6931/5418 1241/6922/5413 3939/6924/5415 5745/6933/5420
f 5745/6933/5420 3939/6924/5415 1239/6926/5272 3945/6935/5277
f 3944/6934/5421 5745/6933/5420 3945/6935/5277 1242/6936/5276
f 1246/6937/3382 3947/6938/3380 5746/6939/5422 3946/6940/5423
f 3947/6938/3380 1243/6927/3370 3941/6930/5417 5746/6939/5422
f 5746/6939/5422 3941/6930/5417 1244/6932/5419 3948/6941/5424
f 3946/6940/5423 5746/6939/5422 3948/6941/5424 1247/6942/5425
f 1247/6942/5425 3948/6941/5424 5747/6943/5426 3949/6944/5427
f 3948/6941/5424 1244/6932/5419 3944/6934/5421 5747/6943/5426
f 5747/6943/5426 3944/6934/5421 1242/6936/5276 3950/6769/5281
f 3949/6944/5427 5747/6943/5426 3950/6769/5281 1245/6768/5280
f 1249/4449/3394 3952/6945/3392 5748/6946/5428 3951/6947/5429
f 3952/6945/3392 1246/6937/3382 3946/6940/5423 5748/6946/5428
f 5748/6946/5428 3946/6940/5423 1247/6942/5425 3953/6948/5430
f 3951/6947/5429 5748/6946/5428 3953/6948/5430 1250/6949/5431
f 1250/6949/5431 3953/6948/5430 5749/6950/5432 3954/6951/5433
f 3953/6948/5430 1247/6942/5425 3949/6944/5427 5749/6950/5432
f 5749/6950/5432 3949/6944/5427 1245/6768/5280 3955/6952/5285
f 3954/6951/5433 5749/6950/5432 3955/6952/5285 1248/6953/5284
f 1252/6954/3406 3957/6955/3404 5750/6956/5434 3956/6957/5435
f 3957/6955/3404 1249/4449/3394 3951/6947/5429 5750/6956/5434
f 5750/6956/5434 3951/6947/5429 1250/6949/5431 3958/6958/5436
f 3956/6957/5435 5750/6956/5434 3958/6958/5436 1253/6959/5437
f 1253/6959/5437 3958/6958/5436 5751/6960/5438 3959/6961/5439
f 3958/6958/5436 1250/6949/5431 3954/6951/5433 5751/6960/5438
f 5751/6960/5438 3954/6951/5433 1248/6953/5284 3960/6777/5289
f 3959/6961/5439 5751/6960/5438 3960/6777/5289 1251/6962/5288
f 1255/6963/3418 3962/4471/3416 5752/6964/5440 3961/6965/5441
f 3962/4471/3416 1252/6954/3406 3956/6957/5435 5752/6964/5440
f 5752/6964/5440 3956/6957/5435 1253/6959/5437 3963/6966/5442
f 3961/6965/5441 5752/6964/5440 3963/6966/5442 1256/6967/5443
f 1256/6967/5443 3963/6966/5442 5753/6968/5444 3964/6969/5445
f 3963/6966/5442 1253/6959/5437 3959/6961/5439 5753/6968/5444
f 5753/6968/5444 3959/6961/5439 1251/6962/5288 3965/6970/5293
f 3964/6969/5445 5753/6968/5444 3965/6970/5293 1254/6780/5292
f 1258/6971/3430 3967/6972/3428 5754/6973/5446 3966/6974/5447
f 3967/6972/3428 1255/6963/3418 3961/6965/5441 5754/6973/5446
f 5754/6973/5446 3961/6965/5441 1256/6967/5443 3968/6975/5448
f 3966/6974/5447 5754/6973/5446 3968/6975/5448 1259/6976/5449
f 1259/6976/5449 3968/6975/5448 5755/6977/5450 3969/6978/5451
f 3968/6975/5448 1256/6967/5443 3964/6969/5445 5755/6977/5450
f 5755/6977/5450 3964/6969/5445 1254/6780/5292 3970/6979/5297
f 3969/6978/5451 5755/6977/5450 3970/6979/5297 1257/6980/5296
f 1261/6981/3442 3972/6982/3440 5756/6983/5452 3971/6984/5453
f 3972/6982/3440 1258/6971/3430 3966/6974/5447 5756/6983/5452
f 5756/6983/5452 3966/6974/5447 1259/6976/5449 3973/6985/5454
f 3971/6984/5453 5756/6983/5452 3973/6985/5454 1262/6986/5455
f 1262/6986/5455 3973/6985/5454 5757/6987/5456 3974/6988/5457
f 3973/6985/5454 1259/6976/5449 3969/6978/5451 5757/6987/5456
f 5757/6987/5456 3969/6978/5451 1257/6980/5296 3975/6989/5301
f 3974/6988/5457 5757/6987/5456 3975/6989/5301 1260/6788/5300
f 1264/6990/3454 3977/6991/3452 5758/6992/5458 3976/6993/5459
f 3977/6991/3452 1261/6981/3442 3971/6984/5453 5758/6992/5458
f 5758/6992/5458 3971/6984/5453 1262/6986/5455 3978/6994/5460
f 3976/6993/5459 5758/6992/5458 3978/6994/5460 1265/6995/5461
f 1265/6995/5461 3978/6994/5460 5759/6996/5462 3979/6997/5463
f 3978/6994/5460 1262/6986/5455 3974/6988/5457 5759/6996/5462
f 5759/6996/5462 3974/6988/5457 1260/6788/5300 3980/6998/5305
f 3979/6997/5463 5759/6996/5462 3980/6998/5305 1263/6999/5304
f 1267/7000/3284 3982/7001/3461 5760/7002/5464 3981/7003/5465
f 3982/7001/3461 1264/6990/3454 3976/6993/5459 5760/7002/5464
f 5760/7002/5464 3976/6993/5459 1265/6995/5461 3983/7004/5466
f 3981/7003/5465 5760/7002/5464 3983/7004/5466 1268/7005/5467
f 1268/7005/5467 3983/7004/5466 5761/7006/5468 3984/7007/5469
f 3983/7004/5466 1265/6995/5461 3979/6997/5463 5761/7006/5468
f 5761/7006/5468 3979/6997/5463 1263/6999/5304 3985/7008/5309
f 3984/7007/5469 5761/7006/5468 3985/7008/5309 1266/6796/5308
f 1270/7009/3288 3987/7010/3285 5762/7011/5470 3986/7012/5471
f 3987/7010/3285 1267/7000/3284 3981/7003/5465 5762/7011/5470
f 5762/7011/5470 3981/7003/5465 1268/7005/5467 3988/7013/5472
f 3986/7012/5471 5762/7011/5470 3988/7013/5472 1271/7014/5473
f 1271/7014/5473 3988/7013/5472 5763/7015/5474 3989/7016/5475
f 3988/7013/5472 1268/7005/5467 3984/7007/5469 5763/7015/5474
f 5763/7015/5474 3984/7007/5469 1266/6796/5308 3990/7017/5313
f 3989/7016/5475 5763/7015/5474 3990/7017/5313 1269/7018/5312
f 1273/7019/3310 3992/7020/3308 5764/7021/5476 3991/7022/5477
f 3992/7020/3308 1270/7009/3288 3986/7012/5471 5764/7021/5476
f 5764/7021/5476 3986/7012/5471 1271/7014/5473 3993/7023/5478
f 3991/7022/5477 5764/7021/5476 3993/7023/5478 1274/7024/5479
f 1274/7024/5479 3993/7023/5478 5765/7025/5480 3994/7026/5481
f 3993/7023/5478 1271/7014/5473 3989/7016/5475 5765/7025/5480
f 5765/7025/5480 3989/7016/5475 1269/7018/5312 3995/7027/5317
f 3994/7026/5481 5765/7025/5480 3995/7027/5317 1272/7028/5316
f 1276/7029/3328 3997/7030/3326 5766/7031/5482 3996/7032/5483
f 3997/7030/3326 1273/7019/3310 3991/7022/5477 5766/7031/5482
f 5766/7031/5482 3991/7022/5477 1274/7024/5479 3998/7033/5484
f 3996/7032/5483 5766/7031/5482 3998/7033/5484 1277/7034/5485
f 1277/7034/5485 3998/7033/5484 5767/7035/5486 3999/7036/5487
f 3998/7033/5484 1274/7024/5479 3994/7026/5481 5767/7035/5486
f 5767/7035/5486 3994/7026/5481 1272/7028/5316 4000/7037/5321
f 3999/7036/5487 5767/7035/5486 4000/7037/5321 1275/7038/5320
f 1279/7039/3349 4002/7040/3347 5768/7041/5488 4001/7042/5489
f 4002/7040/3347 1276/7029/3328 3996/7032/5483 5768/7041/5488
f 5768/7041/5488 3996/7032/5483 1277/7034/5485 4003/7043/5490
f 4001/7042/5489 5768/7041/5488 4003/7043/5490 1280/7044/5491
f 1280/7044/5491 4003/7043/5490 5769/7045/5492 4004/7046/5493
f 4003/7043/5490 1277/7034/5485 3999/7036/5487 5769/7045/5492
f 5769/7045/5492 3999/7036/5487 1275/7038/5320 4005/7047/5325
f 4004/7046/5493 5769/7045/5492 4005/7047/5325 1278/7048/5324
f 1282/4419/3364 4007/7049/3362 5770/7050/5494 4006/7051/5495
f 4007/7049/3362 1279/7039/3349 4001/7042/5489 5770/7050/5494
f 5770/7050/5494 4001/7042/5489 1280/7044/5491 4008/7052/5496
f 4006/7051/5495 5770/7050/5494 4008/7052/5496 1283/7053/5497
f 1283/7053/5497 4008/7052/5496 5771/7054/5498 4009/7055/5499
f 4008/7052/5496 1280/7044/5491 4004/7046/5493 5771/7054/5498
f 5771/7054/5498 4004/7046/5493 1278/7048/5324 4010/7056/5329
f 4009/7055/5499 5771/7054/5498 4010/7056/5329 1281/7057/5328
f 1285/4431/3376 4012/7058/3374 5772/7059/5500 4011/7060/5501
f 4012/7058/3374 1282/4419/3364 4006/7051/5495 5772/7059/5500
f 5772/7059/5500 4006/7051/5495 1283/7053/5497 4013/7061/5502
f 4011/7060/5501 5772/7059/5500 4013/7061/5502 1286/7062/5503
f 1286/7062/5503 4013/7061/5502 5773/7063/5504 4014/7064/5505
f 4013/7061/5502 1283/7053/5497 4009/7055/5499 5773/7063/5504
f 5773/7063/5504 4009/7055/5499 1281/7057/5328 4015/7065/5333
f 4014/7064/5505 5773/7063/5504 4015/7065/5333 1284/7066/5332
f 1288/7067/3388 4017/7068/3386 5774/7069/5506 4016/7070/5507
f 4017/7068/3386 1285/4431/3376 4011/7060/5501 5774/7069/5506
f 5774/7069/5506 4011/7060/5501 1286/7062/5503 4018/7071/5508
f 4016/7070/5507 5774/7069/5506 4018/7071/5508 1289/7072/5509
f 1289/7072/5509 4018/7071/5508 5775/7073/5510 4019/7074/5511
f 4018/7071/5508 1286/7062/5503 4014/7064/5505 5775/7073/5510
f 5775/7073/5510 4014/7064/5505 1284/7066/5332 4020/7075/5337
f 4019/7074/5511 5775/7073/5510 4020/7075/5337 1287/7076/5336
f 1291/7077/3400 4022/7078/3398 5776/7079/5512 4021/7080/5513
f 4022/7078/3398 1288/7067/3388 4016/7070/5507 5776/7079/5512
f 5776/7079/5512 4016/7070/5507 1289/7072/5509 4023/7081/5514
f 4021/7080/5513 5776/7079/5512 4023/7081/5514 1292/7082/5515
f 1292/7082/5515 4023/7081/5514 5777/7083/5516 4024/7084/5517
f 4023/7081/5514 1289/7072/5509 4019/7074/5511 5777/7083/5516
f 5777/7083/5516 4019/7074/5511 1287/7076/5336 4025/7085/5341
f 4024/7084/5517 5777/7083/5516 4025/7085/5341 1290/7086/5340
f 1294/4467/3412 4027/7087/3410 5778/7088/5518 4026/7089/5519
f 4027/7087/3410 1291/7077/3400 4021/7080/5513 5778/7088/5518
f 5778/7088/5518 4021/7080/5513 1292/7082/5515 4028/7090/5520
f 4026/7089/5519 5778/7088/5518 4028/7090/5520 1295/7091/5521
f 1295/7091/5521 4028/7090/5520 5779/7092/5522 4029/7093/5523
f 4028/7090/5520 1292/7082/5515 4024/7084/5517 5779/7092/5522
f 5779/7092/5522 4024/7084/5517 1290/7086/5340 4030/7094/5345
f 4029/7093/5523 5779/7092/5522 4030/7094/5345 1293/7095/5344
f 1297/7096/3424 4032/4477/3422 5780/7097/5524 4031/7098/5525
f 4032/4477/3422 1294/4467/3412 4026/7089/5519 5780/7097/5524
f 5780/7097/5524 4026/7089/5519 1295/7091/5521 4033/7099/5526
f 4031/7098/5525 5780/7097/5524 4033/7099/5526 1298/7100/5527
f 1298/7100/5527 4033/7099/5526 5781/7101/5528 4034/7102/5529
f 4033/7099/5526 1295/7091/5521 4029/7093/5523 5781/7101/5528
f 5781/7101/5528 4029/7093/5523 1293/7095/5344 4035/7103/5349
f 4034/7102/5529 5781/7101/5528 4035/7103/5349 1296/6836/5348
f 1300/4491/3436 4037/7104/3434 5782/7105/5530 4036/7106/5531
f 4037/7104/3434 1297/7096/3424 4031/7098/5525 5782/7105/5530
f 5782/7105/5530 4031/7098/5525 1298/7100/5527 4038/7107/5532
f 4036/7106/5531 5782/7105/5530 4038/7107/5532 1301/7108/5533
f 1301/7108/5533 4038/7107/5532 5783/7109/5534 4039/7110/5535
f 4038/7107/5532 1298/7100/5527 4034/7102/5529 5783/7109/5534
f 5783/7109/5534 4034/7102/5529 1296/6836/5348 4040/7111/5353
f 4039/7110/5535 5783/7109/5534 4040/7111/5353 1299/7112/5352
f 1303/7113/3448 4042/7114/3446 5784/7115/5536 4041/7116/5537
f 4042/7114/3446 1300/4491/3436 4036/7106/5531 5784/7115/5536
f 5784/7115/5536 4036/7106/5531 1301/7108/5533 4043/7117/5538
f 4041/7116/5537 5784/7115/5536 4043/7117/5538 1304/7118/5539
f 1304/7118/5539 4043/7117/5538 5785/7119/5540 4044/7120/5541
f 4043/7117/5538 1301/7108/5533 4039/7110/5535 5785/7119/5540
f 5785/7119/5540 4039/7110/5535 1299/7112/5352 4045/7121/5357
f 4044/7120/5541 5785/7119/5540 4045/7121/5357 1302/7122/5356
f 1306/4330/3275 4047/7123/3458 5786/7124/5542 4046/7125/5543
f 4047/7123/3458 1303/7113/3448 4041/7116/5537 5786/7124/5542
f 5786/7124/5542 4041/7116/5537 1304/7118/5539 4048/7126/5544
f 4046/7125/5543 5786/7124/5542 4048/7126/5544 1307/7127/5545
f 1307/7127/5545 4048/7126/5544 5787/7128/5546 4049/7129/5547
f 4048/7126/5544 1304/7118/5539 4044/7120/5541 5787/7128/5546
f 5787/7128/5546 4044/7120/5541 1302/7122/5356 4050/7130/5361
f 4049/7129/5547 5787/7128/5546 4050/7130/5361 1305/7131/5360
f 1309/7132/3279 4052/7133/3276 5788/7134/5548 4051/7135/5549
f 4052/7133/3276 1306/4330/3275 4046/7125/5543 5788/7134/5548
f 5788/7134/5548 4046/7125/5543 1307/7127/5545 4053/7136/5550
f 4051/7135/5549 5788/7134/5548 4053/7136/5550 1310/7137/5551
f 1310/7137/5551 4053/7136/5550 5789/7138/5552 4054/7139/5553
f 4053/7136/5550 1307/7127/5545 4049/7129/5547 5789/7138/5552
f 5789/7138/5552 4049/7129/5547 1305/7131/5360 4055/6853/5365
f 4054/7139/5553 5789/7138/5552 4055/6853/5365 1308/7140/5364
f 1312/7141/3304 4057/7142/3302 5790/7143/5554 4056/7144/5555
f 4057/7142/3302 1309/7132/3279 4051/7135/5549 5790/7143/5554
f 5790/7143/5554 4051/7135/5549 1310/7137/5551 4058/7145/5556
f 4056/7144/5555 5790/7143/5554 4058/7145/5556 1313/7146/5557
f 1313/7146/5557 4058/7145/5556 5791/7147/5558 4059/7148/5559
f 4058/7145/5556 1310/7137/5551 4054/7139/5553 5791/7147/5558
f 5791/7147/5558 4054/7139/5553 1308/7140/5364 4060/7149/5369
f 4059/7148/5559 5791/7147/5558 4060/7149/5369 1311/7150/5368
f 1315/7151/3293 4062/7152/3323 5792/7153/5560 4061/7154/5561
f 4062/7152/3323 1312/7141/3304 4056/7144/5555 5792/7153/5560
f 5792/7153/5560 4056/7144/5555 1313/7146/5557 4063/7155/5562
f 4061/7154/5561 5792/7153/5560 4063/7155/5562 1316/7156/5563
f 1316/7156/5563 4063/7155/5562 5793/7157/5564 4064/7158/5565
f 4063/7155/5562 1313/7146/5557 4059/7148/5559 5793/7157/5564
f 5793/7157/5564 4059/7148/5559 1311/7150/5368 4065/7159/5373
f 4064/7158/5565 5793/7157/5564 4065/7159/5373 1314/7160/5372
f 1224/6868/3297 4066/7161/3294 5794/7162/5566 3911/6869/5379
f 4066/7161/3294 1315/7151/3293 4061/7154/5561 5794/7162/5566
f 5794/7162/5566 4061/7154/5561 1316/7156/5563 4067/7163/5567
f 3911/6869/5379 5794/7162/5566 4067/7163/5567 1226/6870/5380
f 1226/6870/5380 4067/7163/5567 5795/7164/5568 3914/6875/5385
f 4067/7163/5567 1316/7156/5563 4064/7158/5565 5795/7164/5568
f 5795/7164/5568 4064/7158/5565 1314/7160/5372 4068/7165/5375
f 3914/6875/5385 5795/7164/5568 4068/7165/5375 1225/6876/5253
f 1318/7166/3344 4070/7167/3343 5796/7168/5569 4069/7169/5570
f 4070/7167/3343 1320/7170/3342 4071/7171/5571 5796/7168/5569
f 5796/7168/5569 4071/7171/5571 1322/7172/5572 4072/7173/5573
f 4069/7169/5570 5796/7168/5569 4072/7173/5573 1319/7174/5574
f 1319/7175/5574 4072/7176/5573 5797/7177/5575 4073/7178/5576
f 4072/7176/5573 1322/7179/5572 4074/7180/5577 5797/7177/5575
f 5797/7177/5575 4074/7180/5577 1321/7181/3299 4075/7182/5578
f 4073/7178/5576 5797/7177/5575 4075/7182/5578 1317/7183/3274
f 1324/5162/4047 4077/7184/4046 5798/7185/5579 4076/7186/5580
f 4077/7184/4046 1318/7166/3344 4069/7169/5570 5798/7185/5579
f 5798/7185/5579 4069/7169/5570 1319/7174/5574 4078/7187/5581
f 4076/7186/5580 5798/7185/5579 4078/7187/5581 1325/7188/5582
f 1325/7189/5582 4078/7190/5581 5799/7191/5583 4079/7192/5584
f 4078/7190/5581 1319/7175/5574 4073/7178/5576 5799/7191/5583
f 5799/7191/5583 4073/7178/5576 1317/7183/3274 4080/7193/3273
f 4079/7192/5584 5799/7191/5583 4080/7193/3273 1323/7194/3272
f 1327/7195/4075 4082/5213/4098 5800/7196/5585 4081/7197/5586
f 4082/5213/4098 1324/5162/4047 4076/7186/5580 5800/7196/5585
f 5800/7196/5585 4076/7186/5580 1325/7188/5582 4083/7198/5587
f 4081/7197/5586 5800/7196/5585 4083/7198/5587 1328/7199/5588
f 1328/7200/5588 4083/7198/5587 5801/7201/5589 4084/7202/5590
f 4083/7198/5587 1325/7189/5582 4079/7192/5584 5801/7201/5589
f 5801/7201/5589 4079/7192/5584 1323/7194/3272 4085/7203/3361
f 4084/7202/5590 5801/7201/5589 4085/7203/3361 1326/7204/3322
f 1330/7205/4077 4087/7206/4076 5802/7207/5591 4086/7208/5592
f 4087/7206/4076 1327/7195/4075 4081/7197/5586 5802/7207/5591
f 5802/7207/5591 4081/7197/5586 1328/7199/5588 4088/7209/5593
f 4086/7208/5592 5802/7207/5591 4088/7209/5593 1331/7210/5594
f 1331/7210/5594 4088/7211/5593 5803/7212/5595 4089/7213/5596
f 4088/7211/5593 1328/7200/5588 4084/7202/5590 5803/7212/5595
f 5803/7212/5595 4084/7202/5590 1326/7204/3322 4090/7214/3321
f 4089/7213/5596 5803/7212/5595 4090/7214/3321 1329/7215/3320
f 1333/5202/4087 4092/7216/4086 5804/7217/5597 4091/7218/5598
f 4092/7216/4086 1330/7205/4077 4086/7208/5592 5804/7217/5597
f 5804/7217/5597 4086/7208/5592 1331/7210/5594 4093/7219/5599
f 4091/7218/5598 5804/7217/5597 4093/7219/5599 1334/7220/5600
f 1334/7221/5600 4093/7219/5599 5805/7222/5601 4094/7223/5602
f 4093/7219/5599 1331/7210/5594 4089/7213/5596 5805/7222/5601
f 5805/7222/5601 4089/7213/5596 1329/7215/3320 4095/7224/3337
f 4094/7223/5602 5805/7222/5601 4095/7224/3337 1332/7225/3336
f 1336/7226/4095 4097/7227/4094 5806/7228/5603 4096/7229/5604
f 4097/7227/4094 1333/5202/4087 4091/7218/5598 5806/7228/5603
f 5806/7228/5603 4091/7218/5598 1334/7220/5600 4098/7230/5605
f 4096/7229/5604 5806/7228/5603 4098/7230/5605 1337/7231/5606
f 1337/7232/5606 4098/7233/5605 5807/7234/5607 4099/7235/5608
f 4098/7233/5605 1334/7221/5600 4094/7223/5602 5807/7234/5607
f 5807/7234/5607 4094/7223/5602 1332/7225/3336 4100/7236/3358
f 4099/7235/5608 5807/7234/5607 4100/7236/3358 1335/7237/3357
f 1339/5220/4105 4102/7238/4104 5808/7239/5609 4101/7240/5610
f 4102/7238/4104 1336/7226/4095 4096/7229/5604 5808/7239/5609
f 5808/7239/5609 4096/7229/5604 1337/7231/5606 4103/7241/5611
f 4101/7240/5610 5808/7239/5609 4103/7241/5611 1340/7242/5612
f 1340/7243/5612 4103/7241/5611 5809/7244/5613 4104/7245/5614
f 4103/7241/5611 1337/7232/5606 4099/7235/5608 5809/7244/5613
f 5809/7244/5613 4099/7235/5608 1335/7237/3357 4105/7246/3373
f 4104/7245/5614 5809/7244/5613 4105/7246/3373 1338/7247/3372
f 1342/7248/4113 4107/7249/4112 5810/7250/5615 4106/7251/5616
f 4107/7249/4112 1339/5220/4105 4101/7240/5610 5810/7250/5615
f 5810/7250/5615 4101/7240/5610 1340/7242/5612 4108/7252/5617
f 4106/7251/5616 5810/7250/5615 4108/7252/5617 1343/7253/5618
f 1343/7254/5618 4108/7252/5617 5811/7255/5619 4109/7256/5620
f 4108/7252/5617 1340/7243/5612 4104/7245/5614 5811/7255/5619
f 5811/7255/5619 4104/7245/5614 1338/7247/3372 4110/7257/3385
f 4109/7256/5620 5811/7255/5619 4110/7257/3385 1341/7258/3384
f 1345/7259/4121 4112/5235/4120 5812/7260/5621 4111/7261/5622
f 4112/5235/4120 1342/7248/4113 4106/7251/5616 5812/7260/5621
f 5812/7260/5621 4106/7251/5616 1343/7253/5618 4113/7262/5623
f 4111/7261/5622 5812/7260/5621 4113/7262/5623 1346/7263/5624
f 1346/7264/5624 4113/7265/5623 5813/7266/5625 4114/7267/5626
f 4113/7265/5623 1343/7254/5618 4109/7256/5620 5813/7266/5625
f 5813/7266/5625 4109/7256/5620 1341/7258/3384 4115/7268/3397
f 4114/7267/5626 5813/7266/5625 4115/7268/3397 1344/7269/3396
f 1348/7270/4129 4117/7271/4128 5814/7272/5627 4116/7273/5628
f 4117/7271/4128 1345/7259/4121 4111/7261/5622 5814/7272/5627
f 5814/7272/5627 4111/7261/5622 1346/7263/5624 4118/7274/5629
f 4116/7273/5628 5814/7272/5627 4118/7274/5629 1349/7275/5630
f 1349/7276/5630 4118/7277/5629 5815/7278/5631 4119/7279/5632
f 4118/7277/5629 1346/7264/5624 4114/7267/5626 5815/7278/5631
f 5815/7278/5631 4114/7267/5626 1344/7269/3396 4120/7280/3409
f 4119/7279/5632 5815/7278/5631 4120/7280/3409 1347/7281/3408
f 1351/7282/4137 4122/7283/4136 5816/7284/5633 4121/7285/5634
f 4122/7283/4136 1348/7270/4129 4116/7273/5628 5816/7284/5633
f 5816/7284/5633 4116/7273/5628 1349/7275/5630 4123/7286/5635
f 4121/7285/5634 5816/7284/5633 4123/7286/5635 1352/7287/5636
f 1352/7288/5636 4123/7289/5635 5817/7290/5637 4124/7291/5638
f 4123/7289/5635 1349/7276/5630 4119/7279/5632 5817/7290/5637
f 5817/7290/5637 4119/7279/5632 1347/7281/3408 4125/7292/3421
f 4124/7291/5638 5817/7290/5637 4125/7292/3421 1350/7293/3420
f 1354/7294/4145 4127/7295/4144 5818/7296/5639 4126/7297/5640
f 4127/7295/4144 1351/7282/4137 4121/7285/5634 5818/7296/5639
f 5818/7296/5639 4121/7285/5634 1352/7287/5636 4128/7298/5641
f 4126/7297/5640 5818/7296/5639 4128/7298/5641 1355/7299/5642
f 1355/7300/5642 4128/7301/5641 5819/7302/5643 4129/7303/5644
f 4128/7301/5641 1352/7288/5636 4124/7291/5638 5819/7302/5643
f 5819/7302/5643 4124/7291/5638 1350/7293/3420 4130/7304/3433
f 4129/7303/5644 5819/7302/5643 4130/7304/3433 1353/7305/3432
f 1357/7306/4153 4132/7307/4152 5820/7308/5645 4131/7309/5646
f 4132/7307/4152 1354/7294/4145 4126/7297/5640 5820/7308/5645
f 5820/7308/5645 4126/7297/5640 1355/7299/5642 4133/7310/5647
f 4131/7309/5646 5820/7308/5645 4133/7310/5647 1358/7311/5648
f 1358/7312/5648 4133/7310/5647 5821/7313/5649 4134/7314/5650
f 4133/7310/5647 1355/7300/5642 4129/7303/5644 5821/7313/5649
f 5821/7313/5649 4129/7303/5644 1353/7305/3432 4135/7315/3445
f 4134/7314/5650 5821/7313/5649 4135/7315/3445 1356/7316/3444
f 1360/5276/4161 4137/5275/4160 5822/7317/5651 4136/7318/5652
f 4137/5275/4160 1357/7306/4153 4131/7309/5646 5822/7317/5651
f 5822/7317/5651 4131/7309/5646 1358/7311/5648 4138/7319/5653
f 4136/7318/5652 5822/7317/5651 4138/7319/5653 1361/7320/5654
f 1361/7321/5654 4138/7322/5653 5823/7323/5655 4139/7324/5656
f 4138/7322/5653 1358/7312/5648 4134/7314/5650 5823/7323/5655
f 5823/7323/5655 4134/7314/5650 1356/7316/3444 4140/7325/3457
f 4139/7324/5656 5823/7323/5655 4140/7325/3457 1359/7326/3456
f 1363/7327/4057 4142/7328/4166 5824/7329/5657 4141/7330/5658
f 4142/7328/4166 1360/5276/4161 4136/7318/5652 5824/7329/5657
f 5824/7329/5657 4136/7318/5652 1361/7320/5654 4143/7331/5659
f 4141/7330/5658 5824/7329/5657 4143/7331/5659 1364/7332/5660
f 1364/7332/5660 4143/7333/5659 5825/7334/5661 4144/7335/5662
f 4143/7333/5659 1361/7321/5654 4139/7324/5656 5825/7334/5661
f 5825/7334/5661 4139/7324/5656 1359/7326/3456 4145/7336/3463
f 4144/7335/5662 5825/7334/5661 4145/7336/3463 1362/7337/3292
f 1366/5174/4059 4147/5173/4058 5826/7338/5663 4146/7339/5664
f 4147/5173/4058 1363/7327/4057 4141/7330/5658 5826/7338/5663
f 5826/7338/5663 4141/7330/5658 1364/7332/5660 4148/7340/5665
f 4146/7339/5664 5826/7338/5663 4148/7340/5665 1367/7341/5666
f 1367/7342/5666 4148/7343/5665 5827/7344/5667 4149/7345/5668
f 4148/7343/5665 1364/7332/5660 4144/7335/5662 5827/7344/5667
f 5827/7344/5667 4144/7335/5662 1362/7337/3292 4150/7346/3291
f 4149/7345/5668 5827/7344/5667 4150/7346/3291 1365/7347/3290
f 1369/7348/4071 4152/7349/4070 5828/7350/5669 4151/7351/5670
f 4152/7349/4070 1366/5174/4059 4146/7339/5664 5828/7350/5669
f 5828/7350/5669 4146/7339/5664 1367/7341/5666 4153/7352/5671
f 4151/7351/5670 5828/7350/5669 4153/7352/5671 1370/7353/5672
f 1370/7354/5672 4153/7355/5671 5829/7356/5673 4154/7357/5674
f 4153/7355/5671 1367/7342/5666 4149/7345/5668 5829/7356/5673
f 5829/7356/5673 4149/7345/5668 1365/7347/3290 4155/7358/3313
f 4154/7357/5674 5829/7356/5673 4155/7358/3313 1368/7359/3312
f 1372/7360/4083 4157/7361/4082 5830/7362/5675 4156/7363/5676
f 4157/7361/4082 1369/7348/4071 4151/7351/5670 5830/7362/5675
f 5830/7362/5675 4151/7351/5670 1370/7353/5672 4158/7364/5677
f 4156/7363/5676 5830/7362/5675 4158/7364/5677 1373/7365/5678
f 1373/7366/5678 4158/7367/5677 5831/7368/5679 4159/7369/5680
f 4158/7367/5677 1370/7354/5672 4154/7357/5674 5831/7368/5679
f 5831/7368/5679 4154/7357/5674 1368/7359/3312 4160/7370/3331
f 4159/7369/5680 5831/7368/5679 4160/7370/3331 1371/7371/3330
f 1375/7372/4091 4162/7373/4090 5832/7374/5681 4161/7375/5682
f 4162/7373/4090 1372/7360/4083 4156/7363/5676 5832/7374/5681
f 5832/7374/5681 4156/7363/5676 1373/7365/5678 4163/7376/5683
f 4161/7375/5682 5832/7374/5681 4163/7376/5683 1376/7377/5684
f 1376/7378/5684 4163/7379/5683 5833/7380/5685 4164/7381/5686
f 4163/7379/5683 1373/7366/5678 4159/7369/5680 5833/7380/5685
f 5833/7380/5685 4159/7369/5680 1371/7371/3330 4165/7382/3352
f 4164/7381/5686 5833/7380/5685 4165/7382/3352 1374/7383/3351
f 1378/7384/4101 4167/7385/4100 5834/7386/5687 4166/7387/5688
f 4167/7385/4100 1375/7372/4091 4161/7375/5682 5834/7386/5687
f 5834/7386/5687 4161/7375/5682 1376/7377/5684 4168/7388/5689
f 4166/7387/5688 5834/7386/5687 4168/7388/5689 1379/7389/5690
f 1379/7390/5690 4168/7391/5689 5835/7392/5691 4169/7393/5692
f 4168/7391/5689 1376/7378/5684 4164/7381/5686 5835/7392/5691
f 5835/7392/5691 4164/7381/5686 1374/7383/3351 4170/7394/3367
f 4169/7393/5692 5835/7392/5691 4170/7394/3367 1377/7395/3366
f 1381/7396/4109 4172/7397/4108 5836/7398/5693 4171/7399/5694
f 4172/7397/4108 1378/7384/4101 4166/7387/5688 5836/7398/5693
f 5836/7398/5693 4166/7387/5688 1379/7389/5690 4173/7400/5695
f 4171/7399/5694 5836/7398/5693 4173/7400/5695 1382/7401/5696
f 1382/7402/5696 4173/7403/5695 5837/7404/5697 4174/7405/5698
f 4173/7403/5695 1379/7390/5690 4169/7393/5692 5837/7404/5697
f 5837/7404/5697 4169/7393/5692 1377/7395/3366 4175/7406/3379
f 4174/7405/5698 5837/7404/5697 4175/7406/3379 1380/7407/3378
f 1384/7408/4117 4177/7409/4116 5838/7410/5699 4176/7411/5700
f 4177/7409/4116 1381/7396/4109 4171/7399/5694 5838/7410/5699
f 5838/7410/5699 4171/7399/5694 1382/7401/5696 4178/7412/5701
f 4176/7411/5700 5838/7410/5699 4178/7412/5701 1385/7413/5702
f 1385/7414/5702 4178/7415/5701 5839/7416/5703 4179/7417/5704
f 4178/7415/5701 1382/7402/5696 4174/7405/5698 5839/7416/5703
f 5839/7416/5703 4174/7405/5698 1380/7407/3378 4180/7418/3391
f 4179/7417/5704 5839/7416/5703 4180/7418/3391 1383/7419/3390
f 1387/7420/4125 4182/7421/4124 5840/7422/5705 4181/7423/5706
f 4182/7421/4124 1384/7408/4117 4176/7411/5700 5840/7422/5705
f 5840/7422/5705 4176/7411/5700 1385/7413/5702 4183/7424/5707
f 4181/7423/5706 5840/7422/5705 4183/7424/5707 1388/7425/5708
f 1388/7425/5708 4183/7426/5707 5841/7427/5709 4184/7428/5710
f 4183/7426/5707 1385/7414/5702 4179/7417/5704 5841/7427/5709
f 5841/7427/5709 4179/7417/5704 1383/7419/3390 4185/7429/3403
f 4184/7428/5710 5841/7427/5709 4185/7429/3403 1386/7430/3402
f 1390/7431/4133 4187/7432/4132 5842/7433/5711 4186/7434/5712
f 4187/7432/4132 1387/7420/4125 4181/7423/5706 5842/7433/5711
f 5842/7433/5711 4181/7423/5706 1388/7425/5708 4188/7435/5713
f 4186/7434/5712 5842/7433/5711 4188/7435/5713 1391/7436/5714
f 1391/7437/5714 4188/7438/5713 5843/7439/5715 4189/7440/5716
f 4188/7438/5713 1388/7425/5708 4184/7428/5710 5843/7439/5715
f 5843/7439/5715 4184/7428/5710 1386/7430/3402 4190/7441/3415
f 4189/7440/5716 5843/7439/5715 4190/7441/3415 1389/7442/3414
f 1393/7443/4141 4192/7444/4140 5844/7445/5717 4191/7446/5718
f 4192/7444/4140 1390/7431/4133 4186/7434/5712 5844/7445/5717
f 5844/7445/5717 4186/7434/5712 1391/7436/5714 4193/7447/5719
f 4191/7446/5718 5844/7445/5717 4193/7447/5719 1394/7448/5720
f 1394/7449/5720 4193/7450/5719 5845/7451/5721 4194/7452/5722
f 4193/7450/5719 1391/7437/5714 4189/7440/5716 5845/7451/5721
f 5845/7451/5721 4189/7440/5716 1389/7442/3414 4195/7453/3427
f 4194/7452/5722 5845/7451/5721 4195/7453/3427 1392/7454/3426
f 1396/7455/4149 4197/5263/4148 5846/7456/5723 4196/7457/5724
f 4197/5263/4148 1393/7443/4141 4191/7446/5718 5846/7456/5723
f 5846/7456/5723 4191/7446/5718 1394/7448/5720 4198/7458/5725
f 4196/7457/5724 5846/7456/5723 4198/7458/5725 1397/7459/5726
f 1397/7460/5726 4198/7461/5725 5847/7462/5727 4199/7463/5728
f 4198/7461/5725 1394/7449/5720 4194/7452/5722 5847/7462/5727
f 5847/7462/5727 4194/7452/5722 1392/7454/3426 4200/7464/3439
f 4199/7463/5728 5847/7462/5727 4200/7464/3439 1395/7465/3438
f 1399/7466/4157 4202/7467/4156 5848/7468/5729 4201/7469/5730
f 4202/7467/4156 1396/7455/4149 4196/7457/5724 5848/7468/5729
f 5848/7468/5729 4196/7457/5724 1397/7459/5726 4203/7470/5731
f 4201/7469/5730 5848/7468/5729 4203/7470/5731 1400/7471/5732
f 1400/7472/5732 4203/7473/5731 5849/7474/5733 4204/7475/5734
f 4203/7473/5731 1397/7460/5726 4199/7463/5728 5849/7474/5733
f 5849/7474/5733 4199/7463/5728 1395/7465/3438 4205/7476/3451
f 4204/7475/5734 5849/7474/5733 4205/7476/3451 1398/7477/3450
f 1402/7478/4051 4207/7479/4164 5850/7480/5735 4206/7481/5736
f 4207/7479/4164 1399/7466/4157 4201/7469/5730 5850/7480/5735
f 5850/7480/5735 4201/7469/5730 1400/7471/5732 4208/7482/5737
f 4206/7481/5736 5850/7480/5735 4208/7482/5737 1403/7483/5738
f 1403/7483/5738 4208/7484/5737 5851/7485/5739 4209/7486/5740
f 4208/7484/5737 1400/7472/5732 4204/7475/5734 5851/7485/5739
f 5851/7485/5739 4204/7475/5734 1398/7477/3450 4210/7487/3460
f 4209/7486/5740 5851/7485/5739 4210/7487/3460 1401/7488/3283
f 1405/7489/4053 4212/7490/4052 5852/7491/5741 4211/7492/5742
f 4212/7490/4052 1402/7478/4051 4206/7481/5736 5852/7491/5741
f 5852/7491/5741 4206/7481/5736 1403/7483/5738 4213/7493/5743
f 4211/7492/5742 5852/7491/5741 4213/7493/5743 1406/7494/5744
f 1406/7495/5744 4213/7496/5743 5853/7497/5745 4214/7498/5746
f 4213/7496/5743 1403/7483/5738 4209/7486/5740 5853/7497/5745
f 5853/7497/5745 4209/7486/5740 1401/7488/3283 4215/7499/3282
f 4214/7498/5746 5853/7497/5745 4215/7499/3282 1404/7500/3281
f 1408/7501/4067 4217/7502/4066 5854/7503/5747 4216/7504/5748
f 4217/7502/4066 1405/7489/4053 4211/7492/5742 5854/7503/5747
f 5854/7503/5747 4211/7492/5742 1406/7494/5744 4218/7505/5749
f 4216/7504/5748 5854/7503/5747 4218/7505/5749 1409/7506/5750
f 1409/7506/5750 4218/7505/5749 5855/7507/5751 4219/7508/5752
f 4218/7505/5749 1406/7495/5744 4214/7498/5746 5855/7507/5751
f 5855/7507/5751 4214/7498/5746 1404/7500/3281 4220/7509/3307
f 4219/7508/5752 5855/7507/5751 4220/7509/3307 1407/7510/3306
f 1411/7511/4063 4222/7512/4080 5856/7513/5753 4221/7514/5754
f 4222/7512/4080 1408/7501/4067 4216/7504/5748 5856/7513/5753
f 5856/7513/5753 4216/7504/5748 1409/7506/5750 4223/7515/5755
f 4221/7514/5754 5856/7513/5753 4223/7515/5755 1412/7516/5756
f 1412/7517/5756 4223/7515/5755 5857/7518/5757 4224/7519/5758
f 4223/7515/5755 1409/7506/5750 4219/7508/5752 5857/7518/5757
f 5857/7518/5757 4219/7508/5752 1407/7510/3306 4225/7520/3325
f 4224/7519/5758 5857/7518/5757 4225/7520/3325 1410/7521/3301
f 1320/7170/3342 4226/7522/4064 5858/7523/5759 4071/7171/5571
f 4226/7522/4064 1411/7511/4063 4221/7514/5754 5858/7523/5759
f 5858/7523/5759 4221/7514/5754 1412/7516/5756 4227/7524/5760
f 4071/7171/5571 5858/7523/5759 4227/7524/5760 1322/7172/5572
f 1322/7179/5572 4227/7525/5760 5859/7526/5761 4074/7180/5577
f 4227/7525/5760 1412/7517/5756 4224/7519/5758 5859/7526/5761
f 5859/7526/5761 4224/7519/5758 1410/7521/3301 4228/7527/3300
f 4074/7180/5577 5859/7526/5761 4228/7527/3300 1321/7181/3299
f 1224/4352/3297 3910/7528/5376 5860/7529/5762 4229/4353/3298
f 3910/7528/5376 1222/4321/3266 4230/4324/3269 5860/7529/5762
f 5860/7529/5762 4230/4324/3269 1317/4329/3274 4075/7530/5578
f 4229/4353/3298 5860/7529/5762 4075/7530/5578 1321/4354/3299
f 869/4837/3722 3205/7531/5763 5861/7532/5764 3173/4838/3723
f 3205/7531/5763 1413/5287/4172 4357/5409/4294 5861/7532/5764
f 5861/7532/5764 4357/5409/4294 1414/5404/4289 4326/7533/5765
f 3173/4838/3723 5861/7532/5764 4326/7533/5765 868/4839/3724
f 868/4839/3724 4326/7533/5765 5862/7534/5766 3174/4844/3729
f 4326/7533/5765 1414/5404/4289 4358/5407/4292 5862/7534/5766
f 5862/7534/5766 4358/5407/4292 1415/5400/4285 4327/7535/5767
f 3174/4844/3729 5862/7534/5766 4327/7535/5767 870/4845/3730
f 870/4845/3730 4327/7535/5767 5863/7536/5768 3175/4850/3735
f 4327/7535/5767 1415/5400/4285 4359/5403/4288 5863/7536/5768
f 5863/7536/5768 4359/5403/4288 1416/5396/4281 4328/7537/5769
f 3175/4850/3735 5863/7536/5768 4328/7537/5769 871/4851/3736
f 871/4851/3736 4328/7537/5769 5864/7538/5770 3176/4856/3741
f 4328/7537/5769 1416/5396/4281 4360/5399/4284 5864/7538/5770
f 5864/7538/5770 4360/5399/4284 1417/5392/4277 4329/7539/5771
f 3176/4856/3741 5864/7538/5770 4329/7539/5771 872/4857/3742
f 872/4857/3742 4329/7539/5771 5865/7540/5772 3177/4862/3747
f 4329/7539/5771 1417/5392/4277 4361/5395/4280 5865/7540/5772
f 5865/7540/5772 4361/5395/4280 1418/5388/4273 4330/7541/5773
f 3177/4862/3747 5865/7540/5772 4330/7541/5773 873/4863/3748
f 873/4863/3748 4330/7541/5773 5866/7542/5774 3178/4868/3753
f 4330/7541/5773 1418/5388/4273 4362/5391/4276 5866/7542/5774
f 5866/7542/5774 4362/5391/4276 1419/5384/4269 4331/7543/5775
f 3178/4868/3753 5866/7542/5774 4331/7543/5775 874/4869/3754
f 874/4869/3754 4331/7543/5775 5867/7544/5776 3179/4874/3759
f 4331/7543/5775 1419/5384/4269 4363/5387/4272 5867/7544/5776
f 5867/7544/5776 4363/5387/4272 1420/5380/4265 4332/7545/5777
f 3179/4874/3759 5867/7544/5776 4332/7545/5777 875/4875/3760
f 875/4875/3760 4332/7545/5777 5868/7546/5778 3180/4880/3765
f 4332/7545/5777 1420/5380/4265 4364/5383/4268 5868/7546/5778
f 5868/7546/5778 4364/5383/4268 1421/5376/4261 4333/7547/5779
f 3180/4880/3765 5868/7546/5778 4333/7547/5779 876/4881/3766
f 876/4881/3766 4333/7547/5779 5869/7548/5780 3181/4886/3771
f 4333/7547/5779 1421/5376/4261 4365/5379/4264 5869/7548/5780
f 5869/7548/5780 4365/5379/4264 1422/5372/4257 4334/7549/5781
f 3181/4886/3771 5869/7548/5780 4334/7549/5781 877/4887/3772
f 877/4887/3772 4334/7549/5781 5870/7550/5782 3182/4892/3777
f 4334/7549/5781 1422/5372/4257 4366/5375/4260 5870/7550/5782
f 5870/7550/5782 4366/5375/4260 1423/5368/4253 4335/7551/5783
f 3182/4892/3777 5870/7550/5782 4335/7551/5783 878/4893/3778
f 878/4893/3778 4335/7551/5783 5871/7552/5784 3183/4898/3783
f 4335/7551/5783 1423/5368/4253 4367/5371/4256 5871/7552/5784
f 5871/7552/5784 4367/5371/4256 1424/5364/4249 4336/7553/5785
f 3183/4898/3783 5871/7552/5784 4336/7553/5785 879/4899/3784
f 879/4899/3784 4336/7553/5785 5872/7554/5786 3184/4904/3789
f 4336/7553/5785 1424/5364/4249 4368/5367/4252 5872/7554/5786
f 5872/7554/5786 4368/5367/4252 1425/5360/4245 4337/7555/5787
f 3184/4904/3789 5872/7554/5786 4337/7555/5787 880/4905/3790
f 880/4905/3790 4337/7555/5787 5873/7556/5788 3185/4910/3795
f 4337/7555/5787 1425/5360/4245 4369/5363/4248 5873/7556/5788
f 5873/7556/5788 4369/5363/4248 1426/5356/4241 4338/7557/5789
f 3185/4910/3795 5873/7556/5788 4338/7557/5789 881/4911/3796
f 881/4911/3796 4338/7557/5789 5874/7558/5790 3186/4916/3801
f 4338/7557/5789 1426/5356/4241 4370/5359/4244 5874/7558/5790
f 5874/7558/5790 4370/5359/4244 1427/5352/4237 4339/7559/5791
f 3186/4916/3801 5874/7558/5790 4339/7559/5791 882/4917/3802
f 882/4917/3802 4339/7559/5791 5875/7560/5792 3187/4922/3807
f 4339/7559/5791 1427/5352/4237 4371/5355/4240 5875/7560/5792
f 5875/7560/5792 4371/5355/4240 1428/5348/4233 4340/7561/5793
f 3187/4922/3807 5875/7560/5792 4340/7561/5793 883/4923/3808
f 883/4923/3808 4340/7561/5793 5876/7562/5794 3188/4928/3813
f 4340/7561/5793 1428/5348/4233 4372/5351/4236 5876/7562/5794
f 5876/7562/5794 4372/5351/4236 1429/5344/4229 4341/7563/5795
f 3188/4928/3813 5876/7562/5794 4341/7563/5795 884/4929/3814
f 884/4929/3814 4341/7563/5795 5877/7564/5796 3189/4934/3819
f 4341/7563/5795 1429/5344/4229 4373/5347/4232 5877/7564/5796
f 5877/7564/5796 4373/5347/4232 1430/5340/4225 4342/7565/5797
f 3189/4934/3819 5877/7564/5796 4342/7565/5797 885/4935/3820
f 885/4935/3820 4342/7565/5797 5878/7566/5798 3190/4940/3825
f 4342/7565/5797 1430/5340/4225 4374/5343/4228 5878/7566/5798
f 5878/7566/5798 4374/5343/4228 1431/5336/4221 4343/7567/5799
f 3190/4940/3825 5878/7566/5798 4343/7567/5799 886/4941/3826
f 886/4941/3826 4343/7567/5799 5879/7568/5800 3191/4946/3831
f 4343/7567/5799 1431/5336/4221 4375/5339/4224 5879/7568/5800
f 5879/7568/5800 4375/5339/4224 1432/5332/4217 4344/7569/5801
f 3191/4946/3831 5879/7568/5800 4344/7569/5801 887/4947/3832
f 887/4947/3832 4344/7569/5801 5880/7570/5802 3192/4952/3837
f 4344/7569/5801 1432/5332/4217 4376/5335/4220 5880/7570/5802
f 5880/7570/5802 4376/5335/4220 1433/5328/4213 4345/7571/5803
f 3192/4952/3837 5880/7570/5802 4345/7571/5803 888/4953/3838
f 888/4953/3838 4345/7571/5803 5881/7572/5804 3193/4958/3843
f 4345/7571/5803 1433/5328/4213 4377/5331/4216 5881/7572/5804
f 5881/7572/5804 4377/5331/4216 1434/5324/4209 4346/7573/5805
f 3193/4958/3843 5881/7572/5804 4346/7573/5805 889/4959/3844
f 889/4959/3844 4346/7573/5805 5882/7574/5806 3194/4964/3849
f 4346/7573/5805 1434/5324/4209 4378/5327/4212 5882/7574/5806
f 5882/7574/5806 4378/5327/4212 1435/5320/4205 4347/7575/5807
f 3194/4964/3849 5882/7574/5806 4347/7575/5807 890/4965/3850
f 890/4965/3850 4347/7575/5807 5883/7576/5808 3195/4970/3855
f 4347/7575/5807 1435/5320/4205 4379/5323/4208 5883/7576/5808
f 5883/7576/5808 4379/5323/4208 1436/5316/4201 4348/7577/5809
f 3195/4970/3855 5883/7576/5808 4348/7577/5809 891/4971/3856
f 891/4971/3856 4348/7577/5809 5884/7578/5810 3196/4976/3861
f 4348/7577/5809 1436/5316/4201 4380/5319/4204 5884/7578/5810
f 5884/7578/5810 4380/5319/4204 1437/5312/4197 4349/7579/5811
f 3196/4976/3861 5884/7578/5810 4349/7579/5811 892/4977/3862
f 892/4977/3862 4349/7579/5811 5885/7580/5812 3197/4982/3867
f 4349/7579/5811 1437/5312/4197 4381/5315/4200 5885/7580/5812
f 5885/7580/5812 4381/5315/4200 1438/5308/4193 4350/7581/5813
f 3197/4982/3867 5885/7580/5812 4350/7581/5813 893/4983/3868
f 893/4983/3868 4350/7581/5813 5886/7582/5814 3198/4988/3873
f 4350/7581/5813 1438/5308/4193 4382/5311/4196 5886/7582/5814
f 5886/7582/5814 4382/5311/4196 1439/5304/4189 4351/7583/5815
f 3198/4988/3873 5886/7582/5814 4351/7583/5815 894/4989/3874
f 894/4989/3874 4351/7583/5815 5887/7584/5816 3199/4994/3879
f 4351/7583/5815 1439/5304/4189 4383/5307/4192 5887/7584/5816
f 5887/7584/5816 4383/5307/4192 1440/5300/4185 4352/7585/5817
f 3199/4994/3879 5887/7584/5816 4352/7585/5817 895/4995/3880
f 895/4995/3880 4352/7585/5817 5888/7586/5818 3200/5000/3885
f 4352/7585/5817 1440/5300/4185 4384/5303/4188 5888/7586/5818
f 5888/7586/5818 4384/5303/4188 1441/5296/4181 4353/7587/5819
f 3200/5000/3885 5888/7586/5818 4353/7587/5819 896/5001/3886
f 896/5001/3886 4353/7587/5819 5889/7588/5820 3201/5006/3891
f 4353/7587/5819 1441/5296/4181 4385/5299/4184 5889/7588/5820
f 5889/7588/5820 4385/5299/4184 1442/5292/4177 4354/7589/5821
f 3201/5006/3891 5889/7588/5820 4354/7589/5821 897/5007/3892
f 897/5007/3892 4354/7589/5821 5890/7590/5822 3202/5012/3897
f 4354/7589/5821 1442/5292/4177 4386/5295/4180 5890/7590/5822
f 5890/7590/5822 4386/5295/4180 1443/5288/4173 4355/7591/5823
f 3202/5012/3897 5890/7590/5822 4355/7591/5823 898/5013/3898
f 898/5013/3898 4355/7591/5823 5891/7592/5824 3203/5018/3903
f 4355/7591/5823 1443/5288/4173 4387/5291/4176 5891/7592/5824
f 5891/7592/5824 4387/5291/4176 1444/5282/4167 4356/7593/5825
f 3203/5018/3903 5891/7592/5824 4356/7593/5825 899/5019/3904
f 899/5019/3904 4356/7593/5825 5892/7594/5826 3204/5024/3909
f 4356/7593/5825 1444/5282/4167 4388/5285/4170 5892/7594/5826
f 5892/7594/5826 4388/5285/4170 1413/5287/4172 3205/7531/5763
f 3204/5024/3909 5892/7594/5826 3205/7531/5763 869/4837/3722
