# Blender 4.0.2
# www.blender.org
mtllib sideboard.mtl
o SIDE_BOARD
v 1.420237 0.390517 0.762827
v 1.420739 0.390065 0.760305
v 1.420739 0.390065 0.765350
v 1.422171 0.388775 0.767493
v 1.424322 0.386839 0.768930
v 1.426864 0.384550 0.769435
v 1.426864 0.384550 0.756220
v 1.422171 0.388775 0.758162
v 1.424322 0.386839 0.756725
v 1.419507 0.391174 0.762827
v 1.419073 0.392141 0.762827
v 1.419200 0.391619 0.762827
v 1.419666 0.391609 0.759846
v 1.420068 0.390669 0.760018
v 1.419784 0.391095 0.759896
v 1.419666 0.391609 0.765809
v 1.420068 0.390669 0.765637
v 1.419784 0.391095 0.765759
v 1.421664 0.389232 0.768017
v 1.421355 0.390095 0.768337
v 1.421445 0.389600 0.768243
v 1.423883 0.387827 0.770026
v 1.424051 0.387083 0.769606
v 1.423932 0.387364 0.769903
v 1.426864 0.384550 0.770163
v 1.426864 0.385146 0.770619
v 1.426864 0.384724 0.770485
v 1.426864 0.384550 0.755492
v 1.426864 0.385146 0.755036
v 1.426864 0.384724 0.755170
v 1.421664 0.389232 0.757638
v 1.421355 0.390095 0.757318
v 1.421445 0.389600 0.757412
v 1.423883 0.387827 0.755629
v 1.424051 0.387083 0.756049
v 1.423932 0.387364 0.755752
v 1.420238 0.532547 0.762827
v 1.420739 0.532999 0.760305
v 1.420739 0.532999 0.765350
v 1.422171 0.534289 0.767493
v 1.424322 0.536225 0.768930
v 1.426864 0.538514 0.769435
v 1.426864 0.538514 0.756220
v 1.422171 0.534289 0.758162
v 1.424322 0.536225 0.756725
v 1.419507 0.531890 0.762827
v 1.419073 0.530923 0.762827
v 1.419200 0.531445 0.762827
v 1.419666 0.531455 0.759846
v 1.420068 0.532395 0.760018
v 1.419784 0.531969 0.759896
v 1.419666 0.531455 0.765809
v 1.420068 0.532395 0.765637
v 1.419784 0.531969 0.765759
v 1.421664 0.533832 0.768017
v 1.421355 0.532969 0.768337
v 1.421445 0.533464 0.768243
v 1.423883 0.535237 0.770026
v 1.424051 0.535981 0.769606
v 1.423932 0.535700 0.769903
v 1.426864 0.538514 0.770163
v 1.426864 0.537918 0.770619
v 1.426864 0.538340 0.770485
v 1.426864 0.538514 0.755492
v 1.426864 0.537918 0.755036
v 1.426864 0.538340 0.755170
v 1.421664 0.533832 0.757638
v 1.421355 0.532969 0.757318
v 1.421445 0.533464 0.757412
v 1.423883 0.535237 0.755629
v 1.424051 0.535981 0.756049
v 1.423932 0.535700 0.755752
v 1.454757 0.404641 0.762813
v 1.427291 0.404641 0.762813
v 1.454757 0.405621 0.765179
v 1.427291 0.405621 0.765179
v 1.454757 0.407988 0.766159
v 1.427291 0.407988 0.766159
v 1.454757 0.410354 0.765179
v 1.427291 0.410354 0.765179
v 1.454757 0.411334 0.762813
v 1.427291 0.411334 0.762813
v 1.454757 0.410354 0.760447
v 1.427291 0.410354 0.760447
v 1.454757 0.407988 0.759466
v 1.427291 0.407988 0.759466
v 1.454757 0.405621 0.760447
v 1.427291 0.405621 0.760447
v 1.454757 0.506785 0.762813
v 1.427291 0.506785 0.762813
v 1.454757 0.507765 0.765179
v 1.427291 0.507765 0.765179
v 1.454757 0.510132 0.766159
v 1.427291 0.510132 0.766159
v 1.454757 0.512498 0.765179
v 1.427291 0.512498 0.765179
v 1.454757 0.513478 0.762813
v 1.427291 0.513478 0.762813
v 1.454757 0.512498 0.760447
v 1.427291 0.512498 0.760447
v 1.454757 0.510132 0.759466
v 1.427291 0.510132 0.759466
v 1.454757 0.507765 0.760447
v 1.427291 0.507765 0.760447
v 1.425013 0.386217 0.762827
v 1.424062 0.387073 0.762827
v 1.424538 0.386645 0.762827
v 1.428229 0.383321 0.756491
v 1.428705 0.382893 0.757208
v 1.428565 0.383018 0.756740
v 1.428705 0.382893 0.768446
v 1.428229 0.383321 0.769164
v 1.428565 0.383018 0.768915
v 1.429378 0.382880 0.755536
v 1.429846 0.382458 0.756229
v 1.429710 0.382636 0.755777
v 1.429409 0.382259 0.756612
v 1.428934 0.382686 0.755902
v 1.429209 0.382405 0.756199
v 1.429718 0.382154 0.756343
v 1.429248 0.382577 0.755643
v 1.429522 0.382300 0.755936
v 1.428934 0.382686 0.769753
v 1.429409 0.382259 0.769043
v 1.429209 0.382405 0.769456
v 1.429846 0.382458 0.769426
v 1.429378 0.382880 0.770119
v 1.429710 0.382636 0.769878
v 1.429718 0.382154 0.769312
v 1.429248 0.382577 0.770011
v 1.429522 0.382300 0.769719
v 1.425013 0.536847 0.762827
v 1.424062 0.535991 0.762827
v 1.424538 0.536419 0.762827
v 1.428705 0.540171 0.757208
v 1.428229 0.539743 0.756491
v 1.428565 0.540046 0.756740
v 1.428229 0.539743 0.769164
v 1.428705 0.540171 0.768446
v 1.428565 0.540046 0.768915
v 1.429846 0.540606 0.756229
v 1.429378 0.540184 0.755536
v 1.429710 0.540428 0.755777
v 1.428934 0.540378 0.755902
v 1.429409 0.540805 0.756612
v 1.429209 0.540660 0.756199
v 1.429248 0.540487 0.755643
v 1.429718 0.540910 0.756343
v 1.429522 0.540764 0.755936
v 1.429409 0.540805 0.769043
v 1.428934 0.540378 0.769753
v 1.429209 0.540660 0.769456
v 1.429378 0.540184 0.770119
v 1.429846 0.540606 0.769426
v 1.429710 0.540428 0.769878
v 1.429249 0.540487 0.770011
v 1.429718 0.540910 0.769312
v 1.429522 0.540764 0.769719
v 1.419666 0.461532 0.759846
v 1.419073 0.461532 0.762827
v 1.419666 0.461532 0.765809
v 1.421355 0.461532 0.757318
v 1.421355 0.461532 0.768337
v 1.426864 0.461532 0.770619
v 1.426864 0.461532 0.755036
v 1.423883 0.461532 0.770026
v 1.423883 0.461532 0.755629
v 1.429846 0.461532 0.769426
v 1.429710 0.461532 0.769878
v 1.429378 0.461532 0.770119
v 1.429846 0.461532 0.756229
v 1.429710 0.461532 0.755777
v 1.429378 0.461532 0.755536
v 1.420237 0.390517 1.277345
v 1.420739 0.390065 1.279867
v 1.420739 0.390065 1.274823
v 1.422171 0.388775 1.272679
v 1.424322 0.386839 1.271242
v 1.426864 0.384550 1.270737
v 1.426864 0.384550 1.283953
v 1.422171 0.388775 1.282010
v 1.424322 0.386839 1.283447
v 1.419507 0.391174 1.277345
v 1.419073 0.392141 1.277345
v 1.419200 0.391619 1.277345
v 1.419666 0.391609 1.280326
v 1.420068 0.390669 1.280154
v 1.419784 0.391095 1.280276
v 1.419666 0.391609 1.274363
v 1.420068 0.390669 1.274535
v 1.419784 0.391095 1.274413
v 1.421664 0.389232 1.272155
v 1.421355 0.390095 1.271835
v 1.421445 0.389600 1.271929
v 1.423883 0.387827 1.270147
v 1.424051 0.387083 1.270566
v 1.423932 0.387364 1.270269
v 1.426864 0.384550 1.270009
v 1.426864 0.385146 1.269553
v 1.426864 0.384724 1.269687
v 1.426864 0.384550 1.284680
v 1.426864 0.385146 1.285136
v 1.426864 0.384724 1.285002
v 1.421664 0.389232 1.282535
v 1.421355 0.390095 1.282854
v 1.421445 0.389600 1.282760
v 1.423883 0.387827 1.284543
v 1.424051 0.387083 1.284123
v 1.423932 0.387364 1.284420
v 1.420238 0.532547 1.277345
v 1.420739 0.532999 1.279867
v 1.420739 0.532999 1.274823
v 1.422171 0.534289 1.272679
v 1.424322 0.536225 1.271242
v 1.426864 0.538514 1.270737
v 1.426864 0.538514 1.283953
v 1.422171 0.534289 1.282010
v 1.424322 0.536225 1.283447
v 1.419507 0.531890 1.277345
v 1.419073 0.530923 1.277345
v 1.419200 0.531445 1.277345
v 1.419666 0.531455 1.280326
v 1.420068 0.532395 1.280154
v 1.419784 0.531969 1.280276
v 1.419666 0.531455 1.274363
v 1.420068 0.532395 1.274535
v 1.419784 0.531969 1.274413
v 1.421664 0.533832 1.272155
v 1.421355 0.532969 1.271835
v 1.421445 0.533464 1.271929
v 1.423883 0.535237 1.270147
v 1.424051 0.535981 1.270566
v 1.423932 0.535700 1.270269
v 1.426864 0.538514 1.270009
v 1.426864 0.537918 1.269553
v 1.426864 0.538340 1.269687
v 1.426864 0.538514 1.284680
v 1.426864 0.537918 1.285136
v 1.426864 0.538340 1.285002
v 1.421664 0.533832 1.282535
v 1.421355 0.532969 1.282854
v 1.421445 0.533464 1.282760
v 1.423883 0.535237 1.284543
v 1.424051 0.535981 1.284123
v 1.423932 0.535700 1.284420
v 1.454757 0.404641 1.277359
v 1.427291 0.404641 1.277359
v 1.454757 0.405621 1.274993
v 1.427291 0.405621 1.274993
v 1.454757 0.407988 1.274013
v 1.427291 0.407988 1.274013
v 1.454757 0.410354 1.274993
v 1.427291 0.410354 1.274993
v 1.454757 0.411334 1.277359
v 1.427291 0.411334 1.277359
v 1.454757 0.410354 1.279725
v 1.427291 0.410354 1.279725
v 1.454757 0.407988 1.280706
v 1.427291 0.407988 1.280706
v 1.454757 0.405621 1.279725
v 1.427291 0.405621 1.279725
v 1.454757 0.506785 1.277359
v 1.427291 0.506785 1.277359
v 1.454757 0.507765 1.274993
v 1.427291 0.507765 1.274993
v 1.454757 0.510132 1.274013
v 1.427291 0.510132 1.274013
v 1.454757 0.512498 1.274993
v 1.427291 0.512498 1.274993
v 1.454757 0.513478 1.277359
v 1.427291 0.513478 1.277359
v 1.454757 0.512498 1.279725
v 1.427291 0.512498 1.279725
v 1.454757 0.510132 1.280706
v 1.427291 0.510132 1.280706
v 1.454757 0.507765 1.279725
v 1.427291 0.507765 1.279725
v 1.425013 0.386217 1.277345
v 1.424062 0.387073 1.277345
v 1.424538 0.386645 1.277345
v 1.428229 0.383321 1.283681
v 1.428705 0.382893 1.282964
v 1.428565 0.383018 1.283432
v 1.428705 0.382893 1.271726
v 1.428229 0.383321 1.271008
v 1.428565 0.383018 1.271257
v 1.429378 0.382880 1.284636
v 1.429846 0.382458 1.283943
v 1.429710 0.382636 1.284395
v 1.429409 0.382259 1.283561
v 1.428934 0.382686 1.284270
v 1.429209 0.382405 1.283973
v 1.429718 0.382154 1.283830
v 1.429248 0.382577 1.284529
v 1.429522 0.382300 1.284236
v 1.428934 0.382686 1.270419
v 1.429409 0.382259 1.271129
v 1.429209 0.382405 1.270716
v 1.429846 0.382458 1.270747
v 1.429378 0.382880 1.270054
v 1.429710 0.382636 1.270294
v 1.429718 0.382154 1.270860
v 1.429248 0.382577 1.270161
v 1.429522 0.382300 1.270453
v 1.425013 0.536847 1.277345
v 1.424062 0.535991 1.277345
v 1.424538 0.536419 1.277345
v 1.428705 0.540171 1.282964
v 1.428229 0.539743 1.283681
v 1.428565 0.540046 1.283432
v 1.428229 0.539743 1.271008
v 1.428705 0.540171 1.271726
v 1.428565 0.540046 1.271257
v 1.429846 0.540606 1.283943
v 1.429378 0.540184 1.284636
v 1.429710 0.540428 1.284395
v 1.428934 0.540378 1.284270
v 1.429409 0.540805 1.283561
v 1.429209 0.540660 1.283973
v 1.429248 0.540487 1.284529
v 1.429718 0.540910 1.283830
v 1.429522 0.540764 1.284236
v 1.429409 0.540805 1.271129
v 1.428934 0.540378 1.270419
v 1.429209 0.540660 1.270716
v 1.429378 0.540184 1.270054
v 1.429846 0.540606 1.270747
v 1.429710 0.540428 1.270294
v 1.429249 0.540487 1.270161
v 1.429718 0.540910 1.270860
v 1.429522 0.540764 1.270453
v 1.419666 0.461532 1.280326
v 1.419073 0.461532 1.277345
v 1.419666 0.461532 1.274363
v 1.421355 0.461532 1.282854
v 1.421355 0.461532 1.271835
v 1.426864 0.461532 1.269553
v 1.426864 0.461532 1.285136
v 1.423883 0.461532 1.270147
v 1.423883 0.461532 1.284543
v 1.429846 0.461532 1.270747
v 1.429710 0.461532 1.270294
v 1.429378 0.461532 1.270054
v 1.429846 0.461532 1.283943
v 1.429710 0.461532 1.284395
v 1.429378 0.461532 1.284636
v 1.449910 0.214191 1.707573
v 1.447836 0.212811 1.708414
v 1.447836 0.214846 1.710449
v 1.449910 0.215687 1.709069
v 1.448683 0.213787 1.707994
v 1.448701 0.214316 1.708944
v 1.447998 0.213795 1.709466
v 1.448683 0.215267 1.709473
v 1.449910 0.214629 1.708631
v 1.449910 0.698799 1.709069
v 1.447836 0.699640 1.710449
v 1.447836 0.701675 1.708414
v 1.449910 0.700295 1.707573
v 1.448683 0.699219 1.709473
v 1.448701 0.700170 1.708944
v 1.447998 0.700691 1.709466
v 1.448683 0.700699 1.707994
v 1.449910 0.699857 1.708631
v 1.449910 0.214191 0.332599
v 1.449910 0.215687 0.331103
v 1.447836 0.214846 0.329723
v 1.447836 0.212811 0.331758
v 1.449910 0.214629 0.331541
v 1.448701 0.214316 0.331228
v 1.448683 0.215267 0.330699
v 1.447998 0.213795 0.330707
v 1.448683 0.213787 0.332178
v 1.449910 0.700295 0.332599
v 1.447836 0.701675 0.331758
v 1.447836 0.699640 0.329723
v 1.449910 0.698799 0.331103
v 1.448683 0.700699 0.332179
v 1.448701 0.700170 0.331228
v 1.447998 0.700691 0.330707
v 1.448683 0.699219 0.330699
v 1.449910 0.699857 0.331541
v 1.816090 0.191013 1.730751
v 1.817586 0.192509 1.730751
v 1.816090 0.192509 1.732247
v 1.817148 0.191451 1.730751
v 1.816954 0.191645 1.731615
v 1.817148 0.192509 1.731809
v 1.816090 0.191451 1.731809
v 1.816090 0.723473 1.730751
v 1.816090 0.721977 1.732247
v 1.817586 0.721977 1.730751
v 1.816090 0.723035 1.731809
v 1.816954 0.722841 1.731615
v 1.817148 0.721977 1.731809
v 1.817148 0.723035 1.730751
v 1.816090 0.191013 0.309421
v 1.816090 0.192509 0.307925
v 1.817586 0.192509 0.309421
v 1.816090 0.191451 0.308363
v 1.816954 0.191645 0.308557
v 1.817148 0.192509 0.308363
v 1.817148 0.191451 0.309421
v 1.816090 0.723473 0.309421
v 1.817586 0.721977 0.309421
v 1.816090 0.721977 0.307925
v 1.817148 0.723035 0.309421
v 1.816954 0.722841 0.308557
v 1.817148 0.721977 0.308363
v 1.816090 0.723035 0.308363
v 1.433119 0.192393 0.311340
v 1.433119 0.194428 0.309305
v 1.434037 0.192509 0.307925
v 1.434037 0.191013 0.309421
v 1.433281 0.193376 0.310288
v 1.433165 0.192013 0.308924
v 1.433148 0.193469 0.308329
v 1.434037 0.191451 0.308363
v 1.433148 0.191417 0.310380
v 1.433119 0.192393 1.728832
v 1.434037 0.191013 1.730751
v 1.434037 0.192509 1.732247
v 1.433119 0.194428 1.730868
v 1.433148 0.191417 1.729792
v 1.433165 0.192013 1.731248
v 1.434037 0.191451 1.731809
v 1.433148 0.193469 1.731843
v 1.433281 0.193376 1.729884
v 1.433119 0.720058 1.730868
v 1.434037 0.721977 1.732247
v 1.434037 0.723473 1.730751
v 1.433119 0.722093 1.728832
v 1.433148 0.721017 1.731843
v 1.433164 0.722474 1.731248
v 1.434037 0.723035 1.731809
v 1.433148 0.723069 1.729792
v 1.433281 0.721110 1.729884
v 1.433119 0.722093 0.311340
v 1.434037 0.723473 0.309421
v 1.434037 0.721977 0.307925
v 1.433119 0.720058 0.309305
v 1.433148 0.723069 0.310380
v 1.433164 0.722474 0.308924
v 1.434037 0.723035 0.308363
v 1.433148 0.721018 0.308329
v 1.433281 0.721110 0.310288
v 1.488151 0.214191 0.332599
v 1.488151 0.215687 0.331103
v 1.489209 0.214629 0.332599
v 1.489015 0.214823 0.331735
v 1.489209 0.215687 0.331541
v 1.488151 0.214629 0.331541
v 1.488151 0.214191 1.707573
v 1.488151 0.215687 1.709069
v 1.488151 0.214629 1.708631
v 1.489015 0.214823 1.708437
v 1.489209 0.215687 1.708631
v 1.489209 0.214629 1.707573
v 1.488151 0.698799 1.709069
v 1.488151 0.700295 1.707573
v 1.488151 0.699857 1.708631
v 1.489015 0.699663 1.708437
v 1.489209 0.699857 1.707573
v 1.489209 0.698799 1.708631
v 1.488151 0.700295 0.332599
v 1.488151 0.698799 0.331103
v 1.488151 0.699857 0.331541
v 1.489015 0.699663 0.331735
v 1.489209 0.698799 0.331541
v 1.489209 0.699857 0.332599
v 1.749904 0.150020 1.657824
v 1.750723 0.149184 1.657656
v 1.750144 0.149429 1.657775
v 1.750723 0.194106 1.657656
v 1.749904 0.193270 1.657824
v 1.750144 0.193861 1.657775
v 1.490048 0.149184 0.384317
v 1.489229 0.150020 0.384485
v 1.489469 0.149429 0.384436
v 1.489229 0.193270 0.384485
v 1.490048 0.194106 0.384317
v 1.489469 0.193861 0.384436
v 1.759523 0.149184 1.655855
v 1.760343 0.150020 1.655687
v 1.760103 0.149429 1.655736
v 1.760343 0.193270 1.655687
v 1.759523 0.194106 1.655855
v 1.760103 0.193861 1.655736
v 1.499668 0.150020 0.382348
v 1.498848 0.149184 0.382516
v 1.499428 0.149429 0.382397
v 1.498848 0.194106 0.382516
v 1.499668 0.193270 0.382348
v 1.499428 0.193861 0.382397
v 1.489174 0.150020 1.655676
v 1.489994 0.149184 1.655843
v 1.489414 0.149429 1.655725
v 1.489994 0.194106 1.655843
v 1.489174 0.193270 1.655676
v 1.489414 0.193861 1.655725
v 1.750777 0.149184 0.382526
v 1.749958 0.150020 0.382359
v 1.750198 0.149429 0.382408
v 1.749958 0.193270 0.382359
v 1.750777 0.194106 0.382526
v 1.750198 0.193861 0.382408
v 1.498794 0.149184 1.657646
v 1.499613 0.150020 1.657814
v 1.499373 0.149429 1.657764
v 1.499613 0.193270 1.657814
v 1.498794 0.194106 1.657646
v 1.499373 0.193861 1.657764
v 1.760397 0.150020 0.384497
v 1.759578 0.149184 0.384329
v 1.760157 0.149429 0.384447
v 1.759578 0.194106 0.384329
v 1.760397 0.193270 0.384497
v 1.760157 0.193861 0.384447
v 1.755289 0.000151 1.675426
v 1.755289 0.192483 1.629919
v 1.763350 0.192483 1.631523
v 1.770183 0.192483 1.636089
v 1.774749 0.192483 1.642922
v 1.776353 0.192483 1.650983
v 1.774749 0.192483 1.659044
v 1.770183 0.192483 1.665878
v 1.763350 0.192483 1.670444
v 1.755289 0.192483 1.672048
v 1.747228 0.192483 1.670444
v 1.740394 0.192483 1.665878
v 1.735828 0.192483 1.659044
v 1.734225 0.192483 1.650983
v 1.735828 0.192483 1.642922
v 1.740394 0.192483 1.636089
v 1.747228 0.192483 1.631523
v 1.745960 0.002453 1.665805
v 1.743099 0.002454 1.670085
v 1.742095 0.002455 1.675133
v 1.743099 0.002455 1.680182
v 1.745959 0.002456 1.684463
v 1.750240 0.002456 1.687323
v 1.755289 0.002456 1.688327
v 1.760338 0.002456 1.687323
v 1.764618 0.002456 1.684463
v 1.767478 0.002455 1.680182
v 1.768482 0.002455 1.675133
v 1.767478 0.002454 1.670085
v 1.764618 0.002453 1.665805
v 1.750240 0.002452 1.662945
v 1.760338 0.002452 1.662945
v 1.755289 0.002452 1.661940
v 1.755289 0.000151 1.667706
v 1.758243 0.000151 1.668294
v 1.760748 0.000151 1.669967
v 1.762421 0.000151 1.672472
v 1.763009 0.000151 1.675426
v 1.762421 0.000151 1.678381
v 1.760748 0.000151 1.680885
v 1.758243 0.000151 1.682559
v 1.755289 0.000151 1.683146
v 1.752334 0.000151 1.682559
v 1.749830 0.000151 1.680885
v 1.748156 0.000151 1.678381
v 1.747568 0.000151 1.675426
v 1.748156 0.000151 1.672472
v 1.749830 0.000151 1.669967
v 1.752334 0.000151 1.668294
v 1.755289 0.000151 1.663537
v 1.755289 0.001328 1.662130
v 1.755289 0.000496 1.662624
v 1.760320 0.001329 1.663131
v 1.759838 0.000151 1.664442
v 1.760171 0.000496 1.663595
v 1.764585 0.001330 1.665980
v 1.763696 0.000151 1.667019
v 1.764310 0.000496 1.666361
v 1.767435 0.001331 1.670245
v 1.766273 0.000151 1.670877
v 1.767076 0.000496 1.670500
v 1.768436 0.001332 1.675276
v 1.767178 0.000151 1.675426
v 1.768047 0.000497 1.675382
v 1.767435 0.001332 1.680307
v 1.766273 0.000151 1.679976
v 1.767076 0.000497 1.680265
v 1.764585 0.001332 1.684572
v 1.763696 0.000151 1.683833
v 1.764310 0.000497 1.684404
v 1.760320 0.001333 1.687423
v 1.759838 0.000151 1.686410
v 1.760171 0.000497 1.687170
v 1.755289 0.001333 1.688423
v 1.755289 0.000151 1.687315
v 1.755289 0.000497 1.688141
v 1.750257 0.001333 1.687423
v 1.750739 0.000151 1.686410
v 1.750406 0.000497 1.687170
v 1.745992 0.001332 1.684572
v 1.746882 0.000151 1.683833
v 1.746267 0.000497 1.684404
v 1.743142 0.001332 1.680307
v 1.744305 0.000151 1.679976
v 1.743502 0.000497 1.680265
v 1.742142 0.001332 1.675276
v 1.743400 0.000151 1.675426
v 1.742530 0.000497 1.675382
v 1.743142 0.001331 1.670245
v 1.744305 0.000151 1.670877
v 1.743501 0.000496 1.670500
v 1.745992 0.001330 1.665980
v 1.746882 0.000151 1.667019
v 1.746267 0.000496 1.666361
v 1.750258 0.001329 1.663131
v 1.750739 0.000151 1.664442
v 1.750406 0.000496 1.663595
v 1.494283 0.000151 1.675426
v 1.494283 0.192483 1.629919
v 1.486222 0.192483 1.631523
v 1.479388 0.192483 1.636089
v 1.474822 0.192483 1.642922
v 1.473218 0.192483 1.650983
v 1.474822 0.192483 1.659044
v 1.479388 0.192483 1.665878
v 1.486222 0.192483 1.670444
v 1.494283 0.192483 1.672048
v 1.502344 0.192483 1.670444
v 1.509177 0.192483 1.665878
v 1.513743 0.192483 1.659044
v 1.515347 0.192483 1.650983
v 1.513743 0.192483 1.642922
v 1.509177 0.192483 1.636089
v 1.502344 0.192483 1.631523
v 1.503612 0.002453 1.665805
v 1.506472 0.002454 1.670085
v 1.507476 0.002455 1.675133
v 1.506472 0.002455 1.680182
v 1.503612 0.002456 1.684463
v 1.499332 0.002456 1.687323
v 1.494283 0.002456 1.688327
v 1.489234 0.002456 1.687323
v 1.484953 0.002456 1.684463
v 1.482093 0.002455 1.680182
v 1.481089 0.002455 1.675133
v 1.482093 0.002454 1.670085
v 1.484953 0.002453 1.665805
v 1.499332 0.002452 1.662945
v 1.489234 0.002452 1.662945
v 1.494283 0.002452 1.661940
v 1.494283 0.000151 1.667706
v 1.491328 0.000151 1.668294
v 1.488824 0.000151 1.669967
v 1.487150 0.000151 1.672472
v 1.486562 0.000151 1.675426
v 1.487150 0.000151 1.678381
v 1.488824 0.000151 1.680885
v 1.491328 0.000151 1.682559
v 1.494283 0.000151 1.683146
v 1.497237 0.000151 1.682559
v 1.499742 0.000151 1.680885
v 1.501415 0.000151 1.678381
v 1.502003 0.000151 1.675426
v 1.501415 0.000151 1.672472
v 1.499742 0.000151 1.669967
v 1.497237 0.000151 1.668294
v 1.494283 0.000151 1.663537
v 1.494283 0.001328 1.662130
v 1.494283 0.000496 1.662624
v 1.489251 0.001329 1.663131
v 1.489733 0.000151 1.664442
v 1.489400 0.000496 1.663595
v 1.484986 0.001330 1.665980
v 1.485876 0.000151 1.667019
v 1.485261 0.000496 1.666361
v 1.482136 0.001331 1.670245
v 1.483299 0.000151 1.670877
v 1.482495 0.000496 1.670500
v 1.481136 0.001332 1.675276
v 1.482394 0.000151 1.675426
v 1.481524 0.000497 1.675382
v 1.482136 0.001332 1.680307
v 1.483299 0.000151 1.679976
v 1.482495 0.000497 1.680265
v 1.484986 0.001332 1.684572
v 1.485876 0.000151 1.683833
v 1.485261 0.000497 1.684404
v 1.489251 0.001333 1.687423
v 1.489733 0.000151 1.686410
v 1.489400 0.000497 1.687170
v 1.494283 0.001333 1.688423
v 1.494283 0.000151 1.687315
v 1.494283 0.000497 1.688141
v 1.499314 0.001333 1.687423
v 1.498832 0.000151 1.686410
v 1.499165 0.000497 1.687170
v 1.503579 0.001332 1.684572
v 1.502689 0.000151 1.683833
v 1.503304 0.000497 1.684404
v 1.506429 0.001332 1.680307
v 1.505267 0.000151 1.679976
v 1.506070 0.000497 1.680265
v 1.507430 0.001332 1.675276
v 1.506172 0.000151 1.675426
v 1.507041 0.000497 1.675382
v 1.506429 0.001331 1.670245
v 1.505267 0.000151 1.670877
v 1.506070 0.000496 1.670500
v 1.503579 0.001330 1.665980
v 1.502689 0.000151 1.667019
v 1.503304 0.000496 1.666361
v 1.499314 0.001329 1.663131
v 1.498832 0.000151 1.664442
v 1.499165 0.000496 1.663595
v 1.755289 0.000151 0.364746
v 1.755289 0.192483 0.410253
v 1.763350 0.192483 0.408649
v 1.770183 0.192483 0.404083
v 1.774749 0.192483 0.397250
v 1.776353 0.192483 0.389189
v 1.774749 0.192483 0.381128
v 1.770183 0.192483 0.374294
v 1.763350 0.192483 0.369728
v 1.755289 0.192483 0.368124
v 1.747228 0.192483 0.369728
v 1.740394 0.192483 0.374294
v 1.735828 0.192483 0.381128
v 1.734225 0.192483 0.389189
v 1.735828 0.192483 0.397250
v 1.740394 0.192483 0.404083
v 1.747228 0.192483 0.408649
v 1.745960 0.002453 0.374368
v 1.743099 0.002454 0.370087
v 1.742095 0.002455 0.365039
v 1.743099 0.002455 0.359990
v 1.745959 0.002456 0.355709
v 1.750240 0.002456 0.352849
v 1.755289 0.002456 0.351845
v 1.760338 0.002456 0.352849
v 1.764618 0.002456 0.355709
v 1.767478 0.002455 0.359990
v 1.768482 0.002455 0.365039
v 1.767478 0.002454 0.370087
v 1.764618 0.002453 0.374368
v 1.750240 0.002452 0.377227
v 1.760338 0.002452 0.377227
v 1.755289 0.002452 0.378232
v 1.755289 0.000151 0.372466
v 1.758243 0.000151 0.371878
v 1.760748 0.000151 0.370205
v 1.762421 0.000151 0.367700
v 1.763009 0.000151 0.364746
v 1.762421 0.000151 0.361791
v 1.760748 0.000151 0.359287
v 1.758243 0.000151 0.357613
v 1.755289 0.000151 0.357026
v 1.752334 0.000151 0.357613
v 1.749830 0.000151 0.359287
v 1.748156 0.000151 0.361791
v 1.747568 0.000151 0.364746
v 1.748156 0.000151 0.367700
v 1.749830 0.000151 0.370205
v 1.752334 0.000151 0.371878
v 1.755289 0.000151 0.376635
v 1.755289 0.001328 0.378042
v 1.755289 0.000496 0.377548
v 1.760320 0.001329 0.377042
v 1.759838 0.000151 0.375730
v 1.760171 0.000496 0.376577
v 1.764585 0.001330 0.374192
v 1.763696 0.000151 0.373153
v 1.764310 0.000496 0.373811
v 1.767435 0.001331 0.369927
v 1.766273 0.000151 0.369296
v 1.767076 0.000496 0.369672
v 1.768436 0.001332 0.364896
v 1.767178 0.000151 0.364746
v 1.768047 0.000497 0.364790
v 1.767435 0.001332 0.359865
v 1.766273 0.000151 0.360196
v 1.767076 0.000497 0.359907
v 1.764585 0.001332 0.355600
v 1.763696 0.000151 0.356339
v 1.764310 0.000497 0.355768
v 1.760320 0.001333 0.352750
v 1.759838 0.000151 0.353762
v 1.760171 0.000497 0.353003
v 1.755289 0.001333 0.351749
v 1.755289 0.000151 0.352857
v 1.755289 0.000497 0.352031
v 1.750257 0.001333 0.352750
v 1.750739 0.000151 0.353762
v 1.750406 0.000497 0.353003
v 1.745992 0.001332 0.355600
v 1.746882 0.000151 0.356339
v 1.746267 0.000497 0.355768
v 1.743142 0.001332 0.359865
v 1.744305 0.000151 0.360196
v 1.743502 0.000497 0.359907
v 1.742142 0.001332 0.364896
v 1.743400 0.000151 0.364746
v 1.742530 0.000497 0.364790
v 1.743142 0.001331 0.369927
v 1.744305 0.000151 0.369296
v 1.743501 0.000496 0.369672
v 1.745992 0.001330 0.374192
v 1.746882 0.000151 0.373153
v 1.746267 0.000496 0.373811
v 1.750258 0.001329 0.377042
v 1.750739 0.000151 0.375730
v 1.750406 0.000496 0.376577
v 1.494283 0.000151 0.364746
v 1.494283 0.192483 0.410253
v 1.486222 0.192483 0.408649
v 1.479388 0.192483 0.404083
v 1.474822 0.192483 0.397250
v 1.473218 0.192483 0.389189
v 1.474822 0.192483 0.381128
v 1.479388 0.192483 0.374294
v 1.486222 0.192483 0.369728
v 1.494283 0.192483 0.368124
v 1.502344 0.192483 0.369728
v 1.509177 0.192483 0.374294
v 1.513743 0.192483 0.381128
v 1.515347 0.192483 0.389189
v 1.513743 0.192483 0.397250
v 1.509177 0.192483 0.404083
v 1.502344 0.192483 0.408649
v 1.503612 0.002453 0.374368
v 1.506472 0.002454 0.370087
v 1.507476 0.002455 0.365039
v 1.506472 0.002455 0.359990
v 1.503612 0.002456 0.355709
v 1.499332 0.002456 0.352849
v 1.494283 0.002456 0.351845
v 1.489234 0.002456 0.352849
v 1.484953 0.002456 0.355709
v 1.482093 0.002455 0.359990
v 1.481089 0.002455 0.365039
v 1.482093 0.002454 0.370087
v 1.484953 0.002453 0.374368
v 1.499332 0.002452 0.377227
v 1.489234 0.002452 0.377227
v 1.494283 0.002452 0.378232
v 1.494283 0.000151 0.372466
v 1.491328 0.000151 0.371878
v 1.488824 0.000151 0.370205
v 1.487150 0.000151 0.367700
v 1.486562 0.000151 0.364746
v 1.487150 0.000151 0.361791
v 1.488824 0.000151 0.359287
v 1.491328 0.000151 0.357613
v 1.494283 0.000151 0.357026
v 1.497237 0.000151 0.357613
v 1.499742 0.000151 0.359287
v 1.501415 0.000151 0.361791
v 1.502003 0.000151 0.364746
v 1.501415 0.000151 0.367700
v 1.499742 0.000151 0.370205
v 1.497237 0.000151 0.371878
v 1.494283 0.000151 0.376635
v 1.494283 0.001328 0.378042
v 1.494283 0.000496 0.377548
v 1.489251 0.001329 0.377042
v 1.489733 0.000151 0.375730
v 1.489400 0.000496 0.376577
v 1.484986 0.001330 0.374192
v 1.485876 0.000151 0.373153
v 1.485261 0.000496 0.373811
v 1.482136 0.001331 0.369927
v 1.483299 0.000151 0.369296
v 1.482495 0.000496 0.369672
v 1.481136 0.001332 0.364896
v 1.482394 0.000151 0.364746
v 1.481524 0.000497 0.364790
v 1.482136 0.001332 0.359865
v 1.483299 0.000151 0.360196
v 1.482495 0.000497 0.359907
v 1.484986 0.001332 0.355600
v 1.485876 0.000151 0.356339
v 1.485261 0.000497 0.355768
v 1.489251 0.001333 0.352750
v 1.489733 0.000151 0.353762
v 1.489400 0.000497 0.353003
v 1.494283 0.001333 0.351749
v 1.494283 0.000151 0.352857
v 1.494283 0.000497 0.352031
v 1.499314 0.001333 0.352750
v 1.498832 0.000151 0.353762
v 1.499165 0.000497 0.353003
v 1.503579 0.001332 0.355600
v 1.502689 0.000151 0.356339
v 1.503304 0.000497 0.355768
v 1.506429 0.001332 0.359865
v 1.505267 0.000151 0.360196
v 1.506070 0.000497 0.359907
v 1.507430 0.001332 0.364896
v 1.506172 0.000151 0.364746
v 1.507041 0.000497 0.364790
v 1.506429 0.001331 0.369927
v 1.505267 0.000151 0.369296
v 1.506070 0.000496 0.369672
v 1.503579 0.001330 0.374192
v 1.502689 0.000151 0.373153
v 1.503304 0.000496 0.373811
v 1.499314 0.001329 0.377042
v 1.498832 0.000151 0.375730
v 1.499165 0.000496 0.376577
v 1.449213 0.214216 1.220769
v 1.449213 0.215712 1.222265
v 1.447717 0.215712 1.220769
v 1.449213 0.214654 1.221827
v 1.448349 0.214848 1.221632
v 1.448155 0.215712 1.221827
v 1.448155 0.214654 1.220769
v 1.449213 0.392353 1.222265
v 1.449213 0.393849 1.220769
v 1.447717 0.392353 1.220769
v 1.449213 0.393410 1.221827
v 1.448349 0.393216 1.221632
v 1.448155 0.393410 1.220769
v 1.448155 0.392353 1.221827
v 1.449213 0.214216 0.819403
v 1.447717 0.215712 0.819403
v 1.449213 0.215712 0.817907
v 1.448155 0.214654 0.819403
v 1.448349 0.214848 0.818540
v 1.448155 0.215712 0.818346
v 1.449213 0.214654 0.818346
v 1.449213 0.393849 0.819403
v 1.449213 0.392353 0.817907
v 1.447717 0.392353 0.819403
v 1.449213 0.393410 0.818346
v 1.448349 0.393216 0.818540
v 1.448155 0.392353 0.818346
v 1.448155 0.393410 0.819403
v 1.458633 0.214216 1.220769
v 1.460129 0.215712 1.220769
v 1.458633 0.215712 1.222265
v 1.459691 0.214654 1.220769
v 1.459496 0.214848 1.221632
v 1.459691 0.215712 1.221827
v 1.458633 0.214654 1.221827
v 1.458633 0.393849 1.220769
v 1.458633 0.392353 1.222265
v 1.460129 0.392353 1.220769
v 1.458633 0.393410 1.221827
v 1.459496 0.393216 1.221632
v 1.459691 0.392353 1.221827
v 1.459691 0.393410 1.220769
v 1.458633 0.214216 0.819403
v 1.458633 0.215712 0.817907
v 1.460129 0.215712 0.819403
v 1.458633 0.214654 0.818346
v 1.459496 0.214848 0.818540
v 1.459691 0.215712 0.818346
v 1.459691 0.214654 0.819403
v 1.458633 0.393849 0.819403
v 1.460129 0.392353 0.819403
v 1.458633 0.392353 0.817907
v 1.459691 0.393410 0.819403
v 1.459496 0.393216 0.818540
v 1.459691 0.392353 0.818346
v 1.458633 0.393410 0.818346
v 1.449213 0.394920 1.220769
v 1.449213 0.396416 1.222265
v 1.447717 0.396416 1.220769
v 1.449213 0.395358 1.221827
v 1.448349 0.395553 1.221632
v 1.448155 0.396416 1.221827
v 1.448155 0.395358 1.220769
v 1.449213 0.574809 1.222265
v 1.449213 0.576305 1.220769
v 1.447717 0.574809 1.220769
v 1.449213 0.575867 1.221827
v 1.448349 0.575673 1.221632
v 1.448155 0.575867 1.220769
v 1.448155 0.574809 1.221827
v 1.449213 0.394920 0.819403
v 1.447717 0.396416 0.819403
v 1.449213 0.396416 0.817907
v 1.448155 0.395358 0.819403
v 1.448349 0.395553 0.818540
v 1.448155 0.396416 0.818346
v 1.449213 0.395358 0.818346
v 1.449213 0.576305 0.819403
v 1.449213 0.574809 0.817907
v 1.447717 0.574809 0.819403
v 1.449213 0.575867 0.818346
v 1.448349 0.575673 0.818540
v 1.448155 0.574809 0.818346
v 1.448155 0.575867 0.819403
v 1.458633 0.394920 1.220769
v 1.460129 0.396416 1.220769
v 1.458633 0.396416 1.222265
v 1.459691 0.395358 1.220769
v 1.459496 0.395553 1.221632
v 1.459691 0.396416 1.221827
v 1.458633 0.395358 1.221827
v 1.458633 0.576305 1.220769
v 1.458633 0.574809 1.222265
v 1.460129 0.574809 1.220769
v 1.458633 0.575867 1.221827
v 1.459496 0.575673 1.221632
v 1.459691 0.574809 1.221827
v 1.459691 0.575867 1.220769
v 1.458633 0.394920 0.819403
v 1.458633 0.396416 0.817907
v 1.460129 0.396416 0.819403
v 1.458633 0.395358 0.818346
v 1.459496 0.395553 0.818540
v 1.459691 0.396416 0.818346
v 1.459691 0.395358 0.819403
v 1.458633 0.576305 0.819403
v 1.460129 0.574809 0.819403
v 1.458633 0.574809 0.817907
v 1.459691 0.575867 0.819403
v 1.459496 0.575673 0.818540
v 1.459691 0.574809 0.818346
v 1.458633 0.575867 0.818346
v 1.449213 0.577208 1.220769
v 1.449213 0.578704 1.222265
v 1.447717 0.578704 1.220769
v 1.449213 0.577646 1.221827
v 1.448349 0.577841 1.221632
v 1.448155 0.578704 1.221827
v 1.448155 0.577646 1.220769
v 1.449213 0.699066 1.222265
v 1.449213 0.700562 1.220769
v 1.447717 0.699066 1.220769
v 1.449213 0.700124 1.221827
v 1.448349 0.699930 1.221632
v 1.448155 0.700124 1.220769
v 1.448155 0.699066 1.221827
v 1.449213 0.577208 0.819403
v 1.447717 0.578704 0.819403
v 1.449213 0.578704 0.817907
v 1.448155 0.577646 0.819403
v 1.448349 0.577841 0.818540
v 1.448155 0.578704 0.818346
v 1.449213 0.577646 0.818346
v 1.449213 0.700562 0.819403
v 1.449213 0.699066 0.817907
v 1.447717 0.699066 0.819403
v 1.449213 0.700124 0.818346
v 1.448349 0.699930 0.818540
v 1.448155 0.699066 0.818346
v 1.448155 0.700124 0.819403
v 1.458633 0.577208 1.220769
v 1.460129 0.578704 1.220769
v 1.458633 0.578704 1.222265
v 1.459691 0.577646 1.220769
v 1.459496 0.577841 1.221632
v 1.459691 0.578704 1.221827
v 1.458633 0.577646 1.221827
v 1.458633 0.700562 1.220769
v 1.458633 0.699066 1.222265
v 1.460129 0.699066 1.220769
v 1.458633 0.700124 1.221827
v 1.459496 0.699930 1.221632
v 1.459691 0.699066 1.221827
v 1.459691 0.700124 1.220769
v 1.458633 0.577208 0.819403
v 1.458633 0.578704 0.817907
v 1.460129 0.578704 0.819403
v 1.458633 0.577646 0.818346
v 1.459496 0.577841 0.818540
v 1.459691 0.578704 0.818346
v 1.459691 0.577646 0.819403
v 1.458633 0.700562 0.819403
v 1.460129 0.699066 0.819403
v 1.458633 0.699066 0.817907
v 1.459691 0.700124 0.819403
v 1.459496 0.699930 0.818540
v 1.459691 0.699066 0.818346
v 1.458633 0.700124 0.818346
v 1.442709 0.191667 1.222173
v 1.442709 0.722876 1.222173
v 1.462528 0.722876 1.241781
v 1.462528 0.191667 1.241781
v 1.462528 0.722876 1.222173
v 1.462528 0.191667 1.222173
v 1.442709 0.191667 1.241781
v 1.442709 0.722876 1.241781
v 1.438957 0.191667 1.241035
v 1.438957 0.722876 1.241035
v 1.435777 0.191667 1.238910
v 1.435777 0.722876 1.238910
v 1.433651 0.191667 1.235729
v 1.433651 0.722876 1.235729
v 1.432905 0.191667 1.231977
v 1.432905 0.722876 1.231977
v 1.433651 0.191667 1.228225
v 1.433651 0.722876 1.228225
v 1.435777 0.191667 1.225045
v 1.435777 0.722876 1.225045
v 1.438957 0.191667 1.222919
v 1.438957 0.722876 1.222919
v 1.442709 0.191667 0.817999
v 1.442709 0.722876 0.817999
v 1.462528 0.722876 0.798391
v 1.462528 0.191667 0.798391
v 1.462528 0.722876 0.817999
v 1.462528 0.191667 0.817999
v 1.442709 0.191667 0.798391
v 1.442709 0.722876 0.798391
v 1.438957 0.191667 0.799137
v 1.438957 0.722876 0.799137
v 1.435777 0.191667 0.801262
v 1.435777 0.722876 0.801262
v 1.433651 0.191667 0.804443
v 1.433651 0.722876 0.804443
v 1.432905 0.191667 0.808195
v 1.432905 0.722876 0.808195
v 1.433651 0.191667 0.811947
v 1.433651 0.722876 0.811947
v 1.435777 0.191667 0.815127
v 1.435777 0.722876 0.815127
v 1.438957 0.191667 0.817253
v 1.438957 0.722876 0.817253
v 1.449213 0.214216 0.796759
v 1.449213 0.215712 0.798255
v 1.447717 0.215712 0.796759
v 1.449213 0.214654 0.797817
v 1.448349 0.214848 0.797623
v 1.448155 0.215712 0.797817
v 1.448155 0.214654 0.796759
v 1.449213 0.698726 0.798255
v 1.449213 0.700222 0.796759
v 1.447717 0.698726 0.796759
v 1.449213 0.699784 0.797817
v 1.448349 0.699590 0.797623
v 1.448155 0.699784 0.796759
v 1.448155 0.698726 0.797817
v 1.449213 0.214216 0.332623
v 1.447717 0.215712 0.332623
v 1.449213 0.215712 0.331127
v 1.448155 0.214654 0.332623
v 1.448349 0.214848 0.331759
v 1.448155 0.215712 0.331565
v 1.449213 0.214654 0.331565
v 1.449213 0.700222 0.332623
v 1.449213 0.698726 0.331127
v 1.447717 0.698726 0.332623
v 1.449213 0.699784 0.331565
v 1.448349 0.699590 0.331759
v 1.448155 0.698726 0.331565
v 1.448155 0.699784 0.332623
v 1.458633 0.214216 0.796759
v 1.460129 0.215712 0.796759
v 1.458633 0.215712 0.798255
v 1.459691 0.214654 0.796759
v 1.459496 0.214848 0.797623
v 1.459691 0.215712 0.797817
v 1.458633 0.214654 0.797817
v 1.458633 0.700222 0.796759
v 1.458633 0.698726 0.798255
v 1.460129 0.698726 0.796759
v 1.458633 0.699784 0.797817
v 1.459496 0.699590 0.797623
v 1.459691 0.698726 0.797817
v 1.459691 0.699784 0.796759
v 1.458633 0.214216 0.332623
v 1.458633 0.215712 0.331127
v 1.460129 0.215712 0.332623
v 1.458633 0.214654 0.331565
v 1.459496 0.214848 0.331759
v 1.459691 0.215712 0.331565
v 1.459691 0.214654 0.332623
v 1.458633 0.700222 0.332623
v 1.460129 0.698726 0.332623
v 1.458633 0.698726 0.331127
v 1.459691 0.699784 0.332623
v 1.459496 0.699590 0.331759
v 1.459691 0.698726 0.331565
v 1.458633 0.699784 0.331565
v 1.449213 0.214216 1.243413
v 1.449213 0.215712 1.241917
v 1.447717 0.215712 1.243413
v 1.449213 0.214654 1.242355
v 1.448349 0.214848 1.242549
v 1.448155 0.215712 1.242355
v 1.448155 0.214654 1.243413
v 1.449213 0.698726 1.241917
v 1.449213 0.700222 1.243413
v 1.447717 0.698726 1.243413
v 1.449213 0.699784 1.242355
v 1.448349 0.699590 1.242549
v 1.448155 0.699784 1.243413
v 1.448155 0.698726 1.242355
v 1.449213 0.214216 1.707549
v 1.447717 0.215712 1.707549
v 1.449213 0.215712 1.709046
v 1.448155 0.214654 1.707549
v 1.448349 0.214848 1.708413
v 1.448155 0.215712 1.708607
v 1.449213 0.214654 1.708607
v 1.449213 0.700222 1.707549
v 1.449213 0.698726 1.709046
v 1.447717 0.698726 1.707549
v 1.449213 0.699784 1.708607
v 1.448349 0.699590 1.708413
v 1.448155 0.698726 1.708607
v 1.448155 0.699784 1.707549
v 1.458633 0.214216 1.243413
v 1.460129 0.215712 1.243413
v 1.458633 0.215712 1.241917
v 1.459691 0.214654 1.243413
v 1.459496 0.214848 1.242549
v 1.459691 0.215712 1.242355
v 1.458633 0.214654 1.242355
v 1.458633 0.700222 1.243413
v 1.458633 0.698726 1.241917
v 1.460129 0.698726 1.243413
v 1.458633 0.699784 1.242355
v 1.459496 0.699590 1.242549
v 1.459691 0.698726 1.242355
v 1.459691 0.699784 1.243413
v 1.458633 0.214216 1.707549
v 1.458633 0.215712 1.709046
v 1.460129 0.215712 1.707549
v 1.458633 0.214654 1.708607
v 1.459496 0.214848 1.708413
v 1.459691 0.215712 1.708607
v 1.459691 0.214654 1.707549
v 1.458633 0.700222 1.707549
v 1.460129 0.698726 1.707549
v 1.458633 0.698726 1.709046
v 1.459691 0.699784 1.707549
v 1.459496 0.699590 1.708413
v 1.459691 0.698726 1.708607
v 1.458633 0.699784 1.708607
v 1.423793 0.636295 1.024814
v 1.423793 0.645751 1.024814
v 1.423793 0.636295 1.015358
v 1.423793 0.645751 1.015358
v 1.433249 0.636295 1.024814
v 1.433249 0.645751 1.024814
v 1.433249 0.636295 1.015358
v 1.433249 0.645751 1.015358
v 1.423083 0.635585 1.017309
v 1.422741 0.635243 1.020086
v 1.423083 0.635585 1.022863
v 1.423083 0.638246 1.025524
v 1.422741 0.641023 1.025866
v 1.423083 0.643800 1.025524
v 1.423083 0.646461 1.022863
v 1.422741 0.646803 1.020086
v 1.423083 0.646461 1.017309
v 1.423083 0.643800 1.014648
v 1.422741 0.641023 1.014306
v 1.423083 0.638246 1.014648
v 1.431298 0.635585 1.014648
v 1.428521 0.635243 1.014306
v 1.425744 0.635585 1.014648
v 1.425744 0.646461 1.014648
v 1.428521 0.646803 1.014306
v 1.431298 0.646461 1.014648
v 1.433959 0.643800 1.014648
v 1.434301 0.641023 1.014306
v 1.433959 0.638246 1.014648
v 1.433959 0.635585 1.022863
v 1.434301 0.635243 1.020086
v 1.433959 0.635585 1.017309
v 1.433959 0.646461 1.017309
v 1.434301 0.646803 1.020086
v 1.433959 0.646461 1.022863
v 1.433959 0.643800 1.025524
v 1.434301 0.641023 1.025866
v 1.433959 0.638246 1.025524
v 1.425744 0.635585 1.025524
v 1.428521 0.635243 1.025866
v 1.431298 0.635585 1.025524
v 1.431298 0.646461 1.025524
v 1.428521 0.646803 1.025866
v 1.425744 0.646461 1.025524
v 1.421546 0.638047 1.023062
v 1.421030 0.641023 1.023236
v 1.421546 0.643999 1.023062
v 1.421030 0.637873 1.020086
v 1.420434 0.641023 1.020086
v 1.421030 0.644173 1.020086
v 1.421546 0.638047 1.017110
v 1.421030 0.641023 1.016936
v 1.421546 0.643999 1.017110
v 1.425545 0.638047 1.013111
v 1.425371 0.641023 1.012595
v 1.425545 0.643999 1.013111
v 1.428521 0.637873 1.012595
v 1.428521 0.641023 1.012000
v 1.428521 0.644173 1.012595
v 1.431497 0.638047 1.013111
v 1.431671 0.641023 1.012595
v 1.431497 0.643999 1.013111
v 1.435496 0.638047 1.017110
v 1.436012 0.641023 1.016936
v 1.435496 0.643999 1.017110
v 1.436012 0.637873 1.020086
v 1.436607 0.641023 1.020086
v 1.436012 0.644173 1.020086
v 1.435496 0.638047 1.023062
v 1.436012 0.641023 1.023236
v 1.435496 0.643999 1.023062
v 1.431497 0.638047 1.027061
v 1.431671 0.641023 1.027577
v 1.431497 0.643999 1.027061
v 1.428521 0.637873 1.027577
v 1.428521 0.641023 1.028172
v 1.428521 0.644173 1.027577
v 1.425545 0.638047 1.027061
v 1.425371 0.641023 1.027577
v 1.425545 0.643999 1.027061
v 1.425545 0.634048 1.017110
v 1.428521 0.633532 1.016936
v 1.431497 0.634048 1.017110
v 1.425371 0.633532 1.020086
v 1.428521 0.632937 1.020086
v 1.431671 0.633532 1.020086
v 1.425545 0.634048 1.023062
v 1.428521 0.633532 1.023236
v 1.431497 0.634048 1.023062
v 1.431497 0.647998 1.017110
v 1.428521 0.648514 1.016936
v 1.425545 0.647998 1.017110
v 1.431671 0.648514 1.020086
v 1.428521 0.649110 1.020086
v 1.425371 0.648514 1.020086
v 1.431497 0.647998 1.023062
v 1.428521 0.648514 1.023236
v 1.425545 0.647998 1.023062
v 1.450056 0.637870 1.020086
v 1.435319 0.637870 1.020086
v 1.450056 0.638850 1.022452
v 1.435319 0.638850 1.022452
v 1.450056 0.641217 1.023433
v 1.435319 0.641217 1.023433
v 1.450056 0.643583 1.022452
v 1.435319 0.643583 1.022452
v 1.450056 0.644563 1.020086
v 1.435319 0.644563 1.020086
v 1.450056 0.643583 1.017720
v 1.435319 0.643583 1.017720
v 1.450056 0.641217 1.016739
v 1.435319 0.641217 1.016739
v 1.450056 0.638850 1.017720
v 1.435319 0.638850 1.017720
v 1.423793 0.481154 1.024814
v 1.423793 0.490610 1.024814
v 1.423793 0.481154 1.015358
v 1.423793 0.490610 1.015358
v 1.433249 0.481154 1.024814
v 1.433249 0.490610 1.024814
v 1.433249 0.481154 1.015358
v 1.433249 0.490610 1.015358
v 1.423083 0.480444 1.017309
v 1.422741 0.480102 1.020086
v 1.423083 0.480444 1.022863
v 1.423083 0.483105 1.025524
v 1.422741 0.485882 1.025866
v 1.423083 0.488659 1.025524
v 1.423083 0.491320 1.022863
v 1.422741 0.491662 1.020086
v 1.423083 0.491320 1.017309
v 1.423083 0.488659 1.014648
v 1.422741 0.485882 1.014306
v 1.423083 0.483105 1.014648
v 1.431298 0.480444 1.014648
v 1.428521 0.480102 1.014306
v 1.425744 0.480444 1.014648
v 1.425744 0.491320 1.014648
v 1.428521 0.491662 1.014306
v 1.431298 0.491320 1.014648
v 1.433959 0.488659 1.014648
v 1.434301 0.485882 1.014306
v 1.433959 0.483105 1.014648
v 1.433959 0.480444 1.022863
v 1.434301 0.480102 1.020086
v 1.433959 0.480444 1.017309
v 1.433959 0.491320 1.017309
v 1.434301 0.491662 1.020086
v 1.433959 0.491320 1.022863
v 1.433959 0.488659 1.025524
v 1.434301 0.485882 1.025866
v 1.433959 0.483105 1.025524
v 1.425744 0.480444 1.025524
v 1.428521 0.480102 1.025866
v 1.431298 0.480444 1.025524
v 1.431298 0.491320 1.025524
v 1.428521 0.491662 1.025866
v 1.425744 0.491320 1.025524
v 1.421546 0.482906 1.023062
v 1.421030 0.485882 1.023236
v 1.421546 0.488857 1.023062
v 1.421030 0.482732 1.020086
v 1.420435 0.485882 1.020086
v 1.421030 0.489032 1.020086
v 1.421546 0.482906 1.017110
v 1.421030 0.485882 1.016936
v 1.421546 0.488857 1.017110
v 1.425545 0.482906 1.013111
v 1.425371 0.485882 1.012595
v 1.425545 0.488857 1.013111
v 1.428521 0.482732 1.012595
v 1.428521 0.485882 1.012000
v 1.428521 0.489032 1.012595
v 1.431497 0.482906 1.013111
v 1.431671 0.485882 1.012595
v 1.431497 0.488857 1.013111
v 1.435496 0.482906 1.017110
v 1.436012 0.485882 1.016936
v 1.435496 0.488857 1.017110
v 1.436012 0.482732 1.020086
v 1.436607 0.485882 1.020086
v 1.436012 0.489032 1.020086
v 1.435496 0.482906 1.023062
v 1.436012 0.485882 1.023236
v 1.435496 0.488857 1.023062
v 1.431497 0.482906 1.027061
v 1.431671 0.485882 1.027577
v 1.431497 0.488857 1.027061
v 1.428521 0.482732 1.027577
v 1.428521 0.485882 1.028172
v 1.428521 0.489032 1.027577
v 1.425545 0.482906 1.027061
v 1.425371 0.485882 1.027577
v 1.425545 0.488857 1.027061
v 1.425545 0.478907 1.017110
v 1.428521 0.478391 1.016936
v 1.431497 0.478907 1.017110
v 1.425371 0.478391 1.020086
v 1.428521 0.477795 1.020086
v 1.431671 0.478391 1.020086
v 1.425545 0.478907 1.023062
v 1.428521 0.478391 1.023236
v 1.431497 0.478907 1.023062
v 1.431497 0.492857 1.017110
v 1.428521 0.493372 1.016936
v 1.425545 0.492857 1.017110
v 1.431671 0.493372 1.020086
v 1.428521 0.493968 1.020086
v 1.425371 0.493372 1.020086
v 1.431497 0.492857 1.023062
v 1.428521 0.493372 1.023236
v 1.425545 0.492857 1.023062
v 1.450056 0.482729 1.020086
v 1.435319 0.482729 1.020086
v 1.450056 0.483709 1.022452
v 1.435319 0.483709 1.022452
v 1.450056 0.486075 1.023433
v 1.435319 0.486075 1.023433
v 1.450056 0.488442 1.022452
v 1.435319 0.488442 1.022452
v 1.450056 0.489422 1.020086
v 1.435319 0.489422 1.020086
v 1.450056 0.488442 1.017720
v 1.435319 0.488442 1.017720
v 1.450056 0.486075 1.016739
v 1.435319 0.486075 1.016739
v 1.450056 0.483709 1.017720
v 1.435319 0.483709 1.017720
v 1.423793 0.296701 1.024814
v 1.423793 0.306157 1.024814
v 1.423793 0.296701 1.015358
v 1.423793 0.306157 1.015358
v 1.433249 0.296701 1.024814
v 1.433249 0.306157 1.024814
v 1.433249 0.296701 1.015358
v 1.433249 0.306157 1.015358
v 1.423083 0.295991 1.017309
v 1.422741 0.295649 1.020086
v 1.423083 0.295991 1.022863
v 1.423083 0.298652 1.025524
v 1.422741 0.301429 1.025866
v 1.423083 0.304206 1.025524
v 1.423083 0.306867 1.022863
v 1.422741 0.307209 1.020086
v 1.423083 0.306867 1.017309
v 1.423083 0.304206 1.014648
v 1.422741 0.301429 1.014306
v 1.423083 0.298652 1.014648
v 1.431298 0.295991 1.014648
v 1.428521 0.295649 1.014306
v 1.425744 0.295991 1.014648
v 1.425744 0.306867 1.014648
v 1.428521 0.307209 1.014306
v 1.431298 0.306867 1.014648
v 1.433959 0.304206 1.014648
v 1.434301 0.301429 1.014306
v 1.433959 0.298652 1.014648
v 1.433959 0.295991 1.022863
v 1.434301 0.295649 1.020086
v 1.433959 0.295991 1.017309
v 1.433959 0.306867 1.017309
v 1.434301 0.307209 1.020086
v 1.433959 0.306867 1.022863
v 1.433959 0.304206 1.025524
v 1.434301 0.301429 1.025866
v 1.433959 0.298652 1.025524
v 1.425744 0.295991 1.025524
v 1.428521 0.295649 1.025866
v 1.431298 0.295991 1.025524
v 1.431298 0.306867 1.025524
v 1.428521 0.307209 1.025866
v 1.425744 0.306867 1.025524
v 1.421546 0.298453 1.023062
v 1.421030 0.301429 1.023236
v 1.421546 0.304404 1.023062
v 1.421030 0.298279 1.020086
v 1.420435 0.301429 1.020086
v 1.421030 0.304579 1.020086
v 1.421546 0.298453 1.017110
v 1.421030 0.301429 1.016936
v 1.421546 0.304404 1.017110
v 1.425545 0.298453 1.013111
v 1.425371 0.301429 1.012595
v 1.425545 0.304404 1.013111
v 1.428521 0.298279 1.012595
v 1.428521 0.301429 1.012000
v 1.428521 0.304579 1.012595
v 1.431497 0.298453 1.013111
v 1.431671 0.301429 1.012595
v 1.431497 0.304404 1.013111
v 1.435496 0.298453 1.017110
v 1.436012 0.301429 1.016936
v 1.435496 0.304404 1.017110
v 1.436012 0.298279 1.020086
v 1.436607 0.301429 1.020086
v 1.436012 0.304579 1.020086
v 1.435496 0.298453 1.023062
v 1.436012 0.301429 1.023236
v 1.435496 0.304404 1.023062
v 1.431497 0.298453 1.027061
v 1.431671 0.301429 1.027577
v 1.431497 0.304404 1.027061
v 1.428521 0.298279 1.027577
v 1.428521 0.301429 1.028172
v 1.428521 0.304579 1.027577
v 1.425545 0.298453 1.027061
v 1.425371 0.301429 1.027577
v 1.425545 0.304404 1.027061
v 1.425545 0.294454 1.017110
v 1.428521 0.293938 1.016936
v 1.431497 0.294454 1.017110
v 1.425371 0.293938 1.020086
v 1.428521 0.293342 1.020086
v 1.431671 0.293938 1.020086
v 1.425545 0.294454 1.023062
v 1.428521 0.293938 1.023236
v 1.431497 0.294454 1.023062
v 1.431497 0.308404 1.017110
v 1.428521 0.308919 1.016936
v 1.425545 0.308404 1.017110
v 1.431671 0.308919 1.020086
v 1.428521 0.309515 1.020086
v 1.425371 0.308919 1.020086
v 1.431497 0.308404 1.023062
v 1.428521 0.308919 1.023236
v 1.425545 0.308404 1.023062
v 1.450056 0.298276 1.020086
v 1.435319 0.298276 1.020086
v 1.450056 0.299256 1.022452
v 1.435319 0.299256 1.022452
v 1.450056 0.301622 1.023433
v 1.435319 0.301622 1.023433
v 1.450056 0.303989 1.022452
v 1.435319 0.303989 1.022452
v 1.450056 0.304969 1.020086
v 1.435319 0.304969 1.020086
v 1.450056 0.303989 1.017720
v 1.435319 0.303989 1.017720
v 1.450056 0.301622 1.016739
v 1.435319 0.301622 1.016739
v 1.450056 0.299256 1.017720
v 1.435319 0.299256 1.017720
vn -0.6691 -0.7432 -0.0000
vn -0.7263 -0.6858 0.0453
vn -0.7313 -0.6821 -0.0000
vn -0.7122 -0.6968 0.0853
vn -0.6691 -0.7431 -0.0000
vn -0.6904 -0.7143 0.1146
vn -0.6649 -0.7347 0.1347
vn 0.2528 -0.0000 -0.9675
vn -0.0153 -0.0017 -0.9999
vn -0.0138 -0.0000 -0.9999
vn -0.6698 -0.7426 0.0005
vn -0.5854 -0.8107 0.0007
vn -0.6691 -0.7432 -0.0005
vn -0.6649 -0.7347 -0.1347
vn -0.6903 -0.7144 -0.1146
vn -0.7122 -0.6968 -0.0853
vn -0.7263 -0.6858 -0.0453
vn -0.0138 -0.0000 0.9999
vn -0.3810 -0.0017 0.9246
vn -0.0153 -0.0017 0.9999
vn -0.3810 0.0018 -0.9246
vn -0.3796 -0.0000 -0.9252
vn -0.7060 -0.0018 -0.7082
vn -0.7053 -0.0000 -0.7089
vn -0.6697 -0.7426 -0.0004
vn -0.6449 -0.7519 -0.1367
vn -0.9236 -0.0018 -0.3834
vn -0.9134 -0.4071 -0.0000
vn -1.0000 -0.0018 -0.0000
vn -0.8850 -0.4139 -0.2131
vn -0.8010 -0.4351 0.4112
vn -0.8850 -0.4139 0.2131
vn -0.7061 -0.0018 0.7082
vn -0.9236 -0.0018 0.3834
vn -0.4851 -0.5229 0.7009
vn -0.6642 -0.4724 0.5794
vn 0.9999 -0.0016 -0.0100
vn 0.4152 -0.9096 0.0160
vn 0.4152 -0.9096 -0.0161
vn -0.6450 -0.7519 0.1367
vn -0.3810 -0.0018 -0.9246
vn -0.8010 -0.4350 -0.4112
vn -0.6641 -0.4724 -0.5794
vn 0.2513 -0.0018 0.9679
vn 0.2528 -0.0000 0.9675
vn 0.9999 -0.0016 0.0100
vn 1.0000 -0.0000 -0.0100
vn 1.0000 -0.0000 0.0100
vn -0.4851 -0.5228 -0.7010
vn -0.6691 0.7432 -0.0000
vn -0.7263 0.6858 0.0453
vn -0.6691 0.7431 -0.0000
vn -0.7122 0.6968 0.0853
vn -0.6904 0.7143 0.1146
vn -0.6649 0.7347 0.1347
vn -0.6692 0.7431 -0.0000
vn -0.4851 0.5228 -0.7009
vn 0.2514 0.0019 -0.9679
vn -0.0153 0.0017 -0.9999
vn -0.6697 0.7426 0.0005
vn -0.5853 0.8108 0.0007
vn -0.6691 0.7432 -0.0003
vn -0.6649 0.7347 -0.1347
vn -0.6903 0.7144 -0.1146
vn -0.7122 0.6968 -0.0853
vn -0.7263 0.6858 -0.0453
vn -0.7052 -0.0000 0.7090
vn -0.9233 -0.0000 0.3840
vn 0.2514 -0.0018 -0.9679
vn -0.3796 -0.0000 0.9251
vn -0.7061 0.0018 0.7082
vn -0.9233 -0.0000 -0.3840
vn -1.0000 -0.0000 -0.0000
vn -0.6697 0.7426 -0.0005
vn -0.9134 0.4071 -0.0000
vn -0.9236 0.0018 -0.3834
vn -1.0000 0.0018 -0.0000
vn -0.7312 0.6821 -0.0000
vn -0.8850 0.4140 -0.2131
vn -0.8010 0.4351 0.4112
vn -0.8850 0.4140 0.2131
vn -0.4851 0.5229 0.7009
vn -0.6642 0.4723 0.5794
vn -0.0153 0.0018 0.9999
vn 0.9999 0.0017 -0.0101
vn 0.4153 0.9096 0.0160
vn 0.9999 0.0016 0.0100
vn -0.6450 0.7519 0.1367
vn -0.8010 0.4351 -0.4112
vn -0.7061 0.0018 -0.7082
vn -0.6642 0.4724 -0.5794
vn -0.9236 0.0018 0.3834
vn -0.3810 0.0018 0.9246
vn 0.2514 0.0018 0.9679
vn -0.3252 0.5899 0.7391
vn -0.5853 0.8108 -0.0007
vn 0.4153 0.9095 -0.0160
vn -0.6449 0.7519 -0.1367
vn -0.3252 0.5899 -0.7390
vn -0.5854 -0.8108 -0.0007
vn -0.0000 -0.7071 0.7071
vn -0.0000 -1.0000 -0.0000
vn -0.0000 -0.0000 1.0000
vn -0.0000 0.7071 0.7071
vn -0.0000 1.0000 -0.0000
vn -0.0000 0.7071 -0.7071
vn -0.0000 -0.0000 -1.0000
vn -0.0000 -0.7071 -0.7071
vn -0.6700 -0.7424 0.0010
vn -0.6699 -0.7424 -0.0009
vn -0.0334 -0.8648 -0.5011
vn 0.8284 -0.0026 -0.5601
vn -0.3252 -0.5900 -0.7390
vn -0.6230 -0.7804 -0.0534
vn -0.6230 -0.7804 0.0534
vn -0.3253 -0.5899 0.7391
vn -0.0334 -0.8648 0.5011
vn 0.8284 -0.0026 0.5601
vn -0.6699 0.7424 0.0010
vn -0.6699 0.7425 -0.0009
vn 0.8284 0.0026 -0.5601
vn -0.0334 0.8647 -0.5011
vn -0.6230 0.7804 -0.0534
vn -0.6230 0.7804 0.0534
vn 0.8284 0.0026 0.5601
vn -0.0334 0.8648 0.5011
vn 0.8292 -0.0000 0.5590
vn 0.8291 -0.0000 -0.5590
vn -0.6904 -0.7143 -0.1146
vn -0.6648 -0.7347 -0.1347
vn 0.2514 -0.0018 0.9679
vn -0.5854 -0.8107 -0.0007
vn -0.6903 -0.7143 0.1146
vn -0.3810 -0.0017 -0.9246
vn -0.3796 -0.0000 -0.9251
vn -0.3797 -0.0000 0.9251
vn -0.7060 -0.0018 0.7082
vn -0.7053 -0.0000 0.7089
vn -0.6697 -0.7426 0.0005
vn -0.8010 -0.4351 -0.4112
vn -0.7061 -0.0018 -0.7082
vn -0.4851 -0.5229 -0.7009
vn -0.6642 -0.4723 -0.5794
vn 0.4152 -0.9096 -0.0160
vn -0.8010 -0.4350 0.4112
vn -0.3810 -0.0018 0.9246
vn -0.9236 -0.0018 -0.3835
vn 0.2513 -0.0018 -0.9679
vn -0.3252 -0.5899 -0.7391
vn -0.4851 -0.5228 0.7010
vn -0.6449 -0.7519 0.1367
vn -0.3252 -0.5899 0.7390
vn -0.6904 0.7143 -0.1146
vn 0.2514 0.0019 0.9679
vn -0.4851 0.5228 0.7009
vn -0.0153 0.0017 0.9999
vn -0.6903 0.7143 0.1146
vn -0.6697 0.7427 0.0004
vn -0.6449 0.7519 0.1367
vn -0.8850 0.4139 0.2131
vn -0.4851 0.5229 -0.7009
vn -0.6642 0.4723 -0.5794
vn -0.0153 0.0018 -0.9999
vn 0.9999 0.0017 0.0100
vn 0.4152 0.9096 -0.0160
vn 0.4153 0.9095 0.0160
vn -0.6450 0.7519 -0.1367
vn -0.8010 0.4350 0.4112
vn -0.7061 0.0018 0.7081
vn -0.6642 0.4724 0.5794
vn 0.2514 0.0018 -0.9679
vn -0.5854 0.8108 0.0007
vn -0.5854 -0.8108 0.0007
vn 0.4152 -0.9096 0.0161
vn -0.6699 -0.7424 0.0010
vn -0.0334 -0.8647 0.5011
vn -0.6699 0.7424 -0.0010
vn -0.6699 0.7425 0.0009
vn -0.0334 0.8647 0.5011
vn -0.3252 0.5899 -0.7391
vn -0.0334 0.8648 -0.5011
vn 0.9999 0.0016 -0.0100
vn 0.8291 -0.0000 0.5590
vn 0.0011 -1.0000 -0.0003
vn -0.0011 -1.0000 0.0003
vn -0.0011 -1.0000 -0.0003
vn 0.0011 0.0008 1.0000
vn -0.0011 -0.0008 1.0000
vn 0.0012 -0.0008 1.0000
vn -0.0011 1.0000 -0.0003
vn 0.0012 1.0000 0.0003
vn 0.0012 1.0000 -0.0003
vn 1.0000 0.0009 -0.0003
vn 1.0000 -0.0008 0.0003
vn 1.0000 -0.0008 -0.0003
vn -0.0011 0.0008 -1.0000
vn 0.0011 -0.0008 -1.0000
vn -0.0011 -0.0007 -1.0000
vn -0.0102 -0.0009 -0.9999
vn -0.0112 0.0009 -0.9999
vn -0.0102 0.0009 -0.9999
vn -0.0103 -0.9999 0.0003
vn -0.0111 -0.9999 -0.0003
vn -0.0103 -0.9999 -0.0003
vn -0.8091 -0.0009 0.5876
vn -0.8254 0.0008 0.5646
vn -0.8092 0.0009 0.5876
vn -0.0103 0.0009 0.9999
vn -0.0112 -0.0009 0.9999
vn -0.0102 -0.0009 0.9999
vn -0.8091 -0.0008 -0.5876
vn -0.8253 0.0009 -0.5647
vn -0.8253 -0.0008 -0.5646
vn -0.8088 -0.5880 -0.0003
vn -0.8248 -0.5655 0.0003
vn -0.8088 -0.5880 0.0003
vn -0.8088 0.5880 -0.0003
vn -0.8248 0.5655 0.0003
vn -0.8248 0.5655 -0.0003
vn -0.5561 0.8311 0.0006
vn -0.0129 0.7071 -0.7070
vn -0.0102 0.9999 -0.0003
vn -0.8877 0.3255 -0.3255
vn -0.5562 0.0001 -0.8310
vn -0.8092 0.0008 -0.5876
vn -0.5563 -0.0001 -0.8310
vn -0.0129 -0.7071 -0.7070
vn -0.8877 -0.3256 -0.3255
vn -0.5561 -0.8311 0.0005
vn -0.0129 0.7071 0.7070
vn -0.5539 0.8326 0.0003
vn -0.0102 0.9999 0.0003
vn -0.5562 0.0001 0.8310
vn -0.8877 0.3255 0.3255
vn -0.8088 0.5880 0.0003
vn -0.5561 -0.8311 -0.0006
vn -0.0129 -0.7071 0.7070
vn -0.8877 -0.3255 0.3256
vn -0.5562 -0.0001 0.8310
vn 0.0012 -1.0000 0.0003
vn 0.5774 -0.5773 0.5774
vn 0.0009 -0.7071 0.7071
vn 0.7071 -0.7072 0.0003
vn 0.7071 -0.0006 0.7071
vn 0.5774 0.5773 0.5774
vn 0.7071 0.7071 0.0003
vn 0.0009 0.7071 0.7071
vn 1.0000 0.0008 0.0003
vn 0.7071 0.0006 0.7071
vn 0.5774 -0.5773 -0.5774
vn 0.7071 -0.7071 -0.0002
vn 0.0008 -0.7071 -0.7071
vn 0.7071 -0.0006 -0.7071
vn 0.5774 0.5773 -0.5774
vn 0.0009 0.7071 -0.7071
vn 0.7070 0.7072 -0.0003
vn 0.0012 0.0008 -1.0000
vn 0.7071 0.0006 -0.7071
vn -0.9003 0.3078 0.3078
vn -0.8327 -0.5538 -0.0002
vn -0.8327 -0.0006 -0.5537
vn -0.9559 -0.2077 -0.2077
vn -0.0025 -0.7071 -0.7071
vn -0.8327 -0.5538 0.0002
vn -0.9003 0.3078 -0.3078
vn -0.9559 -0.2077 0.2077
vn -0.0025 -0.7071 0.7071
vn -0.8327 -0.0006 0.5537
vn -0.8327 0.0006 0.5537
vn -0.9003 -0.3078 -0.3078
vn -0.0010 0.0008 1.0000
vn -0.9559 0.2077 0.2077
vn -0.0011 1.0000 0.0003
vn -0.0025 0.7071 0.7071
vn -0.8327 0.5538 0.0002
vn -0.8248 -0.5655 -0.0003
vn -0.8327 0.5538 -0.0002
vn -0.9003 -0.3078 0.3078
vn -0.9559 0.2077 -0.2077
vn -0.0024 0.7073 -0.7070
vn -0.8327 0.0006 -0.5537
vn -0.8253 -0.0009 0.5647
vn -0.0111 0.9999 0.0003
vn -0.3544 0.6612 0.6612
vn -0.0081 0.7071 0.7071
vn -0.0112 0.0009 0.9999
vn -0.3827 0.0007 0.9239
vn -0.0111 0.9999 -0.0003
vn -0.3544 0.6612 -0.6612
vn -0.3826 0.9239 -0.0002
vn -0.0081 0.7071 -0.7071
vn -0.0111 -0.0009 -0.9999
vn -0.3544 -0.6613 -0.6612
vn -0.3827 -0.0007 -0.9239
vn -0.0081 -0.7071 -0.7071
vn -0.0111 -0.9999 0.0003
vn -0.3544 -0.6613 0.6612
vn -0.3827 -0.9239 0.0002
vn -0.0081 -0.7071 0.7071
vn -0.3827 0.9239 0.0002
vn -0.3827 0.0007 -0.9239
vn -0.3827 -0.9239 -0.0002
vn -0.3827 -0.0007 0.9239
vn 0.0250 0.9997 -0.0051
vn -0.0250 0.9997 0.0051
vn 0.0251 0.9997 -0.0051
vn -0.9797 0.0056 0.2005
vn -0.9797 -0.0056 0.2006
vn 0.9797 0.0056 -0.2005
vn 0.9797 -0.0056 -0.2006
vn -0.0250 -0.9997 0.0051
vn -0.6928 -0.7071 0.1418
vn -0.0251 -0.9997 0.0051
vn -0.6927 -0.7071 0.1418
vn -0.0251 0.9997 0.0051
vn -0.6927 0.7071 0.1418
vn 0.0250 -0.9997 -0.0051
vn 0.6928 -0.7071 -0.1418
vn 0.0251 -0.9997 -0.0051
vn 0.6927 -0.7071 -0.1418
vn 0.6927 0.7071 -0.1418
vn -0.0251 0.9997 -0.0051
vn 0.0251 0.9997 0.0051
vn 0.0250 0.9997 0.0051
vn -0.9797 0.0056 -0.2006
vn -0.9796 -0.0056 -0.2006
vn -0.9797 -0.0056 -0.2006
vn 0.9797 0.0056 0.2006
vn 0.9796 -0.0056 0.2006
vn 0.9797 -0.0056 0.2006
vn -0.0250 -0.9997 -0.0051
vn -0.6927 -0.7071 -0.1419
vn -0.6927 0.7071 -0.1419
vn -0.0250 0.9997 -0.0051
vn 0.0250 -0.9997 0.0051
vn 0.6927 -0.7071 0.1419
vn 0.6927 0.7071 0.1419
vn -0.0251 -0.9997 -0.0051
vn -0.3780 -0.1569 -0.9124
vn -0.0000 -0.1662 -0.9861
vn -0.3776 -0.1569 -0.9126
vn 0.0584 -0.9967 -0.0570
vn 0.0762 -0.9966 -0.0301
vn 0.0823 -0.9966 0.0015
vn 0.0759 -0.9966 0.0330
vn 0.0579 -0.9965 0.0595
vn 0.0313 -0.9965 0.0771
vn -0.0000 -0.9965 0.0833
vn -0.0313 -0.9965 0.0771
vn -0.0579 -0.9965 0.0595
vn -0.0758 -0.9966 0.0330
vn -0.0823 -0.9966 0.0015
vn -0.0762 -0.9966 -0.0301
vn -0.0584 -0.9967 -0.0570
vn -0.0316 -0.9967 -0.0749
vn -0.0000 -0.9967 -0.0813
vn 0.3780 -0.1569 -0.9124
vn 0.3779 -0.1569 -0.9125
vn 0.7014 -0.1301 -0.7008
vn 0.9202 -0.0897 -0.3811
vn 0.9991 -0.0414 -0.0000
vn 0.9991 -0.0414 0.0002
vn 0.9239 0.0072 0.3827
vn 0.9239 0.0072 0.3826
vn 0.7063 0.0484 0.7063
vn 0.7061 0.0484 0.7064
vn 0.3816 0.0758 0.9212
vn 0.3817 0.0758 0.9212
vn -0.0000 0.0854 0.9964
vn -0.0000 0.0853 0.9964
vn -0.3817 0.0758 0.9212
vn -0.3816 0.0758 0.9212
vn -0.7064 0.0484 0.7062
vn -0.7063 0.0484 0.7063
vn -0.9239 0.0072 0.3826
vn -0.9239 0.0072 0.3827
vn -0.9991 -0.0414 0.0002
vn -0.9991 -0.0414 -0.0000
vn -0.9203 -0.0896 -0.3808
vn -0.9202 -0.0897 -0.3811
vn -0.7014 -0.1301 -0.7008
vn -0.7011 -0.1302 -0.7011
vn 0.3625 -0.3203 -0.8752
vn 0.6753 -0.2966 -0.6753
vn 0.7011 -0.1302 -0.7011
vn -0.0000 -0.7614 -0.6483
vn -0.0000 -0.3286 -0.9445
vn 0.2494 -0.7586 -0.6019
vn 0.4673 -0.7506 -0.4671
vn 0.0311 -0.9967 -0.0751
vn 0.8921 -0.2600 -0.3695
vn 0.6234 -0.7381 -0.2581
vn 0.9765 -0.2154 -0.0000
vn 0.6915 -0.7224 0.0001
vn 0.9105 -0.1694 0.3772
vn 0.6547 -0.7055 0.2713
vn 0.7011 -0.1295 0.7012
vn 0.5116 -0.6902 0.5117
vn 0.3807 -0.1025 0.9190
vn 0.2807 -0.6796 0.6778
vn -0.0000 -0.0930 0.9957
vn -0.0000 -0.6757 0.7372
vn -0.2807 -0.6796 0.6778
vn -0.3807 -0.1025 0.9190
vn -0.5116 -0.6902 0.5117
vn -0.7011 -0.1295 0.7012
vn -0.6547 -0.7055 0.2713
vn -0.9105 -0.1694 0.3772
vn -0.6915 -0.7224 0.0001
vn -0.9765 -0.2154 -0.0000
vn -0.6233 -0.7381 -0.2581
vn -0.8921 -0.2600 -0.3695
vn -0.4673 -0.7506 -0.4671
vn -0.6753 -0.2965 -0.6753
vn -0.2494 -0.7586 -0.6019
vn -0.3625 -0.3204 -0.8752
vn 0.3782 -0.1569 -0.9123
vn -0.0577 -0.9967 -0.0577
vn -0.0764 -0.9966 0.0317
vn -0.0587 -0.9965 0.0587
vn 0.0318 -0.9965 0.0769
vn 0.0587 -0.9965 0.0587
vn 0.0823 -0.9966 -0.0000
vn 0.0757 -0.9966 -0.0313
vn 0.0577 -0.9967 -0.0577
vn -0.9991 -0.0414 -0.0003
vn -0.7060 0.0484 0.7065
vn 0.7060 0.0484 0.7065
vn 0.9991 -0.0414 -0.0002
vn 0.9203 -0.0896 -0.3808
vn 0.7011 -0.1301 -0.7010
vn -0.3625 -0.3203 -0.8752
vn -0.3782 -0.1569 -0.9123
vn -0.2494 -0.7586 -0.6020
vn -0.6753 -0.2966 -0.6753
vn -0.6234 -0.7381 -0.2581
vn -0.0823 -0.9966 -0.0000
vn -0.5116 -0.6903 0.5117
vn -0.3807 -0.1026 0.9190
vn 0.3807 -0.1026 0.9190
vn 0.5116 -0.6903 0.5116
vn 0.0764 -0.9966 0.0317
vn 0.6233 -0.7381 -0.2581
vn 0.6753 -0.2965 -0.6753
vn 0.3625 -0.3204 -0.8752
vn -0.0000 -0.1662 0.9861
vn -0.3780 -0.1569 0.9124
vn -0.3782 -0.1569 0.9123
vn 0.0577 -0.9967 0.0577
vn 0.0762 -0.9966 0.0301
vn 0.0764 -0.9966 -0.0317
vn 0.0587 -0.9965 -0.0587
vn 0.0313 -0.9965 -0.0771
vn -0.0318 -0.9965 -0.0769
vn -0.0587 -0.9965 -0.0587
vn -0.0757 -0.9966 0.0313
vn -0.0577 -0.9967 0.0577
vn -0.0000 -0.9967 0.0813
vn 0.3780 -0.1569 0.9124
vn 0.7014 -0.1301 0.7008
vn 0.9202 -0.0897 0.3811
vn 0.7011 -0.1302 0.7011
vn 0.9203 -0.0896 0.3808
vn 0.9991 -0.0414 0.0003
vn 0.9239 0.0072 -0.3827
vn 0.9239 0.0072 -0.3826
vn 0.7063 0.0484 -0.7063
vn 0.7060 0.0484 -0.7065
vn 0.3816 0.0758 -0.9212
vn 0.3817 0.0758 -0.9212
vn -0.0000 0.0854 -0.9964
vn -0.3817 0.0758 -0.9212
vn -0.0000 0.0853 -0.9964
vn -0.7060 0.0484 -0.7065
vn -0.3816 0.0758 -0.9212
vn -0.9239 0.0072 -0.3826
vn -0.7063 0.0484 -0.7063
vn -0.9239 0.0072 -0.3827
vn -0.9203 -0.0896 0.3808
vn -0.7011 -0.1301 0.7010
vn -0.9202 -0.0897 0.3811
vn -0.7011 -0.1302 0.7011
vn 0.3625 -0.3203 0.8752
vn 0.3782 -0.1569 0.9123
vn -0.0000 -0.7614 0.6483
vn -0.0000 -0.3286 0.9445
vn 0.2494 -0.7586 0.6020
vn 0.6753 -0.2966 0.6753
vn 0.0316 -0.9967 0.0749
vn 0.4673 -0.7506 0.4671
vn 0.8921 -0.2600 0.3695
vn 0.6234 -0.7381 0.2581
vn 0.6915 -0.7224 -0.0001
vn 0.9105 -0.1694 -0.3772
vn 0.6547 -0.7055 -0.2713
vn 0.7011 -0.1295 -0.7012
vn 0.5116 -0.6903 -0.5117
vn 0.3807 -0.1026 -0.9190
vn 0.2807 -0.6796 -0.6778
vn -0.0000 -0.0930 -0.9957
vn -0.0000 -0.6757 -0.7372
vn -0.2807 -0.6796 -0.6778
vn -0.3807 -0.1026 -0.9190
vn -0.5116 -0.6903 -0.5116
vn -0.7011 -0.1295 -0.7012
vn -0.6547 -0.7055 -0.2713
vn -0.9105 -0.1694 -0.3772
vn -0.0764 -0.9966 -0.0317
vn -0.6915 -0.7224 -0.0001
vn -0.6233 -0.7381 0.2581
vn -0.8921 -0.2600 0.3695
vn -0.4673 -0.7506 0.4671
vn -0.6753 -0.2965 0.6753
vn -0.2494 -0.7586 0.6019
vn -0.3625 -0.3204 0.8752
vn -0.0311 -0.9967 0.0751
vn 0.3776 -0.1569 0.9126
vn -0.0584 -0.9967 0.0570
vn -0.0762 -0.9966 0.0301
vn -0.0823 -0.9966 -0.0015
vn -0.0759 -0.9966 -0.0330
vn -0.0579 -0.9965 -0.0595
vn -0.0313 -0.9965 -0.0771
vn -0.0000 -0.9965 -0.0833
vn 0.0579 -0.9965 -0.0595
vn 0.0758 -0.9966 -0.0330
vn 0.0823 -0.9966 -0.0015
vn 0.0584 -0.9967 0.0570
vn -0.3779 -0.1569 0.9125
vn -0.7014 -0.1301 0.7008
vn -0.9991 -0.0414 -0.0002
vn -0.7061 0.0484 -0.7064
vn 0.7064 0.0484 -0.7062
vn -0.3625 -0.3203 0.8752
vn -0.6753 -0.2966 0.6753
vn -0.6234 -0.7381 0.2581
vn -0.5116 -0.6902 -0.5117
vn -0.3807 -0.1025 -0.9190
vn 0.3807 -0.1025 -0.9190
vn 0.5116 -0.6902 -0.5117
vn 0.6233 -0.7381 0.2581
vn 0.6753 -0.2965 0.6753
vn 0.2494 -0.7586 0.6019
vn 0.3625 -0.3204 0.8752
vn 0.0417 0.0024 0.9991
vn -0.0417 -0.0024 0.9991
vn 0.0417 -0.0024 0.9991
vn 1.0000 0.0025 -0.0011
vn 1.0000 -0.0025 0.0011
vn 1.0000 -0.0025 -0.0011
vn 0.0418 -0.9991 -0.0011
vn -0.0418 -0.9991 0.0011
vn -0.0418 -0.9991 -0.0011
vn -0.0417 0.9991 -0.0011
vn 0.0417 0.9991 0.0011
vn 0.0417 0.9991 -0.0011
vn -1.0000 0.0025 0.0011
vn -1.0000 -0.0025 -0.0011
vn -1.0000 -0.0025 0.0011
vn -0.0417 0.0024 -0.9991
vn 0.0417 -0.0024 -0.9991
vn -0.0417 -0.0024 -0.9991
vn -0.0418 0.9991 -0.0011
vn 0.0418 0.9991 0.0011
vn 0.0418 0.9991 -0.0011
vn 0.0417 0.0035 0.9991
vn -0.0417 -0.0035 0.9991
vn 0.0417 -0.0035 0.9991
vn 1.0000 0.0036 -0.0011
vn 1.0000 -0.0036 0.0011
vn 1.0000 -0.0036 -0.0011
vn -1.0000 0.0036 0.0011
vn -1.0000 -0.0036 -0.0011
vn -1.0000 -0.0036 0.0011
vn -0.0417 0.0035 -0.9991
vn 0.0417 -0.0035 -0.9991
vn -0.0417 -0.0035 -0.9991
vn -0.0418 -0.9991 0.0010
vn -0.5774 -0.5774 0.5773
vn -0.7071 -0.7071 0.0008
vn -0.5774 -0.5773 0.5773
vn -0.0308 -0.7068 0.7068
vn -1.0000 -0.0025 0.0010
vn -0.5774 -0.5773 0.5774
vn -0.7072 -0.0018 0.7070
vn -0.0417 0.0024 0.9991
vn -0.5774 0.5773 0.5774
vn -0.7071 0.0018 0.7071
vn -0.0418 0.9991 0.0011
vn -0.5774 0.5773 0.5773
vn -0.0309 0.7068 0.7068
vn -0.5773 0.5774 0.5773
vn -0.7071 0.7071 0.0008
vn -0.0418 -0.9991 -0.0010
vn -0.5774 -0.5773 -0.5773
vn -0.0308 -0.7068 -0.7068
vn -0.5773 -0.5774 -0.5774
vn -0.7071 -0.7071 -0.0008
vn -0.7071 -0.0018 -0.7071
vn -0.0418 0.9991 -0.0010
vn -0.5774 0.5774 -0.5773
vn -0.7071 0.7071 -0.0008
vn -0.5774 0.5773 -0.5773
vn -0.0309 0.7068 -0.7068
vn -1.0000 0.0025 -0.0011
vn -0.5774 0.5773 -0.5774
vn -0.7071 0.0018 -0.7071
vn 0.0418 -0.9991 0.0010
vn 0.5774 -0.5773 0.5773
vn 0.0308 -0.7068 0.7068
vn 0.5773 -0.5773 0.5774
vn 0.7071 -0.7071 0.0008
vn 0.7071 -0.0018 0.7071
vn 0.5773 0.5774 0.5774
vn 0.7071 0.7071 0.0008
vn 0.5774 0.5773 0.5773
vn 0.0309 0.7068 0.7068
vn 1.0000 0.0025 0.0011
vn 0.5773 0.5773 0.5774
vn 0.7071 0.0018 0.7071
vn 0.0418 -0.9991 -0.0010
vn 0.5774 -0.5774 -0.5773
vn 0.7071 -0.7071 -0.0008
vn 0.5774 -0.5773 -0.5773
vn 0.0308 -0.7068 -0.7068
vn 0.7071 -0.0017 -0.7071
vn 0.5773 0.5774 -0.5774
vn 0.0309 0.7068 -0.7068
vn 0.5773 0.5773 -0.5774
vn 0.7071 0.7071 -0.0008
vn 0.0417 0.0024 -0.9991
vn 0.7071 0.0018 -0.7071
vn -0.0417 -0.9991 0.0010
vn -0.5773 -0.5774 0.5773
vn -0.0417 -0.0023 0.9991
vn -0.0308 -0.7067 0.7068
vn -1.0000 -0.0024 0.0010
vn -0.7071 -0.0017 0.7071
vn -0.0416 0.0023 0.9991
vn -0.5773 0.5773 0.5774
vn -1.0000 0.0024 0.0011
vn -0.5773 0.5774 0.5774
vn -0.0417 -0.9991 -0.0010
vn -0.0308 -0.7068 -0.7067
vn -1.0000 -0.0024 -0.0010
vn -0.5773 -0.5774 -0.5773
vn -0.0417 -0.0023 -0.9991
vn -0.7071 -0.0017 -0.7071
vn -0.7071 0.7071 -0.0007
vn -0.0417 0.0023 -0.9991
vn -0.5773 0.5774 -0.5773
vn -0.0309 0.7067 -0.7068
vn -1.0000 0.0024 -0.0011
vn 0.0417 -0.9991 0.0010
vn 0.5773 -0.5774 0.5773
vn 0.0308 -0.7068 0.7067
vn 1.0000 -0.0024 0.0010
vn 0.5774 -0.5774 0.5773
vn 0.0418 0.9991 0.0010
vn 0.7071 0.7071 0.0007
vn 0.0417 0.0023 0.9991
vn 0.5773 0.5774 0.5773
vn 0.0309 0.7067 0.7068
vn 1.0000 0.0024 0.0011
vn 0.0417 -0.9991 -0.0010
vn 0.5773 -0.5774 -0.5773
vn 0.0417 -0.0023 -0.9991
vn 1.0000 -0.0024 -0.0010
vn 1.0000 0.0024 -0.0011
vn 0.5773 0.5774 -0.5773
vn 0.7070 0.7072 -0.0008
vn 0.0416 0.0023 -0.9991
vn -0.5773 -0.5774 0.5774
vn -0.7071 -0.7072 0.0008
vn -1.0000 -0.0036 0.0010
vn -0.7072 -0.0026 0.7070
vn -0.0417 0.0035 0.9991
vn -0.7071 0.0026 0.7071
vn -0.0308 0.7068 0.7068
vn -0.5774 0.5774 0.5773
vn -0.0417 -0.9991 -0.0011
vn -0.5772 -0.5774 -0.5774
vn -0.0307 -0.7068 -0.7068
vn -0.5773 -0.5773 -0.5774
vn -0.7071 -0.0026 -0.7071
vn -0.0417 0.9991 -0.0010
vn -0.7071 0.7072 -0.0008
vn -1.0000 0.0036 -0.0010
vn -0.7072 0.0026 -0.7070
vn 0.5772 -0.5775 0.5774
vn 0.0307 -0.7068 0.7068
vn 1.0000 -0.0036 0.0010
vn 0.7071 -0.0026 0.7071
vn 0.0417 0.9991 0.0010
vn 0.7071 0.7072 0.0008
vn 1.0000 0.0036 0.0011
vn 0.7071 0.0026 0.7071
vn 0.5773 -0.5774 -0.5774
vn 0.7071 -0.7072 -0.0008
vn 0.0309 -0.7067 -0.7068
vn 0.7071 -0.0026 -0.7071
vn 0.0418 0.9991 -0.0010
vn 0.5774 0.5773 -0.5773
vn 0.0308 0.7068 -0.7068
vn 1.0000 0.0036 -0.0010
vn 0.5774 0.5774 -0.5773
vn 0.0417 0.0035 -0.9991
vn 0.7071 0.0026 -0.7071
vn -0.0417 -0.9991 0.0011
vn -0.7071 -0.0018 0.7071
vn -0.7071 0.7071 0.0007
vn -0.0418 0.0024 -0.9991
vn -0.0308 0.7068 -0.7068
vn 1.0000 -0.0024 -0.0011
vn 0.7071 -0.0018 -0.7071
vn 0.0417 -0.9991 -0.0011
vn 0.0417 -0.9991 0.0011
vn 0.7071 0.7071 -0.0007
vn 0.0308 0.7068 0.7068
vn -0.7071 -0.7071 -0.0007
vn -1.0000 -0.0024 -0.0011
vn -0.7071 0.0017 0.7071
vn -0.0418 -0.0024 -0.9991
vn 0.0418 -0.0023 -0.9991
vn 0.0418 0.0024 -0.9991
vn 0.7071 -0.7071 0.0007
vn 0.0418 -0.9991 0.0011
vn 1.0000 -0.0024 0.0011
vn 0.0418 -0.0024 0.9991
vn 0.0418 0.0024 0.9991
vn -0.7071 -0.0026 0.7071
vn -0.7071 0.0026 -0.7071
vn -1.0000 0.0036 -0.0011
vn -0.0316 -0.0000 -0.9995
vn -0.0317 -0.0000 -0.9995
vn -0.0316 -0.0000 0.9995
vn -0.0317 -0.0000 0.9995
vn -0.3827 -0.0000 0.9239
vn -0.7071 -0.0000 0.7071
vn -0.9239 -0.0000 0.3827
vn -0.9239 -0.0000 -0.3827
vn -0.7071 -0.0000 -0.7071
vn -0.3827 -0.0000 -0.9239
vn -0.0316 -0.0001 0.9995
vn 0.0418 0.0009 0.9991
vn -0.0418 -0.0009 0.9991
vn 0.0418 -0.0009 0.9991
vn 1.0000 0.0009 -0.0010
vn 1.0000 -0.0009 0.0010
vn 1.0000 -0.0009 -0.0010
vn -0.0418 0.9991 -0.0009
vn 0.0418 0.9991 0.0009
vn 0.0418 0.9991 -0.0009
vn -1.0000 0.0009 0.0010
vn -1.0000 -0.0009 -0.0010
vn -1.0000 -0.0009 0.0010
vn -0.0418 0.0009 -0.9991
vn 0.0418 -0.0009 -0.9991
vn -0.0418 -0.0009 -0.9991
vn -0.0417 -0.9991 0.0009
vn -0.7071 -0.7071 0.0007
vn -1.0000 -0.0008 0.0009
vn -0.7072 -0.0007 0.7070
vn -0.0417 0.0008 0.9991
vn -0.7070 0.0006 0.7072
vn -0.0418 0.9991 0.0010
vn -0.5775 0.5773 0.5773
vn -0.0310 0.7068 0.7068
vn -0.0417 -0.9991 -0.0009
vn -1.0000 -0.0009 -0.0009
vn -0.0417 -0.0008 -0.9991
vn -0.5773 -0.5773 -0.5775
vn -0.7071 -0.0005 -0.7071
vn -0.0416 0.9991 -0.0009
vn -0.5773 0.5775 -0.5773
vn -0.7070 0.7072 -0.0007
vn -0.0309 0.7068 -0.7067
vn -1.0000 0.0009 -0.0009
vn -0.7071 0.0007 -0.7071
vn 0.0418 -0.0008 0.9991
vn 0.0417 0.9991 0.0009
vn 0.5774 0.5774 0.5773
vn 0.0418 0.0008 0.9991
vn 1.0000 0.0009 0.0009
vn 0.0417 -0.9991 -0.0009
vn 0.5773 -0.5773 -0.5774
vn 0.7071 -0.7071 -0.0007
vn 0.0418 -0.0010 -0.9991
vn 0.5773 -0.5775 -0.5773
vn 0.0308 -0.7069 -0.7067
vn 1.0000 -0.0009 -0.0009
vn 0.0419 0.9991 -0.0010
vn 0.5775 0.5772 -0.5773
vn 0.0309 0.7067 -0.7068
vn 1.0000 0.0008 -0.0009
vn 0.0417 0.0007 -0.9991
vn 0.5773 0.5773 -0.5775
vn 0.7071 0.0005 -0.7071
vn -0.7071 -0.7071 -0.0006
vn -0.7071 -0.7071 0.0006
vn -0.0418 0.0008 0.9991
vn -0.7071 -0.0006 0.7071
vn -0.7071 0.7071 0.0006
vn -0.0418 0.9991 0.0009
vn -0.7071 0.7071 -0.0006
vn -1.0000 0.0009 0.0009
vn -0.7071 -0.0006 -0.7071
vn -0.7071 0.0006 -0.7071
vn -0.7071 -0.0007 -0.7071
vn 0.0308 -0.7067 -0.7068
vn -0.0308 -0.7067 -0.7068
vn 0.0418 -0.0008 -0.9991
vn 0.0417 0.9991 -0.0009
vn -0.0417 0.9991 -0.0009
vn 0.0308 0.7067 -0.7068
vn -0.0418 0.0008 -0.9991
vn -0.0308 0.7067 -0.7068
vn 1.0000 0.0009 -0.0009
vn 0.7071 -0.0007 -0.7071
vn 0.0418 0.0009 -0.9991
vn 0.7071 -0.7071 0.0006
vn 0.0417 -0.9991 0.0009
vn 1.0000 -0.0009 0.0009
vn 0.7071 0.7071 -0.0006
vn 0.7071 0.7071 0.0006
vn 0.7071 -0.0007 0.7071
vn 1.0000 0.0009 0.0010
vn -0.0417 0.9991 0.0009
vn -0.0308 0.7067 0.7068
vn 0.0308 0.7067 0.7068
vn 0.0418 -0.9991 -0.0009
vn -0.0418 -0.9991 0.0009
vn -0.0418 -0.9991 -0.0009
vn -1.0000 0.0009 -0.0010
vn -0.0418 0.0009 0.9991
vn -0.0418 -0.0008 -0.9991
vn -0.5774 -0.5773 -0.5774
vn -1.0000 -0.0009 0.0009
vn -0.0417 0.0007 0.9991
vn -0.5773 0.5773 0.5775
vn -0.7071 0.0005 0.7071
vn -1.0000 0.0008 0.0009
vn 0.0310 0.7068 -0.7068
vn 0.0417 0.0008 -0.9991
vn 0.7071 0.0006 -0.7072
vn 0.0417 -0.0007 0.9991
vn 0.5773 -0.5772 0.5775
vn 0.7071 -0.0005 0.7071
vn 1.0000 -0.0008 0.0009
vn 0.0416 0.9991 0.0009
vn 0.5772 0.5775 0.5774
vn 0.7070 0.7072 0.0007
vn 0.7071 0.0007 0.7071
vn 0.0419 0.0010 0.9991
vn 0.0308 0.7069 0.7066
vn -0.7071 0.0006 0.7071
vn 0.0308 -0.7067 0.7068
vn 0.7071 -0.7071 -0.0006
vn 0.0418 0.0008 -0.9991
vn 0.0418 -0.9991 0.0009
vn -0.8793 -0.3367 0.3367
vn -0.9324 -0.3615 -0.0000
vn -0.8793 0.3367 0.3367
vn -0.9324 -0.0000 0.3615
vn -0.8793 -0.3367 -0.3367
vn -0.8793 0.3367 -0.3367
vn -0.9324 -0.0000 -0.3615
vn -0.6728 -0.6728 0.3078
vn -0.6727 -0.3081 0.6727
vn -0.6728 0.3078 0.6728
vn -0.6728 0.6728 0.3078
vn -0.9324 0.3615 -0.0000
vn -0.6728 0.6728 -0.3078
vn -0.6728 0.3078 -0.6728
vn -0.6728 -0.3078 -0.6728
vn -0.6728 -0.6728 -0.3078
vn -0.7071 -0.7071 -0.0000
vn -0.3368 -0.3367 -0.8793
vn -0.0000 -0.3615 -0.9324
vn -0.3367 0.3367 -0.8793
vn -0.3615 -0.0000 -0.9324
vn 0.3367 -0.3367 -0.8793
vn 0.3367 0.3367 -0.8793
vn 0.3615 -0.0000 -0.9324
vn -0.3078 -0.6728 -0.6728
vn -0.3078 0.6728 -0.6728
vn -0.0000 0.3615 -0.9324
vn 0.3078 0.6728 -0.6728
vn 0.6728 0.3078 -0.6728
vn 0.7071 -0.0000 -0.7071
vn 0.6728 -0.3078 -0.6728
vn 0.3078 -0.6728 -0.6728
vn 0.8793 -0.3367 -0.3367
vn 1.0000 -0.0000 -0.0000
vn 0.9324 -0.3615 -0.0000
vn 0.8793 0.3368 -0.3368
vn 0.9324 -0.0000 -0.3615
vn 0.8793 -0.3367 0.3367
vn 0.8793 0.3367 0.3367
vn 0.9324 -0.0000 0.3615
vn 0.6728 -0.6728 -0.3078
vn 0.6728 0.6728 -0.3078
vn 0.9324 0.3615 -0.0000
vn 0.6728 0.6728 0.3078
vn 0.6728 0.3078 0.6728
vn 0.7071 -0.0000 0.7071
vn 0.6727 -0.3081 0.6727
vn 0.6728 -0.6728 0.3078
vn 0.7071 -0.7071 -0.0000
vn 0.3367 -0.3367 0.8793
vn -0.0000 -0.3615 0.9324
vn 0.3367 0.3367 0.8793
vn 0.3615 -0.0000 0.9324
vn -0.3367 -0.3367 0.8793
vn -0.3367 0.3367 0.8793
vn -0.3615 -0.0000 0.9324
vn 0.3078 -0.6728 0.6728
vn 0.3078 0.6728 0.6728
vn -0.0000 0.3615 0.9324
vn -0.3078 0.6728 0.6728
vn -0.3078 -0.6728 0.6728
vn -0.3368 -0.8793 -0.3368
vn -0.3615 -0.9324 -0.0000
vn 0.3367 -0.8793 -0.3367
vn -0.0000 -0.9324 -0.3615
vn -0.3367 -0.8793 0.3367
vn 0.3367 -0.8793 0.3367
vn -0.0000 -0.9324 0.3615
vn 0.3615 -0.9324 -0.0000
vn 0.3367 0.8793 -0.3367
vn 0.3615 0.9324 -0.0000
vn -0.3367 0.8793 -0.3367
vn -0.0000 0.9324 -0.3615
vn 0.3367 0.8793 0.3367
vn -0.3367 0.8793 0.3368
vn -0.0000 0.9324 0.3615
vn -0.3615 0.9324 -0.0000
vn 0.7071 0.7071 -0.0000
vn -0.8793 -0.3368 -0.3368
vn -0.6727 -0.3083 0.6727
vn -0.5773 0.5773 -0.5774
vn -0.6727 0.3081 -0.6727
vn -0.3367 -0.3367 -0.8793
vn 0.3367 0.3368 -0.8793
vn 0.8793 0.3367 -0.3367
vn 0.6728 -0.3078 0.6728
vn 0.3367 0.3368 0.8793
vn -0.3367 -0.8793 -0.3367
vn -0.3367 -0.8793 0.3368
vn 0.3368 0.8793 -0.3368
vn -0.3368 0.8793 -0.3368
vn -0.3367 0.8793 0.3367
vn -0.8793 -0.3367 -0.3368
vn -0.8793 0.3368 -0.3368
vn -0.6727 -0.6727 0.3083
vn -0.6728 -0.3078 0.6728
vn -0.6727 0.3081 0.6727
vn -0.6727 0.6727 -0.3083
vn 0.3367 -0.3368 -0.8793
vn 0.6727 0.3081 -0.6727
vn 0.8793 -0.3367 -0.3368
vn 0.8793 0.3368 0.3367
vn 0.6727 -0.6727 -0.3083
vn 0.5773 -0.5774 0.5774
vn -0.3368 0.3367 0.8793
vn 0.3367 -0.8793 -0.3368
vn -0.3368 -0.8793 0.3368
vn -0.3367 0.8793 -0.3368
vn -0.3368 0.8793 0.3368
vn -0.0000 0.9324 0.3616
vn -0.5936 0.5691 -0.5690
vn -0.5936 -0.5690 -0.5690
vn -0.5936 0.5690 0.5690
vn -0.5936 -0.5691 0.5690
vn -0.9797 0.0056 0.2006
vn 0.9797 0.0056 -0.2006
vn 0.0251 -0.9997 0.0051
vn -0.0417 0.9991 0.0011
vn -0.5773 -0.5773 0.5774
vn -0.5774 -0.5774 -0.5773
vn -1.0000 -0.0025 -0.0010
vn -0.7072 -0.0018 -0.7070
vn 0.7071 -0.0017 0.7071
vn -0.0308 -0.7068 0.7067
vn -0.0417 0.0023 0.9991
vn -0.0309 0.7067 0.7068
vn -0.0416 0.0023 -0.9991
vn -0.5773 0.5774 -0.5774
vn 0.0417 -0.0023 0.9991
vn 0.0416 0.0023 0.9991
vn 0.7070 0.7072 0.0008
vn 0.0308 -0.7068 -0.7067
vn 0.0417 0.0023 -0.9991
vn -0.0307 -0.7068 0.7068
vn -0.5772 -0.5774 0.5774
vn -0.0417 0.9991 0.0010
vn -0.7071 0.7072 0.0008
vn -1.0000 0.0036 0.0010
vn -0.7072 0.0026 0.7070
vn -0.7071 -0.7072 -0.0008
vn -1.0000 -0.0036 -0.0010
vn -0.7072 -0.0026 -0.7070
vn 0.7071 -0.7072 0.0008
vn 0.0309 -0.7067 0.7068
vn 1.0000 0.0036 0.0010
vn 0.0307 -0.7068 -0.7068
vn 0.5772 -0.5775 -0.5774
vn 1.0000 -0.0036 -0.0010
vn 0.0417 0.9991 -0.0010
vn 0.7071 0.7072 -0.0008
vn -0.0418 0.0024 0.9991
vn -1.0000 -0.0024 0.0011
vn -1.0000 0.0025 0.0010
vn 0.0308 0.7068 -0.7067
vn 0.0418 -0.0024 -0.9991
vn 1.0000 -0.0025 0.0010
vn 1.0000 0.0025 -0.0010
vn -0.0308 0.7068 0.7067
vn -0.0418 -0.0023 0.9991
vn -1.0000 0.0024 0.0010
vn -0.7071 0.0017 -0.7071
vn 0.7071 0.0017 -0.7071
vn 1.0000 0.0024 -0.0010
vn 0.7071 0.0017 0.7071
vn -0.0418 -0.0008 0.9991
vn -0.7072 -0.0007 -0.7070
vn -0.0417 0.0007 -0.9991
vn -0.7071 0.0005 -0.7071
vn -0.5773 0.5773 -0.5775
vn -1.0000 0.0008 -0.0009
vn 0.0310 0.7068 0.7068
vn 0.0417 0.0008 0.9991
vn 0.7071 0.0006 0.7072
vn 0.0417 -0.0007 -0.9991
vn 0.7071 -0.0005 -0.7071
vn 0.5773 -0.5772 -0.5775
vn 1.0000 -0.0008 -0.0009
vn 0.0416 0.9991 -0.0009
vn 0.7070 0.7072 -0.0007
vn 0.5773 0.5775 -0.5773
vn 0.7071 0.0007 -0.7071
vn 0.0419 0.0010 -0.9991
vn 0.0308 0.7069 -0.7066
vn -0.7071 -0.0007 0.7071
vn -0.0418 -0.9991 -0.0008
vn -0.0417 -0.0009 -0.9991
vn 0.0417 -0.0009 -0.9991
vn -0.0308 0.7068 -0.7067
vn 0.0417 0.0009 -0.9991
vn -0.0417 0.0009 -0.9991
vn 1.0000 0.0008 0.0009
vn 0.0417 -0.0009 0.9991
vn -0.0417 -0.0009 0.9991
vn -0.0417 0.0009 0.9991
vn 0.0417 0.0009 0.9991
vn -1.0000 -0.0008 -0.0009
vn -0.0417 0.0008 -0.9991
vn -0.7070 0.0006 -0.7072
vn -0.0310 0.7068 -0.7068
vn -0.5775 0.5773 -0.5773
vn -0.0417 -0.0008 0.9991
vn -0.7071 -0.0005 0.7071
vn -0.5773 -0.5773 0.5775
vn -0.0416 0.9991 0.0009
vn -0.7070 0.7072 0.0007
vn -0.5773 0.5775 0.5773
vn -0.0309 0.7068 0.7067
vn -0.7071 0.0007 0.7071
vn 0.0418 -0.0010 0.9991
vn 0.0308 -0.7069 0.7067
vn 0.5773 -0.5775 0.5773
vn 0.0419 0.9991 0.0010
vn 0.0417 0.0007 0.9991
vn 0.7071 0.0005 0.7071
vn 0.5773 0.5773 0.5775
vn -0.0418 -0.9991 0.0008
vn 0.0308 0.7068 0.7067
vn -0.7071 0.7071 -0.0000
vt 0.753915 0.468387
vt 0.753803 0.469425
vt 0.753430 0.468387
vt 0.754249 0.469318
vt 0.754864 0.470303
vt 0.755200 0.470108
vt 0.756446 0.470885
vt 0.756624 0.470635
vt 0.758305 0.471084
vt 0.949853 0.397846
vt 0.948443 0.425842
vt 0.948575 0.397846
vt 0.759202 0.470714
vt 0.758303 0.470816
vt 0.759514 0.466323
vt 0.759978 0.470668
vt 0.759515 0.470450
vt 0.756624 0.466138
vt 0.758305 0.465689
vt 0.758303 0.465956
vt 0.755200 0.466665
vt 0.756446 0.465888
vt 0.754249 0.467455
vt 0.754864 0.466470
vt 0.753803 0.467348
vt 0.936477 0.397846
vt 0.938092 0.424875
vt 0.936608 0.425842
vt 0.946960 0.370818
vt 0.947061 0.397846
vt 0.945480 0.424072
vt 0.945549 0.397846
vt 0.756448 0.468386
vt 0.757076 0.468386
vt 0.759201 0.466059
vt 0.759667 0.465844
vt 0.944003 0.423540
vt 0.942526 0.423551
vt 0.942526 0.423352
vt 0.753551 0.467300
vt 0.753163 0.468387
vt 0.754658 0.470393
vt 0.753552 0.469474
vt 0.941047 0.423734
vt 0.939571 0.424072
vt 0.941048 0.423540
vt 0.758249 0.471213
vt 0.756308 0.471003
vt 0.938095 0.425051
vt 0.760102 0.402592
vt 0.753756 0.402468
vt 0.760056 0.402472
vt 0.759667 0.470929
vt 0.946960 0.424875
vt 0.945480 0.424259
vt 0.756308 0.465770
vt 0.754657 0.466381
vt 0.944004 0.423734
vt 0.939571 0.424259
vt 0.936616 0.426006
vt 0.935350 0.426685
vt 0.935198 0.397846
vt 0.753708 0.402590
vt 0.760102 0.431605
vt 0.753461 0.431589
vt 0.758248 0.465560
vt 0.946956 0.425051
vt 0.250644 0.667631
vt 0.252029 0.667547
vt 0.251886 0.667881
vt 0.253198 0.668342
vt 0.252939 0.668594
vt 0.253974 0.669528
vt 0.253641 0.669662
vt 0.254240 0.670922
vt 0.253883 0.670921
vt 0.948436 0.369687
vt 0.949702 0.369008
vt 0.948443 0.369851
vt 0.253747 0.671594
vt 0.253686 0.672176
vt 0.247894 0.671829
vt 0.253394 0.671829
vt 0.247048 0.670922
vt 0.247647 0.669662
vt 0.247405 0.670921
vt 0.247314 0.669528
vt 0.248349 0.668594
vt 0.248090 0.668342
vt 0.249402 0.667881
vt 0.249260 0.667547
vt 0.939503 0.397846
vt 0.941014 0.397846
vt 0.949702 0.426685
vt 0.948436 0.426006
vt 0.937990 0.397846
vt 0.939571 0.371621
vt 0.250644 0.669530
vt 0.944037 0.397846
vt 0.942526 0.397846
vt 0.247541 0.671594
vt 0.250644 0.670000
vt 0.942526 0.372142
vt 0.944003 0.372153
vt 0.942526 0.372341
vt 0.250644 0.667267
vt 0.249195 0.667358
vt 0.250644 0.667066
vt 0.253318 0.668187
vt 0.941047 0.371959
vt 0.939571 0.371434
vt 0.254411 0.670880
vt 0.938095 0.370642
vt 0.936608 0.369851
vt 0.936616 0.369687
vt 0.759875 0.460601
vt 0.753528 0.460726
vt 0.753481 0.460603
vt 0.254033 0.671944
vt 0.945480 0.371434
vt 0.945480 0.371621
vt 0.247156 0.669425
vt 0.247970 0.668187
vt 0.944004 0.371959
vt 0.252093 0.667358
vt 0.941048 0.372153
vt 0.254132 0.669425
vt 0.938092 0.370818
vt 0.935350 0.369008
vt 0.935402 0.368883
vt 0.247602 0.672177
vt 0.253821 0.672297
vt 0.247467 0.672297
vt 0.246877 0.670880
vt 0.247254 0.671944
vt 0.247116 0.672060
vt 0.946956 0.370642
vt 0.760138 0.470769
vt 0.759978 0.466105
vt 0.760138 0.466003
vt 0.943805 0.445204
vt 0.945064 0.455323
vt 0.945064 0.445204
vt 0.942547 0.445204
vt 0.943805 0.455323
vt 0.941289 0.445204
vt 0.942547 0.455323
vt 0.940031 0.445204
vt 0.941289 0.455323
vt 0.938772 0.445204
vt 0.940031 0.455323
vt 0.937514 0.445204
vt 0.938772 0.455323
vt 0.936256 0.445204
vt 0.937514 0.455323
vt 0.934998 0.445204
vt 0.936256 0.455323
vt 0.722116 0.479802
vt 0.723374 0.489921
vt 0.723374 0.479802
vt 0.720858 0.489921
vt 0.722116 0.489921
vt 0.719600 0.479802
vt 0.720858 0.479802
vt 0.718342 0.479802
vt 0.719600 0.489921
vt 0.717083 0.479802
vt 0.718342 0.489921
vt 0.715825 0.479802
vt 0.717083 0.489921
vt 0.714567 0.479802
vt 0.715825 0.489921
vt 0.713309 0.479802
vt 0.714567 0.489921
vt 0.759423 0.466151
vt 0.756762 0.468386
vt 0.759423 0.470622
vt 0.760286 0.402497
vt 0.760333 0.402648
vt 0.949902 0.426786
vt 0.949649 0.426810
vt 0.759858 0.465953
vt 0.760015 0.465852
vt 0.759823 0.465740
vt 0.759858 0.470819
vt 0.759823 0.471033
vt 0.753522 0.402494
vt 0.935150 0.426786
vt 0.935402 0.426810
vt 0.935216 0.426942
vt 0.250644 0.669765
vt 0.247664 0.671760
vt 0.253624 0.671761
vt 0.949649 0.368883
vt 0.949902 0.368907
vt 0.760058 0.460696
vt 0.760106 0.460546
vt 0.247401 0.672087
vt 0.247265 0.672204
vt 0.254172 0.672060
vt 0.253887 0.672087
vt 0.935150 0.368907
vt 0.935216 0.368751
vt 0.753295 0.460699
vt 0.753249 0.460546
vt 0.753230 0.431589
vt 0.934992 0.397846
vt 0.760333 0.431605
vt 0.950059 0.397846
vt 0.753476 0.402646
vt 0.737302 0.490568
vt 0.738687 0.490484
vt 0.738544 0.490818
vt 0.739857 0.491280
vt 0.739598 0.491531
vt 0.740634 0.492466
vt 0.740300 0.492600
vt 0.740899 0.493861
vt 0.740542 0.493859
vt 0.395475 0.784483
vt 0.396884 0.812473
vt 0.395626 0.813316
vt 0.740406 0.494533
vt 0.740345 0.495116
vt 0.734550 0.494768
vt 0.740053 0.494768
vt 0.733704 0.493860
vt 0.734303 0.492600
vt 0.734061 0.493859
vt 0.733970 0.492466
vt 0.735006 0.491531
vt 0.734746 0.491279
vt 0.736059 0.490818
vt 0.735917 0.490484
vt 0.408849 0.784483
vt 0.407234 0.811506
vt 0.407335 0.784483
vt 0.396753 0.784483
vt 0.398368 0.757459
vt 0.398266 0.784483
vt 0.399847 0.810703
vt 0.399778 0.784483
vt 0.737302 0.492467
vt 0.737302 0.492939
vt 0.734198 0.494533
vt 0.402801 0.810182
vt 0.401324 0.810171
vt 0.402801 0.809983
vt 0.737302 0.490204
vt 0.735852 0.490295
vt 0.737302 0.490003
vt 0.739977 0.491125
vt 0.404279 0.810366
vt 0.405755 0.810703
vt 0.405755 0.810890
vt 0.741071 0.493818
vt 0.407230 0.811682
vt 0.408717 0.812473
vt 0.408710 0.812637
vt 0.474858 0.812656
vt 0.468515 0.812780
vt 0.468467 0.812657
vt 0.740693 0.494883
vt 0.399847 0.810890
vt 0.398368 0.811506
vt 0.733812 0.492362
vt 0.734626 0.491124
vt 0.401322 0.810366
vt 0.738751 0.490295
vt 0.404278 0.810172
vt 0.740791 0.492363
vt 0.409976 0.813316
vt 0.409923 0.813441
vt 0.410127 0.784483
vt 0.474858 0.783658
vt 0.468220 0.783673
vt 0.733533 0.493818
vt 0.733911 0.494883
vt 0.733772 0.494999
vt 0.398372 0.811682
vt 0.246699 0.659490
vt 0.245315 0.659406
vt 0.246699 0.659126
vt 0.245457 0.659740
vt 0.244144 0.660202
vt 0.244404 0.660454
vt 0.243368 0.661388
vt 0.243702 0.661522
vt 0.243103 0.662782
vt 0.395626 0.755650
vt 0.396892 0.756328
vt 0.396884 0.756492
vt 0.243596 0.663455
vt 0.243459 0.662781
vt 0.249451 0.663690
vt 0.243657 0.664037
vt 0.243948 0.663690
vt 0.249697 0.661522
vt 0.250297 0.662782
vt 0.249940 0.662781
vt 0.248995 0.660453
vt 0.250031 0.661388
vt 0.247942 0.659740
vt 0.249254 0.660202
vt 0.248084 0.659406
vt 0.405823 0.784483
vt 0.404312 0.784483
vt 0.396892 0.812637
vt 0.405755 0.758262
vt 0.407234 0.757459
vt 0.246699 0.661389
vt 0.401290 0.784483
vt 0.249803 0.663455
vt 0.250090 0.663804
vt 0.246699 0.661861
vt 0.401324 0.758794
vt 0.402801 0.758783
vt 0.402801 0.758982
vt 0.248149 0.659217
vt 0.246699 0.658926
vt 0.244025 0.660047
vt 0.245250 0.659217
vt 0.404279 0.758600
vt 0.404278 0.758794
vt 0.242931 0.662740
vt 0.243211 0.661285
vt 0.407230 0.757283
vt 0.408717 0.756492
vt 0.474631 0.754676
vt 0.468287 0.754551
vt 0.474583 0.754555
vt 0.243309 0.663804
vt 0.399847 0.758075
vt 0.399847 0.758262
vt 0.250188 0.661284
vt 0.249374 0.660047
vt 0.401322 0.758600
vt 0.405755 0.758075
vt 0.408710 0.756328
vt 0.409976 0.755650
vt 0.243522 0.664157
vt 0.249742 0.664037
vt 0.249877 0.664157
vt 0.250468 0.662740
vt 0.398371 0.757283
vt 0.734258 0.495116
vt 0.740480 0.495236
vt 0.734123 0.495236
vt 0.402801 0.784483
vt 0.934993 0.441072
vt 0.936251 0.430953
vt 0.934993 0.430953
vt 0.936251 0.441072
vt 0.937509 0.430953
vt 0.937509 0.441072
vt 0.938767 0.430953
vt 0.938767 0.441072
vt 0.940025 0.430953
vt 0.940026 0.441072
vt 0.941284 0.430953
vt 0.941284 0.441072
vt 0.942542 0.430953
vt 0.942542 0.441072
vt 0.943800 0.430953
vt 0.943800 0.441072
vt 0.945058 0.430953
vt 0.710251 0.477767
vt 0.708992 0.487886
vt 0.710251 0.487886
vt 0.707734 0.477767
vt 0.707734 0.487886
vt 0.706476 0.487886
vt 0.706476 0.477767
vt 0.705218 0.487886
vt 0.705218 0.477767
vt 0.703960 0.487886
vt 0.703960 0.477767
vt 0.702701 0.487886
vt 0.702701 0.477767
vt 0.701443 0.487886
vt 0.701443 0.477767
vt 0.700185 0.487886
vt 0.734320 0.494699
vt 0.737302 0.492703
vt 0.740283 0.494699
vt 0.475042 0.812750
vt 0.474811 0.812776
vt 0.395426 0.813417
vt 0.395678 0.813441
vt 0.395493 0.813573
vt 0.734057 0.495026
vt 0.733921 0.495143
vt 0.740546 0.495026
vt 0.740831 0.494999
vt 0.740682 0.495143
vt 0.468281 0.812753
vt 0.410176 0.813417
vt 0.410109 0.813573
vt 0.246699 0.661625
vt 0.249680 0.663621
vt 0.243719 0.663621
vt 0.395426 0.755548
vt 0.395678 0.755524
vt 0.474814 0.754580
vt 0.474861 0.754731
vt 0.250229 0.663921
vt 0.249944 0.663947
vt 0.250079 0.664065
vt 0.243455 0.663947
vt 0.243171 0.663921
vt 0.243320 0.664065
vt 0.409923 0.755524
vt 0.410175 0.755548
vt 0.468054 0.754578
vt 0.468240 0.754674
vt 0.468007 0.754731
vt 0.410333 0.784483
vt 0.475089 0.812600
vt 0.395269 0.784483
vt 0.468235 0.812601
vt 0.479070 0.002003
vt 0.281513 0.498299
vt 0.280588 0.004095
vt 0.874265 0.397218
vt 0.687082 0.203194
vt 0.874274 0.201402
vt 0.484382 0.498299
vt 0.681941 0.002003
vt 0.681940 0.498978
vt 0.276205 0.001995
vt 0.002177 0.501045
vt 0.004207 0.002890
vt 0.874007 0.196531
vt 0.686813 0.002521
vt 0.874018 0.001954
vt 0.954574 0.181195
vt 0.936059 0.003103
vt 0.954565 0.002296
vt 0.929683 0.974393
vt 0.910693 0.479415
vt 0.929677 0.478542
vt 0.960448 0.521530
vt 0.972773 0.708152
vt 0.960450 0.700580
vt 0.954758 0.364368
vt 0.936242 0.186274
vt 0.954749 0.185466
vt 0.518838 0.885784
vt 0.531160 0.699171
vt 0.531162 0.893356
vt 0.959459 0.011458
vt 0.972140 0.508680
vt 0.959460 0.500562
vt 0.976497 0.510563
vt 0.989150 0.013509
vt 0.989154 0.518673
vt 0.955271 0.952637
vt 0.954556 0.952925
vt 0.954610 0.952490
vt 0.976018 0.510987
vt 0.975847 0.510389
vt 0.518206 0.706898
vt 0.518385 0.706322
vt 0.518837 0.706734
vt 0.954514 0.001873
vt 0.955206 0.002153
vt 0.955206 0.181337
vt 0.954521 0.181616
vt 0.518385 0.886198
vt 0.518204 0.885620
vt 0.958808 0.011633
vt 0.958979 0.011034
vt 0.929623 0.478107
vt 0.930339 0.478395
vt 0.954573 0.457775
vt 0.955271 0.458056
vt 0.954625 0.458200
vt 0.955390 0.364511
vt 0.954705 0.364789
vt 0.959997 0.700994
vt 0.959815 0.700416
vt 0.975806 0.021820
vt 0.975979 0.021219
vt 0.976460 0.021645
vt 0.930339 0.974541
vt 0.929627 0.974830
vt 0.958980 0.500987
vt 0.958806 0.500386
vt 0.959817 0.521694
vt 0.959996 0.521118
vt 0.954698 0.185044
vt 0.955390 0.185324
vt 0.479069 0.498979
vt 0.479611 0.499383
vt 0.479099 0.499444
vt 0.001633 0.501448
vt 0.001530 0.501065
vt 0.874752 0.201040
vt 0.874838 0.201381
vt 0.682483 0.001593
vt 0.682586 0.001978
vt 0.874753 0.397582
vt 0.874294 0.397644
vt 0.276193 0.500701
vt 0.276743 0.501109
vt 0.276225 0.501172
vt 0.479612 0.001593
vt 0.479716 0.001978
vt 0.686332 0.002161
vt 0.686785 0.002099
vt 0.003672 0.002493
vt 0.004176 0.002431
vt 0.682481 0.499382
vt 0.681969 0.499442
vt 0.276744 0.001592
vt 0.276846 0.001973
vt 0.686203 0.198294
vt 0.685718 0.198661
vt 0.685630 0.198316
vt 0.988623 0.013061
vt 0.989764 0.013090
vt 0.973251 0.708499
vt 0.972304 0.708547
vt 0.874622 0.001697
vt 0.874505 0.002287
vt 0.279881 0.003785
vt 0.280546 0.003623
vt 0.989764 0.519090
vt 0.988629 0.519119
vt 0.280810 0.498609
vt 0.280888 0.497894
vt 0.686469 0.202934
vt 0.687038 0.202767
vt 0.530690 0.698775
vt 0.531640 0.698823
vt 0.531640 0.893703
vt 0.530693 0.893751
vt 0.686444 0.397713
vt 0.685839 0.397970
vt 0.685958 0.397379
vt 0.483459 0.004095
vt 0.482751 0.003785
vt 0.483416 0.003622
vt 0.971609 0.002878
vt 0.972750 0.002906
vt 0.972136 0.003326
vt 0.972750 0.509098
vt 0.971615 0.509127
vt 0.483679 0.498608
vt 0.483758 0.497893
vt 0.874622 0.196790
vt 0.874052 0.196959
vt 0.972301 0.513571
vt 0.973251 0.513619
vt 0.972771 0.513967
vt 0.935637 0.459064
vt 0.935099 0.458689
vt 0.935585 0.458621
vt 0.935736 0.363511
vt 0.935246 0.363857
vt 0.935177 0.363521
vt 0.935127 0.951578
vt 0.934588 0.951954
vt 0.934503 0.951588
vt 0.935565 0.002753
vt 0.936012 0.002683
vt 0.935553 0.180338
vt 0.935062 0.180684
vt 0.934993 0.180348
vt 0.910149 0.479035
vt 0.910641 0.478966
vt 0.910360 0.973482
vt 0.909817 0.973861
vt 0.909732 0.973492
vt 0.935749 0.185924
vt 0.936196 0.185854
vt 0.279951 0.004508
vt 0.686582 0.203533
vt 0.482821 0.004508
vt 0.874506 0.196190
vt 0.479096 0.001530
vt 0.874058 0.001530
vt 0.484342 0.498774
vt 0.276234 0.001529
vt 0.479716 0.499001
vt 0.003572 0.002868
vt 0.682586 0.499000
vt 0.276846 0.500722
vt 0.874838 0.397238
vt 0.002146 0.501510
vt 0.281473 0.498774
vt 0.874297 0.200980
vt 0.681966 0.001530
vt 0.686403 0.398137
vt 0.935009 0.459054
vt 0.935492 0.003091
vt 0.910060 0.479404
vt 0.935676 0.186262
vt 0.910307 0.973933
vt 0.935505 0.180755
vt 0.935075 0.952025
vt 0.989466 0.975388
vt 0.985311 0.524572
vt 0.989466 0.524572
vt 0.906068 0.477769
vt 0.885134 0.949623
vt 0.885134 0.477769
vt 0.885138 0.473383
vt 0.906073 0.001530
vt 0.906073 0.473383
vt 0.981063 0.520509
vt 0.981664 0.971320
vt 0.981063 0.971320
vt 0.884504 0.477770
vt 0.884504 0.949623
vt 0.985311 0.975388
vt 0.984710 0.524572
vt 0.906698 0.949622
vt 0.906698 0.477769
vt 0.976909 0.971320
vt 0.976308 0.520509
vt 0.976909 0.520509
vt 0.906702 0.473383
vt 0.906702 0.001530
vt 0.990067 0.975388
vt 0.884509 0.001530
vt 0.884509 0.473383
vt 0.993420 0.452338
vt 0.997574 0.001530
vt 0.997574 0.452338
vt 0.931311 0.001530
vt 0.910376 0.473383
vt 0.910376 0.001530
vt 0.859888 0.874320
vt 0.880823 0.402467
vt 0.880823 0.874320
vt 0.997871 0.908228
vt 0.998472 0.457417
vt 0.998472 0.908227
vt 0.909747 0.473384
vt 0.992819 0.001530
vt 0.993420 0.001530
vt 0.931940 0.473383
vt 0.931940 0.001530
vt 0.993716 0.457417
vt 0.993115 0.908228
vt 0.993115 0.457417
vt 0.881452 0.402466
vt 0.998175 0.452338
vt 0.859259 0.402467
vt 0.859259 0.874320
vt 0.997871 0.457417
vt 0.390530 0.679839
vt 0.403676 0.750087
vt 0.401181 0.750366
vt 0.813633 0.790038
vt 0.812666 0.791967
vt 0.812266 0.790462
vt 0.810787 0.790462
vt 0.810388 0.791967
vt 0.809420 0.790036
vt 0.808285 0.791312
vt 0.806676 0.790104
vt 0.808375 0.789252
vt 0.805806 0.788527
vt 0.807810 0.788227
vt 0.807811 0.787118
vt 0.805807 0.786819
vt 0.808377 0.786093
vt 0.806677 0.785241
vt 0.808290 0.784034
vt 0.809424 0.785309
vt 0.810393 0.783381
vt 0.810790 0.784885
vt 0.812268 0.784885
vt 0.812670 0.783381
vt 0.814773 0.784035
vt 0.813635 0.785310
vt 0.816383 0.785243
vt 0.814681 0.786094
vt 0.817254 0.786822
vt 0.815247 0.787119
vt 0.815247 0.788229
vt 0.817253 0.788530
vt 0.816383 0.790108
vt 0.814680 0.789254
vt 0.398577 0.679255
vt 0.406192 0.749949
vt 0.408711 0.749934
vt 0.406662 0.679393
vt 0.411227 0.750019
vt 0.410692 0.679646
vt 0.413738 0.750171
vt 0.414717 0.679948
vt 0.416247 0.750355
vt 0.418743 0.680242
vt 0.418758 0.750535
vt 0.422775 0.680479
vt 0.421271 0.750681
vt 0.426815 0.680627
vt 0.423784 0.750772
vt 0.426299 0.750804
vt 0.430859 0.680675
vt 0.428818 0.750783
vt 0.434904 0.680634
vt 0.431336 0.750732
vt 0.438947 0.680536
vt 0.433850 0.750686
vt 0.442989 0.680430
vt 0.436364 0.750694
vt 0.447032 0.680373
vt 0.438903 0.750810
vt 0.386559 0.680412
vt 0.398697 0.750810
vt 0.406242 0.750369
vt 0.408750 0.750354
vt 0.402622 0.679247
vt 0.811528 0.787673
vt 0.403791 0.750866
vt 0.403737 0.750502
vt 0.815046 0.791610
vt 0.816783 0.790308
vt 0.406281 0.750728
vt 0.812775 0.792316
vt 0.814771 0.791314
vt 0.411256 0.750439
vt 0.408778 0.750711
vt 0.810317 0.792316
vt 0.413758 0.750591
vt 0.411275 0.750792
vt 0.808046 0.791610
vt 0.416258 0.750774
vt 0.413770 0.750938
vt 0.806309 0.790306
vt 0.418760 0.750954
vt 0.416263 0.751116
vt 0.805369 0.788604
vt 0.421264 0.751099
vt 0.418759 0.751290
vt 0.805369 0.786761
vt 0.423766 0.751194
vt 0.421257 0.751431
vt 0.806308 0.785055
vt 0.426248 0.751553
vt 0.423752 0.751518
vt 0.426270 0.751221
vt 0.428750 0.751536
vt 0.808051 0.783753
vt 0.428779 0.751200
vt 0.431249 0.751488
vt 0.810322 0.783049
vt 0.431286 0.751148
vt 0.433740 0.751445
vt 0.812779 0.783050
vt 0.433787 0.751101
vt 0.436217 0.751453
vt 0.815048 0.783756
vt 0.436281 0.751105
vt 0.438691 0.751583
vt 0.816786 0.785060
vt 0.398798 0.751237
vt 0.401334 0.751138
vt 0.398921 0.751583
vt 0.817725 0.786764
vt 0.401261 0.750785
vt 0.817723 0.788607
vt 0.438806 0.751229
vt 0.814653 0.778583
vt 0.827800 0.708332
vt 0.817148 0.778863
vt 0.795015 0.791971
vt 0.794048 0.790042
vt 0.795415 0.790466
vt 0.796895 0.790466
vt 0.798261 0.790040
vt 0.797293 0.791971
vt 0.801006 0.790108
vt 0.799306 0.789256
vt 0.801876 0.788531
vt 0.799871 0.788231
vt 0.799870 0.787122
vt 0.799304 0.786097
vt 0.801875 0.786823
vt 0.799392 0.784038
vt 0.798257 0.785313
vt 0.797288 0.783385
vt 0.796892 0.784889
vt 0.795413 0.784889
vt 0.792909 0.784039
vt 0.794047 0.785313
vt 0.791298 0.785247
vt 0.793001 0.786098
vt 0.790427 0.786826
vt 0.792435 0.787123
vt 0.792435 0.788233
vt 0.791298 0.790112
vt 0.793001 0.789258
vt 0.819752 0.707748
vt 0.823789 0.707942
vt 0.809618 0.778431
vt 0.811667 0.707886
vt 0.815708 0.707740
vt 0.807102 0.778515
vt 0.807636 0.708139
vt 0.804590 0.778667
vt 0.803611 0.708441
vt 0.802081 0.778851
vt 0.799585 0.708735
vt 0.799570 0.779031
vt 0.795553 0.708972
vt 0.797057 0.779177
vt 0.791513 0.709121
vt 0.792029 0.779300
vt 0.794544 0.779268
vt 0.789510 0.779279
vt 0.787468 0.709168
vt 0.786992 0.779228
vt 0.783424 0.709127
vt 0.784477 0.779182
vt 0.779381 0.709029
vt 0.781964 0.779190
vt 0.775338 0.708923
vt 0.779424 0.779307
vt 0.771295 0.708866
vt 0.831771 0.708905
vt 0.819632 0.779306
vt 0.812087 0.778865
vt 0.812137 0.778445
vt 0.796153 0.787677
vt 0.814538 0.779362
vt 0.814592 0.778998
vt 0.792636 0.791614
vt 0.790899 0.790312
vt 0.812048 0.779225
vt 0.809579 0.778851
vt 0.792910 0.791318
vt 0.794907 0.792320
vt 0.809550 0.779208
vt 0.807072 0.778935
vt 0.797365 0.792320
vt 0.807053 0.779288
vt 0.804570 0.779087
vt 0.799635 0.791614
vt 0.804559 0.779435
vt 0.802070 0.779271
vt 0.799397 0.791316
vt 0.801373 0.790310
vt 0.802065 0.779612
vt 0.799569 0.779450
vt 0.802312 0.788608
vt 0.799570 0.779787
vt 0.797064 0.779595
vt 0.802312 0.786765
vt 0.797071 0.779927
vt 0.794562 0.779690
vt 0.801374 0.785059
vt 0.792080 0.780049
vt 0.792058 0.779718
vt 0.799631 0.783757
vt 0.789577 0.780032
vt 0.789549 0.779697
vt 0.797360 0.783053
vt 0.787078 0.779984
vt 0.787042 0.779645
vt 0.795012 0.783385
vt 0.794903 0.783054
vt 0.784588 0.779941
vt 0.784541 0.779597
vt 0.792633 0.783760
vt 0.782111 0.779950
vt 0.782046 0.779602
vt 0.790896 0.785064
vt 0.779636 0.780080
vt 0.779521 0.779726
vt 0.789957 0.786768
vt 0.819531 0.779733
vt 0.816995 0.779634
vt 0.817068 0.779281
vt 0.790428 0.788534
vt 0.789959 0.788611
vt 0.501799 0.750090
vt 0.514945 0.679839
vt 0.504294 0.750370
vt 0.777205 0.804178
vt 0.776238 0.802249
vt 0.777606 0.802673
vt 0.779085 0.802673
vt 0.780451 0.802247
vt 0.779483 0.804178
vt 0.783196 0.802315
vt 0.781496 0.801463
vt 0.784066 0.800738
vt 0.782061 0.800438
vt 0.782060 0.799329
vt 0.781494 0.798304
vt 0.784065 0.799030
vt 0.781582 0.796245
vt 0.780447 0.797520
vt 0.779478 0.795592
vt 0.779082 0.797096
vt 0.777603 0.797096
vt 0.775099 0.796246
vt 0.776237 0.797521
vt 0.773489 0.797454
vt 0.775191 0.798305
vt 0.772618 0.799033
vt 0.774625 0.799330
vt 0.774625 0.800440
vt 0.773489 0.802319
vt 0.775191 0.801465
vt 0.506898 0.679255
vt 0.510934 0.679449
vt 0.496763 0.749938
vt 0.498813 0.679393
vt 0.502853 0.679247
vt 0.494247 0.750022
vt 0.494782 0.679646
vt 0.491736 0.750174
vt 0.490757 0.679948
vt 0.489226 0.750358
vt 0.486731 0.680242
vt 0.486716 0.750538
vt 0.482698 0.680479
vt 0.484202 0.750684
vt 0.478658 0.680628
vt 0.479174 0.750807
vt 0.481689 0.750775
vt 0.476655 0.750787
vt 0.474614 0.680675
vt 0.474137 0.750735
vt 0.470569 0.680634
vt 0.471622 0.750689
vt 0.466526 0.680536
vt 0.469109 0.750697
vt 0.462484 0.680430
vt 0.466569 0.750814
vt 0.458440 0.680373
vt 0.518916 0.680412
vt 0.506777 0.750813
vt 0.499232 0.750372
vt 0.499283 0.749952
vt 0.778343 0.799884
vt 0.501683 0.750869
vt 0.501737 0.750505
vt 0.774826 0.803821
vt 0.773089 0.802519
vt 0.499193 0.750732
vt 0.496724 0.750358
vt 0.775100 0.803525
vt 0.777097 0.804527
vt 0.496696 0.750715
vt 0.494218 0.750442
vt 0.779555 0.804527
vt 0.494199 0.750795
vt 0.491716 0.750594
vt 0.781825 0.803821
vt 0.491704 0.750942
vt 0.489216 0.750778
vt 0.781587 0.803523
vt 0.783562 0.802517
vt 0.489211 0.751120
vt 0.486714 0.750957
vt 0.784502 0.800815
vt 0.486715 0.751294
vt 0.484209 0.751102
vt 0.784502 0.798972
vt 0.484217 0.751434
vt 0.481708 0.751197
vt 0.783564 0.797266
vt 0.479225 0.751556
vt 0.479204 0.751225
vt 0.781821 0.795964
vt 0.476723 0.751539
vt 0.476694 0.751204
vt 0.779550 0.795260
vt 0.474224 0.751491
vt 0.474187 0.751152
vt 0.777202 0.795593
vt 0.777093 0.795261
vt 0.471733 0.751448
vt 0.471686 0.751105
vt 0.774823 0.795967
vt 0.469256 0.751457
vt 0.469192 0.751109
vt 0.773086 0.797271
vt 0.466781 0.751587
vt 0.466667 0.751233
vt 0.772147 0.798975
vt 0.506676 0.751240
vt 0.504141 0.751141
vt 0.504213 0.750788
vt 0.772619 0.800741
vt 0.772149 0.800818
vt 0.689739 0.403057
vt 0.702886 0.473308
vt 0.700390 0.473588
vt 0.822649 0.791430
vt 0.823615 0.789501
vt 0.824016 0.791006
vt 0.825495 0.791006
vt 0.825893 0.789501
vt 0.826862 0.791431
vt 0.827997 0.790154
vt 0.829606 0.791362
vt 0.827907 0.792215
vt 0.830477 0.792939
vt 0.828473 0.793240
vt 0.828473 0.794348
vt 0.830478 0.794646
vt 0.827907 0.795373
vt 0.829608 0.796225
vt 0.827996 0.797432
vt 0.826861 0.796158
vt 0.825893 0.798086
vt 0.825496 0.796582
vt 0.824017 0.796583
vt 0.823617 0.798087
vt 0.821513 0.797434
vt 0.822651 0.796159
vt 0.819903 0.796226
vt 0.821604 0.795375
vt 0.819031 0.794648
vt 0.821038 0.794350
vt 0.821037 0.793240
vt 0.819030 0.792940
vt 0.819900 0.791362
vt 0.821603 0.792215
vt 0.697786 0.402474
vt 0.705401 0.473170
vt 0.707921 0.473156
vt 0.705871 0.402612
vt 0.710437 0.473241
vt 0.709902 0.402865
vt 0.712948 0.473393
vt 0.713927 0.403167
vt 0.715457 0.473577
vt 0.717953 0.403460
vt 0.717968 0.473757
vt 0.721986 0.403698
vt 0.720482 0.473902
vt 0.726026 0.403846
vt 0.722995 0.473994
vt 0.725510 0.474026
vt 0.730070 0.403894
vt 0.728029 0.474005
vt 0.734115 0.403853
vt 0.730547 0.473953
vt 0.738158 0.403755
vt 0.733061 0.473907
vt 0.742200 0.403649
vt 0.735575 0.473915
vt 0.746244 0.403591
vt 0.738114 0.474032
vt 0.685768 0.403631
vt 0.697907 0.474032
vt 0.705452 0.473590
vt 0.707960 0.473576
vt 0.701831 0.402466
vt 0.824756 0.793794
vt 0.703001 0.474088
vt 0.702947 0.473723
vt 0.821236 0.789859
vt 0.819500 0.791161
vt 0.705491 0.473950
vt 0.823506 0.789153
vt 0.821510 0.790155
vt 0.710466 0.473661
vt 0.707988 0.473933
vt 0.825964 0.789152
vt 0.712968 0.473812
vt 0.710485 0.474013
vt 0.828235 0.789857
vt 0.715468 0.473996
vt 0.712980 0.474160
vt 0.829973 0.791159
vt 0.717970 0.474176
vt 0.715473 0.474338
vt 0.830914 0.792862
vt 0.720475 0.474320
vt 0.717969 0.474512
vt 0.830915 0.794704
vt 0.722976 0.474415
vt 0.720467 0.474653
vt 0.829978 0.796410
vt 0.725458 0.474775
vt 0.722962 0.474740
vt 0.725480 0.474443
vt 0.727961 0.474758
vt 0.828236 0.797713
vt 0.727990 0.474422
vt 0.730460 0.474710
vt 0.825965 0.798418
vt 0.730497 0.474370
vt 0.732951 0.474666
vt 0.823508 0.798418
vt 0.732998 0.474323
vt 0.735427 0.474675
vt 0.821238 0.797713
vt 0.735492 0.474327
vt 0.737902 0.474805
vt 0.819500 0.796410
vt 0.698008 0.474459
vt 0.700543 0.474359
vt 0.698130 0.474805
vt 0.818560 0.794706
vt 0.700471 0.474007
vt 0.818561 0.792863
vt 0.738017 0.474451
vt 0.496492 0.759057
vt 0.501113 0.823682
vt 0.496443 0.823680
vt 0.093414 0.832915
vt 0.180504 0.686052
vt 0.180495 0.833435
vt 0.440475 0.905911
vt 0.445130 0.759060
vt 0.445126 0.905915
vt 0.459130 0.905907
vt 0.463785 0.759052
vt 0.463781 0.905912
vt 0.002119 0.832915
vt 0.089210 0.686052
vt 0.089201 0.833435
vt 0.509740 0.752951
vt 0.514362 0.817577
vt 0.509691 0.817575
vt 0.492248 0.824374
vt 0.487622 0.759051
vt 0.492254 0.759053
vt 0.851960 0.403163
vt 0.764010 0.550023
vt 0.763990 0.402885
vt 0.422796 0.905911
vt 0.427450 0.759060
vt 0.427446 0.905916
vt 0.413951 0.905911
vt 0.418605 0.759060
vt 0.418601 0.905916
vt 0.855642 0.555803
vt 0.767687 0.702672
vt 0.767667 0.555526
vt 0.483380 0.824352
vt 0.478756 0.759057
vt 0.483386 0.759059
vt 0.690851 0.499842
vt 0.686207 0.455815
vt 0.690854 0.455814
vt 0.248290 0.824738
vt 0.307701 0.677852
vt 0.307697 0.824947
vt 0.245333 0.653674
vt 0.249991 0.506694
vt 0.249988 0.653678
vt 0.244103 0.685991
vt 0.184691 0.832880
vt 0.184695 0.685783
vt 0.749539 0.499842
vt 0.744895 0.455815
vt 0.749543 0.455814
vt 0.436295 0.759060
vt 0.436780 0.758694
vt 0.436862 0.759039
vt 0.501600 0.824047
vt 0.501140 0.824110
vt 0.089690 0.833805
vt 0.089225 0.833868
vt 0.501119 0.759059
vt 0.501602 0.758693
vt 0.501685 0.759037
vt 0.459134 0.759047
vt 0.458648 0.758682
vt 0.459108 0.758620
vt 0.001638 0.833274
vt 0.001558 0.832934
vt 0.436291 0.905915
vt 0.436777 0.906280
vt 0.436317 0.906342
vt 0.089696 0.685689
vt 0.089776 0.686033
vt 0.509200 0.817946
vt 0.509115 0.817596
vt 0.458645 0.906273
vt 0.458564 0.905928
vt 0.509262 0.752592
vt 0.509714 0.752530
vt 0.002100 0.685780
vt 0.001615 0.685415
vt 0.002074 0.685354
vt 0.431644 0.759055
vt 0.431159 0.758690
vt 0.431618 0.758628
vt 0.180990 0.685688
vt 0.181070 0.686033
vt 0.495951 0.824051
vt 0.495867 0.823701
vt 0.464269 0.758686
vt 0.464351 0.759031
vt 0.496014 0.758697
vt 0.496466 0.758635
vt 0.093394 0.685780
vt 0.092910 0.685415
vt 0.093369 0.685354
vt 0.431641 0.905910
vt 0.431156 0.906276
vt 0.431074 0.905931
vt 0.514849 0.817942
vt 0.514389 0.818004
vt 0.180984 0.833805
vt 0.180520 0.833868
vt 0.464266 0.906277
vt 0.463807 0.906339
vt 0.092932 0.833274
vt 0.092852 0.832934
vt 0.514368 0.752953
vt 0.514850 0.752588
vt 0.514933 0.752932
vt 0.445614 0.758693
vt 0.445696 0.759038
vt 0.487143 0.758691
vt 0.487596 0.758629
vt 0.767182 0.555162
vt 0.767641 0.555100
vt 0.487573 0.824372
vt 0.487081 0.824743
vt 0.486997 0.824393
vt 0.413954 0.759055
vt 0.413469 0.758690
vt 0.413928 0.758628
vt 0.856128 0.555439
vt 0.856209 0.555784
vt 0.445611 0.906280
vt 0.445152 0.906342
vt 0.767206 0.703031
vt 0.767125 0.702691
vt 0.483869 0.758693
vt 0.483951 0.759038
vt 0.413466 0.906277
vt 0.413384 0.905932
vt 0.483867 0.824717
vt 0.483407 0.824780
vt 0.855634 0.703200
vt 0.856123 0.703571
vt 0.855658 0.703633
vt 0.440479 0.759055
vt 0.439994 0.758690
vt 0.440453 0.758628
vt 0.763529 0.550381
vt 0.763449 0.550042
vt 0.492737 0.758687
vt 0.492819 0.759031
vt 0.419090 0.758694
vt 0.419172 0.759039
vt 0.492735 0.824740
vt 0.492275 0.824802
vt 0.851952 0.550551
vt 0.852441 0.550921
vt 0.851976 0.550984
vt 0.439991 0.906277
vt 0.439909 0.905932
vt 0.478278 0.758697
vt 0.478730 0.758635
vt 0.763506 0.402521
vt 0.763964 0.402460
vt 0.419087 0.906280
vt 0.418628 0.906342
vt 0.852447 0.402799
vt 0.852527 0.403143
vt 0.478708 0.824350
vt 0.478216 0.824721
vt 0.478131 0.824371
vt 0.427935 0.758694
vt 0.428017 0.759039
vt 0.685721 0.455451
vt 0.686180 0.455389
vt 0.184210 0.685418
vt 0.184670 0.685357
vt 0.686203 0.499844
vt 0.685719 0.500210
vt 0.685637 0.499865
vt 0.245337 0.506689
vt 0.244851 0.506324
vt 0.245311 0.506262
vt 0.244589 0.685628
vt 0.244669 0.685972
vt 0.427932 0.906280
vt 0.427472 0.906342
vt 0.184205 0.833243
vt 0.184125 0.832899
vt 0.750027 0.455447
vt 0.750109 0.455792
vt 0.244848 0.654040
vt 0.244766 0.653695
vt 0.750025 0.500206
vt 0.749566 0.500268
vt 0.244099 0.833088
vt 0.244583 0.833453
vt 0.244124 0.833514
vt 0.422799 0.759055
vt 0.422314 0.758690
vt 0.422773 0.758628
vt 0.308187 0.677488
vt 0.308267 0.677832
vt 0.691338 0.455447
vt 0.691421 0.455792
vt 0.250476 0.506327
vt 0.250558 0.506673
vt 0.691336 0.500206
vt 0.690877 0.500269
vt 0.248294 0.677644
vt 0.247810 0.677279
vt 0.248269 0.677218
vt 0.422311 0.906277
vt 0.422229 0.905932
vt 0.744410 0.455451
vt 0.744869 0.455389
vt 0.308182 0.825311
vt 0.307722 0.825372
vt 0.250473 0.654043
vt 0.250014 0.654105
vt 0.247804 0.825102
vt 0.247724 0.824758
vt 0.744892 0.499844
vt 0.744408 0.500210
vt 0.744325 0.499865
vt 0.436862 0.905936
vt 0.089776 0.833457
vt 0.501685 0.823702
vt 0.002090 0.833337
vt 0.458564 0.759026
vt 0.001530 0.685759
vt 0.509180 0.752931
vt 0.089238 0.685623
vt 0.431616 0.906341
vt 0.509666 0.818010
vt 0.459105 0.906338
vt 0.514392 0.752524
vt 0.093384 0.833337
vt 0.514933 0.817597
vt 0.431074 0.759034
vt 0.181070 0.833457
vt 0.464351 0.905933
vt 0.092824 0.685759
vt 0.495931 0.759037
vt 0.180532 0.685623
vt 0.436320 0.758629
vt 0.496418 0.824115
vt 0.463810 0.758621
vt 0.501144 0.758630
vt 0.445696 0.905936
vt 0.767097 0.555505
vt 0.487061 0.759030
vt 0.855670 0.555374
vt 0.413384 0.759034
vt 0.856209 0.703222
vt 0.483951 0.824372
vt 0.440450 0.906341
vt 0.483410 0.758630
vt 0.413926 0.906341
vt 0.478682 0.824785
vt 0.851989 0.402734
vt 0.439909 0.759034
vt 0.763420 0.402865
vt 0.419172 0.905936
vt 0.852527 0.550573
vt 0.492819 0.824394
vt 0.445155 0.758629
vt 0.492278 0.758623
vt 0.418630 0.758629
vt 0.487548 0.824808
vt 0.428017 0.905936
vt 0.184125 0.685762
vt 0.685637 0.455795
vt 0.244766 0.506669
vt 0.244669 0.833109
vt 0.750109 0.499862
vt 0.422771 0.906341
vt 0.749567 0.455383
vt 0.245308 0.654104
vt 0.744867 0.500274
vt 0.248262 0.825167
vt 0.422229 0.759034
vt 0.308267 0.824967
vt 0.250558 0.653699
vt 0.247724 0.677623
vt 0.691421 0.499862
vt 0.427475 0.758629
vt 0.690879 0.455383
vt 0.250017 0.506263
vt 0.686179 0.500274
vt 0.358615 0.874945
vt 0.348881 0.679250
vt 0.358615 0.679250
vt 0.373647 0.679250
vt 0.383382 0.874945
vt 0.373647 0.874945
vt 0.371768 0.679250
vt 0.371768 0.874945
vt 0.369889 0.679250
vt 0.369889 0.874945
vt 0.368010 0.679250
vt 0.368010 0.874945
vt 0.366131 0.679250
vt 0.366131 0.874945
vt 0.364252 0.679250
vt 0.364252 0.874945
vt 0.362373 0.679250
vt 0.362373 0.874945
vt 0.360494 0.679250
vt 0.360494 0.874945
vt 0.311327 0.874917
vt 0.321061 0.679251
vt 0.321061 0.874917
vt 0.345824 0.679251
vt 0.336090 0.874917
vt 0.336090 0.679251
vt 0.334212 0.874917
vt 0.332333 0.874917
vt 0.334212 0.679251
vt 0.330454 0.874917
vt 0.332333 0.679251
vt 0.328575 0.874917
vt 0.330454 0.679251
vt 0.326697 0.874917
vt 0.328575 0.679251
vt 0.324818 0.874917
vt 0.326697 0.679251
vt 0.322939 0.874917
vt 0.324818 0.679251
vt 0.322939 0.679251
vt 0.835514 0.708167
vt 0.840140 0.884987
vt 0.835465 0.884983
vt 0.763500 0.855528
vt 0.535495 0.679043
vt 0.763504 0.677642
vt 0.387003 0.902429
vt 0.391658 0.732603
vt 0.391654 0.902434
vt 0.515776 0.503498
vt 0.279895 0.674065
vt 0.278657 0.502620
vt 0.958947 0.708173
vt 0.963572 0.884993
vt 0.958898 0.884990
vt 0.272168 0.504659
vt 0.272653 0.504293
vt 0.272735 0.504638
vt 0.840627 0.885352
vt 0.840167 0.885415
vt 0.278165 0.502251
vt 0.278630 0.502188
vt 0.840146 0.708170
vt 0.840629 0.707804
vt 0.840711 0.708149
vt 0.387007 0.732598
vt 0.386522 0.732233
vt 0.386981 0.732172
vt 0.516254 0.503139
vt 0.516337 0.503477
vt 0.272164 0.674490
vt 0.272650 0.674855
vt 0.272191 0.674917
vt 0.279410 0.674431
vt 0.279327 0.674087
vt 0.958406 0.885361
vt 0.958322 0.885011
vt 0.386519 0.902795
vt 0.386437 0.902451
vt 0.958468 0.707813
vt 0.958921 0.707751
vt 0.517142 0.674069
vt 0.517629 0.674431
vt 0.517170 0.674494
vt 0.267517 0.504655
vt 0.267032 0.504290
vt 0.267491 0.504228
vt 0.535008 0.678681
vt 0.535465 0.678618
vt 0.834974 0.885355
vt 0.834889 0.885005
vt 0.392143 0.732237
vt 0.392225 0.732582
vt 0.835036 0.707807
vt 0.835488 0.707745
vt 0.535491 0.856929
vt 0.535008 0.857295
vt 0.534924 0.856951
vt 0.267513 0.674486
vt 0.267029 0.674852
vt 0.266947 0.674507
vt 0.964059 0.885358
vt 0.963599 0.885421
vt 0.763987 0.677276
vt 0.764071 0.677620
vt 0.392140 0.902799
vt 0.391680 0.902860
vt 0.763988 0.855890
vt 0.763530 0.855953
vt 0.963578 0.708176
vt 0.964061 0.707811
vt 0.964144 0.708155
vt 0.272735 0.674511
vt 0.278080 0.502600
vt 0.840711 0.885007
vt 0.386437 0.732578
vt 0.517712 0.674087
vt 0.958386 0.708153
vt 0.279869 0.674494
vt 0.267488 0.674916
vt 0.958872 0.885425
vt 0.386978 0.902860
vt 0.963603 0.707747
vt 0.764071 0.855547
vt 0.964144 0.885013
vt 0.266947 0.504634
vt 0.763528 0.677213
vt 0.392225 0.902454
vt 0.535467 0.857358
vt 0.834953 0.708146
vt 0.534924 0.679024
vt 0.272193 0.504229
vt 0.835440 0.885419
vt 0.391683 0.732172
vt 0.840170 0.707741
vt 0.454938 0.706146
vt 0.450315 0.882888
vt 0.450266 0.706149
vt 0.758570 0.674061
vt 0.522694 0.503498
vt 0.759808 0.502620
vt 0.972419 0.884109
vt 0.967764 0.714285
vt 0.972415 0.714280
vt 0.003967 0.506686
vt 0.239282 0.677691
vt 0.002099 0.677694
vt 0.849006 0.708181
vt 0.844382 0.884923
vt 0.844334 0.708184
vt 0.263322 0.674486
vt 0.263806 0.674852
vt 0.263347 0.674916
vt 0.455425 0.705780
vt 0.455509 0.706125
vt 0.001611 0.678057
vt 0.001528 0.677712
vt 0.454944 0.882884
vt 0.455427 0.883250
vt 0.454969 0.883314
vt 0.967768 0.884114
vt 0.967283 0.884478
vt 0.967198 0.884134
vt 0.239765 0.678057
vt 0.239307 0.678119
vt 0.263318 0.504654
vt 0.263803 0.504290
vt 0.263888 0.504634
vt 0.003485 0.506321
vt 0.003942 0.506258
vt 0.843842 0.707813
vt 0.844308 0.707749
vt 0.967280 0.713919
vt 0.967739 0.713854
vt 0.843904 0.885283
vt 0.843822 0.884944
vt 0.241151 0.506683
vt 0.241638 0.506321
vt 0.241722 0.506665
vt 0.258671 0.674490
vt 0.258185 0.674855
vt 0.258101 0.674511
vt 0.759055 0.674427
vt 0.758596 0.674490
vt 0.449774 0.705778
vt 0.450240 0.705714
vt 0.972904 0.884475
vt 0.972444 0.884539
vt 0.449836 0.883248
vt 0.449754 0.882908
vt 0.521328 0.674065
vt 0.520841 0.674427
vt 0.520758 0.674083
vt 0.258667 0.504659
vt 0.258183 0.504293
vt 0.258642 0.504229
vt 0.849493 0.707816
vt 0.849577 0.708161
vt 0.760300 0.502251
vt 0.760385 0.502600
vt 0.972901 0.713916
vt 0.972986 0.714260
vt 0.522216 0.503138
vt 0.522667 0.503077
vt 0.849012 0.884920
vt 0.849495 0.885285
vt 0.849036 0.885349
vt 0.003401 0.506664
vt 0.002070 0.678119
vt 0.239849 0.677714
vt 0.843758 0.708163
vt 0.241179 0.506258
vt 0.849033 0.707753
vt 0.844357 0.885345
vt 0.759835 0.502188
vt 0.849577 0.884941
vt 0.759138 0.674083
vt 0.522133 0.503477
vt 0.449690 0.706128
vt 0.521300 0.674490
vt 0.454965 0.705718
vt 0.450289 0.883310
vt 0.983449 0.006197
vt 0.982263 0.006374
vt 0.982753 0.005824
vt 0.982499 0.007264
vt 0.982997 0.006742
vt 0.982026 0.005485
vt 0.981076 0.006552
vt 0.981529 0.006007
vt 0.984483 0.006042
vt 0.983963 0.005656
vt 0.984201 0.006548
vt 0.983220 0.007650
vt 0.983750 0.007119
vt 0.982706 0.008040
vt 0.982031 0.007828
vt 0.981773 0.006925
vt 0.980562 0.007092
vt 0.980042 0.006707
vt 0.980325 0.006201
vt 0.980776 0.005630
vt 0.981306 0.005099
vt 0.981820 0.004709
vt 0.982494 0.004921
vt 0.983255 0.005259
vt 0.980628 0.004511
vt 0.978572 0.004527
vt 0.979827 0.003619
vt 0.979341 0.005957
vt 0.979864 0.005174
vt 0.978578 0.002272
vt 0.975798 0.005396
vt 0.976781 0.003630
vt 0.981660 0.004106
vt 0.979238 0.006827
vt 0.977935 0.005744
vt 0.975798 0.007342
vt 0.961612 0.514821
vt 0.960705 0.513634
vt 0.961794 0.513661
vt 0.963411 0.514821
vt 0.963123 0.513554
vt 0.964424 0.513324
vt 0.965109 0.514373
vt 0.965440 0.513028
vt 0.966408 0.513543
vt 0.980973 0.001525
vt 0.981405 0.003151
vt 0.964156 0.512346
vt 0.962669 0.511556
vt 0.963982 0.511388
vt 0.961615 0.512671
vt 0.962893 0.512540
vt 0.963723 0.510440
vt 0.961181 0.510765
vt 0.962445 0.510571
vt 0.965476 0.512212
vt 0.960311 0.512873
vt 0.961356 0.511724
vt 0.959862 0.510900
vt 0.959898 0.510083
vt 0.960913 0.509787
vt 0.962214 0.509557
vt 0.963543 0.509451
vt 0.964632 0.509478
vt 0.965027 0.510239
vt 0.965333 0.511215
vt 0.988728 0.007353
vt 0.985954 0.008222
vt 0.986591 0.007004
vt 0.985948 0.010477
vt 0.987745 0.009119
vt 0.985185 0.006791
vt 0.983897 0.008238
vt 0.984661 0.007575
vt 0.963726 0.508291
vt 0.965319 0.508751
vt 0.961926 0.508291
vt 0.960229 0.508738
vt 0.983552 0.011223
vt 0.984699 0.009130
vt 0.982866 0.008643
vt 0.985287 0.005922
vt 0.986561 0.005731
vt 0.988728 0.005407
vt 0.982819 0.004183
vt 0.984726 0.003606
vt 0.983864 0.004576
vt 0.983567 0.001525
vt 0.983103 0.003128
vt 0.984748 0.005148
vt 0.987733 0.003611
vt 0.985937 0.004547
vt 0.967022 0.512349
vt 0.967022 0.510999
vt 0.966426 0.509726
vt 0.976793 0.009138
vt 0.979799 0.009143
vt 0.978604 0.010486
vt 0.979778 0.007600
vt 0.978588 0.008202
vt 0.980958 0.011223
vt 0.981707 0.008566
vt 0.981423 0.009620
vt 0.958912 0.513386
vt 0.977964 0.007017
vt 0.980662 0.008173
vt 0.983120 0.009598
vt 0.958316 0.510763
vt 0.958316 0.512113
vt 0.960004 0.511897
vt 0.701716 0.497671
vt 0.694483 0.498614
vt 0.701716 0.498614
vt 0.701716 0.496728
vt 0.694483 0.497671
vt 0.701716 0.495785
vt 0.694483 0.496728
vt 0.701716 0.494843
vt 0.694483 0.495785
vt 0.701716 0.493900
vt 0.694483 0.494843
vt 0.701716 0.492957
vt 0.694483 0.493900
vt 0.701716 0.492014
vt 0.694483 0.492957
vt 0.694483 0.499557
vt 0.701716 0.499557
vt 0.732651 0.483509
vt 0.732888 0.482619
vt 0.733378 0.483169
vt 0.731701 0.482441
vt 0.732154 0.482986
vt 0.734074 0.482796
vt 0.733124 0.481729
vt 0.733622 0.482251
vt 0.732445 0.484284
vt 0.733119 0.484072
vt 0.731931 0.483894
vt 0.730950 0.482792
vt 0.731401 0.483363
vt 0.730667 0.482287
vt 0.731187 0.481901
vt 0.732398 0.482068
vt 0.732656 0.481166
vt 0.733331 0.480953
vt 0.733845 0.481343
vt 0.734375 0.481875
vt 0.734825 0.482445
vt 0.735108 0.482951
vt 0.734588 0.483337
vt 0.733880 0.483734
vt 0.735810 0.482202
vt 0.736578 0.480771
vt 0.737215 0.481989
vt 0.734522 0.480755
vt 0.735286 0.481418
vt 0.739352 0.481641
vt 0.736572 0.478517
vt 0.738369 0.479875
vt 0.735912 0.483071
vt 0.733491 0.480351
vt 0.735324 0.479863
vt 0.734177 0.477770
vt 0.706687 0.498091
vt 0.706356 0.496746
vt 0.707372 0.497042
vt 0.708385 0.498538
vt 0.708673 0.497272
vt 0.710002 0.497378
vt 0.710184 0.498538
vt 0.711090 0.497352
vt 0.711776 0.498078
vt 0.739352 0.483586
vt 0.737186 0.483262
vt 0.710181 0.496389
vt 0.709127 0.495274
vt 0.710439 0.495442
vt 0.707640 0.496064
vt 0.708903 0.496258
vt 0.710614 0.494483
vt 0.708073 0.494158
vt 0.709351 0.494289
vt 0.711485 0.496590
vt 0.706321 0.495930
vt 0.707815 0.495106
vt 0.706769 0.493957
vt 0.707164 0.493196
vt 0.708253 0.493169
vt 0.709581 0.493276
vt 0.710882 0.493505
vt 0.711898 0.493801
vt 0.711933 0.494618
vt 0.711791 0.495614
vt 0.729203 0.486721
vt 0.729197 0.484466
vt 0.730452 0.485374
vt 0.726423 0.483597
vt 0.727406 0.485363
vt 0.731254 0.484482
vt 0.729966 0.483036
vt 0.730490 0.483819
vt 0.711567 0.492456
vt 0.712866 0.493287
vt 0.709869 0.492009
vt 0.708070 0.492009
vt 0.726423 0.481652
vt 0.728560 0.483249
vt 0.729864 0.482166
vt 0.732285 0.484887
vt 0.732031 0.485842
vt 0.731598 0.487467
vt 0.735373 0.483845
vt 0.735351 0.485387
vt 0.734488 0.484417
vt 0.738357 0.485382
vt 0.736562 0.484446
vt 0.733444 0.484810
vt 0.734192 0.487467
vt 0.733728 0.485864
vt 0.712883 0.497104
vt 0.713480 0.495830
vt 0.713480 0.494481
vt 0.731584 0.477770
vt 0.730425 0.479851
vt 0.729229 0.478507
vt 0.732332 0.480427
vt 0.732048 0.479373
vt 0.727418 0.479855
vt 0.730403 0.481393
vt 0.729214 0.480792
vt 0.704774 0.496066
vt 0.733745 0.479395
vt 0.731287 0.480820
vt 0.728590 0.481976
vt 0.705371 0.493444
vt 0.704774 0.494717
vt 0.706463 0.494933
vt 0.955353 0.436619
vt 0.948115 0.437563
vt 0.955353 0.437563
vt 0.955353 0.435675
vt 0.948115 0.436619
vt 0.955353 0.434732
vt 0.948115 0.435675
vt 0.955353 0.433788
vt 0.948115 0.434732
vt 0.955353 0.432845
vt 0.948115 0.433788
vt 0.955353 0.431901
vt 0.948115 0.432845
vt 0.955353 0.430958
vt 0.948115 0.431901
vt 0.948115 0.438506
vt 0.955353 0.438506
vt 0.773822 0.787011
vt 0.773585 0.787901
vt 0.773095 0.787350
vt 0.774771 0.788078
vt 0.774319 0.787533
vt 0.772399 0.787723
vt 0.773348 0.788790
vt 0.772851 0.788268
vt 0.774028 0.786235
vt 0.773354 0.786447
vt 0.774542 0.786625
vt 0.775523 0.787727
vt 0.775072 0.787156
vt 0.775805 0.788233
vt 0.775285 0.788619
vt 0.774075 0.788451
vt 0.773816 0.789354
vt 0.773142 0.789566
vt 0.772627 0.789176
vt 0.772098 0.788645
vt 0.771647 0.788074
vt 0.771364 0.787568
vt 0.771884 0.787183
vt 0.772593 0.786785
vt 0.770663 0.788318
vt 0.769894 0.789748
vt 0.769257 0.788530
vt 0.771950 0.789764
vt 0.771186 0.789101
vt 0.767120 0.788879
vt 0.769900 0.792003
vt 0.768102 0.790645
vt 0.770560 0.787448
vt 0.772981 0.790169
vt 0.771149 0.790656
vt 0.772295 0.792749
vt 0.722490 0.493444
vt 0.724283 0.493196
vt 0.723888 0.493957
vt 0.721894 0.494717
vt 0.723582 0.494933
vt 0.723440 0.495930
vt 0.721894 0.496066
vt 0.723476 0.496746
vt 0.722507 0.497261
vt 0.767120 0.786933
vt 0.769287 0.787257
vt 0.724759 0.496064
vt 0.726246 0.495274
vt 0.726022 0.496258
vt 0.725192 0.494158
vt 0.724934 0.495106
vt 0.727300 0.496389
vt 0.727733 0.494483
vt 0.727558 0.495441
vt 0.724491 0.497042
vt 0.725372 0.493169
vt 0.726470 0.494289
vt 0.728001 0.493505
vt 0.729017 0.493801
vt 0.729052 0.494618
vt 0.728910 0.495614
vt 0.728604 0.496590
vt 0.728209 0.497351
vt 0.727121 0.497378
vt 0.725792 0.497272
vt 0.777270 0.783798
vt 0.777276 0.786053
vt 0.776021 0.785145
vt 0.780050 0.786923
vt 0.779068 0.785157
vt 0.775220 0.786037
vt 0.776507 0.787484
vt 0.775984 0.786700
vt 0.730002 0.497103
vt 0.728895 0.498078
vt 0.730599 0.495830
vt 0.730599 0.494481
vt 0.780050 0.788868
vt 0.777913 0.787271
vt 0.776609 0.788353
vt 0.774188 0.785632
vt 0.774443 0.784677
vt 0.774875 0.783052
vt 0.771100 0.786675
vt 0.771122 0.785132
vt 0.771984 0.786102
vt 0.768115 0.785137
vt 0.769911 0.786073
vt 0.773029 0.785709
vt 0.772281 0.783052
vt 0.772745 0.784655
vt 0.723806 0.498091
vt 0.725504 0.498538
vt 0.727303 0.498538
vt 0.774889 0.792749
vt 0.776048 0.790669
vt 0.777243 0.792012
vt 0.774141 0.790092
vt 0.774424 0.791147
vt 0.779054 0.790665
vt 0.776070 0.789127
vt 0.777259 0.789728
vt 0.725189 0.492009
vt 0.772727 0.791124
vt 0.775185 0.789699
vt 0.777883 0.788544
vt 0.728686 0.492456
vt 0.726988 0.492009
vt 0.726700 0.493276
vt 0.955351 0.448830
vt 0.948112 0.449774
vt 0.955351 0.449774
vt 0.955351 0.447887
vt 0.948112 0.448830
vt 0.955351 0.446943
vt 0.948112 0.447887
vt 0.955351 0.446000
vt 0.948112 0.446943
vt 0.955351 0.445056
vt 0.948112 0.446000
vt 0.955351 0.444112
vt 0.948112 0.445056
vt 0.955351 0.443169
vt 0.948112 0.444112
vt 0.948112 0.450717
vt 0.955351 0.450717
vt 0.759828 0.460722
vt 0.934998 0.455323
vt 0.713309 0.489921
vt 0.949835 0.426942
vt 0.760015 0.470921
vt 0.949835 0.368751
vt 0.254023 0.672204
vt 0.945058 0.441072
vt 0.708992 0.477767
vt 0.700185 0.477767
vt 0.395493 0.755392
vt 0.410109 0.755392
vt 0.467989 0.783674
vt 0.475089 0.783657
vt 0.955182 0.953041
vt 0.975608 0.510757
vt 0.517983 0.706538
vt 0.955121 0.001762
vt 0.955123 0.181725
vt 0.517981 0.885981
vt 0.958569 0.011264
vt 0.930250 0.477991
vt 0.955185 0.457661
vt 0.955307 0.364899
vt 0.959592 0.700777
vt 0.975566 0.021449
vt 0.930253 0.974943
vt 0.958567 0.500757
vt 0.959594 0.521334
vt 0.955305 0.184932
vt 0.686250 0.002501
vt 0.686180 0.198720
vt 0.989407 0.012459
vt 0.972979 0.709031
vt 0.989410 0.519717
vt 0.531366 0.698290
vt 0.531367 0.894235
vt 0.972393 0.002276
vt 0.972396 0.509726
vt 0.972978 0.513085
vt 0.935688 0.363928
vt 0.906068 0.949623
vt 0.885138 0.001530
vt 0.981664 0.520509
vt 0.984710 0.975388
vt 0.976308 0.971320
vt 0.990067 0.524571
vt 0.931311 0.473383
vt 0.859889 0.402467
vt 0.909747 0.001530
vt 0.992819 0.452339
vt 0.993717 0.908228
vt 0.881452 0.874320
vt 0.998175 0.001530
vt 0.394541 0.679449
vt 0.451074 0.680422
vt 0.801004 0.785245
vt 0.767253 0.708915
vt 0.794576 0.780015
vt 0.819408 0.780080
vt 0.783194 0.797452
vt 0.454398 0.680422
vt 0.481722 0.751522
vt 0.506554 0.751587
vt 0.693750 0.402667
vt 0.750285 0.403641
vt 0.767657 0.703094
vt 0.763981 0.550445
vt 0.478196 0.759037
vt 0.244131 0.685562
vt 0.184663 0.833309
vt 0.307729 0.677423
vt 0.744325 0.455795
vt 0.348881 0.874945
vt 0.383382 0.679250
vt 0.311327 0.679251
vt 0.345824 0.874917
vt 0.515803 0.503077
vt 0.263888 0.674507
vt 0.455509 0.882906
vt 0.967742 0.884540
vt 0.263344 0.504228
vt 0.967198 0.714264
vt 0.258645 0.674917
vt 0.972986 0.884130
vt 0.258101 0.504638
vt 0.972441 0.713854
vt 0.981270 0.007490
vt 0.960019 0.514360
vt 0.958929 0.509569
vt 0.985922 0.002263
vt 0.694483 0.492014
vt 0.731896 0.481504
vt 0.705388 0.497261
vt 0.706478 0.492469
vt 0.736547 0.486730
vt 0.948115 0.430958
vt 0.774577 0.789016
vt 0.723597 0.492469
vt 0.729985 0.493287
vt 0.769927 0.783789
vt 0.948112 0.443169
s 1
usemtl SIDEBOARD_Mat
f 1/1/1 17/2/2 10/3/3
f 3/4/1 19/5/4 17/2/2
f 4/6/5 23/7/6 19/5/4
f 5/8/1 25/9/7 23/7/6
f 173/10/8 29/11/9 165/12/10
f 112/13/11 25/9/7 6/14/5
f 109/15/1 124/16/12 111/17/13
f 9/18/1 28/19/14 7/20/5
f 8/21/5 35/22/15 9/18/1
f 2/23/5 31/24/16 8/21/5
f 1/1/1 14/25/17 2/23/5
f 164/26/18 22/27/19 26/28/20
f 70/29/21 165/12/10 167/30/22
f 167/30/22 32/31/23 162/32/24
f 106/33/5 3/4/1 1/1/1
f 106/33/5 5/8/1 4/6/5
f 105/34/1 109/15/1 111/17/13
f 106/33/5 9/18/1 7/20/5
f 106/33/5 112/13/11 6/14/5
f 106/33/5 1/1/1 2/23/5
f 106/33/5 4/6/5 3/4/1
f 106/33/5 6/14/5 5/8/1
f 108/35/25 28/19/14 118/36/26
f 106/33/5 7/20/5 108/35/25
f 106/33/5 8/21/5 9/18/1
f 13/37/27 12/38/28 11/39/29
f 15/40/30 10/3/3 12/41/28
f 17/2/2 21/42/31 18/43/32
f 18/44/32 20/45/33 16/46/34
f 23/7/6 27/47/35 24/48/36
f 24/49/36 26/28/20 22/27/19
f 115/50/37 129/51/38 120/52/39
f 123/53/40 27/47/35 25/9/7
f 34/54/41 33/55/42 32/31/23
f 36/56/43 31/24/16 33/57/42
f 32/31/23 15/58/30 13/37/27
f 33/57/42 14/25/17 15/40/30
f 10/3/3 18/43/32 12/41/28
f 12/38/28 16/46/34 11/39/29
f 19/5/4 24/48/36 21/42/31
f 21/59/31 22/27/19 20/45/33
f 27/60/35 127/61/44 26/28/20
f 26/28/20 170/62/45 164/26/18
f 126/63/46 171/64/47 168/65/48
f 30/66/49 118/36/26 28/19/14
f 29/11/9 36/67/43 34/54/41
f 30/66/49 35/22/15 36/56/43
f 37/68/50 53/69/51 39/70/52
f 39/70/52 55/71/53 40/72/50
f 40/72/50 59/73/54 41/74/50
f 41/74/50 61/75/55 42/76/56
f 66/77/57 142/78/58 65/79/59
f 61/75/55 138/80/60 42/76/56
f 150/81/61 135/82/50 139/83/62
f 64/84/63 45/85/52 43/86/52
f 71/87/64 44/88/50 45/85/52
f 67/89/65 38/90/52 44/88/50
f 50/91/66 37/68/50 38/90/52
f 16/46/34 163/92/67 161/93/68
f 114/94/69 30/95/49 29/11/9
f 166/96/70 56/97/71 163/92/67
f 133/98/50 44/88/50 38/90/52
f 159/99/72 11/39/29 160/100/73
f 162/32/24 13/37/27 159/99/72
f 133/98/50 37/68/50 39/70/52
f 133/98/50 40/72/50 41/74/50
f 133/98/50 42/76/56 138/80/60
f 133/98/50 43/86/52 45/85/52
f 136/101/74 64/84/63 43/86/52
f 132/102/56 139/83/62 135/82/50
f 133/98/50 39/70/52 40/72/50
f 133/98/50 41/74/50 42/76/56
f 133/98/50 136/101/74 43/86/52
f 133/98/50 38/90/52 37/68/50
f 133/98/50 45/85/52 44/88/50
f 48/103/75 49/104/76 47/105/77
f 46/106/78 51/107/79 48/108/75
f 53/69/51 57/109/80 55/71/53
f 54/110/81 56/97/71 57/111/80
f 59/73/54 63/112/82 61/75/55
f 60/113/83 62/114/84 63/115/82
f 141/116/85 157/117/86 154/118/87
f 63/112/82 151/119/88 61/75/55
f 69/120/89 70/29/21 68/121/90
f 67/89/65 72/122/91 69/123/89
f 51/124/79 68/121/90 49/104/76
f 50/91/66 69/123/89 51/107/79
f 46/106/78 54/125/81 53/69/51
f 48/103/75 52/126/92 54/110/81
f 55/71/53 60/127/83 59/73/54
f 57/111/80 58/128/93 60/113/83
f 63/115/82 153/129/94 156/130/95
f 145/131/96 157/132/86 148/133/97
f 66/134/57 144/135/98 147/136/99
f 72/137/91 65/79/59 70/29/21
f 71/87/64 66/134/57 72/122/91
f 129/138/38 117/139/100 120/140/39
f 11/39/29 161/93/68 160/100/73
f 75/141/101 74/142/102 73/143/102
f 77/144/103 76/145/101 75/141/101
f 79/146/104 78/147/103 77/144/103
f 81/148/105 80/149/104 79/146/104
f 83/150/106 82/151/105 81/148/105
f 85/152/107 84/153/106 83/150/106
f 87/154/108 86/155/107 85/152/107
f 73/156/102 88/157/108 87/154/108
f 91/158/101 90/159/102 89/160/102
f 91/158/101 94/161/103 92/162/101
f 95/163/104 94/161/103 93/164/103
f 97/165/105 96/166/104 95/163/104
f 99/167/106 98/168/105 97/165/105
f 101/169/107 100/170/106 99/167/106
f 103/171/108 102/172/107 101/169/107
f 89/173/102 104/174/108 103/171/108
f 105/34/1 110/175/109 109/15/1
f 107/176/1 108/35/25 110/175/109
f 105/34/1 113/177/110 107/176/1
f 107/176/1 112/13/11 106/33/5
f 115/50/37 122/178/111 116/179/112
f 116/180/112 121/181/113 114/94/69
f 120/140/39 119/182/114 122/183/111
f 119/182/114 121/184/113 122/183/111
f 129/138/38 125/185/115 124/16/12
f 125/185/115 130/186/116 123/53/40
f 126/63/46 131/187/117 129/51/38
f 128/188/118 130/189/116 131/190/117
f 124/16/12 113/177/110 111/17/13
f 113/177/110 123/53/40 112/13/11
f 117/139/100 110/175/109 119/182/114
f 110/175/109 118/36/26 119/182/114
f 136/101/74 134/191/52 137/192/119
f 137/192/119 132/102/56 135/82/50
f 138/80/60 134/191/52 133/98/50
f 140/193/120 132/102/56 134/191/52
f 147/194/99 143/195/121 142/78/58
f 149/196/122 141/116/85 143/197/121
f 147/136/99 146/198/123 149/199/122
f 146/198/123 148/133/97 149/199/122
f 156/200/95 152/201/124 151/119/88
f 152/201/124 157/132/86 150/81/61
f 156/130/95 155/202/125 158/203/126
f 158/204/126 154/118/87 157/117/86
f 151/119/88 140/193/120 138/80/60
f 140/193/120 150/81/61 139/83/62
f 144/135/98 137/192/119 146/198/123
f 137/192/119 145/131/96 146/198/123
f 168/65/48 155/205/125 169/206/127
f 169/207/127 153/129/94 170/62/45
f 171/64/47 116/179/112 172/208/128
f 172/209/128 114/94/69 173/10/8
f 106/33/5 2/23/5 8/21/5
f 172/209/128 142/78/58 143/195/121
f 171/64/47 143/197/121 141/116/85
f 169/207/127 127/61/44 128/188/118
f 168/65/48 128/210/118 126/63/46
f 47/105/77 161/93/68 52/126/92
f 162/32/24 49/104/76 68/121/90
f 159/99/72 47/105/77 49/104/76
f 166/96/70 20/45/33 22/27/19
f 52/126/92 163/92/67 56/97/71
f 168/65/48 141/116/85 154/118/87
f 62/114/84 170/62/45 153/129/94
f 68/121/90 167/30/22 162/32/24
f 34/54/41 165/12/10 29/11/9
f 58/128/93 164/26/18 62/114/84
f 173/10/8 65/79/59 142/78/58
f 174/211/1 190/212/17 176/213/1
f 176/213/1 192/214/16 177/215/5
f 177/215/5 196/216/129 178/217/1
f 178/217/1 198/218/130 179/219/5
f 346/220/45 202/221/20 287/222/131
f 198/218/130 285/223/25 179/219/5
f 297/224/132 282/225/1 284/226/1
f 201/227/7 182/228/1 180/229/5
f 208/230/133 181/231/5 182/228/1
f 204/232/4 175/233/5 181/231/5
f 187/234/2 174/211/1 175/233/5
f 337/235/10 195/236/134 339/237/135
f 338/238/18 243/239/93 340/240/136
f 205/241/137 340/240/136 335/242/138
f 279/243/5 174/211/1 176/213/1
f 279/243/5 177/215/5 178/217/1
f 278/244/1 284/226/1 282/225/1
f 279/243/5 180/229/5 182/228/1
f 279/243/5 179/219/5 285/223/25
f 279/243/5 175/233/5 174/211/1
f 279/243/5 176/213/1 177/215/5
f 279/243/5 178/217/1 179/219/5
f 281/245/139 201/227/7 180/229/5
f 279/243/5 281/245/139 180/229/5
f 279/243/5 182/228/1 181/231/5
f 185/246/28 186/247/34 184/248/29
f 183/249/3 188/250/32 185/251/28
f 190/212/17 194/252/140 192/214/16
f 191/253/30 193/254/141 194/255/140
f 196/216/129 200/256/142 198/218/130
f 197/257/143 199/258/9 200/259/142
f 288/260/46 302/261/144 299/262/37
f 200/256/142 296/263/26 198/218/130
f 206/264/145 207/265/146 205/241/137
f 204/232/4 209/266/36 206/267/145
f 188/268/32 205/241/137 186/247/34
f 187/234/2 206/267/145 188/250/32
f 183/249/3 191/269/30 190/212/17
f 185/246/28 189/270/147 191/253/30
f 192/214/16 197/271/143 196/216/129
f 194/255/140 195/236/134 197/257/143
f 200/259/142 300/272/148 303/273/149
f 343/274/8 199/258/9 337/235/10
f 344/275/48 299/262/37 341/276/47
f 203/277/150 291/278/151 294/279/152
f 209/280/36 202/221/20 207/265/146
f 208/230/133 203/277/150 209/266/36
f 210/281/50 226/282/66 219/283/78
f 212/284/52 228/285/65 226/282/66
f 213/286/50 232/287/153 228/285/65
f 214/288/50 234/289/63 232/287/153
f 315/290/154 239/291/155 238/292/156
f 311/293/74 234/289/63 215/294/52
f 308/295/62 323/296/96 312/297/50
f 218/298/52 237/299/55 216/300/52
f 217/301/50 244/302/157 218/298/52
f 211/303/52 240/304/53 217/301/50
f 210/281/50 223/305/51 211/303/52
f 336/306/24 189/270/147 334/307/72
f 203/308/150 287/222/131 202/221/20
f 339/237/135 229/309/90 231/310/21
f 306/311/50 211/303/52 217/301/50
f 332/312/68 184/248/29 186/247/34
f 335/242/138 186/247/34 205/241/137
f 306/311/50 212/284/52 210/281/50
f 306/311/50 214/288/50 213/286/50
f 306/311/50 311/293/74 215/294/52
f 306/311/50 218/298/52 216/300/52
f 309/313/158 237/299/55 317/314/159
f 305/315/56 308/295/62 312/297/50
f 306/311/50 213/286/50 212/284/52
f 306/311/50 215/294/52 214/288/50
f 306/311/50 216/300/52 309/313/158
f 306/311/50 210/281/50 211/303/52
f 306/311/50 217/301/50 218/298/52
f 222/316/92 221/317/75 220/318/77
f 224/319/160 219/283/78 221/320/75
f 226/282/66 230/321/89 227/322/79
f 227/323/79 229/309/90 225/324/76
f 232/287/153 236/325/161 233/326/162
f 233/327/162 235/328/163 231/310/21
f 314/329/164 330/330/165 321/331/166
f 324/332/167 236/325/161 234/289/63
f 243/239/93 242/333/168 241/334/169
f 245/335/170 240/304/53 242/336/168
f 241/334/169 224/337/160 222/316/92
f 242/336/168 223/305/51 224/319/160
f 219/283/78 227/322/79 221/320/75
f 221/317/75 225/324/76 220/318/77
f 228/285/65 233/326/162 230/321/89
f 230/338/89 231/310/21 229/309/90
f 236/339/161 326/340/171 235/328/163
f 330/341/165 318/342/172 321/343/166
f 239/344/155 317/314/159 237/299/55
f 238/292/156 245/345/170 243/239/93
f 239/344/155 244/302/157 245/335/170
f 290/346/173 302/347/144 293/348/174
f 334/307/72 184/248/29 333/349/73
f 247/350/102 248/351/108 246/352/102
f 249/353/108 250/354/107 248/351/108
f 251/355/107 252/356/106 250/354/107
f 253/357/106 254/358/105 252/356/106
f 255/359/105 256/360/104 254/358/105
f 257/361/104 258/362/103 256/360/104
f 259/363/103 260/364/101 258/362/103
f 261/365/101 246/366/102 260/364/101
f 263/367/102 264/368/108 262/369/102
f 264/368/108 267/370/107 266/371/107
f 267/370/107 268/372/106 266/371/107
f 269/373/106 270/374/105 268/372/106
f 271/375/105 272/376/104 270/374/105
f 273/377/104 274/378/103 272/376/104
f 275/379/103 276/380/101 274/378/103
f 277/381/101 262/382/102 276/380/101
f 283/383/110 278/244/1 282/225/1
f 281/245/139 280/384/1 283/383/110
f 278/244/1 286/385/175 284/226/1
f 280/384/1 285/223/25 286/385/175
f 288/260/46 295/386/176 293/387/174
f 289/388/118 294/389/152 295/390/176
f 293/348/174 292/391/115 290/346/173
f 294/279/152 292/391/115 295/392/176
f 298/393/114 302/347/144 297/224/132
f 298/393/114 303/394/149 304/395/111
f 304/396/111 299/262/37 302/261/144
f 303/273/149 301/397/112 304/398/111
f 286/385/175 297/224/132 284/226/1
f 286/385/175 296/263/26 298/393/114
f 290/346/173 283/383/110 282/225/1
f 291/278/151 283/383/110 292/391/115
f 309/313/158 307/399/52 306/311/50
f 310/400/177 305/315/56 307/399/52
f 307/399/52 311/293/74 306/311/50
f 305/315/56 313/401/178 307/399/52
f 316/402/125 320/403/95 315/290/154
f 314/329/164 322/404/179 316/405/125
f 320/406/95 319/407/124 317/314/159
f 321/343/166 319/407/124 322/408/179
f 325/409/123 329/410/180 324/332/167
f 325/409/123 330/341/165 331/411/181
f 329/412/180 328/413/121 326/340/171
f 331/414/181 327/415/182 328/416/121
f 313/401/178 324/332/167 311/293/74
f 313/401/178 323/296/96 325/409/123
f 317/314/159 310/400/177 309/313/158
f 318/342/172 310/400/177 319/407/124
f 341/276/47 328/416/121 327/415/182
f 342/417/128 326/340/171 328/413/121
f 344/275/48 289/418/118 288/260/46
f 345/419/183 287/222/131 289/388/118
f 279/243/5 181/231/5 175/233/5
f 315/290/154 345/419/183 316/402/125
f 316/405/125 344/275/48 314/329/164
f 300/272/148 342/417/128 301/397/112
f 301/420/112 341/276/47 299/262/37
f 220/318/77 334/307/72 333/349/73
f 222/316/92 335/242/138 241/334/169
f 220/318/77 332/312/68 222/316/92
f 193/254/141 339/237/135 195/236/134
f 225/324/76 336/306/24 334/307/72
f 314/329/164 341/276/47 327/415/182
f 235/328/163 343/274/8 337/235/10
f 241/334/169 340/240/136 243/239/93
f 207/265/146 338/238/18 340/240/136
f 337/235/10 231/310/21 235/328/163
f 238/292/156 346/220/45 315/290/154
f 397/421/184 421/422/185 414/423/186
f 391/424/187 422/425/188 385/426/189
f 439/427/190 390/428/191 404/429/192
f 405/430/193 384/431/194 399/432/195
f 440/433/196 398/434/197 413/435/198
f 356/436/199 454/437/200 350/438/201
f 374/439/202 460/440/203 359/441/204
f 376/442/205 412/443/206 367/444/207
f 366/445/208 466/446/209 377/447/210
f 357/448/211 423/449/212 429/450/213
f 358/451/214 438/452/215 375/453/216
f 348/454/217 411/455/218 420/456/219
f 351/457/220 355/458/221 347/459/222
f 353/460/223 351/461/220 348/454/217
f 354/462/224 353/463/223 349/464/225
f 355/465/221 354/466/224 350/438/201
f 360/467/226 364/468/227 356/436/199
f 362/469/228 360/470/226 357/448/211
f 363/471/229 362/472/228 358/451/214
f 364/473/227 363/474/229 359/441/204
f 369/475/230 373/476/231 365/477/232
f 371/478/233 369/479/230 366/445/208
f 372/480/234 371/481/233 367/444/207
f 373/482/231 372/483/234 368/484/235
f 378/485/236 382/486/237 374/439/202
f 380/487/238 378/488/236 375/453/216
f 381/489/239 380/490/238 376/442/205
f 382/491/237 381/492/239 377/447/210
f 383/493/240 387/494/241 389/495/242
f 384/431/194 387/496/241 386/497/243
f 385/426/189 387/498/241 388/499/244
f 390/428/191 394/500/245 396/501/246
f 391/424/187 394/502/245 393/503/247
f 392/504/248 394/505/245 395/506/249
f 397/421/184 401/507/250 403/508/251
f 398/434/197 401/509/250 400/510/252
f 399/432/195 401/511/250 402/512/253
f 404/429/192 408/513/254 410/514/255
f 405/430/193 408/515/254 407/516/256
f 406/517/257 408/518/254 409/519/258
f 415/520/259 419/521/260 411/455/218
f 417/522/261 415/523/259 412/443/206
f 413/435/198 416/524/262 417/525/261
f 414/423/186 416/526/262 418/527/263
f 424/528/264 428/529/265 420/456/219
f 421/422/185 425/530/266 424/531/264
f 422/425/188 425/532/266 426/533/267
f 428/534/265 427/535/268 423/449/212
f 433/536/269 437/537/270 429/450/213
f 430/538/271 434/539/272 433/540/269
f 431/541/273 434/542/272 435/543/274
f 437/544/270 436/545/275 432/546/276
f 442/547/277 446/548/278 438/452/215
f 439/427/190 443/549/279 442/550/277
f 440/433/196 443/551/279 444/552/280
f 446/553/278 445/554/281 441/555/282
f 447/556/283 450/557/284 452/558/285
f 448/559/286 450/560/284 451/561/287
f 453/562/288 456/563/289 458/564/290
f 454/437/200 456/565/289 455/566/291
f 459/567/292 462/568/293 464/569/294
f 460/440/203 462/570/293 461/571/295
f 465/572/296 468/573/297 470/574/298
f 466/446/209 468/575/297 467/576/299
f 421/422/185 419/577/260 414/423/186
f 424/528/264 411/455/218 419/521/260
f 422/425/188 433/540/269 427/578/268
f 433/536/269 423/449/212 427/535/268
f 439/427/190 436/579/275 431/541/273
f 442/547/277 432/546/276 436/545/275
f 440/433/196 417/525/261 445/580/281
f 445/554/281 412/443/206 441/555/282
f 414/423/186 400/581/252 397/421/184
f 418/582/263 398/434/197 400/510/252
f 404/429/192 444/583/280 439/427/190
f 444/552/280 406/517/257 440/433/196
f 399/432/195 409/584/258 405/430/193
f 409/519/258 398/434/197 406/517/257
f 397/421/184 386/585/243 383/493/240
f 403/586/251 384/431/194 386/497/243
f 390/428/191 407/587/256 404/429/192
f 396/588/246 405/430/193 407/516/256
f 385/426/189 395/589/249 391/424/187
f 388/590/244 392/504/248 395/506/249
f 383/493/240 426/591/267 421/422/185
f 389/592/242 422/425/188 426/533/267
f 431/541/273 393/593/247 390/428/191
f 435/594/274 391/424/187 393/503/247
f 348/454/217 373/482/231 368/484/235
f 351/457/220 365/477/232 373/476/231
f 357/448/211 354/462/224 349/464/225
f 360/467/226 350/438/201 354/466/224
f 375/453/216 363/471/229 358/451/214
f 378/485/236 359/441/204 363/474/229
f 376/442/205 371/481/233 381/489/239
f 371/478/233 377/447/210 381/492/239
f 349/464/225 428/534/265 423/449/212
f 428/529/265 348/454/217 420/456/219
f 367/444/207 415/523/259 372/480/234
f 415/520/259 368/484/235 372/483/234
f 358/451/214 437/544/270 432/546/276
f 437/537/270 357/448/211 429/450/213
f 376/442/205 446/553/278 441/555/282
f 446/548/278 375/453/216 438/452/215
f 453/562/288 449/595/300 447/556/283
f 454/437/200 464/569/294 457/596/301
f 465/572/296 463/597/302 460/440/203
f 448/559/286 469/598/303 466/446/209
f 447/556/283 369/475/230 365/477/232
f 369/479/230 448/559/286 366/445/208
f 374/439/202 467/599/299 465/572/296
f 382/491/237 466/446/209 467/576/299
f 460/440/203 364/473/227 359/441/204
f 461/600/295 356/436/199 364/468/227
f 347/459/222 455/601/291 453/562/288
f 355/465/221 454/437/200 455/566/291
f 347/459/222 447/556/283 365/477/232
f 492/602/304 474/603/305 487/604/306
f 475/605/307 478/606/308 471/607/308
f 493/608/309 484/609/310 489/610/310
f 472/611/311 479/612/312 477/613/313
f 473/614/314 478/606/308 479/615/312
f 481/616/315 476/617/316 474/603/305
f 482/618/316 475/605/307 476/619/316
f 490/620/317 485/621/318 483/622/319
f 491/623/320 484/609/310 485/624/318
f 487/604/306 494/625/321 492/602/304
f 488/626/321 493/608/309 494/627/321
f 490/620/317 472/611/311 477/613/313
f 505/628/322 511/629/323 516/630/324
f 499/631/325 502/632/326 495/633/327
f 517/634/328 508/635/329 513/636/330
f 501/637/331 497/638/332 503/639/332
f 503/640/332 495/633/327 502/632/326
f 505/628/322 500/641/333 498/642/334
f 506/643/333 499/631/325 500/644/333
f 507/645/335 515/646/336 509/647/336
f 509/648/336 513/636/330 508/635/329
f 511/629/323 518/649/337 516/630/324
f 512/650/337 517/634/328 518/651/337
f 501/637/331 507/645/335 496/652/338
f 535/653/339 551/654/340 549/655/341
f 553/656/102 575/657/342 554/658/102
f 555/659/102 575/657/342 578/660/343
f 556/661/102 578/660/343 581/662/344
f 556/661/102 584/663/345 557/664/102
f 557/664/102 587/665/346 558/666/102
f 559/667/102 587/665/346 590/668/347
f 560/669/102 590/668/347 593/670/348
f 560/669/102 596/671/349 561/672/102
f 561/672/102 599/673/350 562/674/102
f 563/675/102 599/673/350 602/676/351
f 563/675/102 605/677/352 564/678/102
f 564/678/102 608/679/353 565/680/102
f 565/680/102 611/681/354 566/682/102
f 567/683/102 611/681/354 614/684/355
f 567/683/102 568/685/356 552/686/102
f 551/654/340 521/687/357 550/688/358
f 548/689/359 523/690/360 547/691/360
f 547/691/360 524/692/361 546/693/362
f 546/693/362 525/694/363 545/695/364
f 545/695/364 526/696/365 544/697/366
f 544/697/366 527/698/367 543/699/368
f 543/699/368 528/700/369 542/701/370
f 528/700/369 541/702/371 542/701/370
f 529/703/372 540/704/373 541/702/371
f 530/705/374 539/706/375 540/704/373
f 531/707/376 538/708/377 539/706/375
f 532/709/378 537/710/379 538/708/377
f 533/711/380 536/712/381 537/710/379
f 534/713/382 549/655/341 536/714/381
f 571/715/383 548/689/359 574/716/384
f 550/688/358 522/717/385 548/689/359
f 519/718/102 552/686/102 553/656/102
f 519/718/102 553/656/102 554/658/102
f 519/718/102 554/658/102 555/659/102
f 519/718/102 555/659/102 556/661/102
f 519/718/102 556/661/102 557/664/102
f 519/718/102 557/664/102 558/666/102
f 519/718/102 558/666/102 559/667/102
f 519/718/102 559/667/102 560/669/102
f 519/718/102 560/669/102 561/672/102
f 519/718/102 561/672/102 562/674/102
f 519/718/102 562/674/102 563/675/102
f 519/718/102 563/675/102 564/678/102
f 519/718/102 564/678/102 565/680/102
f 519/718/102 565/680/102 566/682/102
f 519/718/102 566/682/102 567/683/102
f 519/718/102 567/683/102 552/686/102
f 571/715/383 570/719/386 569/720/387
f 573/721/388 568/685/356 570/722/386
f 574/716/384 573/723/388 571/715/383
f 576/724/389 572/725/390 573/721/388
f 577/726/391 576/727/389 574/716/384
f 579/728/392 575/657/342 576/724/389
f 580/729/393 579/730/392 577/726/391
f 582/731/394 578/660/343 579/728/392
f 583/732/395 582/733/394 580/729/393
f 585/734/396 581/662/344 582/731/394
f 586/735/397 585/736/396 583/732/395
f 588/737/398 584/663/345 585/734/396
f 589/738/399 588/739/398 586/735/397
f 591/740/400 587/665/346 588/737/398
f 592/741/401 591/742/400 589/738/399
f 594/743/402 590/668/347 591/740/400
f 592/741/401 597/744/403 594/745/402
f 594/743/402 596/671/349 593/670/348
f 595/746/404 600/747/405 597/744/403
f 597/748/403 599/673/350 596/671/349
f 598/749/406 603/750/407 600/747/405
f 600/751/405 602/676/351 599/673/350
f 601/752/408 606/753/409 603/750/407
f 603/754/407 605/677/352 602/676/351
f 604/755/410 609/756/411 606/753/409
f 606/757/409 608/679/353 605/677/352
f 607/758/412 612/759/413 609/756/411
f 609/760/411 611/681/354 608/679/353
f 610/761/414 615/762/415 612/763/413
f 612/764/413 614/684/355 611/681/354
f 613/765/416 570/719/386 615/762/415
f 615/766/415 568/685/356 614/684/355
f 553/656/102 568/685/356 572/725/390
f 536/714/381 613/765/416 610/761/414
f 537/710/379 610/767/414 607/758/412
f 538/708/377 607/758/412 604/755/410
f 539/706/375 604/755/410 601/752/408
f 540/704/373 601/752/408 598/749/406
f 541/702/371 598/749/406 595/746/404
f 542/701/370 595/746/404 592/741/401
f 589/738/399 542/701/370 592/741/401
f 586/735/397 543/699/368 589/738/399
f 583/732/395 544/697/366 586/735/397
f 580/729/393 545/695/364 583/732/395
f 577/726/391 546/693/362 580/729/393
f 574/716/384 547/691/360 577/726/391
f 569/720/387 550/688/358 571/715/383
f 549/655/341 569/720/387 613/765/416
f 648/768/340 632/769/357 646/770/417
f 672/771/418 650/772/102 651/773/102
f 652/774/102 672/771/418 651/773/102
f 653/775/102 675/776/353 652/774/102
f 681/777/419 653/775/102 654/778/102
f 684/779/420 654/778/102 655/780/102
f 656/781/102 684/779/420 655/780/102
f 657/782/102 687/783/349 656/781/102
f 693/784/421 657/782/102 658/785/102
f 696/786/422 658/785/102 659/787/102
f 660/788/102 696/786/422 659/787/102
f 702/789/423 660/788/102 661/790/102
f 705/791/424 661/790/102 662/792/102
f 708/793/425 662/792/102 663/794/102
f 664/795/102 708/793/425 663/794/102
f 665/796/356 664/795/102 649/797/102
f 648/768/340 618/798/339 617/799/340
f 645/800/381 620/801/380 619/802/382
f 644/803/379 621/804/378 620/801/380
f 643/805/426 622/806/376 621/804/378
f 642/807/375 623/808/374 622/806/376
f 641/809/427 624/810/372 623/808/374
f 640/811/371 625/812/369 624/810/372
f 638/813/368 625/812/369 639/814/370
f 637/815/428 626/816/367 638/813/368
f 636/817/364 627/818/365 637/815/428
f 635/819/429 628/820/363 636/817/364
f 634/821/430 629/822/361 635/819/429
f 633/823/431 630/824/360 634/821/430
f 646/770/417 631/825/385 633/826/431
f 668/827/432 645/800/381 647/828/433
f 647/828/433 619/802/382 618/798/339
f 616/829/102 650/772/102 649/797/102
f 616/829/102 651/773/102 650/772/102
f 616/829/102 652/774/102 651/773/102
f 616/829/102 653/775/102 652/774/102
f 616/829/102 654/778/102 653/775/102
f 616/829/102 655/780/102 654/778/102
f 616/829/102 656/781/102 655/780/102
f 616/829/102 657/782/102 656/781/102
f 616/829/102 658/785/102 657/782/102
f 616/829/102 659/787/102 658/785/102
f 616/829/102 660/788/102 659/787/102
f 616/829/102 661/790/102 660/788/102
f 616/829/102 662/792/102 661/790/102
f 616/829/102 663/794/102 662/792/102
f 616/829/102 664/795/102 663/794/102
f 616/829/102 649/797/102 664/795/102
f 667/830/386 668/827/432 666/831/387
f 665/796/356 670/832/434 667/833/386
f 670/834/434 671/835/435 668/827/432
f 669/836/355 673/837/413 670/832/434
f 673/838/413 674/839/412 671/835/435
f 672/771/418 676/840/436 673/837/413
f 676/841/436 677/842/410 674/839/412
f 675/776/353 679/843/409 676/840/436
f 679/844/409 680/845/408 677/842/410
f 678/846/437 682/847/407 679/843/409
f 682/848/407 683/849/406 680/845/408
f 681/777/419 685/850/438 682/847/407
f 685/851/438 686/852/439 683/849/406
f 684/779/420 688/853/403 685/850/438
f 688/854/403 689/855/401 686/852/439
f 687/783/349 691/856/402 688/853/403
f 689/855/401 694/857/400 692/858/440
f 691/856/402 693/784/421 694/859/400
f 692/858/440 697/860/441 695/861/397
f 694/859/400 696/786/422 697/862/441
f 695/861/397 700/863/396 698/864/395
f 697/862/441 699/865/442 700/866/396
f 698/864/395 703/867/394 701/868/393
f 700/866/396 702/789/423 703/869/394
f 701/868/393 706/870/443 704/871/391
f 703/869/394 705/791/424 706/872/443
f 704/871/391 709/873/389 707/874/444
f 706/872/443 708/793/425 709/875/389
f 707/876/444 712/877/388 710/878/445
f 709/875/389 711/879/390 712/880/388
f 710/878/445 667/830/386 666/831/387
f 712/880/388 665/796/356 667/833/386
f 650/772/102 665/796/356 649/797/102
f 710/878/445 633/826/431 707/876/444
f 707/874/444 634/821/430 704/871/391
f 704/871/391 635/819/429 701/868/393
f 701/868/393 636/817/364 698/864/395
f 698/864/395 637/815/428 695/861/397
f 695/861/397 638/813/368 692/858/440
f 692/858/440 639/814/370 689/855/401
f 686/852/439 639/814/370 640/811/371
f 683/849/406 640/811/371 641/809/427
f 680/845/408 641/809/427 642/807/375
f 677/842/410 642/807/375 643/805/426
f 674/839/412 643/805/426 644/803/379
f 671/835/435 644/803/379 645/800/381
f 666/831/387 647/828/433 648/768/340
f 666/831/387 646/770/417 710/878/445
f 745/881/446 729/882/447 743/883/448
f 769/884/449 747/885/102 748/886/102
f 749/887/102 769/884/449 748/886/102
f 750/888/102 772/889/450 749/887/102
f 778/890/451 750/888/102 751/891/102
f 781/892/452 751/891/102 752/893/102
f 753/894/102 781/892/452 752/893/102
f 754/895/102 784/896/453 753/894/102
f 790/897/454 754/895/102 755/898/102
f 793/899/455 755/898/102 756/900/102
f 757/901/102 793/899/455 756/900/102
f 799/902/437 757/901/102 758/903/102
f 802/904/456 758/903/102 759/905/102
f 805/906/457 759/905/102 760/907/102
f 761/908/102 805/906/457 760/907/102
f 762/909/458 761/908/102 746/910/102
f 745/881/446 715/911/459 714/912/446
f 742/913/460 717/914/461 716/915/462
f 741/916/463 718/917/361 717/914/461
f 740/918/464 719/919/465 718/917/361
f 739/920/466 720/921/467 719/919/465
f 738/922/468 721/923/469 720/921/467
f 737/924/470 722/925/471 721/923/469
f 735/926/472 722/925/471 736/927/473
f 734/928/474 723/929/475 735/926/472
f 733/930/476 724/931/477 734/928/474
f 732/932/377 725/933/478 733/930/476
f 731/934/479 726/935/378 732/932/377
f 730/936/480 727/937/481 731/934/479
f 743/883/448 728/938/482 730/939/480
f 765/940/483 742/913/460 744/941/484
f 744/941/484 716/915/462 715/911/459
f 713/942/102 747/885/102 746/910/102
f 713/942/102 748/886/102 747/885/102
f 713/942/102 749/887/102 748/886/102
f 713/942/102 750/888/102 749/887/102
f 713/942/102 751/891/102 750/888/102
f 713/942/102 752/893/102 751/891/102
f 713/942/102 753/894/102 752/893/102
f 713/942/102 754/895/102 753/894/102
f 713/942/102 755/898/102 754/895/102
f 713/942/102 756/900/102 755/898/102
f 713/942/102 757/901/102 756/900/102
f 713/942/102 758/903/102 757/901/102
f 713/942/102 759/905/102 758/903/102
f 713/942/102 760/907/102 759/905/102
f 713/942/102 761/908/102 760/907/102
f 713/942/102 746/910/102 761/908/102
f 764/943/485 765/940/483 763/944/486
f 762/909/458 767/945/487 764/946/485
f 767/947/487 768/948/488 765/940/483
f 766/949/489 770/950/490 767/945/487
f 770/951/490 771/952/491 768/948/488
f 769/884/449 773/953/492 770/950/490
f 773/954/492 774/955/393 771/952/491
f 772/889/450 776/956/493 773/953/492
f 776/957/493 777/958/494 774/955/393
f 775/959/423 779/960/495 776/956/493
f 779/961/495 780/962/496 777/958/494
f 778/890/451 782/963/497 779/960/495
f 782/964/497 783/965/498 780/962/496
f 781/892/452 785/966/499 782/963/497
f 785/967/499 786/968/500 783/965/498
f 784/896/453 788/969/501 785/966/499
f 786/968/500 791/970/502 789/971/503
f 788/969/501 790/897/454 791/972/502
f 789/971/503 794/973/504 792/974/505
f 791/972/502 793/899/455 794/975/504
f 792/974/505 797/976/506 795/977/507
f 794/975/504 796/978/508 797/979/506
f 795/977/507 800/980/509 798/981/410
f 797/979/506 799/902/437 800/982/509
f 798/981/410 803/983/510 801/984/511
f 800/982/509 802/904/456 803/985/510
f 801/984/511 806/986/512 804/987/513
f 803/985/510 805/906/457 806/988/512
f 804/989/513 809/990/514 807/991/515
f 806/988/512 808/992/516 809/993/514
f 807/991/515 764/943/485 763/944/486
f 809/993/514 762/909/458 764/946/485
f 747/885/102 762/909/458 746/910/102
f 807/991/515 730/939/480 804/989/513
f 804/987/513 731/934/479 801/984/511
f 801/984/511 732/932/377 798/981/410
f 798/981/410 733/930/476 795/977/507
f 795/977/507 734/928/474 792/974/505
f 792/974/505 735/926/472 789/971/503
f 789/971/503 736/927/473 786/968/500
f 783/965/498 736/927/473 737/924/470
f 780/962/496 737/924/470 738/922/468
f 777/958/494 738/922/468 739/920/466
f 774/955/393 739/920/466 740/918/464
f 771/952/491 740/918/464 741/916/463
f 768/948/488 741/916/463 742/913/460
f 763/944/486 744/941/484 745/881/446
f 763/944/486 743/883/448 807/991/515
f 826/994/459 842/995/446 840/996/517
f 844/997/102 866/998/518 845/999/102
f 846/1000/102 866/998/518 869/1001/519
f 847/1002/102 869/1001/519 872/1003/520
f 847/1002/102 875/1004/521 848/1005/102
f 848/1005/102 878/1006/522 849/1007/102
f 850/1008/102 878/1006/522 881/1009/523
f 851/1010/102 881/1009/523 884/1011/524
f 851/1010/102 887/1012/453 852/1013/102
f 852/1013/102 890/1014/525 853/1015/102
f 854/1016/102 890/1014/525 893/1017/526
f 854/1016/102 896/1018/527 855/1019/102
f 855/1019/102 899/1020/450 856/1021/102
f 856/1021/102 902/1022/528 857/1023/102
f 858/1024/102 902/1022/528 905/1025/489
f 858/1024/102 859/1026/458 843/1027/102
f 842/995/446 812/1028/447 841/1029/529
f 839/1030/530 814/1031/481 838/1032/481
f 838/1032/481 815/1033/378 837/1034/531
f 837/1034/531 816/1035/478 836/1036/476
f 836/1036/476 817/1037/477 835/1038/532
f 835/1038/532 818/1039/475 834/1040/472
f 834/1040/472 819/1041/471 833/1042/473
f 819/1041/471 832/1043/470 833/1042/473
f 820/1044/469 831/1045/533 832/1043/470
f 821/1046/467 830/1047/466 831/1045/533
f 822/1048/465 829/1049/429 830/1047/466
f 823/1050/361 828/1051/463 829/1049/429
f 824/1052/461 827/1053/460 828/1051/463
f 825/1054/462 840/996/517 827/1055/460
f 862/1056/534 839/1030/530 865/1057/535
f 841/1029/529 813/1058/482 839/1030/530
f 810/1059/102 843/1027/102 844/997/102
f 810/1059/102 844/997/102 845/999/102
f 810/1059/102 845/999/102 846/1000/102
f 810/1059/102 846/1000/102 847/1002/102
f 810/1059/102 847/1002/102 848/1005/102
f 810/1059/102 848/1005/102 849/1007/102
f 810/1059/102 849/1007/102 850/1008/102
f 810/1059/102 850/1008/102 851/1010/102
f 810/1059/102 851/1010/102 852/1013/102
f 810/1059/102 852/1013/102 853/1015/102
f 810/1059/102 853/1015/102 854/1016/102
f 810/1059/102 854/1016/102 855/1019/102
f 810/1059/102 855/1019/102 856/1021/102
f 810/1059/102 856/1021/102 857/1023/102
f 810/1059/102 857/1023/102 858/1024/102
f 810/1059/102 858/1024/102 843/1027/102
f 862/1056/534 861/1060/485 860/1061/486
f 864/1062/514 859/1026/458 861/1063/485
f 865/1057/535 864/1064/514 862/1056/534
f 867/1065/512 863/1066/516 864/1062/514
f 868/1067/511 867/1068/512 865/1057/535
f 870/1069/536 866/998/518 867/1065/512
f 871/1070/410 870/1071/536 868/1067/511
f 873/1072/509 869/1001/519 870/1069/536
f 874/1073/507 873/1074/509 871/1070/410
f 876/1075/506 872/1003/520 873/1072/509
f 877/1076/505 876/1077/506 874/1073/507
f 879/1078/537 875/1004/521 876/1075/506
f 880/1079/538 879/1080/537 877/1076/505
f 882/1081/502 878/1006/522 879/1078/537
f 883/1082/500 882/1083/502 880/1079/538
f 885/1084/501 881/1009/523 882/1081/502
f 883/1082/500 888/1085/499 885/1086/501
f 885/1084/501 887/1012/453 884/1011/524
f 886/1087/539 891/1088/540 888/1085/499
f 888/1089/499 890/1014/525 887/1012/453
f 889/1090/496 894/1091/495 891/1088/540
f 891/1092/540 893/1017/526 890/1014/525
f 892/1093/494 897/1094/493 894/1091/495
f 894/1095/495 896/1018/527 893/1017/526
f 895/1096/393 900/1097/541 897/1094/493
f 897/1098/493 899/1020/450 896/1018/527
f 898/1099/491 903/1100/490 900/1097/541
f 900/1101/541 902/1022/528 899/1020/450
f 901/1102/542 906/1103/543 903/1104/490
f 903/1105/490 905/1025/489 902/1022/528
f 904/1106/544 861/1060/485 906/1103/543
f 906/1107/543 859/1026/458 905/1025/489
f 844/997/102 859/1026/458 863/1066/516
f 827/1055/460 904/1106/544 901/1102/542
f 828/1051/463 901/1108/542 898/1099/491
f 829/1049/429 898/1099/491 895/1096/393
f 830/1047/466 895/1096/393 892/1093/494
f 831/1045/533 892/1093/494 889/1090/496
f 832/1043/470 889/1090/496 886/1087/539
f 833/1042/473 886/1087/539 883/1082/500
f 880/1079/538 833/1042/473 883/1082/500
f 877/1076/505 834/1040/472 880/1079/538
f 874/1073/507 835/1038/532 877/1076/505
f 871/1070/410 836/1036/476 874/1073/507
f 868/1067/511 837/1034/531 871/1070/410
f 865/1057/535 838/1032/481 868/1067/511
f 860/1061/486 841/1029/529 862/1056/534
f 840/996/517 860/1061/486 904/1106/544
s 0
f 943/1109/545 908/1110/546 937/1111/547
f 957/1112/548 936/1113/549 951/1114/550
f 1005/1115/551 963/1116/552 977/1117/553
f 928/1118/554 942/1119/555 956/1120/556
f 916/1121/557 922/1122/558 909/1123/559
f 929/1124/560 950/1125/561 923/1126/562
f 999/1127/545 964/1128/546 993/1129/547
f 1013/1130/548 992/1131/549 1007/1132/550
f 1061/1133/551 1019/1134/552 1033/1135/553
f 984/1136/563 998/1137/564 1012/1138/565
f 972/1139/557 978/1140/558 965/1141/559
f 985/1142/560 1006/1143/561 979/1144/562
f 1055/1145/566 1020/1146/567 1049/1147/568
f 1069/1148/569 1048/1149/570 1063/1150/571
f 1040/1151/563 1054/1152/564 1068/1153/565
f 1028/1154/572 1034/1155/573 1021/1156/574
f 1041/1157/575 1062/1158/576 1035/1159/577
f 907/1160/578 911/1161/579 913/1162/580
f 908/1110/546 911/1163/581 910/1164/582
f 909/1123/583 911/1165/584 912/1166/585
f 914/1167/586 918/1168/587 920/1169/588
f 915/1170/589 918/1171/590 917/1172/591
f 916/1121/557 918/1173/592 919/1174/593
f 921/1175/594 925/1176/595 927/1177/596
f 922/1122/558 925/1178/597 924/1179/598
f 923/1126/562 925/1180/595 926/1181/599
f 928/1118/600 932/1182/601 934/1183/602
f 929/1124/560 932/1184/603 931/1185/604
f 930/1186/605 932/1187/606 933/1188/607
f 935/1189/608 939/1190/609 941/1191/610
f 936/1113/549 939/1192/611 938/1193/612
f 937/1111/547 939/1194/609 940/1195/613
f 942/1119/564 946/1196/614 948/1197/615
f 943/1109/545 946/1198/616 945/1199/617
f 944/1200/618 946/1201/619 947/1202/620
f 949/1203/621 953/1204/622 955/1205/623
f 950/1125/561 953/1206/624 952/1207/625
f 951/1114/550 953/1208/250 954/1209/626
f 956/1120/565 960/1210/627 962/1211/628
f 957/1112/548 960/1212/629 959/1213/630
f 958/1214/631 960/1215/254 961/1216/632
f 963/1116/633 967/1217/634 969/1218/580
f 964/1128/635 967/1219/634 966/1220/636
f 965/1141/637 967/1221/579 968/1222/638
f 970/1223/639 974/1224/640 976/1225/588
f 971/1226/589 974/1227/587 973/1228/591
f 972/1139/641 974/1229/642 975/1230/593
f 977/1117/643 981/1231/597 983/1232/644
f 978/1140/645 981/1233/646 980/1234/598
f 979/1144/647 981/1235/597 982/1236/648
f 984/1136/600 988/1237/603 990/1238/649
f 985/1142/650 988/1239/651 987/1240/652
f 986/1241/653 988/1242/651 989/1243/607
f 991/1244/654 995/1245/655 997/1246/656
f 992/1131/657 995/1247/658 994/1248/612
f 993/1129/547 995/1249/655 996/1250/613
f 998/1137/659 1002/1251/245 1004/1252/660
f 999/1127/661 1002/1253/662 1001/1254/663
f 1000/1255/664 1002/1256/614 1003/1257/620
f 1005/1115/665 1009/1258/666 1011/1259/623
f 1006/1143/667 1009/1260/666 1008/1261/625
f 1007/1132/668 1009/1262/666 1010/1263/626
f 1012/1138/565 1016/1264/629 1018/1265/628
f 1013/1130/669 1016/1266/670 1015/1267/671
f 1014/1268/672 1016/1269/627 1017/1270/632
f 1019/1134/633 1023/1271/673 1025/1272/674
f 1020/1146/567 1023/1273/634 1022/1274/636
f 1021/1156/675 1023/1275/579 1024/1276/676
f 1026/1277/677 1030/1278/640 1032/1279/678
f 1027/1280/589 1030/1281/590 1029/1282/679
f 1028/1154/572 1030/1283/680 1031/1284/593
f 1033/1135/681 1037/1285/682 1039/1286/683
f 1034/1155/573 1037/1287/646 1036/1288/598
f 1035/1159/577 1037/1289/684 1038/1290/685
f 1040/1151/686 1044/1291/601 1046/1292/687
f 1041/1157/575 1044/1293/603 1043/1294/652
f 1042/1295/688 1044/1296/603 1045/1297/689
f 1047/1298/654 1051/1299/690 1053/1300/691
f 1048/1149/692 1051/1301/658 1050/1302/612
f 1049/1147/568 1051/1303/655 1052/1304/693
f 1054/1152/694 1058/1305/662 1060/1306/695
f 1055/1145/566 1058/1307/616 1057/1308/663
f 1056/1309/696 1058/1310/616 1059/1311/697
f 1061/1133/665 1065/1312/698 1067/1313/699
f 1062/1158/576 1065/1314/666 1064/1315/700
f 1063/1150/571 1065/1316/666 1066/1317/701
f 1068/1153/702 1072/1318/703 1074/1319/704
f 1069/1148/705 1072/1320/706 1071/1321/630
f 1070/1322/707 1072/1323/670 1073/1324/708
f 907/1160/709 924/1325/598 921/1175/681
f 913/1326/580 922/1122/558 924/1179/598
f 914/1167/586 912/1327/710 908/1110/546
f 920/1328/588 909/1123/559 912/1166/710
f 928/1118/600 919/1329/711 915/1170/589
f 934/1330/602 916/1121/557 919/1174/593
f 929/1124/712 926/1181/599 933/1331/607
f 926/1332/599 930/1186/605 933/1188/607
f 921/1175/594 952/1333/625 949/1203/621
f 927/1334/596 950/1125/561 952/1207/625
f 956/1120/565 931/1335/713 928/1118/563
f 962/1336/704 929/1124/560 931/1185/713
f 951/1114/714 961/1337/632 957/1112/669
f 954/1338/715 958/1214/631 961/1216/632
f 949/1203/716 938/1339/612 935/1189/717
f 955/1340/623 936/1113/549 938/1193/612
f 942/1119/659 959/1341/718 956/1120/565
f 948/1342/615 957/1112/548 959/1213/630
f 943/1109/545 940/1195/613 947/1343/620
f 940/1344/613 944/1200/618 947/1202/620
f 935/1189/608 910/1345/582 907/1160/578
f 941/1346/610 908/1110/546 910/1164/582
f 915/1170/589 945/1347/719 942/1119/564
f 917/1348/679 943/1109/545 945/1199/719
f 963/1116/552 980/1349/720 977/1117/553
f 969/1350/580 978/1140/721 980/1234/598
f 964/1128/546 976/1225/722 968/1351/638
f 976/1352/722 965/1141/559 968/1222/638
f 984/1136/563 975/1353/711 971/1226/589
f 990/1354/602 972/1139/557 975/1230/593
f 979/1144/723 989/1355/607 985/1142/712
f 989/1243/607 978/1140/721 986/1241/605
f 977/1117/553 1008/1356/625 1005/1115/551
f 983/1357/596 1006/1143/667 1008/1261/625
f 1012/1138/565 987/1358/713 984/1136/563
f 1018/1359/704 985/1142/650 987/1240/713
f 1007/1132/550 1017/1360/632 1013/1130/548
f 1017/1270/632 1006/1143/724 1014/1268/725
f 1005/1115/551 994/1361/726 991/1244/727
f 1011/1362/623 992/1131/728 994/1248/612
f 998/1137/564 1015/1363/718 1012/1138/565
f 1004/1364/615 1013/1130/548 1015/1267/630
f 993/1129/729 1003/1365/620 999/1127/730
f 1003/1257/620 992/1131/728 1000/1255/618
f 991/1244/727 966/1366/582 963/1116/552
f 997/1367/610 964/1128/635 966/1220/582
f 971/1226/589 1001/1368/719 998/1137/564
f 973/1369/679 999/1127/661 1001/1254/719
f 1019/1134/633 1036/1370/598 1033/1135/681
f 1025/1371/580 1034/1155/573 1036/1288/598
f 1026/1277/677 1024/1372/731 1020/1146/567
f 1024/1276/731 1028/1154/572 1021/1156/574
f 1040/1151/563 1031/1373/593 1027/1280/589
f 1046/1374/602 1028/1154/572 1031/1284/593
f 1035/1159/577 1045/1375/732 1041/1157/575
f 1045/1297/732 1034/1155/573 1042/1295/733
f 1033/1135/553 1064/1376/625 1061/1133/551
f 1039/1377/596 1062/1158/576 1064/1315/625
f 1068/1153/565 1043/1378/713 1040/1151/563
f 1074/1379/704 1041/1157/575 1043/1294/713
f 1063/1150/571 1073/1380/708 1069/1148/569
f 1073/1324/708 1062/1158/576 1070/1322/707
f 1061/1133/665 1050/1381/612 1047/1298/717
f 1067/1382/623 1048/1149/570 1050/1302/612
f 1054/1152/564 1071/1383/630 1068/1153/565
f 1060/1384/615 1069/1148/569 1071/1321/630
f 1049/1147/568 1059/1385/697 1055/1145/566
f 1059/1311/697 1048/1149/570 1056/1309/696
f 1047/1298/727 1022/1386/582 1019/1134/552
f 1053/1387/610 1020/1146/567 1022/1274/582
f 1027/1280/589 1057/1388/719 1054/1152/564
f 1029/1389/679 1055/1145/566 1057/1308/719
f 949/1203/551 907/1160/552 921/1175/553
s 1
f 1076/1390/734 1080/1391/107 1075/1392/735
f 1081/1393/736 1077/1394/103 1082/1395/737
f 1082/1395/737 1083/1396/738 1081/1393/736
f 1084/1397/738 1085/1398/739 1083/1396/738
f 1086/1399/739 1087/1400/740 1085/1398/739
f 1088/1401/740 1089/1402/73 1087/1400/740
f 1090/1403/73 1091/1404/741 1089/1402/73
f 1092/1405/741 1093/1406/742 1091/1404/741
f 1094/1407/742 1095/1408/743 1093/1406/742
f 1096/1409/743 1075/1392/735 1095/1408/743
f 1102/1410/103 1098/1411/744 1097/1412/737
f 1099/1413/107 1103/1414/734 1104/1415/735
f 1105/1416/743 1104/1415/735 1103/1414/734
f 1107/1417/742 1106/1418/743 1105/1416/743
f 1109/1419/741 1108/1420/742 1107/1417/742
f 1111/1421/73 1110/1422/741 1109/1419/741
f 1113/1423/740 1112/1424/73 1111/1421/73
f 1115/1425/739 1114/1426/740 1113/1423/740
f 1117/1427/738 1116/1428/739 1115/1425/739
f 1097/1412/737 1118/1429/738 1117/1427/738
s 0
f 1155/1430/745 1120/1431/746 1149/1432/747
f 1169/1433/748 1148/1434/749 1163/1435/750
f 1140/1436/751 1154/1437/752 1168/1438/753
f 1128/1439/754 1134/1440/755 1121/1441/756
f 1141/1442/757 1162/1443/758 1135/1444/759
f 1119/1445/760 1123/1446/579 1125/1447/761
f 1120/1431/746 1123/1448/581 1122/1449/582
f 1121/1441/762 1123/1450/579 1124/1451/763
f 1126/1452/764 1130/1453/640 1132/1454/765
f 1127/1455/766 1130/1456/767 1129/1457/768
f 1128/1439/754 1130/1458/592 1131/1459/711
f 1133/1460/769 1137/1461/595 1139/1462/644
f 1134/1440/770 1137/1463/646 1136/1464/720
f 1135/1444/771 1137/1465/772 1138/1466/773
f 1140/1436/774 1144/1467/775 1146/1468/776
f 1141/1442/757 1144/1469/601 1143/1470/777
f 1142/1471/778 1144/1472/651 1145/1473/779
f 1147/1474/654 1151/1475/609 1153/1476/610
f 1148/1434/749 1151/1477/611 1150/1478/726
f 1149/1432/780 1151/1479/609 1152/1480/244
f 1154/1437/781 1158/1481/782 1160/1482/660
f 1155/1430/783 1158/1483/616 1157/1484/617
f 1156/1485/784 1158/1486/245 1159/1487/249
f 1161/1488/785 1165/1489/786 1167/1490/787
f 1162/1443/788 1165/1491/789 1164/1492/790
f 1163/1435/791 1165/1493/666 1166/1494/253
f 1168/1438/792 1172/1495/793 1174/1496/794
f 1169/1433/795 1172/1497/703 1171/1498/718
f 1170/1499/796 1172/1500/797 1173/1501/798
f 1119/1445/760 1136/1502/799 1133/1460/769
f 1125/1503/800 1134/1440/770 1136/1464/720
f 1126/1452/801 1124/1504/802 1120/1431/746
f 1124/1451/802 1128/1439/754 1121/1441/756
f 1140/1436/751 1131/1505/803 1127/1455/804
f 1146/1506/805 1128/1439/806 1131/1459/711
f 1141/1442/757 1138/1466/807 1145/1507/808
f 1138/1508/809 1142/1471/778 1145/1473/808
f 1133/1460/769 1164/1509/810 1161/1488/785
f 1139/1510/811 1162/1443/812 1164/1492/810
f 1168/1438/813 1143/1511/713 1140/1436/814
f 1174/1512/815 1141/1442/816 1143/1470/817
f 1169/1433/818 1166/1494/253 1173/1513/258
f 1166/1514/819 1170/1499/820 1173/1501/258
f 1161/1488/785 1150/1515/821 1147/1474/822
f 1167/1516/787 1148/1434/823 1150/1478/726
f 1154/1437/752 1171/1517/824 1168/1438/753
f 1160/1518/825 1169/1433/818 1171/1498/718
f 1155/1430/745 1152/1480/244 1159/1519/249
f 1152/1520/826 1156/1485/827 1159/1487/249
f 1147/1474/822 1122/1521/582 1119/1445/760
f 1153/1522/610 1120/1431/746 1122/1449/582
f 1127/1455/828 1157/1523/719 1154/1437/781
f 1129/1524/829 1155/1430/783 1157/1484/830
f 1161/1488/831 1119/1445/832 1133/1460/833
f 1176/1525/759 1211/1526/820 1205/1527/758
f 1204/1528/750 1225/1529/827 1219/1530/749
f 1210/1531/753 1196/1532/804 1224/1533/752
f 1190/1534/756 1184/1535/834 1177/1536/755
f 1218/1537/747 1197/1538/835 1191/1539/746
f 1175/1540/643 1179/1541/595 1178/1542/596
f 1176/1525/836 1179/1543/837 1180/1544/807
f 1177/1536/755 1179/1545/597 1181/1546/720
f 1182/1547/757 1186/1548/603 1185/1549/604
f 1183/1550/814 1186/1551/601 1187/1552/649
f 1184/1535/778 1186/1553/606 1188/1554/808
f 1189/1555/832 1193/1556/581 1192/1557/761
f 1190/1534/838 1193/1558/579 1194/1559/763
f 1191/1539/746 1193/1560/673 1195/1561/636
f 1196/1532/766 1200/1562/590 1199/1563/591
f 1197/1538/839 1200/1564/840 1201/1565/841
f 1198/1566/842 1200/1567/680 1202/1568/711
f 1203/1569/785 1207/1570/624 1206/1571/787
f 1204/1528/791 1207/1572/250 1208/1573/253
f 1205/1527/758 1207/1574/624 1209/1575/625
f 1210/1531/702 1214/1576/703 1213/1577/843
f 1211/1526/844 1214/1578/629 1215/1579/845
f 1212/1580/748 1214/1581/629 1216/1582/718
f 1217/1583/608 1221/1584/241 1220/1585/610
f 1218/1537/846 1221/1586/847 1222/1587/848
f 1219/1530/849 1221/1588/658 1223/1589/726
f 1224/1533/850 1228/1590/851 1227/1591/852
f 1225/1529/784 1228/1592/782 1229/1593/853
f 1226/1594/854 1228/1595/662 1230/1596/855
f 1192/1557/761 1175/1540/769 1189/1555/760
f 1190/1534/838 1181/1546/720 1192/1597/761
f 1180/1544/807 1182/1547/757 1176/1525/759
f 1180/1598/809 1184/1535/778 1188/1554/808
f 1187/1552/649 1196/1532/804 1183/1550/751
f 1184/1535/778 1202/1568/711 1187/1599/649
f 1197/1538/801 1194/1600/802 1191/1539/746
f 1198/1566/806 1194/1559/802 1201/1601/856
f 1220/1585/857 1189/1555/760 1217/1583/822
f 1218/1537/780 1195/1561/636 1220/1602/857
f 1199/1563/679 1224/1533/781 1196/1532/828
f 1197/1538/801 1230/1596/830 1199/1603/829
f 1225/1529/784 1222/1604/826 1219/1530/823
f 1226/1594/745 1222/1587/244 1229/1605/249
f 1206/1571/787 1217/1583/822 1203/1569/785
f 1204/1528/791 1223/1589/726 1206/1606/858
f 1227/1591/660 1210/1531/753 1224/1533/752
f 1225/1529/784 1216/1582/718 1227/1607/660
f 1211/1526/859 1208/1608/253 1205/1527/758
f 1212/1580/748 1208/1573/253 1215/1609/258
f 1178/1542/596 1203/1569/785 1175/1540/769
f 1176/1525/759 1209/1575/625 1178/1610/596
f 1213/1577/704 1183/1550/814 1210/1531/813
f 1211/1526/859 1185/1549/817 1213/1611/815
f 1175/1540/833 1217/1583/860 1189/1555/832
s 1
f 1275/1612/861 1279/1613/73 1278/1614/862
f 1277/1615/863 1279/1613/73 1276/1616/864
f 1279/1613/73 1281/1617/865 1278/1614/862
f 1279/1613/73 1283/1618/866 1282/1619/867
f 1231/1620/581 1275/1612/861 1241/1621/868
f 1242/1622/869 1276/1616/864 1275/1612/861
f 1244/1623/870 1276/1616/864 1243/1624/739
f 1232/1625/590 1277/1615/863 1244/1623/870
f 1245/1626/871 1280/1627/872 1277/1615/863
f 1280/1627/872 1247/1628/873 1283/1618/866
f 1283/1618/866 1234/1629/606 1248/1630/874
f 1282/1619/867 1248/1630/874 1249/1631/742
f 1282/1619/867 1250/1632/875 1281/1617/865
f 1281/1617/865 1233/1633/684 1239/1634/876
f 1278/1614/862 1239/1634/876 1240/1635/877
f 1241/1621/868 1278/1614/862 1240/1635/877
f 1284/1636/878 1288/1637/107 1287/1638/879
f 1286/1639/880 1288/1637/107 1285/1640/881
f 1288/1637/107 1290/1641/882 1287/1638/879
f 1288/1637/107 1292/1642/883 1291/1643/884
f 1233/1633/684 1284/1636/878 1253/1644/885
f 1250/1632/875 1285/1640/881 1284/1636/878
f 1248/1630/874 1285/1640/881 1249/1631/742
f 1234/1629/606 1286/1639/880 1248/1630/874
f 1254/1645/886 1289/1646/887 1286/1639/880
f 1289/1646/887 1256/1647/888 1292/1642/883
f 1292/1648/883 1238/1649/254 1257/1650/889
f 1291/1651/884 1257/1650/889 1258/1652/890
f 1291/1651/884 1259/1653/891 1290/1654/882
f 1290/1654/882 1237/1655/250 1251/1656/892
f 1287/1638/879 1251/1657/892 1252/1658/108
f 1253/1644/885 1287/1638/879 1252/1658/108
f 1293/1659/893 1297/1660/894 1296/1661/895
f 1295/1662/896 1297/1660/894 1294/1663/897
f 1297/1660/894 1299/1664/898 1296/1661/895
f 1297/1660/894 1301/1665/899 1300/1666/900
f 1237/1655/250 1293/1659/893 1262/1667/901
f 1259/1653/891 1294/1663/897 1293/1659/893
f 1257/1650/889 1294/1663/897 1258/1652/890
f 1238/1649/254 1295/1662/896 1257/1650/889
f 1263/1668/902 1298/1669/903 1295/1662/896
f 1298/1669/903 1265/1670/904 1301/1665/899
f 1301/1665/899 1236/1671/245 1266/1672/905
f 1300/1666/900 1266/1672/905 1267/1673/906
f 1300/1666/900 1268/1674/907 1299/1664/898
f 1299/1664/898 1235/1675/611 1260/1676/908
f 1296/1661/895 1260/1676/908 1261/1677/909
f 1262/1667/901 1296/1661/895 1261/1677/909
f 1302/1678/910 1306/1679/103 1305/1680/911
f 1304/1681/912 1306/1679/103 1303/1682/913
f 1306/1679/103 1308/1683/914 1305/1680/911
f 1306/1679/103 1310/1684/915 1309/1685/916
f 1235/1675/611 1302/1686/910 1271/1687/917
f 1268/1674/907 1303/1688/913 1302/1686/910
f 1266/1672/905 1303/1688/913 1267/1673/906
f 1236/1671/245 1304/1689/912 1266/1672/905
f 1272/1690/918 1307/1691/919 1304/1681/912
f 1307/1691/919 1274/1692/920 1310/1684/915
f 1310/1684/915 1232/1625/590 1244/1623/870
f 1309/1685/916 1244/1623/870 1243/1624/739
f 1309/1685/916 1242/1622/869 1308/1683/914
f 1308/1683/914 1231/1620/581 1269/1693/921
f 1305/1680/911 1269/1693/921 1270/1694/101
f 1271/1695/917 1305/1680/911 1270/1694/101
f 1311/1696/922 1315/1697/102 1314/1698/923
f 1313/1699/924 1315/1697/102 1312/1700/925
f 1315/1697/102 1317/1701/926 1314/1698/923
f 1315/1697/102 1319/1702/927 1318/1703/928
f 1233/1633/684 1311/1696/922 1239/1634/876
f 1253/1644/885 1312/1700/925 1311/1696/922
f 1251/1657/892 1312/1700/925 1252/1658/108
f 1237/1655/250 1313/1704/924 1251/1656/892
f 1262/1667/901 1316/1705/929 1313/1704/924
f 1316/1705/929 1260/1676/908 1319/1706/927
f 1319/1706/927 1235/1675/611 1271/1687/917
f 1318/1703/928 1271/1695/917 1270/1694/101
f 1318/1703/928 1269/1693/921 1317/1701/926
f 1317/1701/926 1231/1620/581 1241/1621/868
f 1314/1698/923 1241/1621/868 1240/1635/877
f 1239/1634/876 1314/1698/923 1240/1635/877
f 1320/1707/930 1324/1708/105 1323/1709/931
f 1322/1710/932 1324/1708/105 1321/1711/933
f 1324/1708/105 1326/1712/934 1323/1709/931
f 1324/1708/105 1328/1713/935 1327/1714/936
f 1238/1649/254 1320/1715/930 1263/1668/902
f 1256/1647/888 1321/1711/933 1320/1707/930
f 1254/1645/886 1321/1711/933 1255/1716/106
f 1234/1629/606 1322/1710/932 1254/1645/886
f 1247/1628/873 1325/1717/937 1322/1710/932
f 1325/1717/937 1245/1626/871 1328/1713/935
f 1328/1713/935 1232/1625/590 1274/1692/920
f 1327/1714/936 1274/1692/920 1273/1718/104
f 1327/1714/936 1272/1690/918 1326/1712/934
f 1326/1719/934 1236/1671/245 1265/1670/904
f 1323/1720/931 1265/1670/904 1264/1721/938
f 1263/1668/902 1323/1720/931 1264/1721/938
f 1331/1722/101 1330/1723/102 1329/1724/102
f 1333/1725/103 1332/1726/101 1331/1722/101
f 1335/1727/104 1334/1728/103 1333/1725/103
f 1337/1729/105 1336/1730/104 1335/1727/104
f 1339/1731/106 1338/1732/105 1337/1729/105
f 1341/1733/107 1340/1734/106 1339/1731/106
f 1343/1735/108 1342/1736/107 1341/1733/107
f 1329/1724/102 1344/1737/108 1343/1738/108
f 1389/1739/861 1393/1740/73 1392/1741/862
f 1391/1742/863 1393/1740/73 1390/1743/864
f 1393/1740/73 1395/1744/939 1392/1741/862
f 1393/1740/73 1397/1745/866 1396/1746/867
f 1345/1747/584 1389/1739/861 1355/1748/868
f 1356/1749/940 1390/1743/864 1389/1739/861
f 1358/1750/870 1390/1743/864 1357/1751/739
f 1346/1752/640 1391/1742/863 1358/1750/870
f 1359/1753/871 1394/1754/872 1391/1742/863
f 1394/1754/872 1361/1755/873 1397/1745/866
f 1397/1745/866 1348/1756/941 1362/1757/942
f 1396/1746/867 1362/1757/942 1363/1758/742
f 1396/1746/867 1364/1759/875 1395/1744/939
f 1395/1744/939 1347/1760/837 1353/1761/876
f 1392/1741/862 1353/1761/876 1354/1762/877
f 1355/1748/868 1392/1741/862 1354/1762/877
f 1398/1763/943 1402/1764/107 1401/1765/879
f 1400/1766/880 1402/1764/107 1399/1767/881
f 1402/1764/107 1404/1768/882 1401/1765/879
f 1402/1764/107 1406/1769/944 1405/1770/884
f 1347/1760/837 1398/1763/943 1367/1771/885
f 1364/1759/875 1399/1767/881 1398/1763/943
f 1362/1757/942 1399/1767/881 1363/1758/742
f 1348/1756/941 1400/1766/880 1362/1757/942
f 1368/1772/886 1403/1773/887 1400/1766/880
f 1403/1773/887 1370/1774/888 1406/1769/944
f 1406/1775/944 1352/1776/629 1371/1777/889
f 1405/1778/884 1371/1777/889 1372/1779/890
f 1405/1778/884 1373/1780/891 1404/1781/882
f 1404/1781/882 1351/1782/250 1365/1783/892
f 1401/1765/879 1365/1784/892 1366/1785/108
f 1367/1771/885 1401/1765/879 1366/1785/108
f 1407/1786/893 1411/1787/894 1410/1788/895
f 1409/1789/945 1411/1787/894 1408/1790/897
f 1411/1787/894 1413/1791/898 1410/1788/895
f 1411/1787/894 1415/1792/899 1414/1793/900
f 1351/1782/250 1407/1786/893 1376/1794/901
f 1373/1780/891 1408/1790/897 1407/1786/893
f 1371/1777/889 1408/1790/897 1372/1779/890
f 1352/1776/629 1409/1789/945 1371/1777/889
f 1377/1795/902 1412/1796/903 1409/1789/945
f 1412/1796/903 1379/1797/904 1415/1792/899
f 1415/1792/899 1350/1798/614 1380/1799/905
f 1414/1793/900 1380/1799/905 1381/1800/906
f 1414/1793/900 1382/1801/946 1413/1791/898
f 1413/1791/898 1349/1802/241 1374/1803/908
f 1410/1788/895 1374/1803/908 1375/1804/909
f 1376/1794/901 1410/1788/895 1375/1804/909
f 1416/1805/910 1420/1806/103 1419/1807/911
f 1418/1808/947 1420/1806/103 1417/1809/913
f 1420/1806/103 1422/1810/914 1419/1807/911
f 1420/1806/103 1424/1811/915 1423/1812/916
f 1349/1802/241 1416/1813/910 1385/1814/917
f 1382/1801/946 1417/1815/913 1416/1813/910
f 1380/1799/905 1417/1815/913 1381/1800/906
f 1350/1798/614 1418/1816/947 1380/1799/905
f 1386/1817/918 1421/1818/919 1418/1808/947
f 1421/1818/919 1388/1819/920 1424/1811/915
f 1424/1811/915 1346/1752/640 1358/1750/870
f 1423/1812/916 1358/1750/870 1357/1751/739
f 1423/1812/916 1356/1749/940 1422/1810/914
f 1422/1810/914 1345/1747/584 1383/1820/921
f 1419/1807/911 1383/1820/921 1384/1821/101
f 1385/1822/917 1419/1807/911 1384/1821/101
f 1425/1823/948 1429/1824/102 1428/1825/923
f 1427/1826/924 1429/1824/102 1426/1827/925
f 1429/1824/102 1431/1828/949 1428/1825/923
f 1429/1824/102 1433/1829/927 1432/1830/928
f 1347/1760/837 1425/1823/948 1353/1761/876
f 1367/1771/885 1426/1827/925 1425/1823/948
f 1365/1784/892 1426/1827/925 1366/1785/108
f 1351/1782/250 1427/1831/924 1365/1783/892
f 1376/1794/901 1430/1832/929 1427/1831/924
f 1430/1832/929 1374/1803/908 1433/1833/927
f 1433/1833/927 1349/1802/241 1385/1814/917
f 1432/1830/928 1385/1822/917 1384/1821/101
f 1432/1830/928 1383/1820/921 1431/1828/949
f 1431/1828/949 1345/1747/584 1355/1748/868
f 1428/1825/923 1355/1748/868 1354/1762/877
f 1353/1761/876 1428/1825/923 1354/1762/877
f 1434/1834/950 1438/1835/105 1437/1836/931
f 1436/1837/951 1438/1835/105 1435/1838/933
f 1438/1835/105 1440/1839/934 1437/1836/931
f 1438/1835/105 1442/1840/952 1441/1841/936
f 1352/1776/629 1434/1842/950 1377/1795/902
f 1370/1774/888 1435/1838/933 1434/1834/950
f 1368/1772/886 1435/1838/933 1369/1843/106
f 1348/1756/941 1436/1837/951 1368/1772/886
f 1361/1755/873 1439/1844/937 1436/1837/951
f 1439/1844/937 1359/1753/871 1442/1840/952
f 1442/1840/952 1346/1752/640 1388/1819/920
f 1441/1841/936 1388/1819/920 1387/1845/104
f 1441/1841/936 1386/1817/918 1440/1839/934
f 1440/1846/934 1350/1798/614 1379/1797/904
f 1437/1847/931 1379/1797/904 1378/1848/938
f 1377/1795/902 1437/1847/931 1378/1848/938
f 1445/1849/101 1444/1850/102 1443/1851/102
f 1447/1852/103 1446/1853/101 1445/1849/101
f 1449/1854/104 1448/1855/103 1447/1852/103
f 1451/1856/105 1450/1857/104 1449/1854/104
f 1453/1858/106 1452/1859/105 1451/1856/105
f 1455/1860/107 1454/1861/106 1453/1858/106
f 1457/1862/108 1456/1863/107 1455/1860/107
f 1443/1851/102 1458/1864/108 1457/1865/108
f 1503/1866/861 1507/1867/73 1506/1868/862
f 1505/1869/863 1507/1867/73 1504/1870/864
f 1507/1867/73 1509/1871/953 1506/1868/862
f 1507/1867/73 1511/1872/954 1510/1873/867
f 1459/1874/673 1503/1866/861 1469/1875/955
f 1470/1876/956 1504/1870/864 1503/1866/861
f 1472/1877/957 1504/1870/864 1471/1878/739
f 1460/1879/590 1505/1869/863 1472/1877/957
f 1473/1880/871 1508/1881/872 1505/1869/863
f 1508/1881/872 1475/1882/958 1511/1872/954
f 1511/1872/954 1462/1883/603 1476/1884/874
f 1510/1873/867 1476/1884/874 1477/1885/742
f 1510/1873/867 1478/1886/875 1509/1871/953
f 1509/1871/953 1461/1887/597 1467/1888/876
f 1506/1868/862 1467/1888/876 1468/1889/877
f 1469/1875/955 1506/1868/862 1468/1889/877
f 1512/1890/943 1516/1891/107 1515/1892/879
f 1514/1893/880 1516/1891/107 1513/1894/881
f 1516/1891/107 1518/1895/959 1515/1892/879
f 1516/1891/107 1520/1896/883 1519/1897/884
f 1461/1887/597 1512/1890/943 1481/1898/885
f 1478/1886/875 1513/1894/881 1512/1890/943
f 1476/1884/874 1513/1894/881 1477/1885/742
f 1462/1883/603 1514/1893/880 1476/1884/874
f 1482/1899/886 1517/1900/887 1514/1893/880
f 1517/1900/887 1484/1901/888 1520/1896/883
f 1520/1902/883 1466/1903/703 1485/1904/960
f 1519/1905/884 1485/1904/960 1486/1906/890
f 1519/1905/884 1487/1907/891 1518/1908/959
f 1518/1908/959 1465/1909/698 1479/1910/892
f 1515/1892/879 1479/1911/892 1480/1912/108
f 1481/1898/885 1515/1892/879 1480/1912/108
f 1521/1913/961 1525/1914/894 1524/1915/895
f 1523/1916/945 1525/1914/894 1522/1917/897
f 1525/1914/894 1527/1918/898 1524/1915/895
f 1525/1914/894 1529/1919/962 1528/1920/900
f 1465/1909/698 1521/1913/961 1490/1921/963
f 1487/1907/891 1522/1917/897 1521/1913/961
f 1485/1904/960 1522/1917/897 1486/1906/890
f 1466/1903/703 1523/1916/945 1485/1904/960
f 1491/1922/902 1526/1923/903 1523/1916/945
f 1526/1923/903 1493/1924/904 1529/1919/962
f 1529/1919/962 1464/1925/245 1494/1926/905
f 1528/1920/900 1494/1926/905 1495/1927/906
f 1528/1920/900 1496/1928/946 1527/1918/898
f 1527/1918/898 1463/1929/964 1488/1930/908
f 1524/1915/895 1488/1930/908 1489/1931/909
f 1490/1921/963 1524/1915/895 1489/1931/909
f 1530/1932/910 1534/1933/103 1533/1934/911
f 1532/1935/912 1534/1933/103 1531/1936/913
f 1534/1933/103 1536/1937/914 1533/1934/911
f 1534/1933/103 1538/1938/965 1537/1939/916
f 1463/1929/964 1530/1940/910 1499/1941/917
f 1496/1928/946 1531/1942/913 1530/1940/910
f 1494/1926/905 1531/1942/913 1495/1927/906
f 1464/1925/245 1532/1943/912 1494/1926/905
f 1500/1944/918 1535/1945/919 1532/1935/912
f 1535/1945/919 1502/1946/920 1538/1938/965
f 1538/1938/965 1460/1879/590 1472/1877/957
f 1537/1939/916 1472/1877/957 1471/1878/739
f 1537/1939/916 1470/1876/956 1536/1937/914
f 1536/1937/914 1459/1874/673 1497/1947/921
f 1533/1934/911 1497/1947/921 1498/1948/101
f 1499/1949/917 1533/1934/911 1498/1948/101
f 1539/1950/922 1543/1951/102 1542/1952/923
f 1541/1953/966 1543/1951/102 1540/1954/925
f 1543/1951/102 1545/1955/967 1542/1952/923
f 1543/1951/102 1547/1956/927 1546/1957/928
f 1461/1887/597 1539/1950/922 1467/1888/876
f 1481/1898/885 1540/1954/925 1539/1950/922
f 1479/1911/892 1540/1954/925 1480/1912/108
f 1465/1909/698 1541/1958/966 1479/1910/892
f 1490/1921/963 1544/1959/929 1541/1958/966
f 1544/1959/929 1488/1930/908 1547/1960/927
f 1547/1960/927 1463/1929/964 1499/1941/917
f 1546/1957/928 1499/1949/917 1498/1948/101
f 1546/1957/928 1497/1947/921 1545/1955/967
f 1545/1955/967 1459/1874/673 1469/1875/955
f 1542/1952/923 1469/1875/955 1468/1889/877
f 1467/1888/876 1542/1952/923 1468/1889/877
f 1548/1961/930 1552/1962/105 1551/1963/931
f 1550/1964/968 1552/1962/105 1549/1965/933
f 1552/1962/105 1554/1966/934 1551/1963/931
f 1552/1962/105 1556/1967/969 1555/1968/970
f 1466/1903/703 1548/1969/930 1491/1922/902
f 1484/1901/888 1549/1965/933 1548/1961/930
f 1482/1899/886 1549/1965/933 1483/1970/106
f 1462/1883/603 1550/1964/968 1482/1899/886
f 1475/1882/958 1553/1971/937 1550/1964/968
f 1553/1971/937 1473/1880/871 1556/1967/969
f 1556/1967/969 1460/1879/590 1502/1946/920
f 1555/1968/970 1502/1946/920 1501/1972/104
f 1555/1968/970 1500/1944/918 1554/1966/934
f 1554/1973/934 1464/1925/245 1493/1924/904
f 1551/1974/931 1493/1924/904 1492/1975/938
f 1491/1922/902 1551/1974/931 1492/1975/938
f 1559/1976/101 1558/1977/102 1557/1978/102
f 1561/1979/103 1560/1980/101 1559/1976/101
f 1563/1981/104 1562/1982/103 1561/1979/103
f 1565/1983/105 1564/1984/104 1563/1981/104
f 1567/1985/106 1566/1986/105 1565/1983/105
f 1569/1987/107 1568/1988/106 1567/1985/106
f 1571/1989/108 1570/1990/107 1569/1987/107
f 1557/1978/102 1572/1991/108 1571/1992/108
f 1/1/1 3/4/1 17/2/2
f 3/4/1 4/6/5 19/5/4
f 4/6/5 5/8/1 23/7/6
f 5/8/1 6/14/5 25/9/7
f 173/10/8 114/94/69 29/11/9
f 112/13/11 123/53/40 25/9/7
f 109/15/1 117/139/100 124/16/12
f 9/18/1 35/22/15 28/19/14
f 8/21/5 31/24/16 35/22/15
f 2/23/5 14/25/17 31/24/16
f 1/1/1 10/3/3 14/25/17
f 164/26/18 166/96/70 22/27/19
f 70/29/21 65/79/59 165/12/10
f 167/30/22 34/54/41 32/31/23
f 108/35/25 7/20/5 28/19/14
f 13/37/27 15/58/30 12/38/28
f 15/40/30 14/25/17 10/3/3
f 17/2/2 19/5/4 21/42/31
f 18/44/32 21/59/31 20/45/33
f 23/7/6 25/9/7 27/47/35
f 24/49/36 27/60/35 26/28/20
f 115/50/37 126/63/46 129/51/38
f 123/53/40 130/186/116 27/47/35
f 34/54/41 36/67/43 33/55/42
f 36/56/43 35/22/15 31/24/16
f 32/31/23 33/55/42 15/58/30
f 33/57/42 31/24/16 14/25/17
f 10/3/3 17/2/2 18/43/32
f 12/38/28 18/44/32 16/46/34
f 19/5/4 23/7/6 24/48/36
f 21/59/31 24/49/36 22/27/19
f 27/60/35 130/189/116 127/61/44
f 26/28/20 127/61/44 170/62/45
f 126/63/46 115/50/37 171/64/47
f 30/66/49 121/184/113 118/36/26
f 29/11/9 30/95/49 36/67/43
f 30/66/49 28/19/14 35/22/15
f 37/68/50 46/106/78 53/69/51
f 39/70/52 53/69/51 55/71/53
f 40/72/50 55/71/53 59/73/54
f 41/74/50 59/73/54 61/75/55
f 66/77/57 147/194/99 142/78/58
f 61/75/55 151/119/88 138/80/60
f 150/81/61 145/131/96 135/82/50
f 64/84/63 71/87/64 45/85/52
f 71/87/64 67/89/65 44/88/50
f 67/89/65 50/91/66 38/90/52
f 50/91/66 46/106/78 37/68/50
f 16/46/34 20/45/33 163/92/67
f 114/94/69 121/181/113 30/95/49
f 166/96/70 58/128/93 56/97/71
f 159/99/72 13/37/27 11/39/29
f 162/32/24 32/31/23 13/37/27
f 136/101/74 144/135/98 64/84/63
f 48/103/75 51/124/79 49/104/76
f 46/106/78 50/91/66 51/107/79
f 53/69/51 54/125/81 57/109/80
f 54/110/81 52/126/92 56/97/71
f 59/73/54 60/127/83 63/112/82
f 60/113/83 58/128/93 62/114/84
f 141/116/85 148/1993/97 157/117/86
f 63/112/82 156/200/95 151/119/88
f 69/120/89 72/137/91 70/29/21
f 67/89/65 71/87/64 72/122/91
f 51/124/79 69/120/89 68/121/90
f 50/91/66 67/89/65 69/123/89
f 46/106/78 48/108/75 54/125/81
f 48/103/75 47/105/77 52/126/92
f 55/71/53 57/109/80 60/127/83
f 57/111/80 56/97/71 58/128/93
f 63/115/82 62/114/84 153/129/94
f 145/131/96 150/81/61 157/132/86
f 66/134/57 64/84/63 144/135/98
f 72/137/91 66/77/57 65/79/59
f 71/87/64 64/84/63 66/134/57
f 129/138/38 124/16/12 117/139/100
f 11/39/29 16/46/34 161/93/68
f 75/141/101 76/145/101 74/142/102
f 77/144/103 78/147/103 76/145/101
f 79/146/104 80/149/104 78/147/103
f 81/148/105 82/151/105 80/149/104
f 83/150/106 84/153/106 82/151/105
f 85/152/107 86/155/107 84/153/106
f 87/154/108 88/157/108 86/155/107
f 73/156/102 74/1994/102 88/157/108
f 91/158/101 92/162/101 90/159/102
f 91/158/101 93/164/103 94/161/103
f 95/163/104 96/166/104 94/161/103
f 97/165/105 98/168/105 96/166/104
f 99/167/106 100/170/106 98/168/105
f 101/169/107 102/172/107 100/170/106
f 103/171/108 104/174/108 102/172/107
f 89/173/102 90/1995/102 104/174/108
f 105/34/1 107/176/1 110/175/109
f 107/176/1 106/33/5 108/35/25
f 105/34/1 111/17/13 113/177/110
f 107/176/1 113/177/110 112/13/11
f 115/50/37 120/52/39 122/178/111
f 116/180/112 122/1996/111 121/181/113
f 120/140/39 117/139/100 119/182/114
f 119/182/114 118/36/26 121/184/113
f 129/138/38 131/1997/117 125/185/115
f 125/185/115 131/1997/117 130/186/116
f 126/63/46 128/210/118 131/187/117
f 128/188/118 127/61/44 130/189/116
f 124/16/12 125/185/115 113/177/110
f 113/177/110 125/185/115 123/53/40
f 117/139/100 109/15/1 110/175/109
f 110/175/109 108/35/25 118/36/26
f 136/101/74 133/98/50 134/191/52
f 137/192/119 134/191/52 132/102/56
f 138/80/60 140/193/120 134/191/52
f 140/193/120 139/83/62 132/102/56
f 147/194/99 149/1998/122 143/195/121
f 149/196/122 148/1993/97 141/116/85
f 147/136/99 144/135/98 146/198/123
f 146/198/123 145/131/96 148/133/97
f 156/200/95 158/1999/126 152/201/124
f 152/201/124 158/1999/126 157/132/86
f 156/130/95 153/129/94 155/202/125
f 158/204/126 155/205/125 154/118/87
f 151/119/88 152/201/124 140/193/120
f 140/193/120 152/201/124 150/81/61
f 144/135/98 136/101/74 137/192/119
f 137/192/119 135/82/50 145/131/96
f 168/65/48 154/118/87 155/205/125
f 169/207/127 155/202/125 153/129/94
f 171/64/47 115/50/37 116/179/112
f 172/209/128 116/180/112 114/94/69
f 172/209/128 173/10/8 142/78/58
f 171/64/47 172/208/128 143/197/121
f 169/207/127 170/62/45 127/61/44
f 168/65/48 169/206/127 128/210/118
f 47/105/77 160/100/73 161/93/68
f 162/32/24 159/99/72 49/104/76
f 159/99/72 160/100/73 47/105/77
f 166/96/70 163/92/67 20/45/33
f 52/126/92 161/93/68 163/92/67
f 168/65/48 171/64/47 141/116/85
f 62/114/84 164/26/18 170/62/45
f 68/121/90 70/29/21 167/30/22
f 34/54/41 167/30/22 165/12/10
f 58/128/93 166/96/70 164/26/18
f 173/10/8 165/12/10 65/79/59
f 174/211/1 183/249/3 190/212/17
f 176/213/1 190/212/17 192/214/16
f 177/215/5 192/214/16 196/216/129
f 178/217/1 196/216/129 198/218/130
f 346/220/45 338/238/18 202/221/20
f 198/218/130 296/263/26 285/223/25
f 297/224/132 290/346/173 282/225/1
f 201/227/7 208/230/133 182/228/1
f 208/230/133 204/232/4 181/231/5
f 204/232/4 187/234/2 175/233/5
f 187/234/2 183/249/3 174/211/1
f 337/235/10 199/258/9 195/236/134
f 338/238/18 238/292/156 243/239/93
f 205/241/137 207/265/146 340/240/136
f 281/245/139 291/278/151 201/227/7
f 185/246/28 188/268/32 186/247/34
f 183/249/3 187/234/2 188/250/32
f 190/212/17 191/269/30 194/252/140
f 191/253/30 189/270/147 193/254/141
f 196/216/129 197/271/143 200/256/142
f 197/257/143 195/236/134 199/258/9
f 288/260/46 293/387/174 302/261/144
f 200/256/142 303/394/149 296/263/26
f 206/264/145 209/280/36 207/265/146
f 204/232/4 208/230/133 209/266/36
f 188/268/32 206/264/145 205/241/137
f 187/234/2 204/232/4 206/267/145
f 183/249/3 185/251/28 191/269/30
f 185/246/28 184/248/29 189/270/147
f 192/214/16 194/252/140 197/271/143
f 194/255/140 193/254/141 195/236/134
f 200/259/142 199/258/9 300/272/148
f 343/274/8 300/272/148 199/258/9
f 344/275/48 288/260/46 299/262/37
f 203/277/150 201/227/7 291/278/151
f 209/280/36 203/308/150 202/221/20
f 208/230/133 201/227/7 203/277/150
f 210/281/50 212/284/52 226/282/66
f 212/284/52 213/286/50 228/285/65
f 213/286/50 214/288/50 232/287/153
f 214/288/50 215/294/52 234/289/63
f 315/290/154 320/403/95 239/291/155
f 311/293/74 324/332/167 234/289/63
f 308/295/62 318/342/172 323/296/96
f 218/298/52 244/302/157 237/299/55
f 217/301/50 240/304/53 244/302/157
f 211/303/52 223/305/51 240/304/53
f 210/281/50 219/283/78 223/305/51
f 336/306/24 193/254/141 189/270/147
f 203/308/150 294/389/152 287/222/131
f 339/237/135 336/306/24 229/309/90
f 332/312/68 333/349/73 184/248/29
f 335/242/138 332/312/68 186/247/34
f 309/313/158 216/300/52 237/299/55
f 222/316/92 224/337/160 221/317/75
f 224/319/160 223/305/51 219/283/78
f 226/282/66 228/285/65 230/321/89
f 227/323/79 230/338/89 229/309/90
f 232/287/153 234/289/63 236/325/161
f 233/327/162 236/339/161 235/328/163
f 314/329/164 327/415/182 330/330/165
f 324/332/167 329/410/180 236/325/161
f 243/239/93 245/345/170 242/333/168
f 245/335/170 244/302/157 240/304/53
f 241/334/169 242/333/168 224/337/160
f 242/336/168 240/304/53 223/305/51
f 219/283/78 226/282/66 227/322/79
f 221/317/75 227/323/79 225/324/76
f 228/285/65 232/287/153 233/326/162
f 230/338/89 233/327/162 231/310/21
f 236/339/161 329/412/180 326/340/171
f 330/341/165 323/296/96 318/342/172
f 239/344/155 320/406/95 317/314/159
f 238/292/156 239/291/155 245/345/170
f 239/344/155 237/299/55 244/302/157
f 290/346/173 297/224/132 302/347/144
f 334/307/72 189/270/147 184/248/29
f 247/350/102 249/353/108 248/351/108
f 249/353/108 251/355/107 250/354/107
f 251/355/107 253/357/106 252/356/106
f 253/357/106 255/359/105 254/358/105
f 255/359/105 257/361/104 256/360/104
f 257/361/104 259/363/103 258/362/103
f 259/363/103 261/365/101 260/364/101
f 261/365/101 247/2000/102 246/366/102
f 263/367/102 265/2001/108 264/368/108
f 264/368/108 265/2001/108 267/370/107
f 267/370/107 269/373/106 268/372/106
f 269/373/106 271/375/105 270/374/105
f 271/375/105 273/377/104 272/376/104
f 273/377/104 275/379/103 274/378/103
f 275/379/103 277/381/101 276/380/101
f 277/381/101 263/2002/102 262/382/102
f 283/383/110 280/384/1 278/244/1
f 281/245/139 279/243/5 280/384/1
f 278/244/1 280/384/1 286/385/175
f 280/384/1 279/243/5 285/223/25
f 288/260/46 289/418/118 295/386/176
f 289/388/118 287/222/131 294/389/152
f 293/348/174 295/392/176 292/391/115
f 294/279/152 291/278/151 292/391/115
f 298/393/114 304/395/111 302/347/144
f 298/393/114 296/263/26 303/394/149
f 304/396/111 301/420/112 299/262/37
f 303/273/149 300/272/148 301/397/112
f 286/385/175 298/393/114 297/224/132
f 286/385/175 285/223/25 296/263/26
f 290/346/173 292/391/115 283/383/110
f 291/278/151 281/245/139 283/383/110
f 309/313/158 310/400/177 307/399/52
f 310/400/177 308/295/62 305/315/56
f 307/399/52 313/401/178 311/293/74
f 305/315/56 312/297/50 313/401/178
f 316/402/125 322/2003/179 320/403/95
f 314/329/164 321/331/166 322/404/179
f 320/406/95 322/408/179 319/407/124
f 321/343/166 318/342/172 319/407/124
f 325/409/123 331/411/181 329/410/180
f 325/409/123 323/296/96 330/341/165
f 329/412/180 331/2004/181 328/413/121
f 331/414/181 330/330/165 327/415/182
f 313/401/178 325/409/123 324/332/167
f 313/401/178 312/297/50 323/296/96
f 317/314/159 319/407/124 310/400/177
f 318/342/172 308/295/62 310/400/177
f 341/276/47 342/2005/128 328/416/121
f 342/417/128 343/274/8 326/340/171
f 344/275/48 345/2006/183 289/418/118
f 345/419/183 346/220/45 287/222/131
f 315/290/154 346/220/45 345/419/183
f 316/405/125 345/2006/183 344/275/48
f 300/272/148 343/274/8 342/417/128
f 301/420/112 342/2005/128 341/276/47
f 220/318/77 225/324/76 334/307/72
f 222/316/92 332/312/68 335/242/138
f 220/318/77 333/349/73 332/312/68
f 193/254/141 336/306/24 339/237/135
f 225/324/76 229/309/90 336/306/24
f 314/329/164 344/275/48 341/276/47
f 235/328/163 326/340/171 343/274/8
f 241/334/169 335/242/138 340/240/136
f 207/265/146 202/221/20 338/238/18
f 337/235/10 339/237/135 231/310/21
f 238/292/156 338/238/18 346/220/45
f 397/421/184 383/493/240 421/422/185
f 391/424/187 430/538/271 422/425/188
f 439/427/190 431/541/273 390/428/191
f 405/430/193 392/504/248 384/431/194
f 440/433/196 406/517/257 398/434/197
f 356/436/199 459/567/292 454/437/200
f 374/439/202 465/572/296 460/440/203
f 376/442/205 441/555/282 412/443/206
f 366/445/208 448/559/286 466/446/209
f 357/448/211 349/464/225 423/449/212
f 358/451/214 432/546/276 438/452/215
f 348/454/217 368/484/235 411/455/218
f 351/457/220 352/2007/971 355/458/221
f 353/460/223 352/2008/971 351/461/220
f 354/462/224 352/2009/971 353/463/223
f 355/465/221 352/2010/971 354/466/224
f 360/467/226 361/2011/972 364/468/227
f 362/469/228 361/2012/972 360/470/226
f 363/471/229 361/2013/972 362/472/228
f 364/473/227 361/2014/972 363/474/229
f 369/475/230 370/2015/973 373/476/231
f 371/478/233 370/2016/973 369/479/230
f 372/480/234 370/2017/973 371/481/233
f 373/482/231 370/2018/973 372/483/234
f 378/485/236 379/2019/974 382/486/237
f 380/487/238 379/2020/974 378/488/236
f 381/489/239 379/2021/974 380/490/238
f 382/491/237 379/2022/974 381/492/239
f 383/493/240 386/585/243 387/494/241
f 384/431/194 388/590/244 387/496/241
f 385/426/189 389/592/242 387/498/241
f 390/428/191 393/593/247 394/500/245
f 391/424/187 395/589/249 394/502/245
f 392/504/248 396/588/246 394/505/245
f 397/421/184 400/581/252 401/507/250
f 398/434/197 402/2023/253 401/509/250
f 399/432/195 403/586/251 401/511/250
f 404/429/192 407/587/256 408/513/254
f 405/430/193 409/584/258 408/515/254
f 406/517/257 410/2024/255 408/518/254
f 415/520/259 416/2025/262 419/521/260
f 417/522/261 416/2026/262 415/523/259
f 413/435/198 418/582/263 416/524/262
f 414/423/186 419/577/260 416/526/262
f 424/528/264 425/2027/266 428/529/265
f 421/422/185 426/591/267 425/530/266
f 422/425/188 427/578/268 425/532/266
f 428/534/265 425/2028/266 427/535/268
f 433/536/269 434/2029/272 437/537/270
f 430/538/271 435/594/274 434/539/272
f 431/541/273 436/579/275 434/542/272
f 437/544/270 434/2030/272 436/545/275
f 442/547/277 443/2031/279 446/548/278
f 439/427/190 444/583/280 443/549/279
f 440/433/196 445/580/281 443/551/279
f 446/553/278 443/2032/279 445/554/281
f 447/556/283 449/595/300 450/557/284
f 448/559/286 452/2033/285 450/560/284
f 453/562/288 455/601/291 456/563/289
f 454/437/200 457/596/301 456/565/289
f 459/567/292 461/600/295 462/568/293
f 460/440/203 463/597/302 462/570/293
f 465/572/296 467/599/299 468/573/297
f 466/446/209 469/598/303 468/575/297
f 421/422/185 424/531/264 419/577/260
f 424/528/264 420/456/219 411/455/218
f 422/425/188 430/538/271 433/540/269
f 433/536/269 429/450/213 423/449/212
f 439/427/190 442/550/277 436/579/275
f 442/547/277 438/452/215 432/546/276
f 440/433/196 413/435/198 417/525/261
f 445/554/281 417/522/261 412/443/206
f 414/423/186 418/527/263 400/581/252
f 418/582/263 413/435/198 398/434/197
f 404/429/192 410/514/255 444/583/280
f 444/552/280 410/2024/255 406/517/257
f 399/432/195 402/512/253 409/584/258
f 409/519/258 402/2023/253 398/434/197
f 397/421/184 403/508/251 386/585/243
f 403/586/251 399/432/195 384/431/194
f 390/428/191 396/501/246 407/587/256
f 396/588/246 392/504/248 405/430/193
f 385/426/189 388/499/244 395/589/249
f 388/590/244 384/431/194 392/504/248
f 383/493/240 389/495/242 426/591/267
f 389/592/242 385/426/189 422/425/188
f 431/541/273 435/543/274 393/593/247
f 435/594/274 430/538/271 391/424/187
f 348/454/217 351/461/220 373/482/231
f 351/457/220 347/459/222 365/477/232
f 357/448/211 360/470/226 354/462/224
f 360/467/226 356/436/199 350/438/201
f 375/453/216 378/488/236 363/471/229
f 378/485/236 374/439/202 359/441/204
f 376/442/205 367/444/207 371/481/233
f 371/478/233 366/445/208 377/447/210
f 349/464/225 353/463/223 428/534/265
f 428/529/265 353/460/223 348/454/217
f 367/444/207 412/443/206 415/523/259
f 415/520/259 411/455/218 368/484/235
f 358/451/214 362/472/228 437/544/270
f 437/537/270 362/469/228 357/448/211
f 376/442/205 380/490/238 446/553/278
f 446/548/278 380/487/238 375/453/216
f 453/562/288 458/564/290 449/595/300
f 454/437/200 459/567/292 464/569/294
f 465/572/296 470/574/298 463/597/302
f 448/559/286 451/561/287 469/598/303
f 447/556/283 452/558/285 369/475/230
f 369/479/230 452/2033/285 448/559/286
f 374/439/202 382/486/237 467/599/299
f 382/491/237 377/447/210 466/446/209
f 460/440/203 461/571/295 364/473/227
f 461/600/295 459/567/292 356/436/199
f 347/459/222 355/458/221 455/601/291
f 355/465/221 350/438/201 454/437/200
f 347/459/222 453/562/288 447/556/283
f 492/602/304 481/616/315 474/603/305
f 475/605/307 480/2034/975 478/606/308
f 493/608/309 486/2035/976 484/609/310
f 472/611/311 473/2036/314 479/612/312
f 473/614/314 471/607/308 478/606/308
f 481/616/315 482/2037/316 476/617/316
f 482/618/316 480/2034/975 475/605/307
f 490/620/317 491/2038/320 485/621/318
f 491/623/320 489/610/310 484/609/310
f 487/604/306 488/2039/321 494/625/321
f 488/626/321 486/2035/976 493/608/309
f 490/620/317 483/622/319 472/611/311
f 505/628/322 498/642/334 511/629/323
f 499/631/325 504/2040/325 502/632/326
f 517/634/328 510/2041/328 508/635/329
f 501/637/331 496/652/338 497/638/332
f 503/640/332 497/2042/332 495/633/327
f 505/628/322 506/2043/333 500/641/333
f 506/643/333 504/2040/325 499/631/325
f 507/645/335 514/2044/977 515/646/336
f 509/648/336 515/2045/336 513/636/330
f 511/629/323 512/2046/337 518/649/337
f 512/650/337 510/2041/328 517/634/328
f 501/637/331 514/2044/977 507/645/335
f 535/653/339 520/2047/340 551/654/340
f 553/656/102 572/725/390 575/657/342
f 555/659/102 554/658/102 575/657/342
f 556/661/102 555/659/102 578/660/343
f 556/661/102 581/662/344 584/663/345
f 557/664/102 584/663/345 587/665/346
f 559/667/102 558/666/102 587/665/346
f 560/669/102 559/667/102 590/668/347
f 560/669/102 593/670/348 596/671/349
f 561/672/102 596/671/349 599/673/350
f 563/675/102 562/674/102 599/673/350
f 563/675/102 602/676/351 605/677/352
f 564/678/102 605/677/352 608/679/353
f 565/680/102 608/679/353 611/681/354
f 567/683/102 566/682/102 611/681/354
f 567/683/102 614/684/355 568/685/356
f 551/654/340 520/2047/340 521/687/357
f 548/689/359 522/717/385 523/690/360
f 547/691/360 523/690/360 524/692/361
f 546/693/362 524/692/361 525/694/363
f 545/695/364 525/694/363 526/696/365
f 544/697/366 526/696/365 527/698/367
f 543/699/368 527/698/367 528/700/369
f 528/700/369 529/703/372 541/702/371
f 529/703/372 530/705/374 540/704/373
f 530/705/374 531/707/376 539/706/375
f 531/707/376 532/709/378 538/708/377
f 532/709/378 533/711/380 537/710/379
f 533/711/380 534/2048/382 536/712/381
f 534/713/382 535/653/339 549/655/341
f 571/715/383 550/688/358 548/689/359
f 550/688/358 521/687/357 522/717/385
f 571/715/383 573/723/388 570/719/386
f 573/721/388 572/725/390 568/685/356
f 574/716/384 576/727/389 573/723/388
f 576/724/389 575/657/342 572/725/390
f 577/726/391 579/730/392 576/727/389
f 579/728/392 578/660/343 575/657/342
f 580/729/393 582/733/394 579/730/392
f 582/731/394 581/662/344 578/660/343
f 583/732/395 585/736/396 582/733/394
f 585/734/396 584/663/345 581/662/344
f 586/735/397 588/739/398 585/736/396
f 588/737/398 587/665/346 584/663/345
f 589/738/399 591/742/400 588/739/398
f 591/740/400 590/668/347 587/665/346
f 592/741/401 594/745/402 591/742/400
f 594/743/402 593/670/348 590/668/347
f 592/741/401 595/746/404 597/744/403
f 594/743/402 597/748/403 596/671/349
f 595/746/404 598/749/406 600/747/405
f 597/748/403 600/751/405 599/673/350
f 598/749/406 601/752/408 603/750/407
f 600/751/405 603/754/407 602/676/351
f 601/752/408 604/755/410 606/753/409
f 603/754/407 606/757/409 605/677/352
f 604/755/410 607/758/412 609/756/411
f 606/757/409 609/760/411 608/679/353
f 607/758/412 610/767/414 612/759/413
f 609/760/411 612/764/413 611/681/354
f 610/761/414 613/765/416 615/762/415
f 612/764/413 615/766/415 614/684/355
f 613/765/416 569/720/387 570/719/386
f 615/766/415 570/722/386 568/685/356
f 553/656/102 552/686/102 568/685/356
f 536/714/381 549/655/341 613/765/416
f 537/710/379 536/712/381 610/767/414
f 538/708/377 537/710/379 607/758/412
f 539/706/375 538/708/377 604/755/410
f 540/704/373 539/706/375 601/752/408
f 541/702/371 540/704/373 598/749/406
f 542/701/370 541/702/371 595/746/404
f 589/738/399 543/699/368 542/701/370
f 586/735/397 544/697/366 543/699/368
f 583/732/395 545/695/364 544/697/366
f 580/729/393 546/693/362 545/695/364
f 577/726/391 547/691/360 546/693/362
f 574/716/384 548/689/359 547/691/360
f 569/720/387 551/654/340 550/688/358
f 549/655/341 551/654/340 569/720/387
f 648/768/340 617/799/340 632/769/357
f 672/771/418 669/836/355 650/772/102
f 652/774/102 675/776/353 672/771/418
f 653/775/102 678/846/437 675/776/353
f 681/777/419 678/846/437 653/775/102
f 684/779/420 681/777/419 654/778/102
f 656/781/102 687/783/349 684/779/420
f 657/782/102 690/2049/348 687/783/349
f 693/784/421 690/2049/348 657/782/102
f 696/786/422 693/784/421 658/785/102
f 660/788/102 699/865/442 696/786/422
f 702/789/423 699/865/442 660/788/102
f 705/791/424 702/789/423 661/790/102
f 708/793/425 705/791/424 662/792/102
f 664/795/102 711/879/390 708/793/425
f 665/796/356 711/879/390 664/795/102
f 648/768/340 647/828/433 618/798/339
f 645/800/381 644/803/379 620/801/380
f 644/803/379 643/805/426 621/804/378
f 643/805/426 642/807/375 622/806/376
f 642/807/375 641/809/427 623/808/374
f 641/809/427 640/811/371 624/810/372
f 640/811/371 639/814/370 625/812/369
f 638/813/368 626/816/367 625/812/369
f 637/815/428 627/818/365 626/816/367
f 636/817/364 628/820/363 627/818/365
f 635/819/429 629/822/361 628/820/363
f 634/821/430 630/824/360 629/822/361
f 633/823/431 631/2050/385 630/824/360
f 646/770/417 632/769/357 631/825/385
f 668/827/432 671/835/435 645/800/381
f 647/828/433 645/800/381 619/802/382
f 667/830/386 670/834/434 668/827/432
f 665/796/356 669/836/355 670/832/434
f 670/834/434 673/838/413 671/835/435
f 669/836/355 672/771/418 673/837/413
f 673/838/413 676/841/436 674/839/412
f 672/771/418 675/776/353 676/840/436
f 676/841/436 679/844/409 677/842/410
f 675/776/353 678/846/437 679/843/409
f 679/844/409 682/848/407 680/845/408
f 678/846/437 681/777/419 682/847/407
f 682/848/407 685/851/438 683/849/406
f 681/777/419 684/779/420 685/850/438
f 685/851/438 688/854/403 686/852/439
f 684/779/420 687/783/349 688/853/403
f 688/854/403 691/2051/402 689/855/401
f 687/783/349 690/2049/348 691/856/402
f 689/855/401 691/2051/402 694/857/400
f 691/856/402 690/2049/348 693/784/421
f 692/858/440 694/857/400 697/860/441
f 694/859/400 693/784/421 696/786/422
f 695/861/397 697/860/441 700/863/396
f 697/862/441 696/786/422 699/865/442
f 698/864/395 700/863/396 703/867/394
f 700/866/396 699/865/442 702/789/423
f 701/868/393 703/867/394 706/870/443
f 703/869/394 702/789/423 705/791/424
f 704/871/391 706/870/443 709/873/389
f 706/872/443 705/791/424 708/793/425
f 707/876/444 709/2052/389 712/877/388
f 709/875/389 708/793/425 711/879/390
f 710/878/445 712/877/388 667/830/386
f 712/880/388 711/879/390 665/796/356
f 650/772/102 669/836/355 665/796/356
f 710/878/445 646/770/417 633/826/431
f 707/874/444 633/823/431 634/821/430
f 704/871/391 634/821/430 635/819/429
f 701/868/393 635/819/429 636/817/364
f 698/864/395 636/817/364 637/815/428
f 695/861/397 637/815/428 638/813/368
f 692/858/440 638/813/368 639/814/370
f 686/852/439 689/855/401 639/814/370
f 683/849/406 686/852/439 640/811/371
f 680/845/408 683/849/406 641/809/427
f 677/842/410 680/845/408 642/807/375
f 674/839/412 677/842/410 643/805/426
f 671/835/435 674/839/412 644/803/379
f 666/831/387 668/827/432 647/828/433
f 666/831/387 648/768/340 646/770/417
f 745/881/446 714/912/446 729/882/447
f 769/884/449 766/949/489 747/885/102
f 749/887/102 772/889/450 769/884/449
f 750/888/102 775/959/423 772/889/450
f 778/890/451 775/959/423 750/888/102
f 781/892/452 778/890/451 751/891/102
f 753/894/102 784/896/453 781/892/452
f 754/895/102 787/2053/524 784/896/453
f 790/897/454 787/2053/524 754/895/102
f 793/899/455 790/897/454 755/898/102
f 757/901/102 796/978/508 793/899/455
f 799/902/437 796/978/508 757/901/102
f 802/904/456 799/902/437 758/903/102
f 805/906/457 802/904/456 759/905/102
f 761/908/102 808/992/516 805/906/457
f 762/909/458 808/992/516 761/908/102
f 745/881/446 744/941/484 715/911/459
f 742/913/460 741/916/463 717/914/461
f 741/916/463 740/918/464 718/917/361
f 740/918/464 739/920/466 719/919/465
f 739/920/466 738/922/468 720/921/467
f 738/922/468 737/924/470 721/923/469
f 737/924/470 736/927/473 722/925/471
f 735/926/472 723/929/475 722/925/471
f 734/928/474 724/931/477 723/929/475
f 733/930/476 725/933/478 724/931/477
f 732/932/377 726/935/378 725/933/478
f 731/934/479 727/937/481 726/935/378
f 730/936/480 728/2054/482 727/937/481
f 743/883/448 729/882/447 728/938/482
f 765/940/483 768/948/488 742/913/460
f 744/941/484 742/913/460 716/915/462
f 764/943/485 767/947/487 765/940/483
f 762/909/458 766/949/489 767/945/487
f 767/947/487 770/951/490 768/948/488
f 766/949/489 769/884/449 770/950/490
f 770/951/490 773/954/492 771/952/491
f 769/884/449 772/889/450 773/953/492
f 773/954/492 776/957/493 774/955/393
f 772/889/450 775/959/423 776/956/493
f 776/957/493 779/961/495 777/958/494
f 775/959/423 778/890/451 779/960/495
f 779/961/495 782/964/497 780/962/496
f 778/890/451 781/892/452 782/963/497
f 782/964/497 785/967/499 783/965/498
f 781/892/452 784/896/453 785/966/499
f 785/967/499 788/2055/501 786/968/500
f 784/896/453 787/2053/524 788/969/501
f 786/968/500 788/2055/501 791/970/502
f 788/969/501 787/2053/524 790/897/454
f 789/971/503 791/970/502 794/973/504
f 791/972/502 790/897/454 793/899/455
f 792/974/505 794/973/504 797/976/506
f 794/975/504 793/899/455 796/978/508
f 795/977/507 797/976/506 800/980/509
f 797/979/506 796/978/508 799/902/437
f 798/981/410 800/980/509 803/983/510
f 800/982/509 799/902/437 802/904/456
f 801/984/511 803/983/510 806/986/512
f 803/985/510 802/904/456 805/906/457
f 804/989/513 806/2056/512 809/990/514
f 806/988/512 805/906/457 808/992/516
f 807/991/515 809/990/514 764/943/485
f 809/993/514 808/992/516 762/909/458
f 747/885/102 766/949/489 762/909/458
f 807/991/515 743/883/448 730/939/480
f 804/987/513 730/936/480 731/934/479
f 801/984/511 731/934/479 732/932/377
f 798/981/410 732/932/377 733/930/476
f 795/977/507 733/930/476 734/928/474
f 792/974/505 734/928/474 735/926/472
f 789/971/503 735/926/472 736/927/473
f 783/965/498 786/968/500 736/927/473
f 780/962/496 783/965/498 737/924/470
f 777/958/494 780/962/496 738/922/468
f 774/955/393 777/958/494 739/920/466
f 771/952/491 774/955/393 740/918/464
f 768/948/488 771/952/491 741/916/463
f 763/944/486 765/940/483 744/941/484
f 763/944/486 745/881/446 743/883/448
f 826/994/459 811/2057/446 842/995/446
f 844/997/102 863/1066/516 866/998/518
f 846/1000/102 845/999/102 866/998/518
f 847/1002/102 846/1000/102 869/1001/519
f 847/1002/102 872/1003/520 875/1004/521
f 848/1005/102 875/1004/521 878/1006/522
f 850/1008/102 849/1007/102 878/1006/522
f 851/1010/102 850/1008/102 881/1009/523
f 851/1010/102 884/1011/524 887/1012/453
f 852/1013/102 887/1012/453 890/1014/525
f 854/1016/102 853/1015/102 890/1014/525
f 854/1016/102 893/1017/526 896/1018/527
f 855/1019/102 896/1018/527 899/1020/450
f 856/1021/102 899/1020/450 902/1022/528
f 858/1024/102 857/1023/102 902/1022/528
f 858/1024/102 905/1025/489 859/1026/458
f 842/995/446 811/2057/446 812/1028/447
f 839/1030/530 813/1058/482 814/1031/481
f 838/1032/481 814/1031/481 815/1033/378
f 837/1034/531 815/1033/378 816/1035/478
f 836/1036/476 816/1035/478 817/1037/477
f 835/1038/532 817/1037/477 818/1039/475
f 834/1040/472 818/1039/475 819/1041/471
f 819/1041/471 820/1044/469 832/1043/470
f 820/1044/469 821/1046/467 831/1045/533
f 821/1046/467 822/1048/465 830/1047/466
f 822/1048/465 823/1050/361 829/1049/429
f 823/1050/361 824/1052/461 828/1051/463
f 824/1052/461 825/2058/462 827/1053/460
f 825/1054/462 826/994/459 840/996/517
f 862/1056/534 841/1029/529 839/1030/530
f 841/1029/529 812/1028/447 813/1058/482
f 862/1056/534 864/1064/514 861/1060/485
f 864/1062/514 863/1066/516 859/1026/458
f 865/1057/535 867/1068/512 864/1064/514
f 867/1065/512 866/998/518 863/1066/516
f 868/1067/511 870/1071/536 867/1068/512
f 870/1069/536 869/1001/519 866/998/518
f 871/1070/410 873/1074/509 870/1071/536
f 873/1072/509 872/1003/520 869/1001/519
f 874/1073/507 876/1077/506 873/1074/509
f 876/1075/506 875/1004/521 872/1003/520
f 877/1076/505 879/1080/537 876/1077/506
f 879/1078/537 878/1006/522 875/1004/521
f 880/1079/538 882/1083/502 879/1080/537
f 882/1081/502 881/1009/523 878/1006/522
f 883/1082/500 885/1086/501 882/1083/502
f 885/1084/501 884/1011/524 881/1009/523
f 883/1082/500 886/1087/539 888/1085/499
f 885/1084/501 888/1089/499 887/1012/453
f 886/1087/539 889/1090/496 891/1088/540
f 888/1089/499 891/1092/540 890/1014/525
f 889/1090/496 892/1093/494 894/1091/495
f 891/1092/540 894/1095/495 893/1017/526
f 892/1093/494 895/1096/393 897/1094/493
f 894/1095/495 897/1098/493 896/1018/527
f 895/1096/393 898/1099/491 900/1097/541
f 897/1098/493 900/1101/541 899/1020/450
f 898/1099/491 901/1108/542 903/1100/490
f 900/1101/541 903/1105/490 902/1022/528
f 901/1102/542 904/1106/544 906/1103/543
f 903/1105/490 906/1107/543 905/1025/489
f 904/1106/544 860/1061/486 861/1060/485
f 906/1107/543 861/1063/485 859/1026/458
f 844/997/102 843/1027/102 859/1026/458
f 827/1055/460 840/996/517 904/1106/544
f 828/1051/463 827/1053/460 901/1108/542
f 829/1049/429 828/1051/463 898/1099/491
f 830/1047/466 829/1049/429 895/1096/393
f 831/1045/533 830/1047/466 892/1093/494
f 832/1043/470 831/1045/533 889/1090/496
f 833/1042/473 832/1043/470 886/1087/539
f 880/1079/538 834/1040/472 833/1042/473
f 877/1076/505 835/1038/532 834/1040/472
f 874/1073/507 836/1036/476 835/1038/532
f 871/1070/410 837/1034/531 836/1036/476
f 868/1067/511 838/1032/481 837/1034/531
f 865/1057/535 839/1030/530 838/1032/481
f 860/1061/486 842/995/446 841/1029/529
f 840/996/517 842/995/446 860/1061/486
s 0
f 943/1109/545 914/1167/586 908/1110/546
f 957/1112/548 944/1200/618 936/1113/549
f 1005/1115/551 991/1244/727 963/1116/552
f 928/1118/554 915/1170/978 942/1119/555
f 916/1121/557 930/1186/605 922/1122/558
f 929/1124/560 958/1214/631 950/1125/561
f 999/1127/545 970/1223/586 964/1128/546
f 1013/1130/548 1000/1255/618 992/1131/549
f 1061/1133/551 1047/1298/727 1019/1134/552
f 984/1136/563 971/1226/589 998/1137/564
f 972/1139/557 986/1241/605 978/1140/558
f 985/1142/560 1014/1268/631 1006/1143/561
f 1055/1145/566 1026/1277/677 1020/1146/567
f 1069/1148/569 1056/1309/696 1048/1149/570
f 1040/1151/563 1027/1280/589 1054/1152/564
f 1028/1154/572 1042/1295/733 1034/1155/573
f 1041/1157/575 1070/1322/707 1062/1158/576
f 907/1160/578 910/1345/582 911/1161/581
f 908/1110/546 912/1327/710 911/1163/581
f 909/1123/559 913/1326/580 911/1165/979
f 914/1167/586 917/1348/591 918/1168/590
f 915/1170/766 919/1329/593 918/1171/680
f 916/1121/557 920/1328/588 918/1173/592
f 921/1175/594 924/1325/598 925/1176/980
f 922/1122/981 926/1332/982 925/1178/980
f 923/1126/562 927/1334/596 925/1180/595
f 928/1118/563 931/1335/604 932/1182/603
f 929/1124/560 933/1331/607 932/1184/606
f 930/1186/605 934/1330/602 932/1187/941
f 935/1189/608 938/1339/612 939/1190/658
f 936/1113/549 940/1344/983 939/1192/241
f 937/1111/547 941/1346/610 939/1194/609
f 942/1119/564 945/1347/617 946/1196/614
f 943/1109/545 947/1343/620 946/1198/245
f 944/1200/618 948/1342/615 946/1201/619
f 949/1203/621 952/1333/625 953/1204/624
f 950/1125/561 954/1338/715 953/1206/624
f 951/1114/550 955/1340/623 953/1208/786
f 956/1120/565 959/1341/630 960/1210/627
f 957/1112/548 961/1337/632 960/1212/629
f 958/1214/631 962/1336/628 960/1215/703
f 963/1116/633 966/1366/984 967/1217/673
f 964/1128/635 968/1351/638 967/1219/673
f 965/1141/637 969/1350/580 967/1221/634
f 970/1223/985 973/1369/986 974/1224/592
f 971/1226/766 975/1353/711 974/1227/590
f 972/1139/641 976/1352/588 974/1229/592
f 977/1117/643 980/1349/598 981/1231/646
f 978/1140/645 982/2059/648 981/1233/980
f 979/1144/647 983/1357/811 981/1235/646
f 984/1136/563 987/1358/604 988/1237/606
f 985/1142/987 989/1355/607 988/1239/941
f 986/1241/653 990/1354/602 988/1242/988
f 991/1244/654 994/1361/612 995/1245/655
f 992/1131/657 996/2060/983 995/1247/655
f 993/1129/989 997/1367/610 995/1249/655
f 998/1137/564 1001/1368/617 1002/1251/619
f 999/1127/990 1003/1365/620 1002/1253/614
f 1000/1255/664 1004/1364/991 1002/1256/662
f 1005/1115/665 1008/1356/992 1009/1258/666
f 1006/1143/561 1010/2061/715 1009/1260/666
f 1007/1132/668 1011/1362/623 1009/1262/622
f 1012/1138/702 1015/1363/718 1016/1264/254
f 1013/1130/669 1017/1360/632 1016/1266/627
f 1014/1268/993 1018/1359/794 1016/1269/670
f 1019/1134/709 1022/1386/994 1023/1271/995
f 1020/1146/567 1024/1372/731 1023/1273/979
f 1021/1156/574 1025/1371/580 1023/1275/634
f 1026/1277/677 1029/1389/986 1030/1278/590
f 1027/1280/996 1031/1373/997 1030/1281/680
f 1028/1154/998 1032/2062/999 1030/1283/590
f 1033/1135/643 1036/1370/1000 1037/1285/597
f 1034/1155/1001 1038/2063/1002 1037/1287/980
f 1035/1159/577 1039/1377/811 1037/1289/646
f 1040/1151/563 1043/1378/713 1044/1291/603
f 1041/1157/575 1045/1375/732 1044/1293/941
f 1042/1295/733 1046/1374/602 1044/1296/601
f 1047/1298/654 1050/1381/1003 1051/1299/964
f 1048/1149/570 1052/2064/693 1051/1301/655
f 1049/1147/568 1053/1387/1004 1051/1303/655
f 1054/1152/659 1057/1388/719 1058/1305/616
f 1055/1145/566 1059/1385/697 1058/1307/782
f 1056/1309/1005 1060/1384/615 1058/1310/782
f 1061/1133/665 1064/1376/1006 1065/1312/1007
f 1062/1158/576 1066/2065/701 1065/1314/622
f 1063/1150/1008 1067/1382/623 1065/1316/622
f 1068/1153/1009 1071/1383/1010 1072/1318/670
f 1069/1148/569 1073/1380/708 1072/1320/703
f 1070/1322/707 1074/1379/794 1072/1323/703
f 907/1160/709 913/1162/580 924/1325/598
f 913/1326/761 909/1123/559 922/1122/981
f 914/1167/1011 920/1169/588 912/1327/710
f 920/1328/588 916/1121/641 909/1123/1012
f 928/1118/600 934/1183/602 919/1329/593
f 934/1330/649 930/1186/605 916/1121/1013
f 929/1124/560 923/1126/562 926/1181/599
f 926/1332/599 922/1122/558 930/1186/653
f 921/1175/594 927/1177/644 952/1333/625
f 927/1334/644 923/1126/562 950/1125/561
f 956/1120/565 962/1211/704 931/1335/713
f 962/1336/1014 958/1214/631 929/1124/560
f 951/1114/550 954/1209/715 961/1337/632
f 954/1338/715 950/1125/1015 958/1214/725
f 949/1203/716 955/1205/623 938/1339/612
f 955/1340/787 951/1114/550 936/1113/1016
f 942/1119/659 948/1197/615 959/1341/630
f 948/1342/660 944/1200/618 957/1112/1017
f 943/1109/730 937/1111/729 940/1195/613
f 940/1344/613 936/1113/549 944/1200/664
f 935/1189/608 941/1191/610 910/1345/582
f 941/1346/656 937/1111/547 908/1110/546
f 915/1170/589 917/1172/679 945/1347/719
f 917/1348/1018 914/1167/586 943/1109/545
f 963/1116/552 969/1218/580 980/1349/598
f 969/1350/761 965/1141/559 978/1140/981
f 964/1128/1019 970/1223/1011 976/1225/588
f 976/1352/588 972/1139/557 965/1141/559
f 984/1136/563 990/1238/602 975/1353/593
f 990/1354/649 986/1241/653 972/1139/1020
f 979/1144/562 982/1236/648 989/1355/607
f 989/1243/1021 982/2059/648 978/1140/558
f 977/1117/553 983/1232/596 1008/1356/625
f 983/1357/644 979/1144/562 1006/1143/561
f 1012/1138/565 1018/1265/704 987/1358/713
f 1018/1359/704 1014/1268/631 985/1142/560
f 1007/1132/550 1010/1263/626 1017/1360/1022
f 1017/1270/1022 1010/2061/626 1006/1143/1015
f 1005/1115/551 1011/1259/623 994/1361/612
f 1011/1362/787 1007/1132/550 992/1131/1016
f 998/1137/564 1004/1252/615 1015/1363/630
f 1004/1364/660 1000/1255/664 1013/1130/1023
f 993/1129/729 996/1250/983 1003/1365/620
f 1003/1257/1024 996/2060/983 992/1131/549
f 991/1244/727 997/1246/610 966/1366/582
f 997/1367/656 993/1129/547 964/1128/546
f 971/1226/589 973/1228/679 1001/1368/719
f 973/1369/679 970/1223/586 999/1127/545
f 1019/1134/578 1025/1272/580 1036/1370/598
f 1025/1371/761 1021/1156/574 1034/1155/1001
f 1026/1277/677 1032/1279/678 1024/1372/731
f 1024/1276/731 1032/2062/678 1028/1154/572
f 1040/1151/563 1046/1292/602 1031/1373/593
f 1046/1374/649 1042/1295/733 1028/1154/998
f 1035/1159/577 1038/1290/685 1045/1375/732
f 1045/1297/732 1038/2063/685 1034/1155/573
f 1033/1135/553 1039/1286/596 1064/1376/625
f 1039/1377/596 1035/1159/577 1062/1158/576
f 1068/1153/565 1074/1319/704 1043/1378/713
f 1074/1379/704 1070/1322/707 1041/1157/575
f 1063/1150/571 1066/1317/701 1073/1380/708
f 1073/1324/708 1066/2065/701 1062/1158/576
f 1061/1133/621 1067/1313/623 1050/1381/612
f 1067/1382/787 1063/1150/571 1048/1149/692
f 1054/1152/564 1060/1306/615 1071/1383/630
f 1060/1384/660 1056/1309/696 1069/1148/705
f 1049/1147/568 1052/1304/693 1059/1385/697
f 1059/1311/697 1052/2064/693 1048/1149/570
f 1047/1298/727 1053/1300/610 1022/1386/582
f 1053/1387/610 1049/1147/568 1020/1146/567
f 1027/1280/589 1029/1282/679 1057/1388/719
f 1029/1389/679 1026/1277/677 1055/1145/566
f 949/1203/551 935/1189/727 907/1160/552
s 1
f 1076/1390/734 1079/2066/107 1080/1391/107
f 1081/1393/736 1078/2067/103 1077/1394/103
f 1082/1395/737 1084/1397/738 1083/1396/738
f 1084/1397/738 1086/1399/739 1085/1398/739
f 1086/1399/739 1088/1401/740 1087/1400/740
f 1088/1401/740 1090/1403/73 1089/1402/73
f 1090/1403/73 1092/1405/741 1091/1404/741
f 1092/1405/741 1094/1407/742 1093/1406/742
f 1094/1407/742 1096/1409/743 1095/1408/743
f 1096/1409/743 1076/1390/734 1075/1392/735
f 1102/1410/103 1101/2068/103 1098/1411/744
f 1099/1413/107 1100/2069/107 1103/1414/734
f 1105/1416/743 1106/1418/743 1104/1415/735
f 1107/1417/742 1108/1420/742 1106/1418/743
f 1109/1419/741 1110/1422/741 1108/1420/742
f 1111/1421/73 1112/1424/73 1110/1422/741
f 1113/1423/740 1114/1426/740 1112/1424/73
f 1115/1425/739 1116/1428/739 1114/1426/740
f 1117/1427/738 1118/1429/738 1116/1428/739
f 1097/1412/737 1098/1411/744 1118/1429/738
s 0
f 1155/1430/745 1126/1452/835 1120/1431/746
f 1169/1433/748 1156/1485/827 1148/1434/749
f 1140/1436/751 1127/1455/804 1154/1437/752
f 1128/1439/754 1142/1471/834 1134/1440/755
f 1141/1442/757 1170/1499/820 1162/1443/758
f 1119/1445/633 1122/1521/582 1123/1446/581
f 1120/1431/1025 1124/1504/802 1123/1448/584
f 1121/1441/756 1125/1503/761 1123/1450/673
f 1126/1452/835 1129/1524/591 1130/1453/590
f 1127/1455/828 1131/1505/711 1130/1456/680
f 1128/1439/806 1132/2070/856 1130/1458/680
f 1133/1460/833 1136/1502/720 1137/1461/595
f 1134/1440/770 1138/1508/1026 1137/1463/980
f 1135/1444/759 1139/1510/811 1137/1465/597
f 1140/1436/600 1143/1511/604 1144/1467/603
f 1141/1442/1027 1145/1507/1028 1144/1469/1029
f 1142/1471/1030 1146/1506/649 1144/1472/601
f 1147/1474/822 1150/1515/726 1151/1475/609
f 1148/1434/823 1152/1520/244 1151/1477/241
f 1149/1432/747 1153/1522/610 1151/1479/609
f 1154/1437/659 1157/1523/1031 1158/1481/616
f 1155/1430/1032 1159/1519/1033 1158/1483/619
f 1156/1485/827 1160/1518/660 1158/1486/619
f 1161/1488/621 1164/1509/625 1165/1489/786
f 1162/1443/1034 1166/1514/1035 1165/1491/1036
f 1163/1435/1037 1167/1516/787 1165/1493/622
f 1168/1438/1038 1171/1517/1039 1172/1495/1040
f 1169/1433/818 1173/1513/1041 1172/1497/706
f 1170/1499/1042 1174/1512/1043 1172/1500/670
f 1119/1445/760 1125/1447/761 1136/1502/799
f 1125/1503/761 1121/1441/838 1134/1440/770
f 1126/1452/835 1132/1454/856 1124/1504/1044
f 1124/1451/802 1132/2070/856 1128/1439/806
f 1140/1436/751 1146/1468/649 1131/1505/803
f 1146/1506/649 1142/1471/1030 1128/1439/842
f 1141/1442/757 1135/1444/759 1138/1466/807
f 1138/1508/809 1134/1440/770 1142/1471/778
f 1133/1460/1045 1139/1462/644 1164/1509/625
f 1139/1510/596 1135/1444/1046 1162/1443/1047
f 1168/1438/813 1174/1496/1014 1143/1511/1048
f 1174/1512/704 1170/1499/1049 1141/1442/1050
f 1169/1433/818 1163/1435/791 1166/1494/253
f 1166/1514/253 1162/1443/1047 1170/1499/844
f 1161/1488/785 1167/1490/787 1150/1515/821
f 1167/1516/787 1163/1435/791 1148/1434/823
f 1154/1437/752 1160/1482/660 1171/1517/824
f 1160/1518/660 1156/1485/1051 1169/1433/795
f 1155/1430/745 1149/1432/747 1152/1480/244
f 1152/1520/244 1148/1434/749 1156/1485/827
f 1147/1474/860 1153/1476/610 1122/1521/582
f 1153/1522/656 1149/1432/1052 1120/1431/1053
f 1127/1455/828 1129/1457/679 1157/1523/719
f 1129/1524/1018 1126/1452/1054 1155/1430/1055
f 1161/1488/831 1147/1474/860 1119/1445/832
f 1176/1525/759 1182/1547/757 1211/1526/820
f 1204/1528/750 1212/1580/748 1225/1529/827
f 1210/1531/753 1183/1550/751 1196/1532/804
f 1190/1534/756 1198/1566/754 1184/1535/834
f 1218/1537/747 1226/1594/745 1197/1538/835
f 1175/1540/769 1181/2071/720 1179/1541/980
f 1176/1525/759 1178/1610/596 1179/1543/595
f 1177/1536/1056 1180/1598/1026 1179/1545/980
f 1182/1547/1057 1188/2072/1058 1186/1548/941
f 1183/1550/600 1185/2073/1059 1186/1551/1060
f 1184/1535/834 1187/1599/649 1186/1553/988
f 1189/1555/760 1195/2074/984 1193/1556/581
f 1190/1534/838 1192/1597/761 1193/1558/634
f 1191/1539/1061 1194/1600/1062 1193/1560/1063
f 1196/1532/1064 1202/2075/1065 1200/1562/1066
f 1197/1538/835 1199/1603/1067 1200/1564/680
f 1198/1566/806 1201/1601/1068 1200/1567/592
f 1203/1569/665 1209/2076/625 1207/1570/624
f 1204/1528/750 1206/1606/787 1207/1572/786
f 1205/1527/812 1208/1608/253 1207/1574/624
f 1210/1531/813 1216/2077/718 1214/1576/706
f 1211/1526/859 1213/1611/628 1214/1578/703
f 1212/1580/818 1215/1609/258 1214/1581/254
f 1217/1583/822 1223/2078/726 1221/1584/658
f 1218/1537/1069 1220/1602/1070 1221/1586/1071
f 1219/1530/823 1222/1604/244 1221/1588/655
f 1224/1533/1072 1230/2079/663 1228/1590/245
f 1225/1529/1051 1227/1607/660 1228/1592/616
f 1226/1594/1073 1229/1605/1074 1228/1595/1075
f 1192/1557/761 1181/2071/799 1175/1540/769
f 1190/1534/838 1177/1536/770 1181/1546/720
f 1180/1544/807 1188/2072/808 1182/1547/757
f 1180/1598/807 1177/1536/755 1184/1535/834
f 1187/1552/649 1202/2075/803 1196/1532/804
f 1184/1535/1030 1198/1566/842 1202/1568/711
f 1197/1538/835 1201/1565/856 1194/1600/1044
f 1198/1566/806 1190/1534/838 1194/1559/802
f 1220/1585/610 1195/2074/984 1189/1555/1076
f 1218/1537/1052 1191/1539/1053 1195/1561/582
f 1199/1563/1018 1230/2079/1077 1224/1533/781
f 1197/1538/1054 1226/1594/1055 1230/1596/719
f 1225/1529/784 1229/1593/249 1222/1604/826
f 1226/1594/1055 1218/1537/1052 1222/1587/244
f 1206/1571/787 1223/2078/821 1217/1583/822
f 1204/1528/791 1219/1530/823 1223/1589/726
f 1227/1591/660 1216/2077/824 1210/1531/753
f 1225/1529/1051 1212/1580/795 1216/1582/718
f 1211/1526/820 1215/1579/258 1208/1608/819
f 1212/1580/748 1204/1528/750 1208/1573/253
f 1178/1542/596 1209/2076/625 1203/1569/831
f 1176/1525/1046 1205/1527/1047 1209/1575/992
f 1213/1577/704 1185/2073/713 1183/1550/814
f 1211/1526/1049 1182/1547/1050 1185/1549/1048
f 1175/1540/833 1203/1569/831 1217/1583/860
s 1
f 1275/1612/861 1276/1616/864 1279/1613/73
f 1277/1615/863 1280/1627/872 1279/1613/73
f 1279/1613/73 1282/1619/867 1281/1617/865
f 1279/1613/73 1280/1627/872 1283/1618/866
f 1231/1620/581 1242/1622/869 1275/1612/861
f 1242/1622/869 1243/1624/739 1276/1616/864
f 1244/1623/870 1277/1615/863 1276/1616/864
f 1232/1625/590 1245/1626/871 1277/1615/863
f 1245/1626/871 1246/2080/1078 1280/1627/872
f 1280/1627/872 1246/2080/1078 1247/1628/873
f 1283/1618/866 1247/1628/873 1234/1629/606
f 1282/1619/867 1283/1618/866 1248/1630/874
f 1282/1619/867 1249/1631/742 1250/1632/875
f 1281/1617/865 1250/1632/875 1233/1633/684
f 1278/1614/862 1281/1617/865 1239/1634/876
f 1241/1621/868 1275/1612/861 1278/1614/862
f 1284/1636/878 1285/1640/881 1288/1637/107
f 1286/1639/880 1289/1646/887 1288/1637/107
f 1288/1637/107 1291/1643/884 1290/1641/882
f 1288/1637/107 1289/1646/887 1292/1642/883
f 1233/1633/684 1250/1632/875 1284/1636/878
f 1250/1632/875 1249/1631/742 1285/1640/881
f 1248/1630/874 1286/1639/880 1285/1640/881
f 1234/1629/606 1254/1645/886 1286/1639/880
f 1254/1645/886 1255/1716/106 1289/1646/887
f 1289/1646/887 1255/1716/106 1256/1647/888
f 1292/1648/883 1256/2081/888 1238/1649/254
f 1291/1651/884 1292/1648/883 1257/1650/889
f 1291/1651/884 1258/1652/890 1259/1653/891
f 1290/1654/882 1259/1653/891 1237/1655/250
f 1287/1638/879 1290/1641/882 1251/1657/892
f 1253/1644/885 1284/1636/878 1287/1638/879
f 1293/1659/893 1294/1663/897 1297/1660/894
f 1295/1662/896 1298/1669/903 1297/1660/894
f 1297/1660/894 1300/1666/900 1299/1664/898
f 1297/1660/894 1298/1669/903 1301/1665/899
f 1237/1655/250 1259/1653/891 1293/1659/893
f 1259/1653/891 1258/1652/890 1294/1663/897
f 1257/1650/889 1295/1662/896 1294/1663/897
f 1238/1649/254 1263/1668/902 1295/1662/896
f 1263/1668/902 1264/1721/938 1298/1669/903
f 1298/1669/903 1264/1721/938 1265/1670/904
f 1301/1665/899 1265/1670/904 1236/1671/245
f 1300/1666/900 1301/1665/899 1266/1672/905
f 1300/1666/900 1267/1673/906 1268/1674/907
f 1299/1664/898 1268/1674/907 1235/1675/611
f 1296/1661/895 1299/1664/898 1260/1676/908
f 1262/1667/901 1293/1659/893 1296/1661/895
f 1302/1678/910 1303/1682/913 1306/1679/103
f 1304/1681/912 1307/1691/919 1306/1679/103
f 1306/1679/103 1309/1685/916 1308/1683/914
f 1306/1679/103 1307/1691/919 1310/1684/915
f 1235/1675/611 1268/1674/907 1302/1686/910
f 1268/1674/907 1267/1673/906 1303/1688/913
f 1266/1672/905 1304/1689/912 1303/1688/913
f 1236/1671/245 1272/2082/918 1304/1689/912
f 1272/1690/918 1273/1718/104 1307/1691/919
f 1307/1691/919 1273/1718/104 1274/1692/920
f 1310/1684/915 1274/1692/920 1232/1625/590
f 1309/1685/916 1310/1684/915 1244/1623/870
f 1309/1685/916 1243/1624/739 1242/1622/869
f 1308/1683/914 1242/1622/869 1231/1620/581
f 1305/1680/911 1308/1683/914 1269/1693/921
f 1271/1695/917 1302/1678/910 1305/1680/911
f 1311/1696/922 1312/1700/925 1315/1697/102
f 1313/1699/924 1316/2083/929 1315/1697/102
f 1315/1697/102 1318/1703/928 1317/1701/926
f 1315/1697/102 1316/2083/929 1319/1702/927
f 1233/1633/684 1253/1644/885 1311/1696/922
f 1253/1644/885 1252/1658/108 1312/1700/925
f 1251/1657/892 1313/1699/924 1312/1700/925
f 1237/1655/250 1262/1667/901 1313/1704/924
f 1262/1667/901 1261/1677/909 1316/1705/929
f 1316/1705/929 1261/1677/909 1260/1676/908
f 1319/1706/927 1260/1676/908 1235/1675/611
f 1318/1703/928 1319/1702/927 1271/1695/917
f 1318/1703/928 1270/1694/101 1269/1693/921
f 1317/1701/926 1269/1693/921 1231/1620/581
f 1314/1698/923 1317/1701/926 1241/1621/868
f 1239/1634/876 1311/1696/922 1314/1698/923
f 1320/1707/930 1321/1711/933 1324/1708/105
f 1322/1710/932 1325/1717/937 1324/1708/105
f 1324/1708/105 1327/1714/936 1326/1712/934
f 1324/1708/105 1325/1717/937 1328/1713/935
f 1238/1649/254 1256/2081/888 1320/1715/930
f 1256/1647/888 1255/1716/106 1321/1711/933
f 1254/1645/886 1322/1710/932 1321/1711/933
f 1234/1629/606 1247/1628/873 1322/1710/932
f 1247/1628/873 1246/2080/1078 1325/1717/937
f 1325/1717/937 1246/2080/1078 1245/1626/871
f 1328/1713/935 1245/1626/871 1232/1625/590
f 1327/1714/936 1328/1713/935 1274/1692/920
f 1327/1714/936 1273/1718/104 1272/1690/918
f 1326/1719/934 1272/2082/918 1236/1671/245
f 1323/1720/931 1326/1719/934 1265/1670/904
f 1263/1668/902 1320/1715/930 1323/1720/931
f 1331/1722/101 1332/1726/101 1330/1723/102
f 1333/1725/103 1334/1728/103 1332/1726/101
f 1335/1727/104 1336/1730/104 1334/1728/103
f 1337/1729/105 1338/1732/105 1336/1730/104
f 1339/1731/106 1340/1734/106 1338/1732/105
f 1341/1733/107 1342/1736/107 1340/1734/106
f 1343/1735/108 1344/2084/108 1342/1736/107
f 1329/1724/102 1330/1723/102 1344/1737/108
f 1389/1739/861 1390/1743/864 1393/1740/73
f 1391/1742/863 1394/1754/872 1393/1740/73
f 1393/1740/73 1396/1746/867 1395/1744/939
f 1393/1740/73 1394/1754/872 1397/1745/866
f 1345/1747/584 1356/1749/940 1389/1739/861
f 1356/1749/940 1357/1751/739 1390/1743/864
f 1358/1750/870 1391/1742/863 1390/1743/864
f 1346/1752/640 1359/1753/871 1391/1742/863
f 1359/1753/871 1360/2085/1078 1394/1754/872
f 1394/1754/872 1360/2085/1078 1361/1755/873
f 1397/1745/866 1361/1755/873 1348/1756/941
f 1396/1746/867 1397/1745/866 1362/1757/942
f 1396/1746/867 1363/1758/742 1364/1759/875
f 1395/1744/939 1364/1759/875 1347/1760/837
f 1392/1741/862 1395/1744/939 1353/1761/876
f 1355/1748/868 1389/1739/861 1392/1741/862
f 1398/1763/943 1399/1767/881 1402/1764/107
f 1400/1766/880 1403/1773/887 1402/1764/107
f 1402/1764/107 1405/1770/884 1404/1768/882
f 1402/1764/107 1403/1773/887 1406/1769/944
f 1347/1760/837 1364/1759/875 1398/1763/943
f 1364/1759/875 1363/1758/742 1399/1767/881
f 1362/1757/942 1400/1766/880 1399/1767/881
f 1348/1756/941 1368/1772/886 1400/1766/880
f 1368/1772/886 1369/1843/106 1403/1773/887
f 1403/1773/887 1369/1843/106 1370/1774/888
f 1406/1775/944 1370/2086/888 1352/1776/629
f 1405/1778/884 1406/1775/944 1371/1777/889
f 1405/1778/884 1372/1779/890 1373/1780/891
f 1404/1781/882 1373/1780/891 1351/1782/250
f 1401/1765/879 1404/1768/882 1365/1784/892
f 1367/1771/885 1398/1763/943 1401/1765/879
f 1407/1786/893 1408/1790/897 1411/1787/894
f 1409/1789/945 1412/1796/903 1411/1787/894
f 1411/1787/894 1414/1793/900 1413/1791/898
f 1411/1787/894 1412/1796/903 1415/1792/899
f 1351/1782/250 1373/1780/891 1407/1786/893
f 1373/1780/891 1372/1779/890 1408/1790/897
f 1371/1777/889 1409/1789/945 1408/1790/897
f 1352/1776/629 1377/1795/902 1409/1789/945
f 1377/1795/902 1378/1848/938 1412/1796/903
f 1412/1796/903 1378/1848/938 1379/1797/904
f 1415/1792/899 1379/1797/904 1350/1798/614
f 1414/1793/900 1415/1792/899 1380/1799/905
f 1414/1793/900 1381/1800/906 1382/1801/946
f 1413/1791/898 1382/1801/946 1349/1802/241
f 1410/1788/895 1413/1791/898 1374/1803/908
f 1376/1794/901 1407/1786/893 1410/1788/895
f 1416/1805/910 1417/1809/913 1420/1806/103
f 1418/1808/947 1421/1818/919 1420/1806/103
f 1420/1806/103 1423/1812/916 1422/1810/914
f 1420/1806/103 1421/1818/919 1424/1811/915
f 1349/1802/241 1382/1801/946 1416/1813/910
f 1382/1801/946 1381/1800/906 1417/1815/913
f 1380/1799/905 1418/1816/947 1417/1815/913
f 1350/1798/614 1386/2087/918 1418/1816/947
f 1386/1817/918 1387/1845/104 1421/1818/919
f 1421/1818/919 1387/1845/104 1388/1819/920
f 1424/1811/915 1388/1819/920 1346/1752/640
f 1423/1812/916 1424/1811/915 1358/1750/870
f 1423/1812/916 1357/1751/739 1356/1749/940
f 1422/1810/914 1356/1749/940 1345/1747/584
f 1419/1807/911 1422/1810/914 1383/1820/921
f 1385/1822/917 1416/1805/910 1419/1807/911
f 1425/1823/948 1426/1827/925 1429/1824/102
f 1427/1826/924 1430/2088/929 1429/1824/102
f 1429/1824/102 1432/1830/928 1431/1828/949
f 1429/1824/102 1430/2088/929 1433/1829/927
f 1347/1760/837 1367/1771/885 1425/1823/948
f 1367/1771/885 1366/1785/108 1426/1827/925
f 1365/1784/892 1427/1826/924 1426/1827/925
f 1351/1782/250 1376/1794/901 1427/1831/924
f 1376/1794/901 1375/1804/909 1430/1832/929
f 1430/1832/929 1375/1804/909 1374/1803/908
f 1433/1833/927 1374/1803/908 1349/1802/241
f 1432/1830/928 1433/1829/927 1385/1822/917
f 1432/1830/928 1384/1821/101 1383/1820/921
f 1431/1828/949 1383/1820/921 1345/1747/584
f 1428/1825/923 1431/1828/949 1355/1748/868
f 1353/1761/876 1425/1823/948 1428/1825/923
f 1434/1834/950 1435/1838/933 1438/1835/105
f 1436/1837/951 1439/1844/937 1438/1835/105
f 1438/1835/105 1441/1841/936 1440/1839/934
f 1438/1835/105 1439/1844/937 1442/1840/952
f 1352/1776/629 1370/2086/888 1434/1842/950
f 1370/1774/888 1369/1843/106 1435/1838/933
f 1368/1772/886 1436/1837/951 1435/1838/933
f 1348/1756/941 1361/1755/873 1436/1837/951
f 1361/1755/873 1360/2085/1078 1439/1844/937
f 1439/1844/937 1360/2085/1078 1359/1753/871
f 1442/1840/952 1359/1753/871 1346/1752/640
f 1441/1841/936 1442/1840/952 1388/1819/920
f 1441/1841/936 1387/1845/104 1386/1817/918
f 1440/1846/934 1386/2087/918 1350/1798/614
f 1437/1847/931 1440/1846/934 1379/1797/904
f 1377/1795/902 1434/1842/950 1437/1847/931
f 1445/1849/101 1446/1853/101 1444/1850/102
f 1447/1852/103 1448/1855/103 1446/1853/101
f 1449/1854/104 1450/1857/104 1448/1855/103
f 1451/1856/105 1452/1859/105 1450/1857/104
f 1453/1858/106 1454/1861/106 1452/1859/105
f 1455/1860/107 1456/1863/107 1454/1861/106
f 1457/1862/108 1458/2089/108 1456/1863/107
f 1443/1851/102 1444/1850/102 1458/1864/108
f 1503/1866/861 1504/1870/864 1507/1867/73
f 1505/1869/863 1508/1881/872 1507/1867/73
f 1507/1867/73 1510/1873/867 1509/1871/953
f 1507/1867/73 1508/1881/872 1511/1872/954
f 1459/1874/673 1470/1876/956 1503/1866/861
f 1470/1876/956 1471/1878/739 1504/1870/864
f 1472/1877/957 1505/1869/863 1504/1870/864
f 1460/1879/590 1473/1880/871 1505/1869/863
f 1473/1880/871 1474/2090/1078 1508/1881/872
f 1508/1881/872 1474/2090/1078 1475/1882/958
f 1511/1872/954 1475/1882/958 1462/1883/603
f 1510/1873/867 1511/1872/954 1476/1884/874
f 1510/1873/867 1477/1885/742 1478/1886/875
f 1509/1871/953 1478/1886/875 1461/1887/597
f 1506/1868/862 1509/1871/953 1467/1888/876
f 1469/1875/955 1503/1866/861 1506/1868/862
f 1512/1890/943 1513/1894/881 1516/1891/107
f 1514/1893/880 1517/1900/887 1516/1891/107
f 1516/1891/107 1519/1897/884 1518/1895/959
f 1516/1891/107 1517/1900/887 1520/1896/883
f 1461/1887/597 1478/1886/875 1512/1890/943
f 1478/1886/875 1477/1885/742 1513/1894/881
f 1476/1884/874 1514/1893/880 1513/1894/881
f 1462/1883/603 1482/1899/886 1514/1893/880
f 1482/1899/886 1483/1970/106 1517/1900/887
f 1517/1900/887 1483/1970/106 1484/1901/888
f 1520/1902/883 1484/2091/888 1466/1903/703
f 1519/1905/884 1520/1902/883 1485/1904/960
f 1519/1905/884 1486/1906/890 1487/1907/891
f 1518/1908/959 1487/1907/891 1465/1909/698
f 1515/1892/879 1518/1895/959 1479/1911/892
f 1481/1898/885 1512/1890/943 1515/1892/879
f 1521/1913/961 1522/1917/897 1525/1914/894
f 1523/1916/945 1526/1923/903 1525/1914/894
f 1525/1914/894 1528/1920/900 1527/1918/898
f 1525/1914/894 1526/1923/903 1529/1919/962
f 1465/1909/698 1487/1907/891 1521/1913/961
f 1487/1907/891 1486/1906/890 1522/1917/897
f 1485/1904/960 1523/1916/945 1522/1917/897
f 1466/1903/703 1491/1922/902 1523/1916/945
f 1491/1922/902 1492/1975/938 1526/1923/903
f 1526/1923/903 1492/1975/938 1493/1924/904
f 1529/1919/962 1493/1924/904 1464/1925/245
f 1528/1920/900 1529/1919/962 1494/1926/905
f 1528/1920/900 1495/1927/906 1496/1928/946
f 1527/1918/898 1496/1928/946 1463/1929/964
f 1524/1915/895 1527/1918/898 1488/1930/908
f 1490/1921/963 1521/1913/961 1524/1915/895
f 1530/1932/910 1531/1936/913 1534/1933/103
f 1532/1935/912 1535/1945/919 1534/1933/103
f 1534/1933/103 1537/1939/916 1536/1937/914
f 1534/1933/103 1535/1945/919 1538/1938/965
f 1463/1929/964 1496/1928/946 1530/1940/910
f 1496/1928/946 1495/1927/906 1531/1942/913
f 1494/1926/905 1532/1943/912 1531/1942/913
f 1464/1925/245 1500/2092/918 1532/1943/912
f 1500/1944/918 1501/1972/104 1535/1945/919
f 1535/1945/919 1501/1972/104 1502/1946/920
f 1538/1938/965 1502/1946/920 1460/1879/590
f 1537/1939/916 1538/1938/965 1472/1877/957
f 1537/1939/916 1471/1878/739 1470/1876/956
f 1536/1937/914 1470/1876/956 1459/1874/673
f 1533/1934/911 1536/1937/914 1497/1947/921
f 1499/1949/917 1530/1932/910 1533/1934/911
f 1539/1950/922 1540/1954/925 1543/1951/102
f 1541/1953/966 1544/2093/929 1543/1951/102
f 1543/1951/102 1546/1957/928 1545/1955/967
f 1543/1951/102 1544/2093/929 1547/1956/927
f 1461/1887/597 1481/1898/885 1539/1950/922
f 1481/1898/885 1480/1912/108 1540/1954/925
f 1479/1911/892 1541/1953/966 1540/1954/925
f 1465/1909/698 1490/1921/963 1541/1958/966
f 1490/1921/963 1489/1931/909 1544/1959/929
f 1544/1959/929 1489/1931/909 1488/1930/908
f 1547/1960/927 1488/1930/908 1463/1929/964
f 1546/1957/928 1547/1956/927 1499/1949/917
f 1546/1957/928 1498/1948/101 1497/1947/921
f 1545/1955/967 1497/1947/921 1459/1874/673
f 1542/1952/923 1545/1955/967 1469/1875/955
f 1467/1888/876 1539/1950/922 1542/1952/923
f 1548/1961/930 1549/1965/933 1552/1962/105
f 1550/1964/968 1553/1971/937 1552/1962/105
f 1552/1962/105 1555/1968/970 1554/1966/934
f 1552/1962/105 1553/1971/937 1556/1967/969
f 1466/1903/703 1484/2091/888 1548/1969/930
f 1484/1901/888 1483/1970/106 1549/1965/933
f 1482/1899/886 1550/1964/968 1549/1965/933
f 1462/1883/603 1475/1882/958 1550/1964/968
f 1475/1882/958 1474/2090/1078 1553/1971/937
f 1553/1971/937 1474/2090/1078 1473/1880/871
f 1556/1967/969 1473/1880/871 1460/1879/590
f 1555/1968/970 1556/1967/969 1502/1946/920
f 1555/1968/970 1501/1972/104 1500/1944/918
f 1554/1973/934 1500/2092/918 1464/1925/245
f 1551/1974/931 1554/1973/934 1493/1924/904
f 1491/1922/902 1548/1969/930 1551/1974/931
f 1559/1976/101 1560/1980/101 1558/1977/102
f 1561/1979/103 1562/1982/103 1560/1980/101
f 1563/1981/104 1564/1984/104 1562/1982/103
f 1565/1983/105 1566/1986/105 1564/1984/104
f 1567/1985/106 1568/1988/106 1566/1986/105
f 1569/1987/107 1570/1990/107 1568/1988/106
f 1571/1989/108 1572/2094/108 1570/1990/107
f 1557/1978/102 1558/1977/102 1572/1991/108
