# Blender 4.0.2
# www.blender.org
mtllib table.mtl
o TABLE
v -0.000001 0.702133 0.000000
v -0.372830 0.720042 -0.779173
v -0.371979 0.720042 -0.791766
v -0.369795 0.720042 -0.803633
v -0.366218 0.720042 -0.814838
v -0.361154 0.720042 -0.825453
v -0.354995 0.720042 -0.835128
v -0.347642 0.720042 -0.843928
v -0.339293 0.720042 -0.851766
v -0.329634 0.720042 -0.858834
v -0.319109 0.720042 -0.864511
v -0.307453 0.720042 -0.868885
v -0.294307 0.720042 -0.871797
v -0.278856 0.720042 -0.873159
v 0.278857 0.720042 -0.873159
v 0.294308 0.720042 -0.871797
v 0.307454 0.720042 -0.868885
v 0.319106 0.720042 -0.864506
v 0.329635 0.720042 -0.858831
v 0.339287 0.720042 -0.851754
v 0.347666 0.720042 -0.843927
v 0.354976 0.720042 -0.835095
v 0.361154 0.720042 -0.825453
v 0.366218 0.720042 -0.814838
v 0.369796 0.720042 -0.803633
v 0.371979 0.720042 -0.791766
v 0.372830 0.720042 -0.779172
v -0.372830 0.720042 0.000000
v 0.372830 0.720042 0.000000
v -0.372830 0.720042 0.779173
v -0.371979 0.720042 0.791766
v -0.369795 0.720042 0.803633
v -0.366218 0.720042 0.814838
v -0.361154 0.720042 0.825453
v -0.354995 0.720042 0.835128
v -0.347642 0.720042 0.843928
v -0.339293 0.720042 0.851766
v -0.329634 0.720042 0.858834
v -0.319109 0.720042 0.864511
v -0.307453 0.720042 0.868885
v -0.294307 0.720042 0.871797
v -0.278856 0.720042 0.873159
v 0.278857 0.720042 0.873159
v 0.294308 0.720042 0.871797
v 0.307454 0.720042 0.868885
v 0.319106 0.720042 0.864506
v 0.329635 0.720042 0.858831
v 0.339287 0.720042 0.851754
v 0.347666 0.720042 0.843927
v 0.354976 0.720042 0.835095
v 0.361154 0.720042 0.825453
v 0.366218 0.720042 0.814838
v 0.369796 0.720042 0.803633
v 0.371979 0.720042 0.791766
v 0.372830 0.720042 0.779172
v -0.278244 0.702133 -0.859244
v 0.278244 0.702133 -0.859244
v 0.358150 0.702133 -0.790032
v 0.358915 0.702133 -0.778703
v 0.313331 0.702133 -0.851811
v 0.322184 0.702133 -0.847039
v 0.330393 0.702133 -0.841021
v 0.337515 0.702133 -0.834368
v 0.343716 0.702133 -0.826876
v 0.348969 0.702133 -0.818677
v 0.292183 0.702133 -0.858015
v 0.303481 0.702133 -0.855513
v 0.353251 0.702133 -0.809702
v 0.356271 0.702133 -0.800244
v -0.358149 0.702133 -0.790032
v -0.356270 0.702133 -0.800245
v -0.353251 0.702133 -0.809703
v -0.348960 0.702133 -0.818696
v -0.358915 0.702133 0.000000
v -0.358915 0.702133 -0.778703
v -0.343740 0.702133 -0.826896
v -0.337504 0.702133 -0.834360
v -0.313335 0.702133 -0.851815
v -0.303484 0.702133 -0.855512
v -0.330389 0.702133 -0.841038
v -0.322187 0.702133 -0.847040
v -0.292183 0.702133 -0.858015
v 0.358915 0.702133 0.000000
v -0.278244 0.702133 0.859244
v 0.278244 0.702133 0.859244
v 0.358150 0.702133 0.790032
v 0.358915 0.702133 0.778703
v 0.313331 0.702133 0.851811
v 0.322184 0.702133 0.847039
v 0.330393 0.702133 0.841021
v 0.337515 0.702133 0.834368
v 0.343716 0.702133 0.826876
v 0.348969 0.702133 0.818677
v 0.292183 0.702133 0.858015
v 0.303481 0.702133 0.855513
v 0.353251 0.702133 0.809702
v 0.356271 0.702133 0.800244
v -0.358149 0.702133 0.790032
v -0.356270 0.702133 0.800245
v -0.353251 0.702133 0.809703
v -0.348960 0.702133 0.818696
v -0.358915 0.702133 0.778703
v -0.343740 0.702133 0.826896
v -0.337504 0.702133 0.834360
v -0.313335 0.702133 0.851815
v -0.303484 0.702133 0.855512
v -0.330389 0.702133 0.841038
v -0.322187 0.702133 0.847040
v -0.292183 0.702133 0.858015
v -0.277085 0.702133 -0.832912
v 0.277086 0.702133 -0.832912
v 0.331979 0.702133 -0.786752
v 0.332583 0.702133 -0.777815
v 0.302403 0.702133 -0.827788
v 0.308086 0.702133 -0.824725
v 0.313562 0.702133 -0.820711
v 0.318306 0.702133 -0.816278
v 0.322410 0.702133 -0.811321
v 0.325911 0.702133 -0.805855
v 0.288163 0.702133 -0.831936
v 0.295965 0.702133 -0.830207
v 0.328712 0.702133 -0.799984
v 0.330677 0.702133 -0.793831
v -0.331979 0.702133 -0.786752
v -0.330676 0.702133 -0.793832
v -0.328712 0.702133 -0.799984
v -0.325885 0.702133 -0.805910
v -0.332583 0.702133 0.000000
v -0.332583 0.702133 -0.777815
v -0.322442 0.702133 -0.811319
v -0.318320 0.702133 -0.816253
v -0.302409 0.702133 -0.827791
v -0.295973 0.702133 -0.830206
v -0.313541 0.702133 -0.820739
v -0.308096 0.702133 -0.824723
v -0.288162 0.702133 -0.831936
v 0.332583 0.702133 0.000000
v -0.277085 0.702133 0.832912
v 0.277086 0.702133 0.832912
v 0.331979 0.702133 0.786752
v 0.332583 0.702133 0.777815
v 0.302403 0.702133 0.827788
v 0.308086 0.702133 0.824725
v 0.313562 0.702133 0.820711
v 0.318306 0.702133 0.816278
v 0.322410 0.702133 0.811321
v 0.325911 0.702133 0.805855
v 0.288163 0.702133 0.831936
v 0.295965 0.702133 0.830207
v 0.328712 0.702133 0.799984
v 0.330677 0.702133 0.793831
v -0.331979 0.702133 0.786752
v -0.330676 0.702133 0.793832
v -0.328712 0.702133 0.799984
v -0.325885 0.702133 0.805910
v -0.332583 0.702133 0.777815
v -0.322442 0.702133 0.811319
v -0.318320 0.702133 0.816253
v -0.302409 0.702133 0.827791
v -0.295973 0.702133 0.830206
v -0.313541 0.702133 0.820739
v -0.308096 0.702133 0.824723
v -0.288162 0.702133 0.831936
v -0.278752 0.702133 -0.870810
v -0.278856 0.704482 -0.873159
v -0.278804 0.702448 -0.871984
v -0.278842 0.703307 -0.872844
v 0.278857 0.704482 -0.873159
v 0.278753 0.702133 -0.870810
v 0.278843 0.703307 -0.872844
v 0.278805 0.702448 -0.871984
v 0.369645 0.702133 -0.791473
v 0.371979 0.704482 -0.791766
v 0.370812 0.702448 -0.791619
v 0.371666 0.703307 -0.791726
v 0.372830 0.704482 -0.779172
v 0.370481 0.702133 -0.779093
v 0.372515 0.703307 -0.779162
v 0.371655 0.702448 -0.779133
v 0.318131 0.702133 -0.862363
v 0.319106 0.704482 -0.864506
v 0.318618 0.702448 -0.863435
v 0.318975 0.703307 -0.864219
v 0.329635 0.704482 -0.858831
v 0.328377 0.702133 -0.856840
v 0.329466 0.703307 -0.858564
v 0.329006 0.702448 -0.857836
v 0.337786 0.702133 -0.849943
v 0.339287 0.704482 -0.851754
v 0.338537 0.702448 -0.850848
v 0.339086 0.703307 -0.851511
v 0.347666 0.704482 -0.843927
v 0.345953 0.702133 -0.842313
v 0.347437 0.703307 -0.843711
v 0.346809 0.702448 -0.843120
v 0.353075 0.702133 -0.833708
v 0.354976 0.704482 -0.835095
v 0.354025 0.702448 -0.834402
v 0.354721 0.703307 -0.834910
v 0.361154 0.704482 -0.825453
v 0.359097 0.702133 -0.824309
v 0.360878 0.703307 -0.825299
v 0.360126 0.702448 -0.824881
v 0.293949 0.702133 -0.869471
v 0.294308 0.704482 -0.871797
v 0.294129 0.702448 -0.870634
v 0.294260 0.703307 -0.871485
v 0.307454 0.704482 -0.868885
v 0.306783 0.702133 -0.866628
v 0.307364 0.703307 -0.868582
v 0.307118 0.702448 -0.867756
v 0.364029 0.702133 -0.813971
v 0.366218 0.704482 -0.814838
v 0.365124 0.702448 -0.814404
v 0.365925 0.703307 -0.814722
v 0.369796 0.704482 -0.803633
v 0.367513 0.702133 -0.803061
v 0.369490 0.703307 -0.803556
v 0.368654 0.702448 -0.803347
v -0.369644 0.702133 -0.791473
v -0.371979 0.704482 -0.791766
v -0.370812 0.702448 -0.791620
v -0.371666 0.703307 -0.791727
v -0.369795 0.704482 -0.803633
v -0.367512 0.702133 -0.803061
v -0.369489 0.703307 -0.803557
v -0.368654 0.702448 -0.803347
v -0.364029 0.702133 -0.813972
v -0.366218 0.704482 -0.814838
v -0.365123 0.702448 -0.814405
v -0.365925 0.703307 -0.814722
v -0.361154 0.704482 -0.825453
v -0.359095 0.702133 -0.824313
v -0.360878 0.703307 -0.825300
v -0.360124 0.702448 -0.824883
v -0.370481 0.702133 0.000000
v -0.372830 0.704482 0.000000
v -0.371655 0.702448 0.000000
v -0.372515 0.703307 0.000000
v -0.372830 0.704482 -0.779173
v -0.370481 0.702133 -0.779093
v -0.372515 0.703307 -0.779162
v -0.371655 0.702448 -0.779133
v -0.353096 0.702133 -0.833738
v -0.354995 0.704482 -0.835128
v -0.354045 0.702448 -0.834433
v -0.354741 0.703307 -0.834942
v -0.347642 0.704482 -0.843928
v -0.345930 0.702133 -0.842313
v -0.347412 0.703307 -0.843712
v -0.346786 0.702448 -0.843121
v -0.318134 0.702133 -0.862368
v -0.319109 0.704482 -0.864511
v -0.318621 0.702448 -0.863439
v -0.318978 0.703307 -0.864224
v -0.307453 0.704482 -0.868885
v -0.306783 0.702133 -0.866628
v -0.307363 0.703307 -0.868583
v -0.307118 0.702448 -0.867756
v -0.337790 0.702133 -0.849955
v -0.339293 0.704482 -0.851766
v -0.338542 0.702448 -0.850860
v -0.339092 0.703307 -0.851523
v -0.329634 0.704482 -0.858834
v -0.328377 0.702133 -0.856843
v -0.329465 0.703307 -0.858567
v -0.329005 0.702448 -0.857839
v -0.294307 0.704482 -0.871797
v -0.293949 0.702133 -0.869471
v -0.294259 0.703307 -0.871485
v -0.294128 0.702448 -0.870634
v 0.372830 0.704482 0.000000
v 0.370481 0.702133 0.000000
v 0.372515 0.703307 0.000000
v 0.371655 0.702448 0.000000
v -0.278856 0.704482 0.873159
v -0.278752 0.702133 0.870810
v -0.278842 0.703307 0.872844
v -0.278804 0.702448 0.871984
v 0.278753 0.702133 0.870810
v 0.278857 0.704482 0.873159
v 0.278805 0.702448 0.871984
v 0.278843 0.703307 0.872844
v 0.371979 0.704482 0.791766
v 0.369645 0.702133 0.791473
v 0.371666 0.703307 0.791726
v 0.370812 0.702448 0.791619
v 0.370481 0.702133 0.779093
v 0.372830 0.704482 0.779172
v 0.371655 0.702448 0.779133
v 0.372515 0.703307 0.779162
v 0.319106 0.704482 0.864506
v 0.318131 0.702133 0.862363
v 0.318975 0.703307 0.864219
v 0.318618 0.702448 0.863435
v 0.328377 0.702133 0.856840
v 0.329635 0.704482 0.858831
v 0.329006 0.702448 0.857836
v 0.329466 0.703307 0.858564
v 0.339287 0.704482 0.851754
v 0.337786 0.702133 0.849943
v 0.339086 0.703307 0.851511
v 0.338537 0.702448 0.850848
v 0.345953 0.702133 0.842313
v 0.347666 0.704482 0.843927
v 0.346809 0.702448 0.843120
v 0.347437 0.703307 0.843711
v 0.354976 0.704482 0.835095
v 0.353075 0.702133 0.833708
v 0.354721 0.703307 0.834910
v 0.354025 0.702448 0.834402
v 0.359097 0.702133 0.824309
v 0.361154 0.704482 0.825453
v 0.360126 0.702448 0.824881
v 0.360878 0.703307 0.825299
v 0.294308 0.704482 0.871797
v 0.293949 0.702133 0.869471
v 0.294260 0.703307 0.871485
v 0.294129 0.702448 0.870634
v 0.306783 0.702133 0.866628
v 0.307454 0.704482 0.868885
v 0.307118 0.702448 0.867756
v 0.307364 0.703307 0.868582
v 0.366218 0.704482 0.814838
v 0.364029 0.702133 0.813971
v 0.365925 0.703307 0.814722
v 0.365124 0.702448 0.814404
v 0.367513 0.702133 0.803061
v 0.369796 0.704482 0.803633
v 0.368654 0.702448 0.803347
v 0.369490 0.703307 0.803556
v -0.371979 0.704482 0.791766
v -0.369644 0.702133 0.791473
v -0.371666 0.703307 0.791727
v -0.370812 0.702448 0.791620
v -0.367512 0.702133 0.803061
v -0.369795 0.704482 0.803633
v -0.368654 0.702448 0.803347
v -0.369489 0.703307 0.803557
v -0.366218 0.704482 0.814838
v -0.364029 0.702133 0.813972
v -0.365925 0.703307 0.814722
v -0.365123 0.702448 0.814405
v -0.359095 0.702133 0.824313
v -0.361154 0.704482 0.825453
v -0.360124 0.702448 0.824883
v -0.360878 0.703307 0.825300
v -0.370481 0.702133 0.779093
v -0.372830 0.704482 0.779173
v -0.371655 0.702448 0.779133
v -0.372515 0.703307 0.779162
v -0.354995 0.704482 0.835128
v -0.353096 0.702133 0.833738
v -0.354741 0.703307 0.834942
v -0.354045 0.702448 0.834433
v -0.345930 0.702133 0.842313
v -0.347642 0.704482 0.843928
v -0.346786 0.702448 0.843121
v -0.347412 0.703307 0.843712
v -0.319109 0.704482 0.864511
v -0.318134 0.702133 0.862368
v -0.318978 0.703307 0.864224
v -0.318621 0.702448 0.863439
v -0.306783 0.702133 0.866628
v -0.307453 0.704482 0.868885
v -0.307118 0.702448 0.867756
v -0.307363 0.703307 0.868583
v -0.339293 0.704482 0.851766
v -0.337790 0.702133 0.849955
v -0.339092 0.703307 0.851523
v -0.338542 0.702448 0.850860
v -0.328377 0.702133 0.856843
v -0.329634 0.704482 0.858834
v -0.329005 0.702448 0.857839
v -0.329465 0.703307 0.858567
v -0.293949 0.702133 0.869471
v -0.294307 0.704482 0.871797
v -0.294128 0.702448 0.870634
v -0.294259 0.703307 0.871485
v 0.275510 0.720042 -0.873159
v -0.275509 0.720042 -0.873159
v -0.275509 0.702133 -0.859244
v 0.275510 0.702133 -0.859244
v -0.275509 0.702133 -0.832912
v 0.275510 0.702133 -0.832912
v 0.275510 0.704482 -0.873159
v -0.275509 0.704482 -0.873159
v -0.275509 0.703307 -0.872844
v 0.275510 0.703307 -0.872844
v -0.275509 0.702448 -0.871984
v 0.275510 0.702448 -0.871984
v 0.275510 0.702133 -0.870810
v -0.275509 0.702133 -0.870810
v 0.276258 0.704482 0.873159
v -0.276257 0.704482 0.873159
v -0.276257 0.703307 0.872844
v 0.276258 0.703307 0.872844
v 0.276258 0.702448 0.871984
v -0.276257 0.702448 0.871984
v 0.276258 0.702133 0.870810
v -0.276257 0.702133 0.870810
v 0.276258 0.702133 0.832912
v -0.276257 0.702133 0.832912
v -0.276257 0.702133 0.859244
v 0.276258 0.702133 0.859244
v -0.276257 0.720042 0.873159
v 0.276258 0.720042 0.873159
v 0.372830 0.720042 -0.775023
v 0.358915 0.702133 -0.774556
v 0.332583 0.702133 -0.773673
v 0.372830 0.704482 -0.775023
v 0.372515 0.703307 -0.775013
v 0.371655 0.702448 -0.774984
v 0.370481 0.702133 -0.774945
v 0.372830 0.720042 0.776693
v 0.358915 0.702133 0.776225
v 0.332583 0.702133 0.775340
v 0.370481 0.702133 0.776614
v 0.371655 0.702448 0.776654
v 0.372515 0.703307 0.776682
v 0.372830 0.704482 0.776693
v -0.372830 0.720042 0.776558
v -0.358915 0.702133 0.776090
v -0.332583 0.702133 0.775205
v -0.370481 0.702133 0.776479
v -0.371655 0.702448 0.776519
v -0.372515 0.703307 0.776548
v -0.372830 0.704482 0.776558
v -0.372830 0.720042 -0.777313
v -0.358915 0.702133 -0.776845
v -0.332583 0.702133 -0.775959
v -0.372830 0.704482 -0.777313
v -0.372515 0.703307 -0.777303
v -0.371655 0.702448 -0.777274
v -0.370481 0.702133 -0.777234
v 0.399383 0.013474 -0.876704
v 0.394986 0.011902 -0.879203
v 0.401965 0.011378 -0.872659
v 0.396586 0.006995 -0.874496
v 0.388199 0.010586 -0.880431
v 0.389016 0.004449 -0.875484
v 0.389551 0.000464 -0.868002
v 0.397620 0.003803 -0.867417
v 0.403386 0.009446 -0.866192
v 0.399861 0.017398 -0.876923
v 0.403873 0.016550 -0.871476
v 0.405543 0.015172 -0.864965
v 0.405628 0.019817 -0.863968
v 0.403884 0.021164 -0.870658
v 0.399631 0.021909 -0.876412
v 0.400183 0.008302 -0.854715
v 0.395943 0.005713 -0.852888
v 0.400735 0.011751 -0.852915
v 0.395243 0.009905 -0.849264
v 0.389236 0.003889 -0.851954
v 0.388578 0.008509 -0.847896
v 0.387911 0.012859 -0.846142
v 0.394751 0.014240 -0.847599
v 0.400536 0.016055 -0.851523
v 0.377530 0.004892 -0.854715
v 0.375337 0.004186 -0.859432
v 0.376000 0.008027 -0.852915
v 0.372025 0.008614 -0.858424
v 0.374049 0.005029 -0.866192
v 0.370370 0.009876 -0.864966
v 0.368896 0.014286 -0.863968
v 0.370641 0.012939 -0.857277
v 0.374893 0.012194 -0.851523
v 0.376730 0.010063 -0.876704
v 0.381359 0.009851 -0.879203
v 0.375127 0.013674 -0.876923
v 0.380655 0.015259 -0.880637
v 0.387335 0.016539 -0.882036
v 0.386613 0.021244 -0.881794
v 0.379773 0.019863 -0.880337
v 0.373988 0.018048 -0.876412
v 0.380999 0.001301 -0.867417
v 0.381680 0.001140 -0.859496
v 0.382317 0.003662 -0.852888
v 0.389603 0.000654 -0.859351
v 0.402447 0.008267 -0.859432
v 0.404348 0.013480 -0.858424
v 0.404371 0.018017 -0.857277
v 0.374856 0.007297 -0.872659
v 0.371550 0.011684 -0.871476
v 0.370154 0.016086 -0.870658
v 0.381133 0.004668 -0.874496
v 0.381797 0.007880 -0.849264
v 0.380965 0.012164 -0.847599
v 0.394102 0.017284 -0.880637
v 0.393559 0.021939 -0.880337
v 0.397132 0.003467 -0.859496
v 0.391029 0.112279 -0.838619
v 0.376778 0.200951 -0.814161
v 0.359657 0.307471 -0.784774
v 0.374793 0.201884 -0.822421
v 0.389153 0.113428 -0.846137
v 0.357540 0.308146 -0.793929
v 0.342446 0.414553 -0.755232
v 0.327922 0.504911 -0.730303
v 0.325560 0.505113 -0.741114
v 0.340196 0.414970 -0.765286
v 0.334273 0.415197 -0.773926
v 0.319262 0.505220 -0.750406
v 0.352061 0.308516 -0.801798
v 0.384480 0.114062 -0.852601
v 0.369754 0.202398 -0.829522
v 0.354994 0.196119 -0.792125
v 0.371166 0.106341 -0.818576
v 0.335562 0.303967 -0.760343
v 0.363302 0.197079 -0.793932
v 0.378783 0.107520 -0.820217
v 0.344701 0.304665 -0.762349
v 0.299544 0.503838 -0.701432
v 0.316027 0.412376 -0.728391
v 0.310223 0.504055 -0.703806
v 0.326001 0.412811 -0.730597
v 0.319393 0.504336 -0.710168
v 0.334550 0.413381 -0.736511
v 0.352512 0.305580 -0.767731
v 0.370380 0.198341 -0.798786
v 0.385252 0.109070 -0.824631
v 0.350198 0.107553 -0.838601
v 0.332315 0.197099 -0.814124
v 0.310822 0.304668 -0.784718
v 0.334300 0.196166 -0.805863
v 0.352074 0.106405 -0.831083
v 0.312938 0.303994 -0.775562
v 0.289213 0.412800 -0.755156
v 0.270978 0.504032 -0.730214
v 0.273339 0.503830 -0.719399
v 0.291461 0.412383 -0.745100
v 0.297384 0.412157 -0.736456
v 0.279637 0.503723 -0.710104
v 0.318417 0.303623 -0.767690
v 0.356747 0.105771 -0.824618
v 0.339338 0.195652 -0.798759
v 0.354101 0.201931 -0.836156
v 0.370062 0.113491 -0.858642
v 0.334921 0.308173 -0.809144
v 0.345794 0.200970 -0.834350
v 0.362446 0.112312 -0.857002
v 0.325783 0.307475 -0.807140
v 0.299362 0.505105 -0.759075
v 0.315636 0.414977 -0.781989
v 0.288685 0.504888 -0.756704
v 0.305664 0.414542 -0.779786
v 0.279514 0.504607 -0.750346
v 0.297115 0.413973 -0.773875
v 0.317972 0.306560 -0.801760
v 0.338716 0.199709 -0.829498
v 0.355977 0.110762 -0.852589
v 0.375129 0.199703 -0.805896
v 0.389568 0.110744 -0.831100
v 0.357783 0.306567 -0.775615
v 0.325631 0.504637 -0.719482
v 0.340345 0.413993 -0.745171
v 0.333965 0.198347 -0.822389
v 0.351660 0.109088 -0.846121
v 0.312699 0.305572 -0.793878
v 0.273273 0.504306 -0.741035
v 0.291317 0.413360 -0.765217
v 0.346614 0.195634 -0.793918
v 0.363459 0.105746 -0.820210
v 0.326371 0.303613 -0.762327
v 0.288849 0.503725 -0.703771
v 0.306020 0.412153 -0.730567
v 0.362480 0.202416 -0.834363
v 0.377769 0.114086 -0.857008
v 0.344110 0.308527 -0.807160
v 0.310053 0.505218 -0.756736
v 0.325640 0.415200 -0.779813
v 0.405522 0.021425 -0.863606
v 0.403993 0.031430 -0.860893
v 0.403764 0.022783 -0.870347
v 0.402217 0.032771 -0.867733
v 0.399631 0.058743 -0.853380
v 0.397821 0.060021 -0.860452
v 0.393367 0.060727 -0.866534
v 0.397879 0.033511 -0.873617
v 0.399479 0.023533 -0.876145
v 0.387670 0.014415 -0.845645
v 0.385881 0.024504 -0.842665
v 0.394562 0.015806 -0.847112
v 0.392868 0.025878 -0.844155
v 0.380921 0.052141 -0.834532
v 0.388123 0.053451 -0.836074
v 0.394226 0.055174 -0.840224
v 0.398781 0.027686 -0.848168
v 0.400392 0.017635 -0.851067
v 0.368511 0.015853 -0.863606
v 0.366478 0.025924 -0.860891
v 0.370268 0.014495 -0.856865
v 0.368253 0.024583 -0.854050
v 0.360980 0.053493 -0.853373
v 0.362790 0.052215 -0.846301
v 0.367243 0.051509 -0.840219
v 0.372591 0.023842 -0.848167
v 0.374554 0.013745 -0.851067
v 0.386363 0.022863 -0.881567
v 0.384590 0.032849 -0.879119
v 0.379471 0.021472 -0.880099
v 0.377603 0.031475 -0.877629
v 0.379691 0.060095 -0.872220
v 0.372488 0.058784 -0.870679
v 0.366385 0.057061 -0.866529
v 0.371690 0.029668 -0.873616
v 0.373641 0.019643 -0.876145
v 0.404255 0.019612 -0.856865
v 0.402702 0.029639 -0.854052
v 0.398282 0.057036 -0.846308
v 0.369778 0.017666 -0.870347
v 0.367769 0.027715 -0.867732
v 0.362329 0.055200 -0.860446
v 0.380671 0.013715 -0.847113
v 0.378788 0.023812 -0.844154
v 0.373617 0.051481 -0.836071
v 0.393362 0.023563 -0.880099
v 0.391682 0.033541 -0.877629
v 0.386994 0.060755 -0.870681
v 0.296904 0.639036 -0.715568
v 0.303747 0.639036 -0.705327
v 0.306286 0.639036 -0.693420
v 0.304797 0.650166 -0.690640
v 0.302228 0.650167 -0.702722
v 0.295305 0.650166 -0.713114
v 0.296900 0.639037 -0.671269
v 0.286864 0.639037 -0.664281
v 0.275195 0.639037 -0.661684
v 0.273342 0.650166 -0.658448
v 0.285147 0.650166 -0.661080
v 0.295300 0.650166 -0.668168
v 0.253491 0.639037 -0.671256
v 0.246647 0.639037 -0.681496
v 0.244107 0.639036 -0.693403
v 0.241889 0.650166 -0.690633
v 0.244459 0.650166 -0.678552
v 0.251384 0.650166 -0.668163
v 0.253494 0.639035 -0.715557
v 0.263531 0.639035 -0.722545
v 0.275200 0.639035 -0.725142
v 0.273346 0.650166 -0.722832
v 0.261540 0.650166 -0.720199
v 0.251385 0.650166 -0.713109
v 0.303744 0.639037 -0.681512
v 0.302225 0.650166 -0.678559
v 0.246649 0.639036 -0.705312
v 0.244460 0.650166 -0.702715
v 0.263527 0.639037 -0.664274
v 0.261537 0.650166 -0.661078
v 0.286869 0.639035 -0.722551
v 0.285152 0.650166 -0.720201
v 0.318865 0.561257 -0.714757
v 0.313906 0.592103 -0.706248
v 0.316431 0.561330 -0.726040
v 0.311433 0.592114 -0.717787
v 0.311677 0.605962 -0.702427
v 0.309184 0.605952 -0.714079
v 0.302465 0.605944 -0.724094
v 0.304772 0.592116 -0.727704
v 0.309900 0.561367 -0.735737
v 0.289270 0.560845 -0.684629
v 0.283652 0.592020 -0.675441
v 0.300388 0.560931 -0.687106
v 0.295008 0.592040 -0.677973
v 0.281136 0.605984 -0.671327
v 0.292597 0.605983 -0.673882
v 0.302455 0.605978 -0.680733
v 0.304775 0.592063 -0.684761
v 0.309945 0.561040 -0.693745
v 0.259611 0.560903 -0.714666
v 0.253395 0.592012 -0.706162
v 0.262043 0.560829 -0.703380
v 0.255866 0.592002 -0.694620
v 0.250610 0.605959 -0.702351
v 0.253101 0.605968 -0.690697
v 0.259820 0.605976 -0.680678
v 0.262527 0.591999 -0.684699
v 0.268575 0.560793 -0.693679
v 0.289212 0.561315 -0.744784
v 0.283654 0.592096 -0.736959
v 0.278096 0.561229 -0.742310
v 0.272300 0.592075 -0.734430
v 0.281156 0.605936 -0.733443
v 0.269696 0.605937 -0.730891
v 0.259838 0.605942 -0.724043
v 0.262533 0.592053 -0.727647
v 0.268539 0.561120 -0.735676
v 0.316456 0.561154 -0.703465
v 0.311435 0.592085 -0.694700
v 0.309179 0.605971 -0.690768
v 0.262024 0.561006 -0.725958
v 0.255870 0.592030 -0.717709
v 0.253111 0.605950 -0.714011
v 0.278147 0.560798 -0.687071
v 0.272295 0.592006 -0.677939
v 0.269675 0.605982 -0.673852
v 0.300332 0.561362 -0.742343
v 0.295007 0.592110 -0.734461
v 0.292613 0.605938 -0.730919
v 0.313921 0.688259 -0.687326
v 0.310431 0.688259 -0.703716
v 0.317979 0.693028 -0.687074
v 0.314150 0.693028 -0.705096
v 0.303836 0.693028 -0.720597
v 0.301028 0.688259 -0.717813
v 0.271213 0.688259 -0.643656
v 0.287242 0.688259 -0.647225
v 0.271130 0.693028 -0.639055
v 0.288713 0.693028 -0.642980
v 0.303836 0.693028 -0.653552
v 0.301028 0.688259 -0.656839
v 0.228505 0.688259 -0.687326
v 0.231995 0.688259 -0.670936
v 0.224280 0.693028 -0.687074
v 0.228109 0.693028 -0.669052
v 0.238424 0.693028 -0.653552
v 0.241398 0.688259 -0.656839
v 0.271213 0.688259 -0.730997
v 0.255184 0.688259 -0.727428
v 0.271130 0.693028 -0.735093
v 0.253547 0.693028 -0.731168
v 0.238424 0.693028 -0.720597
v 0.241398 0.688259 -0.717813
v 0.310431 0.688259 -0.670936
v 0.314150 0.693028 -0.669052
v 0.231996 0.688259 -0.703716
v 0.228110 0.693028 -0.705096
v 0.255184 0.688259 -0.647225
v 0.253547 0.693028 -0.642980
v 0.287242 0.688259 -0.727428
v 0.288713 0.693028 -0.731168
v 0.304564 0.660159 -0.688771
v 0.301914 0.660159 -0.701280
v 0.305762 0.668697 -0.687901
v 0.302969 0.668697 -0.701110
v 0.295442 0.668697 -0.712472
v 0.294772 0.660159 -0.712039
v 0.272113 0.660159 -0.655445
v 0.284292 0.660159 -0.658169
v 0.271565 0.668697 -0.652709
v 0.284399 0.668697 -0.655586
v 0.295438 0.668697 -0.663333
v 0.294766 0.660159 -0.665506
v 0.239664 0.660159 -0.688768
v 0.242316 0.660159 -0.676260
v 0.237367 0.668697 -0.687900
v 0.240163 0.668697 -0.674692
v 0.247691 0.668697 -0.663333
v 0.249460 0.660159 -0.665504
v 0.272117 0.660159 -0.722102
v 0.259937 0.660159 -0.719377
v 0.271568 0.668697 -0.723099
v 0.258732 0.668697 -0.720222
v 0.247692 0.668697 -0.712472
v 0.249460 0.660159 -0.712037
v 0.301911 0.660159 -0.676263
v 0.302967 0.668697 -0.674693
v 0.242316 0.660159 -0.701277
v 0.240163 0.668697 -0.701110
v 0.259934 0.660159 -0.658168
v 0.258730 0.668697 -0.655585
v 0.284297 0.660159 -0.719378
v 0.284403 0.668697 -0.720222
v 0.322848 0.697023 -0.686573
v 0.318608 0.697023 -0.706400
v 0.331234 0.702091 -0.685442
v 0.328367 0.700463 -0.685844
v 0.326278 0.702091 -0.708106
v 0.323655 0.700463 -0.707554
v 0.310965 0.700463 -0.726227
v 0.312927 0.702091 -0.727600
v 0.307185 0.697023 -0.723454
v 0.270966 0.697023 -0.633745
v 0.290438 0.697023 -0.638062
v 0.270591 0.702091 -0.625053
v 0.270725 0.700463 -0.627998
v 0.293351 0.702091 -0.629988
v 0.292358 0.700463 -0.632726
v 0.312927 0.702091 -0.643284
v 0.310965 0.700463 -0.645462
v 0.307185 0.697023 -0.649693
v 0.219085 0.697023 -0.686573
v 0.223325 0.697023 -0.666746
v 0.213083 0.700463 -0.685844
v 0.209948 0.702091 -0.685442
v 0.214905 0.702091 -0.662777
v 0.217794 0.700463 -0.664134
v 0.230485 0.700463 -0.645462
v 0.228256 0.702091 -0.643284
v 0.234747 0.697023 -0.649693
v 0.270967 0.697023 -0.739402
v 0.251495 0.697023 -0.735084
v 0.270725 0.700463 -0.743691
v 0.270591 0.702091 -0.745831
v 0.247831 0.702091 -0.740895
v 0.249091 0.700463 -0.738962
v 0.230485 0.700463 -0.726227
v 0.228256 0.702091 -0.727600
v 0.234748 0.697023 -0.723454
v 0.318608 0.697023 -0.666746
v 0.326278 0.702091 -0.662777
v 0.323655 0.700463 -0.664134
v 0.223325 0.697023 -0.706400
v 0.214905 0.702091 -0.708106
v 0.217794 0.700463 -0.707554
v 0.251495 0.697023 -0.638063
v 0.247831 0.702091 -0.629989
v 0.249091 0.700463 -0.632726
v 0.290438 0.697023 -0.735084
v 0.293351 0.702091 -0.740895
v 0.292359 0.700463 -0.738962
v 0.307851 0.676129 -0.687567
v 0.304869 0.676129 -0.701626
v 0.310566 0.682642 -0.687440
v 0.307354 0.682642 -0.702510
v 0.298702 0.682642 -0.715472
v 0.296835 0.676129 -0.713719
v 0.271353 0.676129 -0.650109
v 0.285051 0.676129 -0.653171
v 0.271265 0.682642 -0.647286
v 0.286015 0.682642 -0.650568
v 0.298701 0.682642 -0.659408
v 0.296832 0.676129 -0.661418
v 0.234856 0.676129 -0.687567
v 0.237839 0.676129 -0.673508
v 0.231964 0.682642 -0.687440
v 0.235176 0.682642 -0.672369
v 0.243829 0.682642 -0.659408
v 0.245874 0.676129 -0.661417
v 0.271355 0.676129 -0.725029
v 0.257657 0.676129 -0.721967
v 0.271266 0.682642 -0.727596
v 0.256516 0.682642 -0.724313
v 0.243829 0.682642 -0.715472
v 0.245875 0.676129 -0.713719
v 0.304867 0.676129 -0.673508
v 0.307353 0.682642 -0.672370
v 0.237839 0.676129 -0.701626
v 0.235177 0.682642 -0.702510
v 0.257656 0.676129 -0.653171
v 0.256515 0.682642 -0.650568
v 0.285054 0.676129 -0.721967
v 0.286016 0.682642 -0.724313
v 0.309932 0.616762 -0.699463
v 0.307422 0.616756 -0.711197
v 0.308142 0.627754 -0.696465
v 0.305617 0.627752 -0.708285
v 0.298811 0.627750 -0.718448
v 0.300658 0.616751 -0.721286
v 0.279193 0.616776 -0.668159
v 0.290729 0.616775 -0.670726
v 0.277219 0.627760 -0.664952
v 0.288824 0.627759 -0.667533
v 0.298806 0.627758 -0.674473
v 0.300651 0.616772 -0.677621
v 0.248465 0.616760 -0.699410
v 0.250974 0.616766 -0.687674
v 0.246300 0.627753 -0.696434
v 0.248826 0.627755 -0.684613
v 0.255632 0.627757 -0.674449
v 0.257738 0.616771 -0.677583
v 0.279206 0.616746 -0.730709
v 0.267672 0.616747 -0.728144
v 0.277226 0.627747 -0.727946
v 0.265621 0.627748 -0.725366
v 0.255638 0.627749 -0.718427
v 0.257749 0.616750 -0.721251
v 0.307418 0.616767 -0.687723
v 0.305614 0.627756 -0.684643
v 0.250980 0.616755 -0.711150
v 0.248829 0.627751 -0.708256
v 0.267658 0.616774 -0.670706
v 0.265613 0.627759 -0.667520
v 0.290739 0.616748 -0.728162
v 0.288831 0.627748 -0.725378
v -0.399383 0.013474 -0.876704
v -0.394986 0.011902 -0.879203
v -0.401965 0.011378 -0.872659
v -0.396586 0.006995 -0.874496
v -0.388199 0.010586 -0.880431
v -0.389016 0.004449 -0.875484
v -0.389551 0.000464 -0.868002
v -0.397620 0.003803 -0.867417
v -0.403386 0.009446 -0.866192
v -0.399861 0.017398 -0.876923
v -0.403873 0.016550 -0.871476
v -0.405543 0.015172 -0.864965
v -0.405628 0.019817 -0.863968
v -0.403884 0.021164 -0.870658
v -0.399631 0.021909 -0.876412
v -0.400183 0.008302 -0.854715
v -0.395943 0.005713 -0.852888
v -0.400735 0.011751 -0.852915
v -0.395243 0.009905 -0.849264
v -0.389236 0.003889 -0.851954
v -0.388578 0.008509 -0.847896
v -0.387911 0.012859 -0.846142
v -0.394751 0.014240 -0.847599
v -0.400536 0.016055 -0.851523
v -0.377530 0.004892 -0.854715
v -0.375337 0.004186 -0.859432
v -0.376000 0.008027 -0.852915
v -0.372025 0.008614 -0.858424
v -0.374049 0.005029 -0.866192
v -0.370370 0.009876 -0.864966
v -0.368896 0.014286 -0.863968
v -0.370641 0.012939 -0.857277
v -0.374893 0.012194 -0.851523
v -0.376730 0.010063 -0.876704
v -0.381359 0.009851 -0.879203
v -0.375127 0.013674 -0.876923
v -0.380655 0.015259 -0.880637
v -0.387335 0.016539 -0.882036
v -0.386613 0.021244 -0.881794
v -0.379773 0.019863 -0.880337
v -0.373988 0.018048 -0.876412
v -0.380999 0.001301 -0.867417
v -0.381680 0.001140 -0.859496
v -0.382317 0.003662 -0.852888
v -0.389603 0.000654 -0.859351
v -0.402447 0.008267 -0.859432
v -0.404348 0.013480 -0.858424
v -0.404371 0.018017 -0.857277
v -0.374856 0.007297 -0.872659
v -0.371550 0.011684 -0.871476
v -0.370154 0.016086 -0.870658
v -0.381133 0.004668 -0.874496
v -0.381797 0.007880 -0.849264
v -0.380965 0.012164 -0.847599
v -0.394102 0.017284 -0.880637
v -0.393559 0.021939 -0.880337
v -0.397132 0.003467 -0.859496
v -0.391029 0.112279 -0.838619
v -0.376778 0.200951 -0.814161
v -0.359657 0.307471 -0.784774
v -0.374793 0.201884 -0.822421
v -0.389153 0.113428 -0.846137
v -0.357540 0.308146 -0.793929
v -0.342446 0.414553 -0.755232
v -0.327922 0.504911 -0.730303
v -0.325560 0.505113 -0.741114
v -0.340196 0.414970 -0.765286
v -0.334273 0.415197 -0.773926
v -0.319262 0.505220 -0.750406
v -0.352061 0.308516 -0.801798
v -0.384480 0.114062 -0.852601
v -0.369754 0.202398 -0.829522
v -0.354994 0.196119 -0.792125
v -0.371166 0.106341 -0.818576
v -0.335562 0.303967 -0.760343
v -0.363302 0.197079 -0.793932
v -0.378783 0.107520 -0.820217
v -0.344701 0.304665 -0.762349
v -0.299544 0.503838 -0.701432
v -0.316027 0.412376 -0.728391
v -0.310223 0.504055 -0.703806
v -0.326001 0.412811 -0.730597
v -0.319393 0.504336 -0.710168
v -0.334550 0.413381 -0.736511
v -0.352512 0.305580 -0.767731
v -0.370380 0.198341 -0.798786
v -0.385252 0.109070 -0.824631
v -0.350198 0.107553 -0.838601
v -0.332315 0.197099 -0.814124
v -0.310822 0.304668 -0.784718
v -0.334300 0.196166 -0.805863
v -0.352074 0.106405 -0.831083
v -0.312938 0.303994 -0.775562
v -0.289213 0.412800 -0.755156
v -0.270978 0.504032 -0.730214
v -0.273339 0.503830 -0.719399
v -0.291461 0.412383 -0.745100
v -0.297384 0.412157 -0.736456
v -0.279637 0.503723 -0.710104
v -0.318417 0.303623 -0.767690
v -0.356747 0.105771 -0.824618
v -0.339338 0.195652 -0.798759
v -0.354101 0.201931 -0.836156
v -0.370062 0.113491 -0.858642
v -0.334921 0.308173 -0.809144
v -0.345794 0.200970 -0.834350
v -0.362446 0.112312 -0.857002
v -0.325783 0.307475 -0.807140
v -0.299362 0.505105 -0.759075
v -0.315636 0.414977 -0.781989
v -0.288685 0.504888 -0.756704
v -0.305664 0.414542 -0.779786
v -0.279514 0.504607 -0.750346
v -0.297115 0.413973 -0.773875
v -0.317972 0.306560 -0.801760
v -0.338716 0.199709 -0.829498
v -0.355977 0.110762 -0.852589
v -0.375129 0.199703 -0.805896
v -0.389568 0.110744 -0.831100
v -0.357783 0.306567 -0.775615
v -0.325631 0.504637 -0.719482
v -0.340345 0.413993 -0.745171
v -0.333965 0.198347 -0.822389
v -0.351660 0.109088 -0.846121
v -0.312699 0.305572 -0.793878
v -0.273273 0.504306 -0.741035
v -0.291317 0.413360 -0.765217
v -0.346614 0.195634 -0.793918
v -0.363459 0.105746 -0.820210
v -0.326371 0.303613 -0.762327
v -0.288849 0.503725 -0.703771
v -0.306020 0.412153 -0.730567
v -0.362480 0.202416 -0.834363
v -0.377769 0.114086 -0.857008
v -0.344110 0.308527 -0.807160
v -0.310053 0.505218 -0.756736
v -0.325640 0.415200 -0.779813
v -0.405522 0.021425 -0.863606
v -0.403993 0.031430 -0.860893
v -0.403764 0.022783 -0.870347
v -0.402217 0.032771 -0.867733
v -0.399631 0.058743 -0.853380
v -0.397821 0.060021 -0.860452
v -0.393367 0.060727 -0.866534
v -0.397879 0.033511 -0.873617
v -0.399479 0.023533 -0.876145
v -0.387670 0.014415 -0.845645
v -0.385881 0.024504 -0.842665
v -0.394562 0.015806 -0.847112
v -0.392868 0.025878 -0.844155
v -0.380921 0.052141 -0.834532
v -0.388123 0.053451 -0.836074
v -0.394226 0.055174 -0.840224
v -0.398781 0.027686 -0.848168
v -0.400392 0.017635 -0.851067
v -0.368511 0.015853 -0.863606
v -0.366478 0.025924 -0.860891
v -0.370268 0.014495 -0.856865
v -0.368253 0.024583 -0.854050
v -0.360980 0.053493 -0.853373
v -0.362790 0.052215 -0.846301
v -0.367243 0.051509 -0.840219
v -0.372591 0.023842 -0.848167
v -0.374554 0.013745 -0.851067
v -0.386363 0.022863 -0.881567
v -0.384590 0.032849 -0.879119
v -0.379471 0.021472 -0.880099
v -0.377603 0.031475 -0.877629
v -0.379691 0.060095 -0.872220
v -0.372488 0.058784 -0.870679
v -0.366385 0.057061 -0.866529
v -0.371690 0.029668 -0.873616
v -0.373641 0.019643 -0.876145
v -0.404255 0.019612 -0.856865
v -0.402702 0.029639 -0.854052
v -0.398282 0.057036 -0.846308
v -0.369778 0.017666 -0.870347
v -0.367769 0.027715 -0.867732
v -0.362329 0.055200 -0.860446
v -0.380671 0.013715 -0.847113
v -0.378788 0.023812 -0.844154
v -0.373617 0.051481 -0.836071
v -0.393362 0.023563 -0.880099
v -0.391682 0.033541 -0.877629
v -0.386994 0.060755 -0.870681
v -0.296904 0.639036 -0.715568
v -0.303747 0.639036 -0.705327
v -0.306286 0.639036 -0.693420
v -0.304797 0.650166 -0.690640
v -0.302228 0.650167 -0.702722
v -0.295305 0.650166 -0.713114
v -0.296900 0.639037 -0.671269
v -0.286864 0.639037 -0.664281
v -0.275195 0.639037 -0.661684
v -0.273342 0.650166 -0.658448
v -0.285147 0.650166 -0.661080
v -0.295300 0.650166 -0.668168
v -0.253491 0.639037 -0.671256
v -0.246647 0.639037 -0.681496
v -0.244107 0.639036 -0.693403
v -0.241889 0.650166 -0.690633
v -0.244459 0.650166 -0.678552
v -0.251384 0.650166 -0.668163
v -0.253494 0.639035 -0.715557
v -0.263531 0.639035 -0.722545
v -0.275200 0.639035 -0.725142
v -0.273346 0.650166 -0.722832
v -0.261540 0.650166 -0.720199
v -0.251385 0.650166 -0.713109
v -0.303744 0.639037 -0.681512
v -0.302225 0.650166 -0.678559
v -0.246649 0.639036 -0.705312
v -0.244460 0.650166 -0.702715
v -0.263527 0.639037 -0.664274
v -0.261537 0.650166 -0.661078
v -0.286869 0.639035 -0.722551
v -0.285152 0.650166 -0.720201
v -0.318865 0.561257 -0.714757
v -0.313906 0.592103 -0.706248
v -0.316431 0.561330 -0.726040
v -0.311433 0.592114 -0.717787
v -0.311677 0.605962 -0.702427
v -0.309184 0.605952 -0.714079
v -0.302465 0.605944 -0.724094
v -0.304772 0.592116 -0.727704
v -0.309900 0.561367 -0.735737
v -0.289270 0.560845 -0.684629
v -0.283652 0.592020 -0.675441
v -0.300388 0.560931 -0.687106
v -0.295008 0.592040 -0.677973
v -0.281136 0.605984 -0.671327
v -0.292597 0.605983 -0.673882
v -0.302455 0.605978 -0.680733
v -0.304775 0.592063 -0.684761
v -0.309945 0.561040 -0.693745
v -0.259611 0.560903 -0.714666
v -0.253395 0.592012 -0.706162
v -0.262043 0.560829 -0.703380
v -0.255866 0.592002 -0.694620
v -0.250610 0.605959 -0.702351
v -0.253101 0.605968 -0.690697
v -0.259820 0.605976 -0.680678
v -0.262527 0.591999 -0.684699
v -0.268575 0.560793 -0.693679
v -0.289212 0.561315 -0.744784
v -0.283654 0.592096 -0.736959
v -0.278096 0.561229 -0.742310
v -0.272300 0.592075 -0.734430
v -0.281156 0.605936 -0.733443
v -0.269696 0.605937 -0.730891
v -0.259838 0.605942 -0.724043
v -0.262533 0.592053 -0.727647
v -0.268539 0.561120 -0.735676
v -0.316456 0.561154 -0.703465
v -0.311435 0.592085 -0.694700
v -0.309179 0.605971 -0.690768
v -0.262024 0.561006 -0.725958
v -0.255870 0.592030 -0.717709
v -0.253111 0.605950 -0.714011
v -0.278147 0.560798 -0.687071
v -0.272295 0.592006 -0.677939
v -0.269675 0.605982 -0.673852
v -0.300332 0.561362 -0.742343
v -0.295007 0.592110 -0.734461
v -0.292613 0.605938 -0.730919
v -0.313921 0.688259 -0.687326
v -0.310431 0.688259 -0.703716
v -0.317979 0.693028 -0.687074
v -0.314150 0.693028 -0.705096
v -0.303836 0.693028 -0.720597
v -0.301028 0.688259 -0.717813
v -0.271213 0.688259 -0.643656
v -0.287242 0.688259 -0.647225
v -0.271130 0.693028 -0.639055
v -0.288713 0.693028 -0.642980
v -0.303836 0.693028 -0.653552
v -0.301028 0.688259 -0.656839
v -0.228505 0.688259 -0.687326
v -0.231995 0.688259 -0.670936
v -0.224280 0.693028 -0.687074
v -0.228109 0.693028 -0.669052
v -0.238424 0.693028 -0.653552
v -0.241398 0.688259 -0.656839
v -0.271213 0.688259 -0.730997
v -0.255184 0.688259 -0.727428
v -0.271130 0.693028 -0.735093
v -0.253547 0.693028 -0.731168
v -0.238424 0.693028 -0.720597
v -0.241398 0.688259 -0.717813
v -0.310431 0.688259 -0.670936
v -0.314150 0.693028 -0.669052
v -0.231996 0.688259 -0.703716
v -0.228110 0.693028 -0.705096
v -0.255184 0.688259 -0.647225
v -0.253547 0.693028 -0.642980
v -0.287242 0.688259 -0.727428
v -0.288713 0.693028 -0.731168
v -0.304564 0.660159 -0.688771
v -0.301914 0.660159 -0.701280
v -0.305762 0.668697 -0.687901
v -0.302969 0.668697 -0.701110
v -0.295442 0.668697 -0.712472
v -0.294772 0.660159 -0.712039
v -0.272113 0.660159 -0.655445
v -0.284292 0.660159 -0.658169
v -0.271565 0.668697 -0.652709
v -0.284399 0.668697 -0.655586
v -0.295438 0.668697 -0.663333
v -0.294766 0.660159 -0.665506
v -0.239664 0.660159 -0.688768
v -0.242316 0.660159 -0.676260
v -0.237367 0.668697 -0.687900
v -0.240163 0.668697 -0.674692
v -0.247691 0.668697 -0.663333
v -0.249460 0.660159 -0.665504
v -0.272117 0.660159 -0.722102
v -0.259937 0.660159 -0.719377
v -0.271568 0.668697 -0.723099
v -0.258732 0.668697 -0.720222
v -0.247692 0.668697 -0.712472
v -0.249460 0.660159 -0.712037
v -0.301911 0.660159 -0.676263
v -0.302967 0.668697 -0.674693
v -0.242316 0.660159 -0.701277
v -0.240163 0.668697 -0.701110
v -0.259934 0.660159 -0.658168
v -0.258730 0.668697 -0.655585
v -0.284297 0.660159 -0.719378
v -0.284403 0.668697 -0.720222
v -0.322848 0.697023 -0.686573
v -0.318608 0.697023 -0.706400
v -0.331234 0.702091 -0.685442
v -0.328367 0.700463 -0.685844
v -0.326278 0.702091 -0.708106
v -0.323655 0.700463 -0.707554
v -0.310965 0.700463 -0.726227
v -0.312927 0.702091 -0.727600
v -0.307185 0.697023 -0.723454
v -0.270966 0.697023 -0.633745
v -0.290438 0.697023 -0.638062
v -0.270591 0.702091 -0.625053
v -0.270725 0.700463 -0.627998
v -0.293351 0.702091 -0.629988
v -0.292358 0.700463 -0.632726
v -0.312927 0.702091 -0.643284
v -0.310965 0.700463 -0.645462
v -0.307185 0.697023 -0.649693
v -0.219085 0.697023 -0.686573
v -0.223325 0.697023 -0.666746
v -0.213083 0.700463 -0.685844
v -0.209948 0.702091 -0.685442
v -0.214905 0.702091 -0.662777
v -0.217794 0.700463 -0.664134
v -0.230485 0.700463 -0.645462
v -0.228256 0.702091 -0.643284
v -0.234747 0.697023 -0.649693
v -0.270967 0.697023 -0.739402
v -0.251495 0.697023 -0.735084
v -0.270725 0.700463 -0.743691
v -0.270591 0.702091 -0.745831
v -0.247831 0.702091 -0.740895
v -0.249091 0.700463 -0.738962
v -0.230485 0.700463 -0.726227
v -0.228256 0.702091 -0.727600
v -0.234748 0.697023 -0.723454
v -0.318608 0.697023 -0.666746
v -0.326278 0.702091 -0.662777
v -0.323655 0.700463 -0.664134
v -0.223325 0.697023 -0.706400
v -0.214905 0.702091 -0.708106
v -0.217794 0.700463 -0.707554
v -0.251495 0.697023 -0.638063
v -0.247831 0.702091 -0.629989
v -0.249091 0.700463 -0.632726
v -0.290438 0.697023 -0.735084
v -0.293351 0.702091 -0.740895
v -0.292359 0.700463 -0.738962
v -0.307851 0.676129 -0.687567
v -0.304869 0.676129 -0.701626
v -0.310566 0.682642 -0.687440
v -0.307354 0.682642 -0.702510
v -0.298702 0.682642 -0.715472
v -0.296835 0.676129 -0.713719
v -0.271353 0.676129 -0.650109
v -0.285051 0.676129 -0.653171
v -0.271265 0.682642 -0.647286
v -0.286015 0.682642 -0.650568
v -0.298701 0.682642 -0.659408
v -0.296832 0.676129 -0.661418
v -0.234856 0.676129 -0.687567
v -0.237839 0.676129 -0.673508
v -0.231964 0.682642 -0.687440
v -0.235176 0.682642 -0.672369
v -0.243829 0.682642 -0.659408
v -0.245874 0.676129 -0.661417
v -0.271355 0.676129 -0.725029
v -0.257657 0.676129 -0.721967
v -0.271266 0.682642 -0.727596
v -0.256516 0.682642 -0.724313
v -0.243829 0.682642 -0.715472
v -0.245875 0.676129 -0.713719
v -0.304867 0.676129 -0.673508
v -0.307353 0.682642 -0.672370
v -0.237839 0.676129 -0.701626
v -0.235177 0.682642 -0.702510
v -0.257656 0.676129 -0.653171
v -0.256515 0.682642 -0.650568
v -0.285054 0.676129 -0.721967
v -0.286016 0.682642 -0.724313
v -0.309932 0.616762 -0.699463
v -0.307422 0.616756 -0.711197
v -0.308142 0.627754 -0.696465
v -0.305617 0.627752 -0.708285
v -0.298811 0.627750 -0.718448
v -0.300658 0.616751 -0.721286
v -0.279193 0.616776 -0.668159
v -0.290729 0.616775 -0.670726
v -0.277219 0.627760 -0.664952
v -0.288824 0.627759 -0.667533
v -0.298806 0.627758 -0.674473
v -0.300651 0.616772 -0.677621
v -0.248465 0.616760 -0.699410
v -0.250974 0.616766 -0.687674
v -0.246300 0.627753 -0.696434
v -0.248826 0.627755 -0.684613
v -0.255632 0.627757 -0.674449
v -0.257738 0.616771 -0.677583
v -0.279206 0.616746 -0.730709
v -0.267672 0.616747 -0.728144
v -0.277226 0.627747 -0.727946
v -0.265621 0.627748 -0.725366
v -0.255638 0.627749 -0.718427
v -0.257749 0.616750 -0.721251
v -0.307418 0.616767 -0.687723
v -0.305614 0.627756 -0.684643
v -0.250980 0.616755 -0.711150
v -0.248829 0.627751 -0.708256
v -0.267658 0.616774 -0.670706
v -0.265613 0.627759 -0.667520
v -0.290739 0.616748 -0.728162
v -0.288831 0.627748 -0.725378
v 0.399383 0.013474 0.876704
v 0.394986 0.011902 0.879203
v 0.401965 0.011378 0.872659
v 0.396586 0.006995 0.874496
v 0.388199 0.010586 0.880431
v 0.389016 0.004449 0.875484
v 0.389551 0.000464 0.868002
v 0.397620 0.003803 0.867417
v 0.403386 0.009446 0.866192
v 0.399861 0.017398 0.876923
v 0.403873 0.016550 0.871476
v 0.405543 0.015172 0.864965
v 0.405628 0.019817 0.863968
v 0.403884 0.021164 0.870658
v 0.399631 0.021909 0.876412
v 0.400183 0.008302 0.854715
v 0.395943 0.005713 0.852888
v 0.400735 0.011751 0.852915
v 0.395243 0.009905 0.849264
v 0.389236 0.003889 0.851954
v 0.388578 0.008509 0.847896
v 0.387911 0.012859 0.846142
v 0.394751 0.014240 0.847599
v 0.400536 0.016055 0.851523
v 0.377530 0.004892 0.854715
v 0.375337 0.004186 0.859432
v 0.376000 0.008027 0.852915
v 0.372025 0.008614 0.858424
v 0.374049 0.005029 0.866192
v 0.370370 0.009876 0.864966
v 0.368896 0.014286 0.863968
v 0.370641 0.012939 0.857277
v 0.374893 0.012194 0.851523
v 0.376730 0.010063 0.876704
v 0.381359 0.009851 0.879203
v 0.375127 0.013674 0.876923
v 0.380655 0.015259 0.880637
v 0.387335 0.016539 0.882036
v 0.386613 0.021244 0.881794
v 0.379773 0.019863 0.880337
v 0.373988 0.018048 0.876412
v 0.380999 0.001301 0.867417
v 0.381680 0.001140 0.859496
v 0.382317 0.003662 0.852888
v 0.389603 0.000654 0.859351
v 0.402447 0.008267 0.859432
v 0.404348 0.013480 0.858424
v 0.404371 0.018017 0.857277
v 0.374856 0.007297 0.872659
v 0.371550 0.011684 0.871476
v 0.370154 0.016086 0.870658
v 0.381133 0.004668 0.874496
v 0.381797 0.007880 0.849264
v 0.380965 0.012164 0.847599
v 0.394102 0.017284 0.880637
v 0.393559 0.021939 0.880337
v 0.397132 0.003467 0.859496
v 0.391029 0.112279 0.838619
v 0.376778 0.200951 0.814161
v 0.359657 0.307471 0.784774
v 0.374793 0.201884 0.822421
v 0.389153 0.113428 0.846137
v 0.357540 0.308146 0.793929
v 0.342446 0.414553 0.755232
v 0.327922 0.504911 0.730303
v 0.325560 0.505113 0.741114
v 0.340196 0.414970 0.765286
v 0.334273 0.415197 0.773926
v 0.319262 0.505220 0.750406
v 0.352061 0.308516 0.801798
v 0.384480 0.114062 0.852601
v 0.369754 0.202398 0.829522
v 0.354994 0.196119 0.792125
v 0.371166 0.106341 0.818576
v 0.335562 0.303967 0.760343
v 0.363302 0.197079 0.793932
v 0.378783 0.107520 0.820217
v 0.344701 0.304665 0.762349
v 0.299544 0.503838 0.701432
v 0.316027 0.412376 0.728391
v 0.310223 0.504055 0.703806
v 0.326001 0.412811 0.730597
v 0.319393 0.504336 0.710168
v 0.334550 0.413381 0.736511
v 0.352512 0.305580 0.767731
v 0.370380 0.198341 0.798786
v 0.385252 0.109070 0.824631
v 0.350198 0.107553 0.838601
v 0.332315 0.197099 0.814124
v 0.310822 0.304668 0.784718
v 0.334300 0.196166 0.805863
v 0.352074 0.106405 0.831083
v 0.312938 0.303994 0.775562
v 0.289213 0.412800 0.755156
v 0.270978 0.504032 0.730214
v 0.273339 0.503830 0.719399
v 0.291461 0.412383 0.745100
v 0.297384 0.412157 0.736456
v 0.279637 0.503723 0.710104
v 0.318417 0.303623 0.767690
v 0.356747 0.105771 0.824618
v 0.339338 0.195652 0.798759
v 0.354101 0.201931 0.836156
v 0.370062 0.113491 0.858642
v 0.334921 0.308173 0.809144
v 0.345794 0.200970 0.834350
v 0.362446 0.112312 0.857002
v 0.325783 0.307475 0.807140
v 0.299362 0.505105 0.759075
v 0.315636 0.414977 0.781989
v 0.288685 0.504888 0.756704
v 0.305664 0.414542 0.779786
v 0.279514 0.504607 0.750346
v 0.297115 0.413973 0.773875
v 0.317972 0.306560 0.801760
v 0.338716 0.199709 0.829498
v 0.355977 0.110762 0.852589
v 0.375129 0.199703 0.805896
v 0.389568 0.110744 0.831100
v 0.357783 0.306567 0.775615
v 0.325631 0.504637 0.719482
v 0.340345 0.413993 0.745171
v 0.333965 0.198347 0.822389
v 0.351660 0.109088 0.846121
v 0.312699 0.305572 0.793878
v 0.273273 0.504306 0.741035
v 0.291317 0.413360 0.765217
v 0.346614 0.195634 0.793918
v 0.363459 0.105746 0.820210
v 0.326371 0.303613 0.762327
v 0.288849 0.503725 0.703771
v 0.306020 0.412153 0.730567
v 0.362480 0.202416 0.834363
v 0.377769 0.114086 0.857008
v 0.344110 0.308527 0.807160
v 0.310053 0.505218 0.756736
v 0.325640 0.415200 0.779813
v 0.405522 0.021425 0.863606
v 0.403993 0.031430 0.860893
v 0.403764 0.022783 0.870347
v 0.402217 0.032771 0.867733
v 0.399631 0.058743 0.853380
v 0.397821 0.060021 0.860452
v 0.393367 0.060727 0.866534
v 0.397879 0.033511 0.873617
v 0.399479 0.023533 0.876145
v 0.387670 0.014415 0.845645
v 0.385881 0.024504 0.842665
v 0.394562 0.015806 0.847112
v 0.392868 0.025878 0.844155
v 0.380921 0.052141 0.834532
v 0.388123 0.053451 0.836074
v 0.394226 0.055174 0.840224
v 0.398781 0.027686 0.848168
v 0.400392 0.017635 0.851067
v 0.368511 0.015853 0.863606
v 0.366478 0.025924 0.860891
v 0.370268 0.014495 0.856865
v 0.368253 0.024583 0.854050
v 0.360980 0.053493 0.853373
v 0.362790 0.052215 0.846301
v 0.367243 0.051509 0.840219
v 0.372591 0.023842 0.848167
v 0.374554 0.013745 0.851067
v 0.386363 0.022863 0.881567
v 0.384590 0.032849 0.879119
v 0.379471 0.021472 0.880099
v 0.377603 0.031475 0.877629
v 0.379691 0.060095 0.872220
v 0.372488 0.058784 0.870679
v 0.366385 0.057061 0.866529
v 0.371690 0.029668 0.873616
v 0.373641 0.019643 0.876145
v 0.404255 0.019612 0.856865
v 0.402702 0.029639 0.854052
v 0.398282 0.057036 0.846308
v 0.369778 0.017666 0.870347
v 0.367769 0.027715 0.867732
v 0.362329 0.055200 0.860446
v 0.380671 0.013715 0.847113
v 0.378788 0.023812 0.844154
v 0.373617 0.051481 0.836071
v 0.393362 0.023563 0.880099
v 0.391682 0.033541 0.877629
v 0.386994 0.060755 0.870681
v 0.296904 0.639036 0.715568
v 0.303747 0.639036 0.705327
v 0.306286 0.639036 0.693420
v 0.304797 0.650166 0.690640
v 0.302228 0.650167 0.702722
v 0.295305 0.650166 0.713114
v 0.296900 0.639037 0.671269
v 0.286864 0.639037 0.664281
v 0.275195 0.639037 0.661684
v 0.273342 0.650166 0.658448
v 0.285147 0.650166 0.661080
v 0.295300 0.650166 0.668168
v 0.253491 0.639037 0.671256
v 0.246647 0.639037 0.681496
v 0.244107 0.639036 0.693403
v 0.241889 0.650166 0.690633
v 0.244459 0.650166 0.678552
v 0.251384 0.650166 0.668163
v 0.253494 0.639035 0.715557
v 0.263531 0.639035 0.722545
v 0.275200 0.639035 0.725142
v 0.273346 0.650166 0.722832
v 0.261540 0.650166 0.720199
v 0.251385 0.650166 0.713109
v 0.303744 0.639037 0.681512
v 0.302225 0.650166 0.678559
v 0.246649 0.639036 0.705312
v 0.244460 0.650166 0.702715
v 0.263527 0.639037 0.664274
v 0.261537 0.650166 0.661078
v 0.286869 0.639035 0.722551
v 0.285152 0.650166 0.720201
v 0.318865 0.561257 0.714757
v 0.313906 0.592103 0.706248
v 0.316431 0.561330 0.726040
v 0.311433 0.592114 0.717787
v 0.311677 0.605962 0.702427
v 0.309184 0.605952 0.714079
v 0.302465 0.605944 0.724094
v 0.304772 0.592116 0.727704
v 0.309900 0.561367 0.735737
v 0.289270 0.560845 0.684629
v 0.283652 0.592020 0.675441
v 0.300388 0.560931 0.687106
v 0.295008 0.592040 0.677973
v 0.281136 0.605984 0.671327
v 0.292597 0.605983 0.673882
v 0.302455 0.605978 0.680733
v 0.304775 0.592063 0.684761
v 0.309945 0.561040 0.693745
v 0.259611 0.560903 0.714666
v 0.253395 0.592012 0.706162
v 0.262043 0.560829 0.703380
v 0.255866 0.592002 0.694620
v 0.250610 0.605959 0.702351
v 0.253101 0.605968 0.690697
v 0.259820 0.605976 0.680678
v 0.262527 0.591999 0.684699
v 0.268575 0.560793 0.693679
v 0.289212 0.561315 0.744784
v 0.283654 0.592096 0.736959
v 0.278096 0.561229 0.742310
v 0.272300 0.592075 0.734430
v 0.281156 0.605936 0.733443
v 0.269696 0.605937 0.730891
v 0.259838 0.605942 0.724043
v 0.262533 0.592053 0.727647
v 0.268539 0.561120 0.735676
v 0.316456 0.561154 0.703465
v 0.311435 0.592085 0.694700
v 0.309179 0.605971 0.690768
v 0.262024 0.561006 0.725958
v 0.255870 0.592030 0.717709
v 0.253111 0.605950 0.714011
v 0.278147 0.560798 0.687071
v 0.272295 0.592006 0.677939
v 0.269675 0.605982 0.673852
v 0.300332 0.561362 0.742343
v 0.295007 0.592110 0.734461
v 0.292613 0.605938 0.730919
v 0.313921 0.688259 0.687326
v 0.310431 0.688259 0.703716
v 0.317979 0.693028 0.687074
v 0.314150 0.693028 0.705096
v 0.303836 0.693028 0.720597
v 0.301028 0.688259 0.717813
v 0.271213 0.688259 0.643656
v 0.287242 0.688259 0.647225
v 0.271130 0.693028 0.639055
v 0.288713 0.693028 0.642980
v 0.303836 0.693028 0.653552
v 0.301028 0.688259 0.656839
v 0.228505 0.688259 0.687326
v 0.231995 0.688259 0.670936
v 0.224280 0.693028 0.687074
v 0.228109 0.693028 0.669052
v 0.238424 0.693028 0.653552
v 0.241398 0.688259 0.656839
v 0.271213 0.688259 0.730997
v 0.255184 0.688259 0.727428
v 0.271130 0.693028 0.735093
v 0.253547 0.693028 0.731168
v 0.238424 0.693028 0.720597
v 0.241398 0.688259 0.717813
v 0.310431 0.688259 0.670936
v 0.314150 0.693028 0.669052
v 0.231996 0.688259 0.703716
v 0.228110 0.693028 0.705096
v 0.255184 0.688259 0.647225
v 0.253547 0.693028 0.642980
v 0.287242 0.688259 0.727428
v 0.288713 0.693028 0.731168
v 0.304564 0.660159 0.688771
v 0.301914 0.660159 0.701280
v 0.305762 0.668697 0.687901
v 0.302969 0.668697 0.701110
v 0.295442 0.668697 0.712472
v 0.294772 0.660159 0.712039
v 0.272113 0.660159 0.655445
v 0.284292 0.660159 0.658169
v 0.271565 0.668697 0.652709
v 0.284399 0.668697 0.655586
v 0.295438 0.668697 0.663333
v 0.294766 0.660159 0.665506
v 0.239664 0.660159 0.688768
v 0.242316 0.660159 0.676260
v 0.237367 0.668697 0.687900
v 0.240163 0.668697 0.674692
v 0.247691 0.668697 0.663333
v 0.249460 0.660159 0.665504
v 0.272117 0.660159 0.722102
v 0.259937 0.660159 0.719377
v 0.271568 0.668697 0.723099
v 0.258732 0.668697 0.720222
v 0.247692 0.668697 0.712472
v 0.249460 0.660159 0.712037
v 0.301911 0.660159 0.676263
v 0.302967 0.668697 0.674693
v 0.242316 0.660159 0.701277
v 0.240163 0.668697 0.701110
v 0.259934 0.660159 0.658168
v 0.258730 0.668697 0.655585
v 0.284297 0.660159 0.719378
v 0.284403 0.668697 0.720222
v 0.322848 0.697023 0.686573
v 0.318608 0.697023 0.706400
v 0.331234 0.702091 0.685442
v 0.328367 0.700463 0.685844
v 0.326278 0.702091 0.708106
v 0.323655 0.700463 0.707554
v 0.310965 0.700463 0.726227
v 0.312927 0.702091 0.727600
v 0.307185 0.697023 0.723454
v 0.270966 0.697023 0.633745
v 0.290438 0.697023 0.638062
v 0.270591 0.702091 0.625053
v 0.270725 0.700463 0.627998
v 0.293351 0.702091 0.629988
v 0.292358 0.700463 0.632726
v 0.312927 0.702091 0.643284
v 0.310965 0.700463 0.645462
v 0.307185 0.697023 0.649693
v 0.219085 0.697023 0.686573
v 0.223325 0.697023 0.666746
v 0.213083 0.700463 0.685844
v 0.209948 0.702091 0.685442
v 0.214905 0.702091 0.662777
v 0.217794 0.700463 0.664134
v 0.230485 0.700463 0.645462
v 0.228256 0.702091 0.643284
v 0.234747 0.697023 0.649693
v 0.270967 0.697023 0.739402
v 0.251495 0.697023 0.735084
v 0.270725 0.700463 0.743691
v 0.270591 0.702091 0.745831
v 0.247831 0.702091 0.740895
v 0.249091 0.700463 0.738962
v 0.230485 0.700463 0.726227
v 0.228256 0.702091 0.727600
v 0.234748 0.697023 0.723454
v 0.318608 0.697023 0.666746
v 0.326278 0.702091 0.662777
v 0.323655 0.700463 0.664134
v 0.223325 0.697023 0.706400
v 0.214905 0.702091 0.708106
v 0.217794 0.700463 0.707554
v 0.251495 0.697023 0.638063
v 0.247831 0.702091 0.629989
v 0.249091 0.700463 0.632726
v 0.290438 0.697023 0.735084
v 0.293351 0.702091 0.740895
v 0.292359 0.700463 0.738962
v 0.307851 0.676129 0.687567
v 0.304869 0.676129 0.701626
v 0.310566 0.682642 0.687440
v 0.307354 0.682642 0.702510
v 0.298702 0.682642 0.715472
v 0.296835 0.676129 0.713719
v 0.271353 0.676129 0.650109
v 0.285051 0.676129 0.653171
v 0.271265 0.682642 0.647286
v 0.286015 0.682642 0.650568
v 0.298701 0.682642 0.659408
v 0.296832 0.676129 0.661418
v 0.234856 0.676129 0.687567
v 0.237839 0.676129 0.673508
v 0.231964 0.682642 0.687440
v 0.235176 0.682642 0.672369
v 0.243829 0.682642 0.659408
v 0.245874 0.676129 0.661417
v 0.271355 0.676129 0.725029
v 0.257657 0.676129 0.721967
v 0.271266 0.682642 0.727596
v 0.256516 0.682642 0.724313
v 0.243829 0.682642 0.715472
v 0.245875 0.676129 0.713719
v 0.304867 0.676129 0.673508
v 0.307353 0.682642 0.672370
v 0.237839 0.676129 0.701626
v 0.235177 0.682642 0.702510
v 0.257656 0.676129 0.653171
v 0.256515 0.682642 0.650568
v 0.285054 0.676129 0.721967
v 0.286016 0.682642 0.724313
v 0.309932 0.616762 0.699463
v 0.307422 0.616756 0.711197
v 0.308142 0.627754 0.696465
v 0.305617 0.627752 0.708285
v 0.298811 0.627750 0.718448
v 0.300658 0.616751 0.721286
v 0.279193 0.616776 0.668159
v 0.290729 0.616775 0.670726
v 0.277219 0.627760 0.664952
v 0.288824 0.627759 0.667533
v 0.298806 0.627758 0.674473
v 0.300651 0.616772 0.677621
v 0.248465 0.616760 0.699410
v 0.250974 0.616766 0.687674
v 0.246300 0.627753 0.696434
v 0.248826 0.627755 0.684613
v 0.255632 0.627757 0.674449
v 0.257738 0.616771 0.677583
v 0.279206 0.616746 0.730709
v 0.267672 0.616747 0.728144
v 0.277226 0.627747 0.727946
v 0.265621 0.627748 0.725366
v 0.255638 0.627749 0.718427
v 0.257749 0.616750 0.721251
v 0.307418 0.616767 0.687723
v 0.305614 0.627756 0.684643
v 0.250980 0.616755 0.711150
v 0.248829 0.627751 0.708256
v 0.267658 0.616774 0.670706
v 0.265613 0.627759 0.667520
v 0.290739 0.616748 0.728162
v 0.288831 0.627748 0.725378
v -0.399383 0.013474 0.876704
v -0.394986 0.011902 0.879203
v -0.401965 0.011378 0.872659
v -0.396586 0.006995 0.874496
v -0.388199 0.010586 0.880431
v -0.389016 0.004449 0.875484
v -0.389551 0.000464 0.868002
v -0.397620 0.003803 0.867417
v -0.403386 0.009446 0.866192
v -0.399861 0.017398 0.876923
v -0.403873 0.016550 0.871476
v -0.405543 0.015172 0.864965
v -0.405628 0.019817 0.863968
v -0.403884 0.021164 0.870658
v -0.399631 0.021909 0.876412
v -0.400183 0.008302 0.854715
v -0.395943 0.005713 0.852888
v -0.400735 0.011751 0.852915
v -0.395243 0.009905 0.849264
v -0.389236 0.003889 0.851954
v -0.388578 0.008509 0.847896
v -0.387911 0.012859 0.846142
v -0.394751 0.014240 0.847599
v -0.400536 0.016055 0.851523
v -0.377530 0.004892 0.854715
v -0.375337 0.004186 0.859432
v -0.376000 0.008027 0.852915
v -0.372025 0.008614 0.858424
v -0.374049 0.005029 0.866192
v -0.370370 0.009876 0.864966
v -0.368896 0.014286 0.863968
v -0.370641 0.012939 0.857277
v -0.374893 0.012194 0.851523
v -0.376730 0.010063 0.876704
v -0.381359 0.009851 0.879203
v -0.375127 0.013674 0.876923
v -0.380655 0.015259 0.880637
v -0.387335 0.016539 0.882036
v -0.386613 0.021244 0.881794
v -0.379773 0.019863 0.880337
v -0.373988 0.018048 0.876412
v -0.380999 0.001301 0.867417
v -0.381680 0.001140 0.859496
v -0.382317 0.003662 0.852888
v -0.389603 0.000654 0.859351
v -0.402447 0.008267 0.859432
v -0.404348 0.013480 0.858424
v -0.404371 0.018017 0.857277
v -0.374856 0.007297 0.872659
v -0.371550 0.011684 0.871476
v -0.370154 0.016086 0.870658
v -0.381133 0.004668 0.874496
v -0.381797 0.007880 0.849264
v -0.380965 0.012164 0.847599
v -0.394102 0.017284 0.880637
v -0.393559 0.021939 0.880337
v -0.397132 0.003467 0.859496
v -0.391029 0.112279 0.838619
v -0.376778 0.200951 0.814161
v -0.359657 0.307471 0.784774
v -0.374793 0.201884 0.822421
v -0.389153 0.113428 0.846137
v -0.357540 0.308146 0.793929
v -0.342446 0.414553 0.755232
v -0.327922 0.504911 0.730303
v -0.325560 0.505113 0.741114
v -0.340196 0.414970 0.765286
v -0.334273 0.415197 0.773926
v -0.319262 0.505220 0.750406
v -0.352061 0.308516 0.801798
v -0.384480 0.114062 0.852601
v -0.369754 0.202398 0.829522
v -0.354994 0.196119 0.792125
v -0.371166 0.106341 0.818576
v -0.335562 0.303967 0.760343
v -0.363302 0.197079 0.793932
v -0.378783 0.107520 0.820217
v -0.344701 0.304665 0.762349
v -0.299544 0.503838 0.701432
v -0.316027 0.412376 0.728391
v -0.310223 0.504055 0.703806
v -0.326001 0.412811 0.730597
v -0.319393 0.504336 0.710168
v -0.334550 0.413381 0.736511
v -0.352512 0.305580 0.767731
v -0.370380 0.198341 0.798786
v -0.385252 0.109070 0.824631
v -0.350198 0.107553 0.838601
v -0.332315 0.197099 0.814124
v -0.310822 0.304668 0.784718
v -0.334300 0.196166 0.805863
v -0.352074 0.106405 0.831083
v -0.312938 0.303994 0.775562
v -0.289213 0.412800 0.755156
v -0.270978 0.504032 0.730214
v -0.273339 0.503830 0.719399
v -0.291461 0.412383 0.745100
v -0.297384 0.412157 0.736456
v -0.279637 0.503723 0.710104
v -0.318417 0.303623 0.767690
v -0.356747 0.105771 0.824618
v -0.339338 0.195652 0.798759
v -0.354101 0.201931 0.836156
v -0.370062 0.113491 0.858642
v -0.334921 0.308173 0.809144
v -0.345794 0.200970 0.834350
v -0.362446 0.112312 0.857002
v -0.325783 0.307475 0.807140
v -0.299362 0.505105 0.759075
v -0.315636 0.414977 0.781989
v -0.288685 0.504888 0.756704
v -0.305664 0.414542 0.779786
v -0.279514 0.504607 0.750346
v -0.297115 0.413973 0.773875
v -0.317972 0.306560 0.801760
v -0.338716 0.199709 0.829498
v -0.355977 0.110762 0.852589
v -0.375129 0.199703 0.805896
v -0.389568 0.110744 0.831100
v -0.357783 0.306567 0.775615
v -0.325631 0.504637 0.719482
v -0.340345 0.413993 0.745171
v -0.333965 0.198347 0.822389
v -0.351660 0.109088 0.846121
v -0.312699 0.305572 0.793878
v -0.273273 0.504306 0.741035
v -0.291317 0.413360 0.765217
v -0.346614 0.195634 0.793918
v -0.363459 0.105746 0.820210
v -0.326371 0.303613 0.762327
v -0.288849 0.503725 0.703771
v -0.306020 0.412153 0.730567
v -0.362480 0.202416 0.834363
v -0.377769 0.114086 0.857008
v -0.344110 0.308527 0.807160
v -0.310053 0.505218 0.756736
v -0.325640 0.415200 0.779813
v -0.405522 0.021425 0.863606
v -0.403993 0.031430 0.860893
v -0.403764 0.022783 0.870347
v -0.402217 0.032771 0.867733
v -0.399631 0.058743 0.853380
v -0.397821 0.060021 0.860452
v -0.393367 0.060727 0.866534
v -0.397879 0.033511 0.873617
v -0.399479 0.023533 0.876145
v -0.387670 0.014415 0.845645
v -0.385881 0.024504 0.842665
v -0.394562 0.015806 0.847112
v -0.392868 0.025878 0.844155
v -0.380921 0.052141 0.834532
v -0.388123 0.053451 0.836074
v -0.394226 0.055174 0.840224
v -0.398781 0.027686 0.848168
v -0.400392 0.017635 0.851067
v -0.368511 0.015853 0.863606
v -0.366478 0.025924 0.860891
v -0.370268 0.014495 0.856865
v -0.368253 0.024583 0.854050
v -0.360980 0.053493 0.853373
v -0.362790 0.052215 0.846301
v -0.367243 0.051509 0.840219
v -0.372591 0.023842 0.848167
v -0.374554 0.013745 0.851067
v -0.386363 0.022863 0.881567
v -0.384590 0.032849 0.879119
v -0.379471 0.021472 0.880099
v -0.377603 0.031475 0.877629
v -0.379691 0.060095 0.872220
v -0.372488 0.058784 0.870679
v -0.366385 0.057061 0.866529
v -0.371690 0.029668 0.873616
v -0.373641 0.019643 0.876145
v -0.404255 0.019612 0.856865
v -0.402702 0.029639 0.854052
v -0.398282 0.057036 0.846308
v -0.369778 0.017666 0.870347
v -0.367769 0.027715 0.867732
v -0.362329 0.055200 0.860446
v -0.380671 0.013715 0.847113
v -0.378788 0.023812 0.844154
v -0.373617 0.051481 0.836071
v -0.393362 0.023563 0.880099
v -0.391682 0.033541 0.877629
v -0.386994 0.060755 0.870681
v -0.296904 0.639036 0.715568
v -0.303747 0.639036 0.705327
v -0.306286 0.639036 0.693420
v -0.304797 0.650166 0.690640
v -0.302228 0.650167 0.702722
v -0.295305 0.650166 0.713114
v -0.296900 0.639037 0.671269
v -0.286864 0.639037 0.664281
v -0.275195 0.639037 0.661684
v -0.273342 0.650166 0.658448
v -0.285147 0.650166 0.661080
v -0.295300 0.650166 0.668168
v -0.253491 0.639037 0.671256
v -0.246647 0.639037 0.681496
v -0.244107 0.639036 0.693403
v -0.241889 0.650166 0.690633
v -0.244459 0.650166 0.678552
v -0.251384 0.650166 0.668163
v -0.253494 0.639035 0.715557
v -0.263531 0.639035 0.722545
v -0.275200 0.639035 0.725142
v -0.273346 0.650166 0.722832
v -0.261540 0.650166 0.720199
v -0.251385 0.650166 0.713109
v -0.303744 0.639037 0.681512
v -0.302225 0.650166 0.678559
v -0.246649 0.639036 0.705312
v -0.244460 0.650166 0.702715
v -0.263527 0.639037 0.664274
v -0.261537 0.650166 0.661078
v -0.286869 0.639035 0.722551
v -0.285152 0.650166 0.720201
v -0.318865 0.561257 0.714757
v -0.313906 0.592103 0.706248
v -0.316431 0.561330 0.726040
v -0.311433 0.592114 0.717787
v -0.311677 0.605962 0.702427
v -0.309184 0.605952 0.714079
v -0.302465 0.605944 0.724094
v -0.304772 0.592116 0.727704
v -0.309900 0.561367 0.735737
v -0.289270 0.560845 0.684629
v -0.283652 0.592020 0.675441
v -0.300388 0.560931 0.687106
v -0.295008 0.592040 0.677973
v -0.281136 0.605984 0.671327
v -0.292597 0.605983 0.673882
v -0.302455 0.605978 0.680733
v -0.304775 0.592063 0.684761
v -0.309945 0.561040 0.693745
v -0.259611 0.560903 0.714666
v -0.253395 0.592012 0.706162
v -0.262043 0.560829 0.703380
v -0.255866 0.592002 0.694620
v -0.250610 0.605959 0.702351
v -0.253101 0.605968 0.690697
v -0.259820 0.605976 0.680678
v -0.262527 0.591999 0.684699
v -0.268575 0.560793 0.693679
v -0.289212 0.561315 0.744784
v -0.283654 0.592096 0.736959
v -0.278096 0.561229 0.742310
v -0.272300 0.592075 0.734430
v -0.281156 0.605936 0.733443
v -0.269696 0.605937 0.730891
v -0.259838 0.605942 0.724043
v -0.262533 0.592053 0.727647
v -0.268539 0.561120 0.735676
v -0.316456 0.561154 0.703465
v -0.311435 0.592085 0.694700
v -0.309179 0.605971 0.690768
v -0.262024 0.561006 0.725958
v -0.255870 0.592030 0.717709
v -0.253111 0.605950 0.714011
v -0.278147 0.560798 0.687071
v -0.272295 0.592006 0.677939
v -0.269675 0.605982 0.673852
v -0.300332 0.561362 0.742343
v -0.295007 0.592110 0.734461
v -0.292613 0.605938 0.730919
v -0.313921 0.688259 0.687326
v -0.310431 0.688259 0.703716
v -0.317979 0.693028 0.687074
v -0.314150 0.693028 0.705096
v -0.303836 0.693028 0.720597
v -0.301028 0.688259 0.717813
v -0.271213 0.688259 0.643656
v -0.287242 0.688259 0.647225
v -0.271130 0.693028 0.639055
v -0.288713 0.693028 0.642980
v -0.303836 0.693028 0.653552
v -0.301028 0.688259 0.656839
v -0.228505 0.688259 0.687326
v -0.231995 0.688259 0.670936
v -0.224280 0.693028 0.687074
v -0.228109 0.693028 0.669052
v -0.238424 0.693028 0.653552
v -0.241398 0.688259 0.656839
v -0.271213 0.688259 0.730997
v -0.255184 0.688259 0.727428
v -0.271130 0.693028 0.735093
v -0.253547 0.693028 0.731168
v -0.238424 0.693028 0.720597
v -0.241398 0.688259 0.717813
v -0.310431 0.688259 0.670936
v -0.314150 0.693028 0.669052
v -0.231996 0.688259 0.703716
v -0.228110 0.693028 0.705096
v -0.255184 0.688259 0.647225
v -0.253547 0.693028 0.642980
v -0.287242 0.688259 0.727428
v -0.288713 0.693028 0.731168
v -0.304564 0.660159 0.688771
v -0.301914 0.660159 0.701280
v -0.305762 0.668697 0.687901
v -0.302969 0.668697 0.701110
v -0.295442 0.668697 0.712472
v -0.294772 0.660159 0.712039
v -0.272113 0.660159 0.655445
v -0.284292 0.660159 0.658169
v -0.271565 0.668697 0.652709
v -0.284399 0.668697 0.655586
v -0.295438 0.668697 0.663333
v -0.294766 0.660159 0.665506
v -0.239664 0.660159 0.688768
v -0.242316 0.660159 0.676260
v -0.237367 0.668697 0.687900
v -0.240163 0.668697 0.674692
v -0.247691 0.668697 0.663333
v -0.249460 0.660159 0.665504
v -0.272117 0.660159 0.722102
v -0.259937 0.660159 0.719377
v -0.271568 0.668697 0.723099
v -0.258732 0.668697 0.720222
v -0.247692 0.668697 0.712472
v -0.249460 0.660159 0.712037
v -0.301911 0.660159 0.676263
v -0.302967 0.668697 0.674693
v -0.242316 0.660159 0.701277
v -0.240163 0.668697 0.701110
v -0.259934 0.660159 0.658168
v -0.258730 0.668697 0.655585
v -0.284297 0.660159 0.719378
v -0.284403 0.668697 0.720222
v -0.322848 0.697023 0.686573
v -0.318608 0.697023 0.706400
v -0.331234 0.702091 0.685442
v -0.328367 0.700463 0.685844
v -0.326278 0.702091 0.708106
v -0.323655 0.700463 0.707554
v -0.310965 0.700463 0.726227
v -0.312927 0.702091 0.727600
v -0.307185 0.697023 0.723454
v -0.270966 0.697023 0.633745
v -0.290438 0.697023 0.638062
v -0.270591 0.702091 0.625053
v -0.270725 0.700463 0.627998
v -0.293351 0.702091 0.629988
v -0.292358 0.700463 0.632726
v -0.312927 0.702091 0.643284
v -0.310965 0.700463 0.645462
v -0.307185 0.697023 0.649693
v -0.219085 0.697023 0.686573
v -0.223325 0.697023 0.666746
v -0.213083 0.700463 0.685844
v -0.209948 0.702091 0.685442
v -0.214905 0.702091 0.662777
v -0.217794 0.700463 0.664134
v -0.230485 0.700463 0.645462
v -0.228256 0.702091 0.643284
v -0.234747 0.697023 0.649693
v -0.270967 0.697023 0.739402
v -0.251495 0.697023 0.735084
v -0.270725 0.700463 0.743691
v -0.270591 0.702091 0.745831
v -0.247831 0.702091 0.740895
v -0.249091 0.700463 0.738962
v -0.230485 0.700463 0.726227
v -0.228256 0.702091 0.727600
v -0.234748 0.697023 0.723454
v -0.318608 0.697023 0.666746
v -0.326278 0.702091 0.662777
v -0.323655 0.700463 0.664134
v -0.223325 0.697023 0.706400
v -0.214905 0.702091 0.708106
v -0.217794 0.700463 0.707554
v -0.251495 0.697023 0.638063
v -0.247831 0.702091 0.629989
v -0.249091 0.700463 0.632726
v -0.290438 0.697023 0.735084
v -0.293351 0.702091 0.740895
v -0.292359 0.700463 0.738962
v -0.307851 0.676129 0.687567
v -0.304869 0.676129 0.701626
v -0.310566 0.682642 0.687440
v -0.307354 0.682642 0.702510
v -0.298702 0.682642 0.715472
v -0.296835 0.676129 0.713719
v -0.271353 0.676129 0.650109
v -0.285051 0.676129 0.653171
v -0.271265 0.682642 0.647286
v -0.286015 0.682642 0.650568
v -0.298701 0.682642 0.659408
v -0.296832 0.676129 0.661418
v -0.234856 0.676129 0.687567
v -0.237839 0.676129 0.673508
v -0.231964 0.682642 0.687440
v -0.235176 0.682642 0.672369
v -0.243829 0.682642 0.659408
v -0.245874 0.676129 0.661417
v -0.271355 0.676129 0.725029
v -0.257657 0.676129 0.721967
v -0.271266 0.682642 0.727596
v -0.256516 0.682642 0.724313
v -0.243829 0.682642 0.715472
v -0.245875 0.676129 0.713719
v -0.304867 0.676129 0.673508
v -0.307353 0.682642 0.672370
v -0.237839 0.676129 0.701626
v -0.235177 0.682642 0.702510
v -0.257656 0.676129 0.653171
v -0.256515 0.682642 0.650568
v -0.285054 0.676129 0.721967
v -0.286016 0.682642 0.724313
v -0.309932 0.616762 0.699463
v -0.307422 0.616756 0.711197
v -0.308142 0.627754 0.696465
v -0.305617 0.627752 0.708285
v -0.298811 0.627750 0.718448
v -0.300658 0.616751 0.721286
v -0.279193 0.616776 0.668159
v -0.290729 0.616775 0.670726
v -0.277219 0.627760 0.664952
v -0.288824 0.627759 0.667533
v -0.298806 0.627758 0.674473
v -0.300651 0.616772 0.677621
v -0.248465 0.616760 0.699410
v -0.250974 0.616766 0.687674
v -0.246300 0.627753 0.696434
v -0.248826 0.627755 0.684613
v -0.255632 0.627757 0.674449
v -0.257738 0.616771 0.677583
v -0.279206 0.616746 0.730709
v -0.267672 0.616747 0.728144
v -0.277226 0.627747 0.727946
v -0.265621 0.627748 0.725366
v -0.255638 0.627749 0.718427
v -0.257749 0.616750 0.721251
v -0.307418 0.616767 0.687723
v -0.305614 0.627756 0.684643
v -0.250980 0.616755 0.711150
v -0.248829 0.627751 0.708256
v -0.267658 0.616774 0.670706
v -0.265613 0.627759 0.667520
v -0.290739 0.616748 0.728162
v -0.288831 0.627748 0.725378
v 0.449217 0.749164 -0.780411
v -0.000000 0.750042 -0.000000
v 0.447631 0.749164 -0.802218
v 0.443610 0.749164 -0.823350
v 0.437105 0.749164 -0.843551
v 0.427980 0.749164 -0.862706
v 0.416666 0.749164 -0.880311
v 0.403328 0.749164 -0.896317
v 0.388153 0.749164 -0.910536
v 0.371310 0.749164 -0.922943
v 0.353023 0.749164 -0.933090
v 0.333366 0.749164 -0.941022
v 0.315195 0.749164 -0.945919
v 0.296553 0.749164 -0.948694
v 0.280082 0.749164 -0.949547
v 0.386349 0.720873 -0.779391
v 0.399765 0.723090 -0.779609
v 0.412703 0.726485 -0.779819
v 0.424789 0.730847 -0.780015
v 0.435649 0.735967 -0.780191
v 0.444910 0.741635 -0.780342
v 0.449311 0.745043 -0.780413
v 0.450124 0.747167 -0.780426
v -0.343211 0.720042 0.796979
v 0.385368 0.720873 -0.793616
v 0.398655 0.723090 -0.795451
v 0.411468 0.726485 -0.797222
v 0.423438 0.730847 -0.798876
v 0.434193 0.735967 -0.800362
v 0.443365 0.741635 -0.801629
v 0.447724 0.745043 -0.802231
v 0.448528 0.747167 -0.802343
v -0.321764 0.720042 0.830693
v 0.382856 0.720873 -0.807121
v 0.395820 0.723090 -0.810584
v 0.408323 0.726485 -0.813924
v 0.420003 0.730847 -0.817044
v 0.430498 0.735967 -0.819848
v 0.439447 0.741635 -0.822238
v 0.443700 0.745043 -0.823375
v 0.444486 0.747167 -0.823584
v -0.327713 0.720042 0.825119
v 0.378770 0.720873 -0.819923
v 0.391218 0.723090 -0.824965
v 0.403223 0.726485 -0.829828
v 0.414438 0.730847 -0.834370
v 0.424515 0.735967 -0.838452
v 0.433109 0.741635 -0.841932
v 0.437193 0.745043 -0.843587
v 0.437947 0.747167 -0.843892
v -0.344802 0.720042 0.788352
v 0.373004 0.720873 -0.832059
v 0.384736 0.723090 -0.838599
v 0.396049 0.726485 -0.844906
v 0.406618 0.730847 -0.850798
v 0.416115 0.735967 -0.856092
v 0.424213 0.741635 -0.860607
v 0.428062 0.745043 -0.862752
v 0.428773 0.747167 -0.863148
v -0.345485 0.720042 0.778250
v 0.365898 0.720873 -0.843113
v 0.376731 0.723090 -0.851051
v 0.387179 0.726485 -0.858706
v 0.396939 0.730847 -0.865857
v 0.405709 0.735967 -0.872283
v 0.413188 0.741635 -0.877763
v 0.416742 0.745043 -0.880367
v 0.417398 0.747167 -0.880848
v -0.332892 0.720042 0.818904
v 0.357496 0.720873 -0.853194
v 0.367277 0.723090 -0.862396
v 0.376709 0.726485 -0.871271
v 0.385519 0.730847 -0.879561
v 0.393437 0.735967 -0.887011
v 0.400188 0.741635 -0.893363
v 0.403397 0.745043 -0.896382
v 0.403989 0.747167 -0.896939
v -0.337230 0.720042 0.812158
v 0.347934 0.720873 -0.862154
v 0.356516 0.723090 -0.872478
v 0.364793 0.726485 -0.882435
v 0.372525 0.730847 -0.891736
v 0.379473 0.735967 -0.900094
v 0.385397 0.741635 -0.907221
v 0.388213 0.745043 -0.910608
v 0.388733 0.747167 -0.911234
v -0.293586 0.720042 0.844351
v 0.337349 0.720873 -0.869954
v 0.344596 0.723090 -0.881262
v 0.351585 0.726485 -0.892166
v 0.358114 0.730847 -0.902353
v 0.363980 0.735967 -0.911507
v 0.368983 0.741635 -0.919313
v 0.371361 0.745043 -0.923023
v 0.371799 0.747167 -0.923707
v -0.300631 0.720042 0.842477
v 0.325859 0.720873 -0.876336
v 0.331656 0.723090 -0.888447
v 0.337246 0.726485 -0.900126
v 0.342468 0.730847 -0.911037
v 0.347161 0.735967 -0.920841
v 0.351162 0.741635 -0.929201
v 0.353064 0.745043 -0.933174
v 0.353415 0.747167 -0.933908
v -0.285948 0.720042 0.845447
v 0.313566 0.720873 -0.881307
v 0.317791 0.723090 -0.894050
v 0.321866 0.726485 -0.906339
v 0.325673 0.730847 -0.917819
v 0.329093 0.735967 -0.928135
v 0.332010 0.741635 -0.936931
v 0.333396 0.745043 -0.941111
v 0.333652 0.747167 -0.941883
v -0.308202 0.720042 0.839413
v 0.301915 0.720873 -0.884416
v 0.304749 0.723090 -0.897541
v 0.307482 0.726485 -0.910198
v 0.310035 0.730847 -0.922021
v 0.312329 0.735967 -0.932646
v 0.314285 0.741635 -0.941705
v 0.315214 0.745043 -0.946011
v 0.315386 0.747167 -0.946806
v -0.315233 0.720042 0.835506
v 0.289961 0.720873 -0.886149
v 0.291368 0.723090 -0.899496
v 0.292725 0.726485 -0.912367
v 0.293992 0.730847 -0.924391
v 0.295131 0.735967 -0.935195
v 0.296102 0.741635 -0.944409
v 0.296563 0.745043 -0.948787
v 0.296649 0.747167 -0.949596
v -0.278208 0.720042 0.845814
v 0.279073 0.720873 -0.886679
v 0.279289 0.723090 -0.900094
v 0.279496 0.726485 -0.913032
v 0.279690 0.730847 -0.925118
v 0.279864 0.735967 -0.935978
v 0.280013 0.741635 -0.945239
v 0.280084 0.745043 -0.949641
v 0.280097 0.747167 -0.950453
v -0.449217 0.749164 -0.780411
v -0.447631 0.749164 -0.802218
v -0.443610 0.749164 -0.823350
v -0.437105 0.749164 -0.843551
v -0.427980 0.749164 -0.862706
v -0.416666 0.749164 -0.880311
v -0.403328 0.749164 -0.896317
v -0.388153 0.749164 -0.910536
v -0.371310 0.749164 -0.922943
v -0.353023 0.749164 -0.933090
v -0.333366 0.749164 -0.941022
v -0.315195 0.749164 -0.945919
v -0.296553 0.749164 -0.948694
v -0.280082 0.749164 -0.949547
v 0.343211 0.720042 0.796979
v -0.386349 0.720873 -0.779391
v -0.399765 0.723090 -0.779609
v -0.412703 0.726485 -0.779819
v -0.424789 0.730847 -0.780015
v -0.435649 0.735967 -0.780191
v -0.444910 0.741635 -0.780342
v -0.449311 0.745043 -0.780413
v -0.450124 0.747167 -0.780426
v 0.340726 0.720042 0.804790
v -0.385368 0.720873 -0.793616
v -0.398655 0.723090 -0.795451
v -0.411468 0.726485 -0.797222
v -0.423438 0.730847 -0.798876
v -0.434193 0.735967 -0.800362
v -0.443365 0.741635 -0.801629
v -0.447724 0.745043 -0.802231
v -0.448528 0.747167 -0.802343
v 0.327713 0.720042 0.825119
v -0.382856 0.720873 -0.807121
v -0.395820 0.723090 -0.810584
v -0.408323 0.726485 -0.813924
v -0.420003 0.730847 -0.817044
v -0.430498 0.735967 -0.819848
v -0.439447 0.741635 -0.822238
v -0.443700 0.745043 -0.823375
v -0.444486 0.747167 -0.823584
v 0.321764 0.720042 0.830693
v -0.378770 0.720873 -0.819923
v -0.391218 0.723090 -0.824965
v -0.403223 0.726485 -0.829828
v -0.414438 0.730847 -0.834370
v -0.424515 0.735967 -0.838452
v -0.433109 0.741635 -0.841932
v -0.437193 0.745043 -0.843587
v -0.437947 0.747167 -0.843892
v 0.345485 0.720042 0.778250
v -0.373004 0.720873 -0.832059
v -0.384736 0.723090 -0.838599
v -0.396049 0.726485 -0.844906
v -0.406618 0.730847 -0.850798
v -0.416115 0.735967 -0.856092
v -0.424213 0.741635 -0.860607
v -0.428062 0.745043 -0.862752
v -0.428773 0.747167 -0.863148
v 0.344802 0.720042 0.788352
v -0.365898 0.720873 -0.843113
v -0.376731 0.723090 -0.851051
v -0.387179 0.726485 -0.858706
v -0.396939 0.730847 -0.865857
v -0.405709 0.735967 -0.872283
v -0.413188 0.741635 -0.877763
v -0.416742 0.745043 -0.880367
v -0.417398 0.747167 -0.880848
v 0.337230 0.720042 0.812158
v -0.357496 0.720873 -0.853194
v -0.367277 0.723090 -0.862396
v -0.376709 0.726485 -0.871271
v -0.385519 0.730847 -0.879561
v -0.393437 0.735967 -0.887011
v -0.400188 0.741635 -0.893363
v -0.403397 0.745043 -0.896382
v -0.403989 0.747167 -0.896939
v 0.332892 0.720042 0.818904
v -0.347934 0.720873 -0.862154
v -0.356516 0.723090 -0.872478
v -0.364793 0.726485 -0.882435
v -0.372525 0.730847 -0.891736
v -0.379473 0.735967 -0.900094
v -0.385397 0.741635 -0.907221
v -0.388213 0.745043 -0.910608
v -0.388733 0.747167 -0.911234
v 0.300631 0.720042 0.842477
v -0.337349 0.720873 -0.869954
v -0.344596 0.723090 -0.881262
v -0.351585 0.726485 -0.892166
v -0.358114 0.730847 -0.902353
v -0.363980 0.735967 -0.911507
v -0.368983 0.741635 -0.919313
v -0.371361 0.745043 -0.923023
v -0.371799 0.747167 -0.923707
v 0.293586 0.720042 0.844351
v -0.325859 0.720873 -0.876336
v -0.331656 0.723090 -0.888447
v -0.337246 0.726485 -0.900126
v -0.342468 0.730847 -0.911037
v -0.347161 0.735967 -0.920841
v -0.351162 0.741635 -0.929201
v -0.353064 0.745043 -0.933174
v -0.353415 0.747167 -0.933908
v 0.285948 0.720042 0.845447
v -0.313566 0.720873 -0.881307
v -0.317791 0.723090 -0.894050
v -0.321866 0.726485 -0.906339
v -0.325673 0.730847 -0.917819
v -0.329093 0.735967 -0.928135
v -0.332010 0.741635 -0.936931
v -0.333396 0.745043 -0.941111
v -0.333652 0.747167 -0.941883
v 0.278208 0.720042 0.845814
v -0.301915 0.720873 -0.884416
v -0.304749 0.723090 -0.897541
v -0.307482 0.726485 -0.910198
v -0.310035 0.730847 -0.922021
v -0.312329 0.735967 -0.932646
v -0.314285 0.741635 -0.941705
v -0.315214 0.745043 -0.946011
v -0.315386 0.747167 -0.946806
v 0.315233 0.720042 0.835506
v -0.289961 0.720873 -0.886149
v -0.291368 0.723090 -0.899496
v -0.292725 0.726485 -0.912367
v -0.293992 0.730847 -0.924391
v -0.295131 0.735967 -0.935195
v -0.296102 0.741635 -0.944409
v -0.296563 0.745043 -0.948787
v -0.296649 0.747167 -0.949596
v 0.308202 0.720042 0.839413
v -0.279073 0.720873 -0.886679
v -0.279289 0.723090 -0.900094
v -0.279496 0.726485 -0.913032
v -0.279690 0.730847 -0.925118
v -0.279864 0.735967 -0.935978
v -0.280013 0.741635 -0.945239
v -0.280084 0.745043 -0.949641
v -0.280097 0.747167 -0.950453
v 0.449217 0.749164 0.780411
v 0.447631 0.749164 0.802218
v 0.443610 0.749164 0.823350
v 0.437105 0.749164 0.843551
v 0.427980 0.749164 0.862706
v 0.416666 0.749164 0.880311
v 0.403328 0.749164 0.896317
v 0.388153 0.749164 0.910536
v 0.371310 0.749164 0.922943
v 0.353023 0.749164 0.933090
v 0.333366 0.749164 0.941022
v 0.315195 0.749164 0.945919
v 0.296553 0.749164 0.948694
v 0.280082 0.749164 0.949547
v -0.343211 0.720042 -0.796979
v 0.386349 0.720873 0.779391
v 0.399765 0.723090 0.779609
v 0.412703 0.726485 0.779819
v 0.424789 0.730847 0.780015
v 0.435649 0.735967 0.780191
v 0.444910 0.741635 0.780342
v 0.449311 0.745043 0.780413
v 0.450124 0.747167 0.780426
v -0.340726 0.720042 -0.804790
v 0.385368 0.720873 0.793616
v 0.398655 0.723090 0.795451
v 0.411468 0.726485 0.797222
v 0.423438 0.730847 0.798876
v 0.434193 0.735967 0.800362
v 0.443365 0.741635 0.801629
v 0.447724 0.745043 0.802231
v 0.448528 0.747167 0.802343
v -0.327713 0.720042 -0.825119
v 0.382856 0.720873 0.807121
v 0.395820 0.723090 0.810584
v 0.408323 0.726485 0.813924
v 0.420003 0.730847 0.817044
v 0.430498 0.735967 0.819848
v 0.439447 0.741635 0.822238
v 0.443700 0.745043 0.823375
v 0.444486 0.747167 0.823584
v -0.321764 0.720042 -0.830693
v 0.378770 0.720873 0.819923
v 0.391218 0.723090 0.824965
v 0.403223 0.726485 0.829828
v 0.414438 0.730847 0.834370
v 0.424515 0.735967 0.838452
v 0.433109 0.741635 0.841932
v 0.437193 0.745043 0.843587
v 0.437947 0.747167 0.843892
v -0.345485 0.720042 -0.778250
v 0.373004 0.720873 0.832059
v 0.384736 0.723090 0.838599
v 0.396049 0.726485 0.844906
v 0.406618 0.730847 0.850798
v 0.416115 0.735967 0.856092
v 0.424213 0.741635 0.860607
v 0.428062 0.745043 0.862752
v 0.428773 0.747167 0.863148
v -0.344802 0.720042 -0.788352
v 0.365898 0.720873 0.843113
v 0.376731 0.723090 0.851051
v 0.387179 0.726485 0.858706
v 0.396939 0.730847 0.865857
v 0.405709 0.735967 0.872283
v 0.413188 0.741635 0.877763
v 0.416742 0.745043 0.880367
v 0.417398 0.747167 0.880848
v -0.337230 0.720042 -0.812158
v 0.357496 0.720873 0.853194
v 0.367277 0.723090 0.862396
v 0.376709 0.726485 0.871271
v 0.385519 0.730847 0.879561
v 0.393437 0.735967 0.887011
v 0.400188 0.741635 0.893363
v 0.403397 0.745043 0.896382
v 0.403989 0.747167 0.896939
v -0.332892 0.720042 -0.818904
v 0.347934 0.720873 0.862154
v 0.356516 0.723090 0.872478
v 0.364793 0.726485 0.882435
v 0.372525 0.730847 0.891736
v 0.379473 0.735967 0.900094
v 0.385397 0.741635 0.907221
v 0.388213 0.745043 0.910608
v 0.388733 0.747167 0.911234
v -0.300631 0.720042 -0.842477
v 0.337349 0.720873 0.869954
v 0.344596 0.723090 0.881262
v 0.351585 0.726485 0.892166
v 0.358114 0.730847 0.902353
v 0.363980 0.735967 0.911507
v 0.368983 0.741635 0.919313
v 0.371361 0.745043 0.923023
v 0.371799 0.747167 0.923707
v -0.293586 0.720042 -0.844351
v 0.325859 0.720873 0.876336
v 0.331656 0.723090 0.888447
v 0.337246 0.726485 0.900126
v 0.342468 0.730847 0.911037
v 0.347161 0.735967 0.920841
v 0.351162 0.741635 0.929201
v 0.353064 0.745043 0.933174
v 0.353415 0.747167 0.933908
v -0.285948 0.720042 -0.845447
v 0.313566 0.720873 0.881307
v 0.317791 0.723090 0.894050
v 0.321866 0.726485 0.906339
v 0.325673 0.730847 0.917819
v 0.329093 0.735967 0.928135
v 0.332010 0.741635 0.936931
v 0.333396 0.745043 0.941111
v 0.333652 0.747167 0.941883
v -0.315233 0.720042 -0.835506
v 0.301915 0.720873 0.884416
v 0.304749 0.723090 0.897541
v 0.307482 0.726485 0.910198
v 0.310035 0.730847 0.922021
v 0.312329 0.735967 0.932646
v 0.314285 0.741635 0.941705
v 0.315214 0.745043 0.946011
v 0.315386 0.747167 0.946806
v -0.308202 0.720042 -0.839413
v 0.289961 0.720873 0.886149
v 0.291368 0.723090 0.899496
v 0.292725 0.726485 0.912367
v 0.293992 0.730847 0.924391
v 0.295131 0.735967 0.935195
v 0.296102 0.741635 0.944409
v 0.296563 0.745043 0.948787
v 0.296649 0.747167 0.949596
v -0.278208 0.720042 -0.845814
v 0.279073 0.720873 0.886679
v 0.279289 0.723090 0.900094
v 0.279496 0.726485 0.913032
v 0.279690 0.730847 0.925118
v 0.279864 0.735967 0.935978
v 0.280013 0.741635 0.945239
v 0.280084 0.745043 0.949641
v 0.280097 0.747167 0.950453
v -0.449217 0.749164 0.780411
v -0.447631 0.749164 0.802218
v -0.443610 0.749164 0.823350
v -0.437105 0.749164 0.843551
v -0.427980 0.749164 0.862706
v -0.416666 0.749164 0.880311
v -0.403328 0.749164 0.896317
v -0.388153 0.749164 0.910536
v -0.371310 0.749164 0.922943
v -0.353023 0.749164 0.933090
v -0.333366 0.749164 0.941022
v -0.315195 0.749164 0.945919
v -0.296553 0.749164 0.948694
v -0.280082 0.749164 0.949547
v 0.340726 0.720042 -0.804790
v -0.386349 0.720873 0.779391
v -0.399765 0.723090 0.779609
v -0.412703 0.726485 0.779819
v -0.424789 0.730847 0.780015
v -0.435649 0.735967 0.780191
v -0.444910 0.741635 0.780342
v -0.449311 0.745043 0.780413
v -0.450124 0.747167 0.780426
v 0.343211 0.720042 -0.796979
v -0.385368 0.720873 0.793616
v -0.398655 0.723090 0.795451
v -0.411468 0.726485 0.797222
v -0.423438 0.730847 0.798876
v -0.434193 0.735967 0.800362
v -0.443365 0.741635 0.801629
v -0.447724 0.745043 0.802231
v -0.448528 0.747167 0.802343
v 0.321764 0.720042 -0.830693
v -0.382856 0.720873 0.807121
v -0.395820 0.723090 0.810584
v -0.408323 0.726485 0.813924
v -0.420003 0.730847 0.817044
v -0.430498 0.735967 0.819848
v -0.439447 0.741635 0.822238
v -0.443700 0.745043 0.823375
v -0.444486 0.747167 0.823584
v 0.327713 0.720042 -0.825119
v -0.378770 0.720873 0.819923
v -0.391218 0.723090 0.824965
v -0.403223 0.726485 0.829828
v -0.414438 0.730847 0.834370
v -0.424515 0.735967 0.838452
v -0.433109 0.741635 0.841932
v -0.437193 0.745043 0.843587
v -0.437947 0.747167 0.843892
v 0.344802 0.720042 -0.788352
v -0.373004 0.720873 0.832059
v -0.384736 0.723090 0.838599
v -0.396049 0.726485 0.844906
v -0.406618 0.730847 0.850798
v -0.416115 0.735967 0.856092
v -0.424213 0.741635 0.860607
v -0.428062 0.745043 0.862752
v -0.428773 0.747167 0.863148
v 0.345485 0.720042 -0.778250
v -0.365898 0.720873 0.843113
v -0.376731 0.723090 0.851051
v -0.387179 0.726485 0.858706
v -0.396939 0.730847 0.865857
v -0.405709 0.735967 0.872283
v -0.413188 0.741635 0.877763
v -0.416742 0.745043 0.880367
v -0.417398 0.747167 0.880848
v 0.332892 0.720042 -0.818904
v -0.357496 0.720873 0.853194
v -0.367277 0.723090 0.862396
v -0.376709 0.726485 0.871271
v -0.385519 0.730847 0.879561
v -0.393437 0.735967 0.887011
v -0.400188 0.741635 0.893363
v -0.403397 0.745043 0.896382
v -0.403989 0.747167 0.896939
v 0.337230 0.720042 -0.812158
v -0.347934 0.720873 0.862154
v -0.356516 0.723090 0.872478
v -0.364793 0.726485 0.882435
v -0.372525 0.730847 0.891736
v -0.379473 0.735967 0.900094
v -0.385397 0.741635 0.907221
v -0.388213 0.745043 0.910608
v -0.388733 0.747167 0.911234
v 0.293586 0.720042 -0.844351
v -0.337349 0.720873 0.869954
v -0.344596 0.723090 0.881262
v -0.351585 0.726485 0.892166
v -0.358114 0.730847 0.902353
v -0.363980 0.735967 0.911507
v -0.368983 0.741635 0.919313
v -0.371361 0.745043 0.923023
v -0.371799 0.747167 0.923707
v 0.300631 0.720042 -0.842477
v -0.325859 0.720873 0.876336
v -0.331656 0.723090 0.888447
v -0.337246 0.726485 0.900126
v -0.342468 0.730847 0.911037
v -0.347161 0.735967 0.920841
v -0.351162 0.741635 0.929201
v -0.353064 0.745043 0.933174
v -0.353415 0.747167 0.933908
v 0.278208 0.720042 -0.845814
v -0.313566 0.720873 0.881307
v -0.317791 0.723090 0.894050
v -0.321866 0.726485 0.906339
v -0.325673 0.730847 0.917819
v -0.329093 0.735967 0.928135
v -0.332010 0.741635 0.936931
v -0.333396 0.745043 0.941111
v -0.333652 0.747167 0.941883
v 0.285948 0.720042 -0.845447
v -0.301915 0.720873 0.884416
v -0.304749 0.723090 0.897541
v -0.307482 0.726485 0.910198
v -0.310035 0.730847 0.922021
v -0.312329 0.735967 0.932646
v -0.314285 0.741635 0.941705
v -0.315214 0.745043 0.946011
v -0.315386 0.747167 0.946806
v 0.308202 0.720042 -0.839413
v -0.289961 0.720873 0.886149
v -0.291368 0.723090 0.899496
v -0.292725 0.726485 0.912367
v -0.293992 0.730847 0.924391
v -0.295131 0.735967 0.935195
v -0.296102 0.741635 0.944409
v -0.296563 0.745043 0.948787
v -0.296649 0.747167 0.949596
v 0.315233 0.720042 -0.835506
v -0.279073 0.720873 0.886679
v -0.279289 0.723090 0.900094
v -0.279496 0.726485 0.913032
v -0.279690 0.730847 0.925118
v -0.279864 0.735967 0.935978
v -0.280013 0.741635 0.945239
v -0.280084 0.745043 0.949641
v -0.280097 0.747167 0.950453
v 0.330046 0.720042 -0.858559
v 0.320017 0.720042 -0.864131
v 0.288544 0.720042 -0.872699
v 0.278857 0.720042 -0.873159
v 0.309308 0.720042 -0.868466
v 0.299059 0.720042 -0.871190
v 0.361182 0.720042 -0.825469
v 0.354980 0.720042 -0.835114
v 0.372830 0.720042 -0.779172
v 0.371979 0.720042 -0.791766
v 0.347640 0.720042 -0.843921
v 0.339285 0.720042 -0.851750
v 0.369790 0.720042 -0.803630
v 0.366224 0.720042 -0.814842
v -0.278857 0.720042 -0.873159
v -0.330046 0.720042 -0.858559
v -0.320017 0.720042 -0.864131
v -0.288544 0.720042 -0.872699
v -0.309308 0.720042 -0.868466
v -0.299059 0.720042 -0.871190
v -0.361182 0.720042 -0.825469
v -0.354980 0.720042 -0.835114
v -0.372830 0.720042 -0.779172
v -0.371979 0.720042 -0.791766
v -0.347640 0.720042 -0.843921
v -0.339285 0.720042 -0.851750
v -0.369790 0.720042 -0.803630
v -0.366224 0.720042 -0.814842
v 0.330046 0.720042 0.858559
v 0.320017 0.720042 0.864131
v 0.288544 0.720042 0.872699
v 0.278857 0.720042 0.873159
v 0.309308 0.720042 0.868466
v 0.299059 0.720042 0.871190
v 0.361182 0.720042 0.825469
v 0.354980 0.720042 0.835114
v 0.372830 0.720042 0.779172
v 0.371979 0.720042 0.791766
v 0.347640 0.720042 0.843921
v 0.339285 0.720042 0.851750
v 0.369790 0.720042 0.803630
v 0.366224 0.720042 0.814842
v -0.278857 0.720042 0.873159
v -0.330046 0.720042 0.858559
v -0.320017 0.720042 0.864131
v -0.288544 0.720042 0.872699
v -0.309308 0.720042 0.868466
v -0.299059 0.720042 0.871190
v -0.361182 0.720042 0.825469
v -0.354980 0.720042 0.835114
v -0.372830 0.720042 0.779172
v -0.371979 0.720042 0.791766
v -0.347640 0.720042 0.843921
v -0.339285 0.720042 0.851750
v -0.369790 0.720042 0.803630
v -0.366224 0.720042 0.814842
v 0.317168 0.720042 -0.838517
v 0.309746 0.720042 -0.842641
v 0.286287 0.720042 -0.849006
v 0.278293 0.720042 -0.849385
v 0.301765 0.720042 -0.845872
v 0.294301 0.720042 -0.847856
v 0.340359 0.720042 -0.813896
v 0.335777 0.720042 -0.821021
v 0.349056 0.720042 -0.778370
v 0.348352 0.720042 -0.788798
v 0.330316 0.720042 -0.827574
v 0.324052 0.720042 -0.833444
v 0.346682 0.720042 -0.797848
v 0.344057 0.720042 -0.806103
v -0.278293 0.720042 -0.849385
v -0.317168 0.720042 -0.838517
v -0.309746 0.720042 -0.842641
v -0.286287 0.720042 -0.849006
v -0.301765 0.720042 -0.845872
v -0.294301 0.720042 -0.847856
v -0.340359 0.720042 -0.813896
v -0.335777 0.720042 -0.821021
v -0.349056 0.720042 -0.778370
v -0.348352 0.720042 -0.788798
v -0.330316 0.720042 -0.827574
v -0.324052 0.720042 -0.833444
v -0.346682 0.720042 -0.797848
v -0.344057 0.720042 -0.806103
v 0.317168 0.720042 0.838517
v 0.309746 0.720042 0.842641
v 0.286287 0.720042 0.849006
v 0.278293 0.720042 0.849385
v 0.301765 0.720042 0.845872
v 0.294301 0.720042 0.847856
v 0.340359 0.720042 0.813896
v 0.335777 0.720042 0.821021
v 0.349056 0.720042 0.778370
v 0.348352 0.720042 0.788798
v 0.330316 0.720042 0.827574
v 0.324052 0.720042 0.833444
v 0.346682 0.720042 0.797848
v 0.344057 0.720042 0.806103
v -0.278293 0.720042 0.849385
v -0.317168 0.720042 0.838517
v -0.309746 0.720042 0.842641
v -0.286287 0.720042 0.849006
v -0.301765 0.720042 0.845872
v -0.294301 0.720042 0.847856
v -0.340359 0.720042 0.813896
v -0.335777 0.720042 0.821021
v -0.349056 0.720042 0.778370
v -0.348352 0.720042 0.788798
v -0.330316 0.720042 0.827574
v -0.324052 0.720042 0.833444
v -0.346682 0.720042 0.797848
v -0.344057 0.720042 0.806103
v 0.295489 0.720042 -0.804779
v 0.292454 0.720042 -0.806465
v 0.282488 0.720042 -0.809120
v 0.277344 0.720042 -0.809364
v 0.289066 0.720042 -0.807837
v 0.286289 0.720042 -0.808575
v 0.305305 0.720042 -0.794415
v 0.303451 0.720042 -0.797298
v 0.309035 0.720042 -0.777020
v 0.308577 0.720042 -0.783803
v 0.301151 0.720042 -0.800057
v 0.298409 0.720042 -0.802627
v 0.307782 0.720042 -0.788114
v 0.306739 0.720042 -0.791392
v -0.277344 0.720042 -0.809364
v -0.295489 0.720042 -0.804779
v -0.292454 0.720042 -0.806465
v -0.282488 0.720042 -0.809120
v -0.289066 0.720042 -0.807837
v -0.286289 0.720042 -0.808575
v -0.305305 0.720042 -0.794415
v -0.303451 0.720042 -0.797298
v -0.309035 0.720042 -0.777020
v -0.308577 0.720042 -0.783803
v -0.301151 0.720042 -0.800057
v -0.298409 0.720042 -0.802627
v -0.307782 0.720042 -0.788114
v -0.306739 0.720042 -0.791392
v 0.295489 0.720042 0.804779
v 0.292454 0.720042 0.806465
v 0.282488 0.720042 0.809120
v 0.277344 0.720042 0.809364
v 0.289066 0.720042 0.807837
v 0.286289 0.720042 0.808575
v 0.305305 0.720042 0.794415
v 0.303451 0.720042 0.797298
v 0.309035 0.720042 0.777020
v 0.308577 0.720042 0.783803
v 0.301151 0.720042 0.800057
v 0.298409 0.720042 0.802627
v 0.307782 0.720042 0.788114
v 0.306739 0.720042 0.791392
v -0.277344 0.720042 0.809364
v -0.295489 0.720042 0.804779
v -0.292454 0.720042 0.806465
v -0.282488 0.720042 0.809120
v -0.289066 0.720042 0.807837
v -0.286289 0.720042 0.808575
v -0.305305 0.720042 0.794415
v -0.303451 0.720042 0.797298
v -0.309035 0.720042 0.777020
v -0.308577 0.720042 0.783803
v -0.301151 0.720042 0.800057
v -0.298409 0.720042 0.802627
v -0.307782 0.720042 0.788114
v -0.306739 0.720042 0.791392
v -0.340726 0.720042 0.804790
v 0.434797 0.750042 -0.842616
v 0.425804 0.750042 -0.861493
v 0.314669 0.750042 -0.943485
v 0.296293 0.750042 -0.946218
v 0.386561 0.750042 -0.908621
v 0.369966 0.750042 -0.920846
v 0.445166 0.750042 -0.801878
v 0.441205 0.750042 -0.822708
v 0.351948 0.750042 -0.930843
v 0.332583 0.750042 -0.938659
v 0.414657 0.750042 -0.878839
v 0.401514 0.750042 -0.894611
v 0.446729 0.750042 -0.780371
v 0.280042 0.750042 -0.947058
v -0.434797 0.750042 -0.842616
v -0.425804 0.750042 -0.861493
v -0.314669 0.750042 -0.943485
v -0.296293 0.750042 -0.946218
v -0.386561 0.750042 -0.908621
v -0.369966 0.750042 -0.920846
v -0.445166 0.750042 -0.801878
v -0.441205 0.750042 -0.822708
v -0.351948 0.750042 -0.930843
v -0.332583 0.750042 -0.938659
v -0.414657 0.750042 -0.878839
v -0.401514 0.750042 -0.894611
v -0.446729 0.750042 -0.780371
v -0.280042 0.750042 -0.947058
v 0.446729 0.750042 0.780371
v 0.434797 0.750042 0.842616
v 0.425804 0.750042 0.861493
v 0.314669 0.750042 0.943485
v 0.296293 0.750042 0.946218
v 0.386561 0.750042 0.908621
v 0.369966 0.750042 0.920846
v 0.445166 0.750042 0.801878
v 0.441205 0.750042 0.822708
v 0.351948 0.750042 0.930843
v 0.332583 0.750042 0.938659
v 0.414657 0.750042 0.878839
v 0.401514 0.750042 0.894611
v 0.280042 0.750042 0.947058
v -0.446729 0.750042 0.780371
v -0.434797 0.750042 0.842616
v -0.425804 0.750042 0.861493
v -0.314669 0.750042 0.943485
v -0.296293 0.750042 0.946218
v -0.386561 0.750042 0.908621
v -0.369966 0.750042 0.920846
v -0.445166 0.750042 0.801878
v -0.441205 0.750042 0.822708
v -0.351948 0.750042 0.930843
v -0.332583 0.750042 0.938659
v -0.414657 0.750042 0.878839
v -0.401514 0.750042 0.894611
v -0.280042 0.750042 0.947058
v 0.434005 0.750042 -0.842301
v 0.425060 0.750042 -0.861079
v 0.314495 0.750042 -0.942651
v 0.296208 0.750042 -0.945371
v 0.386016 0.750042 -0.907966
v 0.369505 0.750042 -0.920129
v 0.444322 0.750042 -0.801767
v 0.440380 0.750042 -0.822497
v 0.351581 0.750042 -0.930075
v 0.332312 0.750042 -0.937851
v 0.413970 0.750042 -0.878335
v 0.400895 0.750042 -0.894026
v 0.445879 0.750042 -0.780340
v 0.280020 0.750042 -0.946208
v -0.434005 0.750042 -0.842301
v -0.425060 0.750042 -0.861079
v -0.314495 0.750042 -0.942651
v -0.296208 0.750042 -0.945371
v -0.386016 0.750042 -0.907966
v -0.369505 0.750042 -0.920129
v -0.444322 0.750042 -0.801767
v -0.440380 0.750042 -0.822497
v -0.351581 0.750042 -0.930075
v -0.332312 0.750042 -0.937851
v -0.413970 0.750042 -0.878335
v -0.400895 0.750042 -0.894026
v -0.445879 0.750042 -0.780340
v -0.280020 0.750042 -0.946208
v 0.445879 0.750042 0.780340
v 0.434005 0.750042 0.842301
v 0.425060 0.750042 0.861079
v 0.314495 0.750042 0.942651
v 0.296208 0.750042 0.945371
v 0.386016 0.750042 0.907966
v 0.369505 0.750042 0.920129
v 0.444322 0.750042 0.801767
v 0.440380 0.750042 0.822497
v 0.351581 0.750042 0.930075
v 0.332312 0.750042 0.937851
v 0.413970 0.750042 0.878335
v 0.400895 0.750042 0.894026
v 0.280020 0.750042 0.946208
v -0.445879 0.750042 0.780340
v -0.434005 0.750042 0.842301
v -0.425060 0.750042 0.861079
v -0.314495 0.750042 0.942651
v -0.296208 0.750042 0.945371
v -0.386016 0.750042 0.907966
v -0.369505 0.750042 0.920129
v -0.444322 0.750042 0.801767
v -0.440380 0.750042 0.822497
v -0.351581 0.750042 0.930075
v -0.332312 0.750042 0.937851
v -0.413970 0.750042 0.878335
v -0.400895 0.750042 0.894026
v -0.280020 0.750042 0.946208
v 0.424887 0.750042 -0.838681
v 0.416490 0.750042 -0.856309
v 0.312495 0.750042 -0.933052
v 0.295233 0.750042 -0.935620
v 0.379745 0.750042 -0.900428
v 0.364206 0.750042 -0.911875
v 0.434600 0.750042 -0.800494
v 0.430876 0.750042 -0.820074
v 0.347359 0.750042 -0.921223
v 0.329196 0.750042 -0.928553
v 0.406063 0.750042 -0.872534
v 0.393761 0.750042 -0.887296
v 0.436090 0.750042 -0.779985
v 0.279767 0.750042 -0.936420
v -0.424887 0.750042 -0.838681
v -0.416490 0.750042 -0.856309
v -0.312495 0.750042 -0.933052
v -0.295233 0.750042 -0.935620
v -0.379745 0.750042 -0.900428
v -0.364206 0.750042 -0.911875
v -0.434600 0.750042 -0.800494
v -0.430876 0.750042 -0.820074
v -0.347359 0.750042 -0.921223
v -0.329196 0.750042 -0.928553
v -0.406063 0.750042 -0.872534
v -0.393761 0.750042 -0.887296
v -0.436090 0.750042 -0.779985
v -0.279767 0.750042 -0.936420
v 0.436090 0.750042 0.779985
v 0.424887 0.750042 0.838681
v 0.416490 0.750042 0.856309
v 0.312495 0.750042 0.933052
v 0.295233 0.750042 0.935620
v 0.379745 0.750042 0.900428
v 0.364206 0.750042 0.911875
v 0.434600 0.750042 0.800494
v 0.430876 0.750042 0.820074
v 0.347359 0.750042 0.921223
v 0.329196 0.750042 0.928553
v 0.406063 0.750042 0.872534
v 0.393761 0.750042 0.887296
v 0.279767 0.750042 0.936420
v -0.436090 0.750042 0.779985
v -0.424887 0.750042 0.838681
v -0.416490 0.750042 0.856309
v -0.312495 0.750042 0.933052
v -0.295233 0.750042 0.935620
v -0.379745 0.750042 0.900428
v -0.364206 0.750042 0.911875
v -0.434600 0.750042 0.800494
v -0.430876 0.750042 0.820074
v -0.347359 0.750042 0.921223
v -0.329196 0.750042 0.928553
v -0.406063 0.750042 0.872534
v -0.393761 0.750042 0.887296
v -0.279767 0.750042 0.936420
v 0.403093 0.750042 -0.830027
v 0.396004 0.750042 -0.844907
v 0.307715 0.750042 -0.910108
v 0.292902 0.750042 -0.912312
v 0.364756 0.750042 -0.882409
v 0.351539 0.750042 -0.892145
v 0.411362 0.750042 -0.797451
v 0.408161 0.750042 -0.814282
v 0.337267 0.750042 -0.900065
v 0.321747 0.750042 -0.906328
v 0.387162 0.750042 -0.858667
v 0.376711 0.750042 -0.871208
v 0.412693 0.750042 -0.779136
v 0.279163 0.750042 -0.913022
v -0.403093 0.750042 -0.830027
v -0.396004 0.750042 -0.844907
v -0.307715 0.750042 -0.910108
v -0.292902 0.750042 -0.912312
v -0.364756 0.750042 -0.882409
v -0.351539 0.750042 -0.892145
v -0.411362 0.750042 -0.797451
v -0.408161 0.750042 -0.814282
v -0.337267 0.750042 -0.900065
v -0.321747 0.750042 -0.906328
v -0.387162 0.750042 -0.858667
v -0.376711 0.750042 -0.871208
v -0.412693 0.750042 -0.779136
v -0.279163 0.750042 -0.913022
v 0.412693 0.750042 0.779136
v 0.403093 0.750042 0.830027
v 0.396004 0.750042 0.844907
v 0.307715 0.750042 0.910108
v 0.292902 0.750042 0.912312
v 0.364756 0.750042 0.882409
v 0.351539 0.750042 0.892145
v 0.411362 0.750042 0.797451
v 0.408161 0.750042 0.814282
v 0.337267 0.750042 0.900065
v 0.321747 0.750042 0.906328
v 0.387162 0.750042 0.858667
v 0.376711 0.750042 0.871208
v 0.279163 0.750042 0.913022
v -0.412693 0.750042 0.779136
v -0.403093 0.750042 0.830027
v -0.396004 0.750042 0.844907
v -0.307715 0.750042 0.910108
v -0.292902 0.750042 0.912312
v -0.364756 0.750042 0.882409
v -0.351539 0.750042 0.892145
v -0.411362 0.750042 0.797451
v -0.408161 0.750042 0.814282
v -0.337267 0.750042 0.900065
v -0.321747 0.750042 0.906328
v -0.387162 0.750042 0.858667
v -0.376711 0.750042 0.871208
v -0.279163 0.750042 0.913022
v 0.318383 0.720042 -0.840408
v 0.310714 0.720042 -0.844668
v 0.286500 0.720042 -0.851241
v 0.278346 0.720042 -0.851628
v 0.302476 0.720042 -0.848003
v 0.294749 0.720042 -0.850057
v 0.342323 0.720042 -0.814988
v 0.337588 0.720042 -0.822351
v 0.351298 0.720042 -0.778446
v 0.350580 0.720042 -0.789078
v 0.331950 0.720042 -0.829116
v 0.325489 0.720042 -0.835170
v 0.348862 0.720042 -0.798394
v 0.346147 0.720042 -0.806927
v -0.278346 0.720042 -0.851628
v -0.310714 0.720042 -0.844668
v -0.318383 0.720042 -0.840408
v -0.286500 0.720042 -0.851241
v -0.294749 0.720042 -0.850057
v -0.302476 0.720042 -0.848003
v -0.337588 0.720042 -0.822351
v -0.342323 0.720042 -0.814988
v -0.350580 0.720042 -0.789078
v -0.351298 0.720042 -0.778446
v -0.325489 0.720042 -0.835170
v -0.331950 0.720042 -0.829116
v -0.346147 0.720042 -0.806927
v -0.348862 0.720042 -0.798394
v 0.310714 0.720042 0.844668
v 0.318383 0.720042 0.840408
v 0.278346 0.720042 0.851628
v 0.286500 0.720042 0.851241
v 0.294749 0.720042 0.850057
v 0.302476 0.720042 0.848003
v 0.337588 0.720042 0.822351
v 0.342323 0.720042 0.814988
v 0.350580 0.720042 0.789078
v 0.351298 0.720042 0.778446
v 0.325489 0.720042 0.835170
v 0.331950 0.720042 0.829116
v 0.346147 0.720042 0.806927
v 0.348862 0.720042 0.798394
v -0.278346 0.720042 0.851628
v -0.318383 0.720042 0.840408
v -0.310714 0.720042 0.844668
v -0.286500 0.720042 0.851241
v -0.302476 0.720042 0.848003
v -0.294749 0.720042 0.850057
v -0.342323 0.720042 0.814988
v -0.337588 0.720042 0.822351
v -0.351298 0.720042 0.778446
v -0.350580 0.720042 0.789078
v -0.331950 0.720042 0.829116
v -0.325489 0.720042 0.835170
v -0.348862 0.720042 0.798394
v -0.346147 0.720042 0.806927
v 0.386349 0.720873 0.761532
v 0.386349 0.720873 -0.761532
v 0.450124 0.747167 -0.761532
v 0.450124 0.747167 0.761532
v 0.435649 0.735967 -0.761532
v 0.435649 0.735967 0.761532
v 0.446729 0.750042 0.761532
v 0.446729 0.750042 -0.761532
v 0.399765 0.723090 -0.761532
v 0.399765 0.723090 0.761532
v 0.444910 0.741635 0.761532
v 0.444910 0.741635 -0.761532
v 0.412703 0.726485 -0.761532
v 0.412703 0.726485 0.761532
v 0.449311 0.745043 0.761532
v 0.449311 0.745043 -0.761532
v 0.449217 0.749164 0.761532
v 0.449217 0.749164 -0.761532
v 0.424789 0.730847 0.761532
v 0.424789 0.730847 -0.761532
v 0.372830 0.720042 -0.761532
v 0.372830 0.720042 0.761532
v 0.349056 0.720042 0.761532
v 0.349056 0.720042 -0.761532
v 0.309035 0.720042 -0.761532
v 0.309035 0.720042 0.761532
v 0.345485 0.720042 -0.761532
v 0.345485 0.720042 0.761532
v 0.445879 0.750042 0.761532
v 0.445879 0.750042 -0.761532
v 0.436090 0.750042 0.761532
v 0.436090 0.750042 -0.761532
v 0.412693 0.750042 0.761532
v 0.412693 0.750042 -0.761532
v 0.351298 0.720042 -0.761532
v 0.351298 0.720042 0.761532
v -0.272482 0.720042 -0.873159
v 0.272482 0.720042 -0.873159
v 0.272482 0.749164 -0.949547
v -0.272482 0.749164 -0.949547
v 0.272482 0.723090 -0.900094
v -0.272482 0.723090 -0.900094
v -0.272482 0.745043 -0.949641
v 0.272482 0.745043 -0.949641
v 0.272482 0.741635 -0.945239
v -0.272482 0.741635 -0.945239
v -0.272482 0.730847 -0.925118
v 0.272482 0.730847 -0.925118
v 0.272482 0.726485 -0.913032
v -0.272482 0.726485 -0.913032
v 0.272482 0.747167 -0.950453
v -0.272482 0.747167 -0.950453
v 0.272482 0.720873 -0.886679
v -0.272482 0.720873 -0.886679
v 0.272482 0.735967 -0.935978
v -0.272482 0.735967 -0.935978
v 0.272482 0.750042 -0.947058
v -0.272482 0.750042 -0.947058
v 0.272482 0.720042 -0.849385
v -0.272482 0.720042 -0.849385
v -0.272482 0.720042 -0.809364
v 0.272482 0.720042 -0.809364
v -0.272482 0.720042 -0.845814
v 0.272482 0.720042 -0.845814
v 0.272482 0.750042 -0.946208
v -0.272482 0.750042 -0.946208
v 0.272482 0.750042 -0.936420
v -0.272482 0.750042 -0.936420
v 0.272482 0.750042 -0.913022
v -0.272482 0.750042 -0.913022
v -0.272482 0.720042 -0.851628
v 0.272482 0.720042 -0.851628
v 0.273471 0.720042 0.851628
v -0.273471 0.720042 0.851628
v -0.273471 0.750042 0.913022
v 0.273471 0.750042 0.913022
v 0.273471 0.750042 0.936420
v -0.273471 0.750042 0.936420
v 0.273471 0.750042 0.946208
v -0.273471 0.750042 0.946208
v -0.273471 0.720042 0.845814
v 0.273471 0.720042 0.845814
v 0.273471 0.720042 0.809364
v -0.273471 0.720042 0.809364
v 0.273471 0.720042 0.849385
v -0.273471 0.720042 0.849385
v -0.273471 0.750042 0.947058
v 0.273471 0.750042 0.947058
v 0.273471 0.735967 0.935978
v -0.273471 0.735967 0.935978
v 0.273471 0.720873 0.886679
v -0.273471 0.720873 0.886679
v 0.273471 0.747167 0.950453
v -0.273471 0.747167 0.950453
v -0.273471 0.726485 0.913032
v 0.273471 0.726485 0.913032
v 0.273471 0.730847 0.925118
v -0.273471 0.730847 0.925118
v -0.273471 0.741635 0.945239
v 0.273471 0.741635 0.945239
v 0.273471 0.745043 0.949641
v -0.273471 0.745043 0.949641
v 0.273471 0.723090 0.900094
v -0.273471 0.723090 0.900094
v -0.273471 0.749164 0.949547
v 0.273471 0.749164 0.949547
v -0.273471 0.720042 0.873159
v 0.273471 0.720042 0.873159
v -0.351298 0.720042 -0.776700
v -0.351298 0.720042 0.776700
v -0.412693 0.750042 -0.776700
v -0.412693 0.750042 0.776700
v -0.436090 0.750042 0.776700
v -0.436090 0.750042 -0.776700
v -0.445879 0.750042 -0.776700
v -0.445879 0.750042 0.776700
v -0.345485 0.720042 -0.776700
v -0.345485 0.720042 0.776700
v -0.309035 0.720042 0.776700
v -0.309035 0.720042 -0.776700
v -0.349056 0.720042 0.776700
v -0.349056 0.720042 -0.776700
v -0.372830 0.720042 0.776700
v -0.372830 0.720042 -0.776700
v -0.424789 0.730847 0.776700
v -0.424789 0.730847 -0.776700
v -0.449217 0.749164 0.776700
v -0.449217 0.749164 -0.776700
v -0.449311 0.745043 -0.776700
v -0.449311 0.745043 0.776700
v -0.412703 0.726485 0.776700
v -0.412703 0.726485 -0.776700
v -0.444910 0.741635 0.776700
v -0.444910 0.741635 -0.776700
v -0.399765 0.723090 -0.776700
v -0.399765 0.723090 0.776700
v -0.446729 0.750042 -0.776700
v -0.446729 0.750042 0.776700
v -0.435649 0.735967 -0.776700
v -0.435649 0.735967 0.776700
v -0.450124 0.747167 -0.776700
v -0.450124 0.747167 0.776700
v -0.386349 0.720873 0.776700
v -0.386349 0.720873 -0.776700
vn -0.0000 -1.0000 -0.0000
vn -0.0230 -0.9997 -0.0127
vn -0.0213 -0.9997 -0.0156
vn -0.0039 -0.9997 -0.0256
vn -0.0191 -0.9997 -0.0181
vn -0.0168 -0.9997 -0.0202
vn -0.0141 -0.9997 -0.0223
vn -0.0258 -0.9997 -0.0032
vn -0.0255 -0.9997 -0.0064
vn -0.0109 -0.9997 -0.0240
vn -0.0246 -0.9997 -0.0097
vn -0.0075 -0.9997 -0.0252
vn -0.9983 -0.0188 0.0558
vn -1.0000 -0.0000 -0.0000
vn -0.9998 -0.0188 -0.0000
vn -0.0011 -0.9997 -0.0258
vn 0.0230 -0.9997 -0.0128
vn 0.0246 -0.9997 -0.0097
vn 0.0254 -0.9997 -0.0064
vn 0.0212 -0.9997 -0.0155
vn 0.0258 -0.9997 -0.0032
vn 0.0109 -0.9997 -0.0240
vn 0.0168 -0.9997 -0.0203
vn 0.0019 -0.9997 -0.0258
vn 0.0039 -0.9997 -0.0256
vn 0.0141 -0.9997 -0.0223
vn 0.0075 -0.9997 -0.0252
vn 0.0192 -0.9997 -0.0180
vn 0.0254 -0.9997 -0.0009
vn -0.0256 -0.9997 -0.0015
vn 0.0247 -0.9997 -0.0000
vn -0.0230 -0.9997 0.0128
vn -0.0038 -0.9997 0.0256
vn -0.0075 -0.9997 0.0252
vn -0.0191 -0.9997 0.0180
vn -0.0168 -0.9997 0.0202
vn -0.0255 -0.9997 0.0009
vn -0.0246 -0.9997 0.0097
vn -0.2819 -0.0000 0.9595
vn -0.1478 -0.0188 0.9888
vn -0.1478 -0.0000 0.9890
vn -0.0254 -0.9997 0.0064
vn -0.0109 -0.9997 0.0240
vn -0.0141 -0.9997 0.0223
vn -0.0247 -0.9997 -0.0000
vn 0.0752 -0.0188 0.9970
vn 0.1479 -0.0000 0.9890
vn 0.0752 -0.0000 0.9972
vn 0.0230 -0.9997 0.0128
vn 0.0254 -0.9997 0.0064
vn 0.0246 -0.9997 0.0097
vn 0.0212 -0.9997 0.0155
vn 0.0192 -0.9997 0.0180
vn 0.4128 -0.0188 0.9106
vn 0.5341 -0.0000 0.8454
vn 0.4130 -0.0000 0.9107
vn -0.0213 -0.9997 0.0156
vn -0.0020 -0.9997 0.0259
vn 0.5340 -0.0188 0.8453
vn 0.6374 -0.0000 0.7706
vn 0.0168 -0.9997 0.0203
vn 0.0141 -0.9997 0.0223
vn 0.0011 -0.9997 0.0259
vn 0.0109 -0.9997 0.0240
vn 0.0075 -0.9997 0.0252
vn 0.0039 -0.9997 0.0256
vn 0.0258 -0.9997 0.0032
vn -0.9698 -0.0188 0.2430
vn -0.9924 -0.0000 0.1232
vn -0.9922 -0.0188 0.1231
vn -0.0723 -0.0000 -0.9974
vn -0.1478 -0.0188 -0.9888
vn -0.1478 -0.0000 -0.9890
vn 0.9924 -0.0000 -0.1234
vn 0.9698 -0.0188 -0.2430
vn 0.9702 -0.0000 -0.2424
vn 0.4129 -0.0000 -0.9108
vn 0.2820 -0.0188 -0.9592
vn 0.2821 -0.0000 -0.9594
vn 0.8077 -0.0000 -0.5896
vn 0.7279 -0.0188 -0.6855
vn 0.7280 -0.0000 -0.6856
vn 0.9297 -0.0000 -0.3682
vn 0.8738 -0.0188 -0.4859
vn 0.8743 -0.0000 -0.4854
vn 0.9296 -0.0189 -0.3682
vn -0.9922 -0.0188 -0.1231
vn -0.9983 -0.0000 -0.0588
vn -0.9924 -0.0000 -0.1230
vn -0.9701 -0.0000 -0.2426
vn -0.9296 -0.0189 -0.3682
vn -0.9698 -0.0188 -0.2430
vn -0.8070 -0.0188 -0.5902
vn -0.8747 -0.0000 -0.4847
vn -0.8072 -0.0000 -0.5903
vn -0.9981 -0.0188 -0.0588
vn -0.6375 -0.0189 -0.7702
vn -0.7272 -0.0000 -0.6864
vn -0.6378 -0.0000 -0.7702
vn -0.5339 -0.0000 -0.8456
vn -0.4127 -0.0188 -0.9107
vn -0.5338 -0.0188 -0.8454
vn 0.9998 -0.0188 -0.0000
vn 1.0000 -0.0000 -0.0000
vn -0.9297 -0.0000 -0.3682
vn -0.2819 -0.0000 -0.9595
vn -0.4126 -0.0000 -0.9109
vn 0.6380 -0.0188 -0.7698
vn 0.6374 -0.0000 -0.7706
vn 0.1479 -0.0000 -0.9890
vn 0.0722 -0.0188 -0.9972
vn 0.0723 -0.0000 -0.9974
vn 0.8075 -0.0188 -0.5895
vn 0.9987 -0.0000 -0.0508
vn 0.9921 -0.0188 -0.1244
vn 0.1478 -0.0189 -0.9888
vn 0.5340 -0.0188 -0.8453
vn 0.5341 -0.0000 -0.8454
vn 0.4140 -0.0188 -0.9101
vn -0.0753 -0.0000 0.9972
vn 0.9700 -0.0188 0.2422
vn 0.9924 -0.0000 0.1234
vn 0.9702 -0.0000 0.2424
vn 0.2820 -0.0188 0.9592
vn 0.2821 -0.0000 0.9594
vn 0.7279 -0.0188 0.6855
vn 0.8077 -0.0000 0.5896
vn 0.7280 -0.0000 0.6856
vn 0.8742 -0.0188 0.4852
vn 0.9297 -0.0000 0.3682
vn 0.8743 -0.0000 0.4854
vn 0.9296 -0.0188 0.3682
vn -0.9984 -0.0000 0.0559
vn -0.9296 -0.0189 0.3682
vn -0.9701 -0.0000 0.2426
vn -0.8749 -0.0000 0.4844
vn -0.8070 -0.0188 0.5902
vn -0.8072 -0.0000 0.5903
vn -0.7272 -0.0000 0.6864
vn -0.6386 -0.0189 0.7693
vn -0.6378 -0.0000 0.7702
vn -0.4139 -0.0188 0.9101
vn -0.5339 -0.0000 0.8456
vn -0.5338 -0.0188 0.8454
vn -0.9297 -0.0000 0.3682
vn -0.4126 -0.0000 0.9109
vn -0.0258 -0.9997 0.0032
vn 0.6380 -0.0188 0.7698
vn 0.8075 -0.0188 0.5895
vn 0.9921 -0.0188 0.1243
vn 0.9984 -0.0000 0.0563
vn 0.1478 -0.0188 0.9888
vn 0.0255 -0.9997 0.0014
vn -0.0377 -0.8655 0.4994
vn -0.0000 -0.5000 0.8660
vn -0.0652 -0.4996 0.8638
vn -0.0001 -1.0000 -0.0000
vn -0.0000 -0.0188 -0.9998
vn 0.0626 -0.4996 -0.8640
vn -0.0000 -0.5000 -0.8660
vn -0.0626 -0.4996 -0.8640
vn -0.0723 -0.0188 -0.9972
vn -0.0000 -0.8660 -0.5000
vn -0.0362 -0.8656 -0.4994
vn -0.0000 -0.0187 0.9998
vn -0.0752 -0.0188 0.9970
vn 0.9985 -0.0188 -0.0507
vn 0.8595 -0.5000 -0.1066
vn 0.8650 -0.4998 -0.0439
vn 0.4967 -0.8657 -0.0616
vn 0.4998 -0.8658 -0.0254
vn 0.4625 -0.5003 -0.7320
vn 0.3576 -0.5000 -0.7888
vn 0.2673 -0.8658 -0.4230
vn 0.2067 -0.8657 -0.4559
vn 0.6304 -0.5000 -0.5937
vn 0.5518 -0.4999 -0.6676
vn 0.3644 -0.8657 -0.3432
vn 0.3189 -0.8657 -0.3859
vn 0.7572 -0.5000 -0.4202
vn 0.6995 -0.4999 -0.5107
vn 0.4377 -0.8657 -0.2429
vn 0.4043 -0.8657 -0.2952
vn 0.2443 -0.5002 -0.8307
vn 0.1279 -0.5002 -0.8564
vn 0.1411 -0.8658 -0.4800
vn 0.0739 -0.8659 -0.4947
vn 0.8051 -0.5001 -0.3189
vn 0.8402 -0.5000 -0.2098
vn 0.4653 -0.8658 -0.1843
vn 0.4856 -0.8657 -0.1212
vn -0.8402 -0.5000 -0.2098
vn -0.8594 -0.5000 -0.1066
vn -0.4856 -0.8657 -0.1212
vn -0.4966 -0.8658 -0.0616
vn -0.8745 -0.0188 -0.4846
vn -0.8051 -0.5001 -0.3189
vn -0.7579 -0.4999 -0.4192
vn -0.4653 -0.8658 -0.1843
vn -0.4381 -0.8657 -0.2423
vn -0.8647 -0.4997 -0.0509
vn -0.8660 -0.5000 -0.0000
vn -0.4997 -0.8657 -0.0294
vn -0.5000 -0.8660 -0.0000
vn -0.7271 -0.0188 -0.6863
vn -0.6990 -0.5000 -0.5112
vn -0.6299 -0.4999 -0.5944
vn -0.4040 -0.8657 -0.2955
vn -0.3641 -0.8657 -0.3436
vn -0.2440 -0.5002 -0.8308
vn -0.3575 -0.5001 -0.7888
vn -0.1410 -0.8658 -0.4801
vn -0.2065 -0.8658 -0.4558
vn -0.4623 -0.5001 -0.7322
vn -0.5522 -0.5000 -0.6671
vn -0.2672 -0.8658 -0.4231
vn -0.3192 -0.8657 -0.3856
vn -0.2818 -0.0188 -0.9593
vn -0.1280 -0.5002 -0.8564
vn -0.0739 -0.8659 -0.4947
vn 0.0362 -0.8656 -0.4994
vn 0.8660 -0.5000 -0.0000
vn 0.5000 -0.8660 -0.0000
vn -0.0000 -0.8660 0.5000
vn -0.0000 -0.9997 0.0247
vn 0.4998 -0.8657 0.0282
vn 0.4967 -0.8658 0.0616
vn 0.8648 -0.4997 0.0488
vn 0.8595 -0.5000 0.1066
vn 0.9982 -0.0188 0.0563
vn 0.2066 -0.8657 0.4559
vn 0.2673 -0.8658 0.4230
vn 0.3575 -0.5000 0.7887
vn 0.4625 -0.5002 0.7320
vn 0.3189 -0.8657 0.3859
vn 0.3644 -0.8657 0.3432
vn 0.5518 -0.4999 0.6676
vn 0.6304 -0.5000 0.5937
vn 0.4043 -0.8657 0.2952
vn 0.4377 -0.8657 0.2429
vn 0.6995 -0.5000 0.5106
vn 0.7572 -0.5000 0.4202
vn 0.0739 -0.8659 0.4947
vn 0.1412 -0.8658 0.4801
vn 0.1280 -0.5002 0.8564
vn 0.2443 -0.5001 0.8308
vn 0.4856 -0.8657 0.1212
vn 0.4653 -0.8658 0.1843
vn 0.8402 -0.5000 0.2098
vn 0.8051 -0.5001 0.3189
vn -0.4966 -0.8658 0.0616
vn -0.4856 -0.8657 0.1212
vn -0.8595 -0.4999 0.1066
vn -0.8402 -0.5000 0.2098
vn -0.4381 -0.8657 0.2423
vn -0.4653 -0.8658 0.1843
vn -0.7578 -0.5000 0.4192
vn -0.8051 -0.5001 0.3189
vn -0.8749 -0.0188 0.4839
vn -0.4998 -0.8657 0.0279
vn -0.8648 -0.4997 0.0484
vn -0.3641 -0.8657 0.3436
vn -0.4040 -0.8657 0.2955
vn -0.6299 -0.4999 0.5944
vn -0.6990 -0.5000 0.5112
vn -0.7271 -0.0188 0.6862
vn -0.2066 -0.8657 0.4559
vn -0.1410 -0.8658 0.4801
vn -0.3574 -0.5001 0.7888
vn -0.2441 -0.5002 0.8308
vn -0.3192 -0.8657 0.3856
vn -0.2672 -0.8658 0.4231
vn -0.5522 -0.5000 0.6671
vn -0.4624 -0.5001 0.7322
vn -0.0739 -0.8659 0.4947
vn -0.1280 -0.5002 0.8564
vn -0.2818 -0.0188 0.9593
vn 0.0377 -0.8655 0.4994
vn 0.0652 -0.4996 0.8638
vn -0.0000 -0.9997 -0.0247
vn -0.0000 -0.0000 -1.0000
vn -0.0000 -0.0188 0.9998
vn -0.0000 -0.0000 1.0000
vn 0.6838 -0.0034 -0.7297
vn 0.9047 0.0914 -0.4162
vn 0.9018 -0.0829 -0.4241
vn 0.4237 -0.4277 0.7985
vn 0.6906 -0.5472 0.4728
vn 0.7327 -0.2970 0.6123
vn 0.7115 -0.0793 0.6982
vn 0.3961 -0.1930 0.8977
vn 0.7109 -0.0816 0.6985
vn 0.2259 -0.8274 0.5142
vn 0.3602 -0.8616 0.3577
vn 0.2025 -0.8618 0.4650
vn -0.6288 -0.7617 -0.1563
vn -0.8380 -0.3440 -0.4235
vn -0.6102 -0.6380 -0.4696
vn 0.1465 -0.9729 0.1792
vn -0.2035 -0.8192 0.5361
vn -0.2242 -0.9609 0.1622
vn -0.6596 -0.3256 0.6774
vn -0.8664 -0.3524 0.3539
vn -0.6477 -0.3796 0.6605
vn -0.8904 -0.1850 -0.4160
vn -0.6529 -0.2054 -0.7291
vn 0.3570 0.2891 -0.8882
vn 0.6698 0.2901 -0.6835
vn 0.6678 0.2897 -0.6856
vn -0.3990 0.1559 -0.9036
vn -0.0014 0.2456 -0.9694
vn -0.0021 0.2460 -0.9693
vn -0.2792 -0.5331 0.7987
vn -0.5024 -0.7204 0.4782
vn -0.7166 0.0400 -0.6963
vn -0.4173 0.1505 -0.8962
vn -0.4185 0.1479 -0.8961
vn 0.9199 0.0408 0.3901
vn 0.7113 -0.0828 0.6980
vn 0.9197 0.0392 0.3907
vn -0.0000 -0.4730 0.8811
vn 0.3190 -0.6148 0.7212
vn -0.0000 -0.6241 0.7813
vn -0.8828 -0.2808 0.3766
vn -0.9807 -0.1954 -0.0022
vn -0.9808 -0.1950 -0.0037
vn -0.3720 -0.3243 0.8698
vn -0.6724 -0.3222 0.6664
vn -0.6715 -0.3222 0.6673
vn -0.2556 -0.7872 -0.5612
vn -0.5423 -0.4449 -0.7127
vn -0.2547 -0.4968 -0.8296
vn -0.3899 0.0057 -0.9209
vn -0.7145 0.0271 -0.6991
vn -0.4168 0.1320 -0.8993
vn 0.4123 -0.1902 0.8910
vn 0.7158 -0.0815 0.6935
vn 0.4069 -0.1918 0.8931
vn -0.2672 -0.7507 0.6042
vn -0.3174 -0.6201 0.7175
vn 0.9994 0.0134 -0.0332
vn -0.2680 -0.9400 -0.2113
vn -0.5866 -0.7906 0.1757
vn 0.9201 0.0327 0.3904
vn 0.9968 0.0801 0.0002
vn 0.9210 -0.0175 0.3892
vn 0.7126 -0.0830 0.6967
vn 0.4029 -0.1930 0.8947
vn 0.7137 -0.0825 0.6956
vn 0.7312 -0.1675 0.6613
vn 0.9291 -0.2383 0.2828
vn 0.9322 -0.0756 0.3540
vn 0.4250 -0.1929 0.8844
vn 0.7231 -0.0883 0.6851
vn -0.0000 -0.6946 -0.7194
vn 0.2618 -0.7590 -0.5961
vn 0.2928 -0.6898 -0.6621
vn -0.9165 -0.0774 -0.3924
vn -0.9809 -0.1946 -0.0051
vn -0.0329 0.2192 -0.9751
vn -0.0112 0.0746 -0.9972
vn 0.1448 -0.9620 -0.2315
vn -0.8823 -0.2806 0.3779
vn -0.9810 -0.1939 -0.0070
vn -0.9811 -0.1935 -0.0080
vn -0.8173 -0.5005 0.2856
vn -0.6121 -0.4996 0.6129
vn 0.9874 0.1584 0.0009
vn 0.9199 0.0388 0.3902
vn 0.9874 0.1584 0.0012
vn 0.8895 0.2473 -0.3843
vn 0.6730 0.2898 -0.6805
vn 0.8900 0.2472 -0.3832
vn 0.7217 -0.0801 0.6876
vn 0.0726 -0.4824 -0.8730
vn -0.3355 -0.1515 -0.9298
vn 0.0180 -0.1176 -0.9929
vn 0.4233 -0.1879 0.8863
vn 0.7207 -0.0793 0.6887
vn 0.4212 -0.1875 0.8874
vn -0.4142 0.1516 -0.8975
vn -0.0217 0.2427 -0.9699
vn -0.0273 0.2417 -0.9700
vn 0.8906 0.2470 -0.3820
vn 0.6786 0.2895 -0.6751
vn 0.8911 0.2467 -0.3808
vn 0.1180 -0.7840 -0.6095
vn 0.0394 -0.2759 0.9604
vn -0.3475 -0.3251 0.8795
vn 0.0414 -0.2792 0.9593
vn -0.0000 -0.5880 -0.8089
vn 0.3293 -0.5809 -0.7444
vn -0.7138 0.0429 -0.6990
vn -0.4015 0.1552 -0.9026
vn -0.4039 0.1545 -0.9017
vn 0.6760 0.2897 -0.6775
vn -0.6665 -0.3225 0.6722
vn -0.6691 -0.3224 0.6695
vn 0.3613 0.2897 -0.8863
vn -0.0319 0.2406 -0.9701
vn -0.9127 -0.0866 -0.3993
vn 0.9875 0.1578 0.0013
vn 0.8891 0.2471 -0.3852
vn 0.7881 -0.5923 0.1677
vn 0.5259 -0.8235 -0.2128
vn 0.8172 -0.5537 -0.1600
vn 0.1237 -0.8216 0.5565
vn 0.4343 -0.7274 0.5314
vn -0.8830 -0.2808 0.3762
vn -0.9807 -0.1957 -0.0013
vn -0.0000 -0.8325 0.5540
vn 0.9874 0.1582 0.0015
vn 0.9874 0.1582 0.0016
vn 0.0307 -0.2773 0.9603
vn 0.0240 -0.2786 0.9601
vn 0.0521 -0.3461 0.9368
vn -0.9572 -0.2876 -0.0328
vn -0.8824 -0.4642 -0.0771
vn 0.9199 0.0430 0.3899
vn 0.9891 0.1473 0.0002
vn 0.6824 0.2889 -0.6715
vn 0.3849 0.2895 -0.8764
vn 0.6828 0.2882 -0.6713
vn -0.7143 0.0427 -0.6985
vn 0.7171 -0.0809 0.6923
vn 0.4172 -0.1887 0.8890
vn 0.7190 -0.0800 0.6904
vn 0.0170 -0.2798 0.9599
vn 0.0109 -0.2809 0.9597
vn -0.7152 0.0424 -0.6977
vn -0.4073 0.1535 -0.9003
vn -0.4107 0.1526 -0.8989
vn -0.9152 -0.0761 -0.3957
vn -0.9810 -0.1939 -0.0090
vn 0.9206 0.0373 0.3886
vn 0.9878 0.1554 0.0009
vn 0.6470 -0.2729 -0.7120
vn 0.4713 -0.6834 -0.5575
vn 0.3881 -0.4053 -0.8277
vn 0.3884 -0.2926 0.8738
vn 0.6725 -0.3436 0.6555
vn 0.3793 -0.3536 0.8550
vn 0.7039 -0.1851 0.6857
vn 0.3958 -0.2104 0.8939
vn 0.7103 -0.1179 0.6939
vn 0.4922 -0.8565 0.1555
vn -0.3826 -0.3188 0.8672
vn -0.6794 -0.3105 0.6649
vn -0.6778 -0.3148 0.6645
vn -0.3615 -0.3236 0.8744
vn 0.8892 0.2446 -0.3867
vn -0.8812 -0.2852 0.3770
vn -0.9796 -0.2006 -0.0110
vn 0.2447 -0.7900 -0.5621
vn 0.4517 -0.7736 -0.4445
vn 0.3766 0.2907 -0.8796
vn 0.9223 0.0256 0.3856
vn 0.9901 0.1402 -0.0027
vn -0.8824 -0.2808 0.3775
vn -0.6619 -0.3225 0.6766
vn -0.6638 -0.3226 0.6748
vn -0.0154 0.2438 -0.9697
vn -0.8831 -0.2807 0.3760
vn 0.3720 0.2904 -0.8816
vn 0.3666 0.2901 -0.8840
vn -0.3799 -0.3242 0.8664
vn 0.0010 -0.2808 0.9598
vn -0.3806 -0.3229 0.8665
vn 0.9203 0.0389 0.3892
vn -0.3671 -0.3240 0.8719
vn -0.0000 -0.4449 -0.8956
vn -0.3276 -0.5866 -0.7406
vn 0.9202 0.0391 0.3894
vn 0.9196 0.0385 0.3910
vn 0.9198 0.0387 0.3905
vn -0.8140 -0.4679 0.3441
vn -0.6656 -0.3685 0.6490
vn -0.6315 -0.4693 0.6173
vn -0.9156 -0.0764 -0.3947
vn -0.7160 0.0421 -0.6968
vn -0.4040 0.0677 -0.9123
vn -0.0001 -0.0160 -0.9999
vn -0.0001 0.1421 -0.9899
vn 0.0362 -0.2762 0.9604
vn 0.0795 -0.5262 0.8467
vn -0.3491 -0.3225 0.8799
vn -0.6609 -0.3228 0.6775
vn -0.9162 -0.0771 -0.3932
vn -0.9170 -0.0779 -0.3912
vn -0.7135 0.0430 -0.6993
vn 0.0067 -0.2816 0.9595
vn -0.3753 -0.3245 0.8682
vn -0.8826 -0.2808 0.3770
vn -0.0108 0.2446 -0.9696
vn 0.9985 -0.0543 0.0001
vn -0.5005 -0.8391 0.2130
vn -0.4866 -0.8736 -0.0000
vn -0.5521 -0.8338 -0.0000
vn -0.0064 0.2453 -0.9694
vn 0.6674 0.2871 -0.6872
vn 0.8919 0.2267 -0.3914
vn 0.6694 0.2681 -0.6928
vn -0.9173 -0.0781 -0.3906
vn 0.9201 0.0389 0.3898
vn 0.3800 0.2909 -0.8781
vn 0.6804 0.2893 -0.6733
vn -0.8821 -0.2809 0.3781
vn 0.8115 -0.5843 -0.0000
vn 0.8211 -0.4531 0.3471
vn 0.8932 -0.4497 -0.0000
vn -0.3562 -0.3232 0.8768
vn -0.3518 -0.3227 0.8787
vn -0.0000 -0.2832 0.9591
vn 0.3932 -0.2470 0.8856
vn -0.0001 -0.2957 0.9553
vn 0.8919 0.2465 -0.3792
vn 0.8919 0.2466 -0.3791
vn 0.4304 -0.2647 0.8630
vn 0.0006 -0.2785 0.9604
vn -0.3327 -0.3819 0.8622
vn -0.9785 -0.2064 -0.0000
vn -0.9068 -0.1783 -0.3819
vn -0.9151 -0.1144 -0.3866
vn 0.3549 0.2861 -0.8900
vn -0.0344 0.2377 -0.9707
vn 0.7654 -0.4413 -0.4685
vn -0.0003 0.2226 -0.9749
vn -0.3982 0.1532 -0.9044
vn -0.4003 0.1359 -0.9062
vn -0.3838 -0.3159 0.8677
vn -0.6814 -0.3088 0.6636
vn -0.5321 -0.8158 -0.2264
vn -0.6782 -0.7349 -0.0000
vn -0.7152 -0.0206 -0.6986
vn -0.4050 -0.0639 -0.9121
vn 0.8915 0.2466 -0.3801
vn -0.8192 -0.4572 -0.3462
vn -0.5796 -0.5857 -0.5666
vn -0.6387 -0.4498 -0.6243
vn -0.0000 -0.3643 0.9313
vn 0.3581 -0.4654 0.8095
vn -0.6912 -0.0802 -0.7182
vn 0.3703 0.1228 -0.9207
vn 0.6832 0.1317 -0.7182
vn 0.3568 0.2667 -0.8953
vn 0.0020 -0.2823 0.9593
vn 0.3958 -0.1944 0.8976
vn 0.0013 -0.2820 0.9594
vn 0.9871 0.1600 0.0001
vn 0.8921 0.2467 -0.3785
vn 0.9869 0.1613 0.0002
vn -0.3814 -0.3211 0.8668
vn -0.4001 0.1556 -0.9032
vn -0.0037 0.2458 -0.9693
vn -0.0009 0.2443 -0.9697
vn 0.3634 -0.4394 -0.8215
vn 0.5848 -0.5755 -0.5717
vn 0.6429 -0.4379 -0.6284
vn 0.6820 -0.3049 -0.6647
vn 0.9070 -0.1783 -0.3814
vn 0.7069 -0.1660 -0.6876
vn -0.7131 0.0425 -0.6998
vn -0.7141 0.0304 -0.6994
vn -0.6765 -0.3177 0.6643
vn 0.6560 -0.7020 -0.2774
vn 0.5584 -0.7948 -0.2377
vn -0.8570 -0.3676 0.3613
vn -0.8848 -0.4659 -0.0000
vn -0.9321 -0.3621 -0.0000
vn 0.7112 -0.0835 0.6981
vn 0.3970 -0.1946 0.8969
vn 0.7113 -0.0835 0.6979
vn -0.9180 -0.0766 -0.3891
vn -0.9176 -0.0830 -0.3886
vn -0.4751 -0.8559 -0.2041
vn -0.3807 -0.8426 -0.3809
vn -0.3959 -0.8298 -0.3932
vn -0.6786 -0.3218 0.6603
vn 0.6915 -0.2629 0.6728
vn -0.3980 0.1547 -0.9043
vn -0.7130 0.0433 -0.6999
vn -0.7127 0.0430 -0.7001
vn 0.9873 0.1586 0.0005
vn 0.8680 -0.3355 0.3659
vn 0.3889 0.2674 -0.8816
vn 0.6835 0.2873 -0.6710
vn 0.3857 0.2878 -0.8766
vn 0.8963 0.2294 -0.3795
vn 0.7030 0.1849 -0.6867
vn 0.9106 0.1516 -0.3845
vn 0.6882 0.2679 -0.6743
vn 0.3979 0.1829 -0.8990
vn 0.0037 -0.2821 0.9594
vn 0.3961 -0.1948 0.8973
vn 0.8964 -0.2326 0.3772
vn 0.9451 -0.3269 -0.0000
vn -0.8838 -0.2830 0.3724
vn -0.9573 -0.2891 0.0001
vn -0.9713 -0.2379 -0.0000
vn -0.7341 -0.6039 0.3104
vn -0.5658 -0.6116 0.5531
vn 0.8917 0.2465 -0.3797
vn -0.3839 -0.3256 0.8641
vn -0.3791 -0.3246 0.8665
vn -0.4630 -0.8864 -0.0000
vn -0.4403 -0.8777 0.1891
vn -0.4181 -0.8902 0.1811
vn -0.7440 -0.5895 -0.3145
vn -0.8014 -0.5982 -0.0000
vn -0.7131 0.0432 -0.6998
vn -0.8840 -0.2784 0.3755
vn -0.6750 -0.3212 0.6642
vn -0.6756 -0.3198 0.6643
vn -0.9177 -0.0775 -0.3896
vn -0.9807 -0.1954 -0.0002
vn -0.9810 -0.1940 -0.0001
vn -0.8764 -0.3098 0.3687
vn 0.6820 0.2892 -0.6718
vn 0.3842 0.2906 -0.8763
vn -0.3845 -0.3180 -0.8666
vn -0.0000 -0.3096 -0.9509
vn -0.2213 -0.8350 0.5039
vn -0.0000 -0.7520 0.6591
vn -0.0000 -0.8655 0.5009
vn 0.1933 -0.8734 0.4471
vn -0.0001 -0.8765 0.4814
vn 0.9196 0.0386 0.3908
vn -0.8857 -0.2749 0.3741
vn 0.3834 0.2910 -0.8766
vn 0.3820 0.2910 -0.8771
vn 0.7163 0.0166 -0.6976
vn 0.9216 -0.0055 -0.3880
vn -0.7165 0.0417 -0.6963
vn 0.4035 -0.8243 0.3971
vn 0.4668 -0.8613 0.2005
vn -0.6174 -0.7420 0.2611
vn -0.4756 -0.7466 0.4651
vn 0.2702 -0.7440 0.6111
vn 0.4854 -0.7342 0.4747
vn -0.6740 -0.3220 0.6648
vn -0.6736 -0.3221 0.6653
vn -0.9175 -0.0783 -0.3900
vn -0.7128 0.0433 -0.7000
vn 0.4057 0.0134 -0.9139
vn 0.6979 -0.7162 -0.0000
vn 0.9196 0.0386 0.3909
vn 0.7527 -0.5764 -0.3182
vn 0.8263 -0.4420 -0.3492
vn -0.2894 -0.6985 -0.6545
vn -0.2563 -0.7709 -0.5832
vn -0.5056 -0.7071 -0.4944
vn -0.4347 -0.7924 -0.4279
vn 0.5247 -0.8215 0.2233
vn 0.6339 -0.7255 0.2680
vn -0.6977 -0.2297 -0.6786
vn -0.7113 -0.1192 -0.6927
vn -0.9814 -0.1921 -0.0002
vn 0.9873 0.1591 0.0002
vn 0.5053 -0.8352 -0.2170
vn 0.4017 -0.8229 -0.4019
vn 0.4853 -0.8488 -0.2099
vn -0.3776 -0.3246 0.8672
vn -0.9176 -0.0781 -0.3898
vn -0.9811 -0.1934 -0.0002
vn 0.3436 -0.8739 0.3438
vn -0.2378 -0.8031 -0.5463
vn -0.0000 -0.7985 -0.6020
vn -0.0000 -0.7880 -0.6156
vn -0.9806 -0.1958 -0.0007
vn -0.9806 -0.1959 -0.0002
vn 0.5813 -0.8137 -0.0000
vn -0.8642 -0.3470 -0.3642
vn -0.6758 -0.3309 -0.6587
vn -0.8903 -0.2590 -0.3745
vn -0.3977 -0.2038 -0.8946
vn -0.0001 -0.1824 -0.9832
vn 0.7427 -0.5914 0.3140
vn 0.5161 -0.6921 -0.5047
vn -0.3983 0.1556 -0.9040
vn -0.8832 -0.2806 0.3757
vn 0.9794 -0.1859 -0.0794
vn 0.4005 -0.1674 -0.9009
vn -0.3891 -0.8378 0.3830
vn 0.6357 -0.4580 0.6214
vn -0.9174 -0.0782 -0.3902
vn 0.5710 -0.6021 0.5581
vn -0.0001 -0.7593 -0.6507
vn -0.1883 -0.8805 0.4352
vn -0.3442 -0.8745 0.3419
vn -0.1974 -0.8692 0.4533
vn 0.3964 -0.1932 0.8975
vn 0.0006 -0.2790 0.9603
vn 0.3959 -0.1912 0.8982
vn 0.7117 -0.0849 0.6973
vn -0.3771 -0.3676 0.8501
vn -0.3568 -0.4717 0.8064
vn 0.3865 -0.3031 -0.8711
vn -0.0001 -0.3174 0.9483
vn -0.3850 -0.3152 0.8674
vn 0.5190 -0.8547 -0.0000
vn 0.8749 -0.3139 -0.3687
vn 0.9791 -0.2035 0.0001
vn -0.0006 0.2424 -0.9702
vn 0.6815 0.2892 -0.6723
vn 0.3994 -0.1940 0.8960
vn 0.3646 -0.0461 -0.9300
vn -0.6389 -0.7203 -0.2701
vn -0.9148 -0.0772 -0.3964
vn 0.4962 -0.8682 -0.0000
vn -0.4541 -0.8690 -0.1964
vn -0.2302 -0.8146 -0.5324
vn -0.8832 -0.2807 0.3758
vn 0.2374 -0.8012 -0.5492
vn -0.3272 -0.8863 0.3276
vn 0.4159 -0.8101 -0.4132
vn 0.4454 -0.8744 0.1927
vn -0.8855 -0.2742 0.3751
vn -0.8848 -0.2761 0.3754
vn 0.9150 -0.1187 0.3855
vn -0.3621 -0.4461 -0.8184
vn -0.8834 -0.2800 0.3757
vn -0.6838 -0.0034 -0.7297
vn -0.9047 0.0914 -0.4162
vn -0.6832 0.1318 -0.7183
vn -0.6906 -0.5472 0.4728
vn -0.4237 -0.4277 0.7985
vn -0.7327 -0.2969 0.6123
vn -0.7112 -0.0795 0.6985
vn -0.3961 -0.1930 0.8977
vn -0.3959 -0.1912 0.8982
vn -0.3602 -0.8616 0.3577
vn -0.2260 -0.8273 0.5143
vn -0.2025 -0.8618 0.4651
vn 0.6288 -0.7617 -0.1563
vn 0.8380 -0.3440 -0.4235
vn 0.8824 -0.4642 -0.0771
vn 0.2035 -0.8192 0.5361
vn -0.1465 -0.9729 0.1792
vn 0.2242 -0.9609 0.1622
vn 0.6596 -0.3256 0.6774
vn 0.8664 -0.3524 0.3540
vn 0.8812 -0.2852 0.3770
vn 0.8903 -0.1850 -0.4160
vn 0.6529 -0.2055 -0.7291
vn 0.6912 -0.0802 -0.7182
vn -0.6698 0.2901 -0.6835
vn -0.3570 0.2891 -0.8882
vn -0.6678 0.2897 -0.6856
vn 0.0014 0.2456 -0.9694
vn 0.3988 0.1559 -0.9037
vn 0.0022 0.2460 -0.9693
vn 0.5024 -0.7204 0.4781
vn 0.2792 -0.5331 0.7987
vn 0.4172 0.1505 -0.8963
vn 0.7166 0.0401 -0.6963
vn 0.4185 0.1479 -0.8961
vn -0.7113 -0.0828 0.6980
vn -0.9199 0.0408 0.3901
vn -0.9198 0.0393 0.3905
vn -0.3190 -0.6149 0.7212
vn -0.3581 -0.4654 0.8095
vn 0.9807 -0.1954 -0.0023
vn 0.8827 -0.2808 0.3767
vn 0.9808 -0.1950 -0.0037
vn 0.6725 -0.3222 0.6663
vn 0.3720 -0.3243 0.8697
vn 0.6715 -0.3222 0.6673
vn 0.2556 -0.7872 -0.5612
vn 0.5423 -0.4449 -0.7127
vn 0.6102 -0.6380 -0.4696
vn 0.7145 0.0272 -0.6991
vn 0.3899 0.0057 -0.9209
vn 0.4168 0.1320 -0.8993
vn -0.7151 -0.0818 0.6942
vn -0.4120 -0.1903 0.8911
vn -0.4069 -0.1918 0.8931
vn 0.2671 -0.7508 0.6041
vn -0.0000 -0.6242 0.7813
vn 0.3174 -0.6200 0.7175
vn -0.9994 0.0134 -0.0332
vn -0.9018 -0.0829 -0.4241
vn -0.9794 -0.1859 -0.0794
vn 0.2680 -0.9400 -0.2113
vn 0.5866 -0.7906 0.1757
vn -0.9968 0.0801 0.0002
vn -0.9201 0.0327 0.3904
vn -0.9210 -0.0175 0.3892
vn -0.7126 -0.0830 0.6967
vn -0.4023 -0.1931 0.8949
vn -0.3989 -0.1941 0.8962
vn -0.7312 -0.1675 0.6613
vn -0.9291 -0.2383 0.2828
vn -0.4250 -0.1929 0.8844
vn -0.7231 -0.0883 0.6851
vn -0.2619 -0.7590 -0.5961
vn -0.0001 -0.7594 -0.6506
vn 0.9809 -0.1945 -0.0053
vn 0.9166 -0.0775 -0.3921
vn 0.0329 0.2192 -0.9751
vn 0.0112 0.0746 -0.9972
vn -0.1448 -0.9620 -0.2315
vn 0.9810 -0.1939 -0.0070
vn 0.8823 -0.2806 0.3779
vn 0.9811 -0.1934 -0.0082
vn 0.8173 -0.5005 0.2856
vn 0.6477 -0.3796 0.6605
vn 0.6121 -0.4996 0.6129
vn -0.9874 0.1584 0.0009
vn -0.9199 0.0387 0.3903
vn -0.9198 0.0387 0.3905
vn -0.9322 -0.0756 0.3539
vn -0.9223 0.0255 0.3856
vn -0.6730 0.2898 -0.6805
vn -0.8894 0.2473 -0.3843
vn -0.8900 0.2472 -0.3831
vn -0.7216 -0.0801 0.6877
vn -0.4233 -0.1879 0.8863
vn -0.0726 -0.4824 -0.8730
vn 0.3355 -0.1515 -0.9298
vn 0.2547 -0.4968 -0.8296
vn -0.7207 -0.0793 0.6887
vn -0.4212 -0.1875 0.8874
vn 0.0217 0.2427 -0.9699
vn 0.4138 0.1517 -0.8976
vn 0.0273 0.2417 -0.9700
vn -0.6786 0.2895 -0.6751
vn -0.8906 0.2469 -0.3819
vn -0.8910 0.2468 -0.3810
vn -0.1180 -0.7840 -0.6095
vn -0.0399 -0.2759 0.9604
vn 0.3475 -0.3251 0.8795
vn 0.3491 -0.3225 0.8799
vn -0.2928 -0.6898 -0.6621
vn -0.3293 -0.5809 -0.7444
vn 0.4016 0.1552 -0.9026
vn 0.7136 0.0430 -0.6993
vn 0.4039 0.1545 -0.9017
vn -0.6760 0.2897 -0.6775
vn 0.6666 -0.3228 0.6719
vn 0.8826 -0.2808 0.3771
vn -0.3613 0.2897 -0.8863
vn 0.0319 0.2406 -0.9701
vn 0.9128 -0.0867 -0.3991
vn -0.9875 0.1578 0.0013
vn -0.9874 0.1582 0.0015
vn -0.5259 -0.8235 -0.2128
vn -0.7881 -0.5923 0.1677
vn -0.8172 -0.5537 -0.1599
vn -0.1237 -0.8216 0.5565
vn -0.0792 -0.5262 0.8467
vn -0.9874 0.1583 0.0014
vn 0.9807 -0.1957 -0.0013
vn 0.8830 -0.2808 0.3762
vn -0.0001 -0.8325 0.5540
vn -0.0000 -0.8654 0.5010
vn -0.9874 0.1582 0.0016
vn -0.0307 -0.2773 0.9603
vn -0.4170 -0.1887 0.8891
vn -0.0521 -0.3461 0.9368
vn -0.4304 -0.2647 0.8630
vn 0.9572 -0.2876 -0.0329
vn -0.9891 0.1473 0.0002
vn -0.9199 0.0430 0.3899
vn -0.6824 0.2889 -0.6715
vn -0.3849 0.2894 -0.8764
vn -0.3843 0.2905 -0.8763
vn 0.7143 0.0427 -0.6985
vn -0.7171 -0.0809 0.6923
vn -0.0170 -0.2798 0.9599
vn 0.4071 0.1536 -0.9004
vn 0.7152 0.0424 -0.6977
vn 0.4108 0.1525 -0.8989
vn -0.4343 -0.7274 0.5314
vn 0.9810 -0.1938 -0.0088
vn 0.9152 -0.0760 -0.3957
vn -0.9206 0.0373 0.3886
vn -0.9203 0.0389 0.3892
vn -0.4714 -0.6834 -0.5575
vn -0.6470 -0.2729 -0.7120
vn -0.3881 -0.4053 -0.8277
vn -0.6724 -0.3436 0.6556
vn -0.3884 -0.2927 0.8738
vn -0.3793 -0.3536 0.8550
vn -0.3957 -0.2104 0.8939
vn -0.7039 -0.1851 0.6857
vn -0.7103 -0.1179 0.6939
vn -0.4922 -0.8565 0.1555
vn 0.3826 -0.3188 0.8672
vn 0.6798 -0.3106 0.6644
vn 0.3838 -0.3159 0.8677
vn 0.6691 -0.3224 0.6696
vn 0.3616 -0.3236 0.8744
vn -0.9879 0.1554 0.0009
vn -0.8891 0.2471 -0.3853
vn -0.8892 0.2445 -0.3866
vn -0.4517 -0.7736 -0.4445
vn -0.2447 -0.7900 -0.5622
vn -0.7139 -0.0824 0.6954
vn -0.3767 0.2907 -0.8795
vn -0.3719 0.2904 -0.8817
vn -0.9901 0.1402 -0.0027
vn 0.6619 -0.3225 0.6766
vn 0.8824 -0.2808 0.3775
vn 0.6638 -0.3226 0.6748
vn 0.0151 0.2438 -0.9697
vn 0.8831 -0.2807 0.3760
vn 0.3671 -0.3240 0.8719
vn 0.3799 -0.3242 0.8664
vn -0.0010 -0.2808 0.9598
vn -0.0014 -0.2819 0.9594
vn -0.0110 -0.2809 0.9597
vn 0.3276 -0.5866 -0.7406
vn 0.3621 -0.4461 -0.8184
vn -0.9201 0.0390 0.3896
vn -0.9200 0.0389 0.3900
vn -0.9196 0.0385 0.3910
vn -0.0414 -0.2792 0.9593
vn 0.8140 -0.4680 0.3440
vn 0.6656 -0.3685 0.6490
vn 0.8570 -0.3675 0.3613
vn 0.9156 -0.0764 -0.3948
vn 0.7160 0.0421 -0.6968
vn 0.4040 0.0677 -0.9123
vn 0.0001 -0.0160 -0.9999
vn 0.4050 -0.0639 -0.9121
vn -0.3666 0.2901 -0.8840
vn -0.0364 -0.2761 0.9604
vn 0.9162 -0.0771 -0.3932
vn 0.7130 0.0433 -0.6998
vn 0.9170 -0.0779 -0.3912
vn -0.0067 -0.2816 0.9595
vn 0.3753 -0.3245 0.8683
vn -0.8919 0.2267 -0.3914
vn -0.0239 -0.2786 0.9601
vn 0.9796 -0.2006 -0.0110
vn -0.9985 -0.0543 0.0001
vn -0.9150 -0.1187 0.3855
vn 0.4866 -0.8736 -0.0000
vn 0.5006 -0.8390 0.2130
vn 0.5521 -0.8337 -0.0000
vn 0.0069 0.2452 -0.9694
vn 0.0108 0.2446 -0.9696
vn -0.6674 0.2869 -0.6872
vn 0.9173 -0.0781 -0.3906
vn -0.3800 0.2909 -0.8781
vn 0.8822 -0.2808 0.3780
vn 0.6609 -0.3228 0.6775
vn -0.8115 -0.5843 -0.0000
vn -0.8211 -0.4531 0.3471
vn -0.7427 -0.5914 0.3140
vn 0.3561 -0.3231 0.8768
vn 0.3517 -0.3227 0.8788
vn -0.0000 -0.2831 0.9591
vn -0.3932 -0.2470 0.8856
vn -0.6828 0.2882 -0.6713
vn -0.8919 0.2465 -0.3791
vn -0.8918 0.2467 -0.3792
vn -0.0177 -0.1176 -0.9929
vn -0.0006 -0.2785 0.9604
vn 0.3327 -0.3820 0.8622
vn 0.9785 -0.2063 -0.0001
vn 0.9068 -0.1783 -0.3819
vn 0.9713 -0.2379 -0.0000
vn -0.3550 0.2861 -0.8900
vn -0.3568 0.2667 -0.8953
vn -0.7654 -0.4413 -0.4685
vn 0.0344 0.2376 -0.9708
vn 0.3986 0.1532 -0.9042
vn 0.0004 0.2225 -0.9749
vn 0.4003 0.1359 -0.9062
vn 0.6813 -0.3088 0.6637
vn 0.3849 -0.3152 0.8674
vn 0.6782 -0.7349 -0.0000
vn 0.5321 -0.8158 -0.2264
vn 0.7152 -0.0207 -0.6986
vn -0.8914 0.2466 -0.3802
vn 0.5795 -0.5858 -0.5666
vn 0.8192 -0.4572 -0.3462
vn 0.6388 -0.4498 -0.6243
vn -0.0000 -0.3642 0.9313
vn -0.6698 0.2680 -0.6925
vn -0.3703 0.1229 -0.9207
vn -0.0023 -0.2823 0.9593
vn -0.3958 -0.1944 0.8976
vn -0.3961 -0.1948 0.8973
vn -0.9871 0.1600 0.0001
vn -0.8921 0.2467 -0.3785
vn 0.3815 -0.3211 0.8668
vn -0.7190 -0.0800 0.6904
vn 0.4001 0.1556 -0.9032
vn 0.0037 0.2458 -0.9693
vn -0.5848 -0.5755 -0.5717
vn -0.3634 -0.4394 -0.8215
vn -0.6429 -0.4379 -0.6284
vn -0.6820 -0.3049 -0.6647
vn -0.9070 -0.1783 -0.3814
vn -0.8749 -0.3138 -0.3687
vn 0.7131 0.0425 -0.6998
vn 0.6778 -0.3148 0.6645
vn -0.6560 -0.7020 -0.2774
vn -0.5161 -0.6921 -0.5047
vn 0.8849 -0.4659 -0.0000
vn -0.7110 -0.0836 0.6982
vn -0.3970 -0.1946 0.8969
vn 0.7141 0.0304 -0.6994
vn 0.9177 -0.0762 -0.3900
vn 0.4751 -0.8559 -0.2041
vn 0.3807 -0.8426 -0.3809
vn 0.4541 -0.8690 -0.1964
vn 0.6786 -0.3217 0.6603
vn 0.0002 0.1421 -0.9899
vn -0.6915 -0.2628 0.6728
vn 0.3980 0.1547 -0.9043
vn 0.7126 0.0433 -0.7002
vn 0.3980 0.1557 -0.9041
vn -0.8918 0.2465 -0.3794
vn -0.9873 0.1586 0.0005
vn -0.7114 -0.0814 0.6981
vn -0.8681 -0.3355 0.3660
vn -0.8932 -0.4497 -0.0000
vn -0.9450 -0.3270 0.0001
vn -0.3889 0.2674 -0.8816
vn -0.6835 0.2873 -0.6710
vn -0.6882 0.2683 -0.6741
vn -0.7030 0.1850 -0.6867
vn -0.8963 0.2294 -0.3795
vn -0.9106 0.1516 -0.3845
vn 0.9177 -0.0831 -0.3886
vn 0.9151 -0.1144 -0.3866
vn -0.3979 0.1829 -0.8990
vn -0.0036 -0.2821 0.9594
vn -0.8964 -0.2326 0.3772
vn 0.9573 -0.2890 -0.0000
vn 0.8838 -0.2830 0.3724
vn 0.6315 -0.4692 0.6173
vn 0.7341 -0.6040 0.3103
vn 0.5658 -0.6115 0.5531
vn -0.9874 0.1585 0.0006
vn -0.8917 0.2465 -0.3797
vn 0.3839 -0.3256 0.8641
vn 0.3771 -0.3676 0.8501
vn 0.3791 -0.3246 0.8666
vn 0.4630 -0.8864 -0.0000
vn 0.4402 -0.8777 0.1891
vn 0.7440 -0.5895 -0.3145
vn 0.7130 0.0433 -0.6999
vn 0.9174 -0.0782 -0.3902
vn 0.8840 -0.2784 0.3755
vn 0.6750 -0.3212 0.6642
vn 0.8835 -0.2800 0.3756
vn 0.9177 -0.0775 -0.3896
vn 0.9807 -0.1953 -0.0002
vn 0.9176 -0.0781 -0.3898
vn 0.8764 -0.3099 0.3687
vn 0.9321 -0.3621 -0.0000
vn -0.6820 0.2892 -0.6718
vn -0.3833 0.2910 -0.8766
vn 0.3845 -0.3180 -0.8666
vn 0.2213 -0.8350 0.5039
vn -0.1933 -0.8734 0.4471
vn 0.0001 -0.2957 0.9553
vn -0.9196 0.0385 0.3909
vn -0.7113 -0.0835 0.6979
vn 0.8857 -0.2749 0.3741
vn -0.7163 0.0167 -0.6976
vn 0.7165 0.0417 -0.6963
vn -0.9869 0.1613 0.0001
vn -0.4035 -0.8243 0.3971
vn -0.4668 -0.8613 0.2005
vn -0.5246 -0.8216 0.2232
vn 0.6175 -0.7420 0.2611
vn -0.2702 -0.7440 0.6111
vn 0.6746 -0.3219 0.6643
vn 0.6737 -0.3220 0.6651
vn 0.9175 -0.0783 -0.3900
vn 0.7128 0.0433 -0.7000
vn -0.4057 0.0134 -0.9139
vn -0.7069 -0.1661 -0.6875
vn -0.4005 -0.1673 -0.9009
vn -0.6979 -0.7162 -0.0000
vn -0.5585 -0.7947 -0.2377
vn -0.9196 0.0386 0.3910
vn -0.7527 -0.5764 -0.3182
vn 0.2895 -0.6985 -0.6545
vn 0.5056 -0.7070 -0.4944
vn 0.2563 -0.7709 -0.5832
vn 0.4347 -0.7924 -0.4278
vn -0.4854 -0.7342 0.4746
vn 0.6389 -0.7203 -0.2701
vn 0.6976 -0.2296 -0.6786
vn 0.8903 -0.2590 -0.3745
vn 0.9814 -0.1921 -0.0002
vn 0.8848 -0.2761 0.3754
vn -0.3821 0.2910 -0.8771
vn -0.9873 0.1591 0.0002
vn -0.5053 -0.8352 -0.2170
vn -0.4017 -0.8229 -0.4018
vn -0.4160 -0.8101 -0.4132
vn 0.3779 -0.3246 0.8671
vn 0.9811 -0.1934 -0.0002
vn 0.7127 0.0430 -0.7001
vn -0.3436 -0.8739 0.3438
vn 0.2379 -0.8031 -0.5463
vn -0.9216 -0.0055 -0.3880
vn 0.9806 -0.1959 -0.0006
vn 0.9806 -0.1959 -0.0003
vn -0.5813 -0.8137 -0.0000
vn -0.6339 -0.7254 0.2681
vn 0.8643 -0.3469 -0.3643
vn 0.6758 -0.3309 -0.6587
vn 0.3977 -0.2037 -0.8946
vn 0.7113 -0.1192 -0.6928
vn 0.4756 -0.7467 0.4651
vn -0.0000 -0.3097 -0.9508
vn -0.0000 -0.1824 -0.9832
vn -0.3857 0.2878 -0.8766
vn 0.0010 0.2443 -0.9697
vn 0.3567 -0.4717 0.8064
vn 0.8832 -0.2806 0.3757
vn 0.0001 -0.3174 0.9483
vn 0.3959 -0.8298 -0.3932
vn 0.3892 -0.8378 0.3830
vn -0.6358 -0.4578 0.6214
vn -0.5710 -0.6021 0.5581
vn 0.1879 -0.8805 0.4352
vn 0.3442 -0.8745 0.3419
vn 0.3272 -0.8863 0.3276
vn -0.3964 -0.1932 0.8975
vn -0.0006 -0.2790 0.9603
vn -0.7117 -0.0849 0.6973
vn -0.3646 -0.0461 -0.9300
vn -0.3865 -0.3031 -0.8711
vn 0.9810 -0.1940 -0.0003
vn -0.5191 -0.8547 -0.0000
vn -0.9791 -0.2035 0.0001
vn 0.0006 0.2424 -0.9702
vn -0.6815 0.2892 -0.6723
vn 0.1974 -0.8692 0.4533
vn -0.4853 -0.8488 -0.2099
vn 0.9149 -0.0773 -0.3963
vn 0.6756 -0.3198 0.6643
vn 0.3805 -0.3229 0.8666
vn 0.6765 -0.3177 0.6643
vn -0.4962 -0.8682 -0.0000
vn -0.4454 -0.8744 0.1927
vn 0.2302 -0.8146 -0.5324
vn 0.8831 -0.2807 0.3759
vn 0.8013 -0.5982 -0.0000
vn 0.0001 -0.8765 0.4813
vn -0.2376 -0.8012 -0.5492
vn 0.4182 -0.8902 0.1811
vn 0.8856 -0.2741 0.3749
vn -0.6804 0.2893 -0.6733
vn -0.8263 -0.4420 -0.3492
vn 0.6838 -0.0034 0.7297
vn 0.9047 0.0914 0.4162
vn 0.6832 0.1318 0.7183
vn 0.6906 -0.5472 -0.4728
vn 0.4237 -0.4277 -0.7985
vn 0.7327 -0.2969 -0.6123
vn 0.7112 -0.0795 -0.6985
vn 0.3961 -0.1930 -0.8977
vn 0.3959 -0.1912 -0.8982
vn 0.3602 -0.8616 -0.3577
vn 0.2260 -0.8273 -0.5143
vn 0.2025 -0.8618 -0.4651
vn -0.6288 -0.7617 0.1563
vn -0.8380 -0.3440 0.4235
vn -0.8824 -0.4642 0.0771
vn -0.2035 -0.8192 -0.5361
vn 0.1465 -0.9729 -0.1792
vn -0.2242 -0.9609 -0.1622
vn -0.6596 -0.3256 -0.6774
vn -0.8664 -0.3524 -0.3540
vn -0.8812 -0.2852 -0.3770
vn -0.8903 -0.1850 0.4160
vn -0.6529 -0.2055 0.7291
vn -0.6912 -0.0802 0.7182
vn 0.6698 0.2901 0.6835
vn 0.3570 0.2891 0.8882
vn 0.6678 0.2897 0.6856
vn -0.0014 0.2456 0.9694
vn -0.3988 0.1559 0.9037
vn -0.0022 0.2460 0.9693
vn -0.5024 -0.7204 -0.4781
vn -0.2792 -0.5331 -0.7987
vn -0.4172 0.1505 0.8963
vn -0.7166 0.0401 0.6963
vn -0.4185 0.1479 0.8961
vn 0.7113 -0.0828 -0.6980
vn 0.9199 0.0408 -0.3901
vn 0.9198 0.0393 -0.3905
vn -0.0000 -0.4730 -0.8811
vn 0.3190 -0.6149 -0.7212
vn 0.3581 -0.4654 -0.8095
vn -0.9807 -0.1954 0.0023
vn -0.8827 -0.2808 -0.3767
vn -0.9808 -0.1950 0.0037
vn -0.6725 -0.3222 -0.6663
vn -0.3720 -0.3243 -0.8697
vn -0.6715 -0.3222 -0.6673
vn -0.2556 -0.7872 0.5612
vn -0.5423 -0.4449 0.7127
vn -0.6102 -0.6380 0.4696
vn -0.7145 0.0272 0.6991
vn -0.3899 0.0057 0.9209
vn -0.4168 0.1320 0.8993
vn 0.7151 -0.0818 -0.6942
vn 0.4120 -0.1903 -0.8911
vn 0.4069 -0.1918 -0.8931
vn -0.2671 -0.7508 -0.6041
vn -0.0000 -0.6242 -0.7813
vn -0.3174 -0.6200 -0.7175
vn 0.9994 0.0134 0.0332
vn 0.9018 -0.0829 0.4241
vn 0.9794 -0.1859 0.0794
vn -0.2680 -0.9400 0.2113
vn -0.5866 -0.7906 -0.1757
vn 0.9968 0.0801 -0.0002
vn 0.9201 0.0327 -0.3904
vn 0.9210 -0.0175 -0.3892
vn 0.7126 -0.0830 -0.6967
vn 0.4023 -0.1931 -0.8949
vn 0.3989 -0.1941 -0.8962
vn 0.7312 -0.1675 -0.6613
vn 0.9291 -0.2383 -0.2828
vn 0.4250 -0.1929 -0.8844
vn 0.7231 -0.0883 -0.6851
vn -0.0000 -0.6946 0.7194
vn 0.2619 -0.7590 0.5961
vn 0.0001 -0.7594 0.6506
vn -0.9809 -0.1945 0.0053
vn -0.9166 -0.0775 0.3921
vn -0.0329 0.2192 0.9751
vn -0.0112 0.0746 0.9972
vn 0.1448 -0.9620 0.2315
vn -0.9810 -0.1939 0.0070
vn -0.8823 -0.2806 -0.3779
vn -0.9811 -0.1934 0.0082
vn -0.8173 -0.5005 -0.2856
vn -0.6477 -0.3796 -0.6605
vn -0.6121 -0.4996 -0.6129
vn 0.9874 0.1584 -0.0009
vn 0.9199 0.0387 -0.3903
vn 0.9198 0.0387 -0.3905
vn 0.9322 -0.0756 -0.3539
vn 0.9223 0.0255 -0.3856
vn 0.6730 0.2898 0.6805
vn 0.8894 0.2473 0.3843
vn 0.8900 0.2472 0.3831
vn 0.7216 -0.0801 -0.6877
vn 0.4233 -0.1879 -0.8863
vn 0.0726 -0.4824 0.8730
vn -0.3355 -0.1515 0.9298
vn -0.2547 -0.4968 0.8296
vn 0.7207 -0.0793 -0.6887
vn 0.4212 -0.1875 -0.8874
vn -0.0217 0.2427 0.9699
vn -0.4138 0.1517 0.8976
vn -0.0273 0.2417 0.9700
vn 0.6786 0.2895 0.6751
vn 0.8906 0.2469 0.3819
vn 0.8910 0.2468 0.3810
vn 0.1180 -0.7840 0.6095
vn 0.0399 -0.2759 -0.9604
vn -0.3475 -0.3251 -0.8795
vn -0.3491 -0.3225 -0.8799
vn 0.2928 -0.6898 0.6621
vn -0.0000 -0.5880 0.8089
vn 0.3293 -0.5809 0.7444
vn -0.4016 0.1552 0.9026
vn -0.7136 0.0430 0.6993
vn -0.4039 0.1545 0.9017
vn 0.6760 0.2897 0.6775
vn -0.6666 -0.3228 -0.6719
vn -0.8826 -0.2808 -0.3771
vn 0.3613 0.2897 0.8863
vn -0.0319 0.2406 0.9701
vn -0.9128 -0.0867 0.3991
vn 0.9875 0.1578 -0.0013
vn 0.9874 0.1582 -0.0015
vn 0.5259 -0.8235 0.2128
vn 0.7881 -0.5923 -0.1677
vn 0.8172 -0.5537 0.1599
vn 0.1237 -0.8216 -0.5565
vn 0.0792 -0.5262 -0.8467
vn 0.9874 0.1583 -0.0014
vn -0.9807 -0.1957 0.0013
vn -0.8830 -0.2808 -0.3762
vn 0.0001 -0.8325 -0.5540
vn -0.0000 -0.8654 -0.5010
vn 0.9874 0.1582 -0.0016
vn 0.0307 -0.2773 -0.9603
vn 0.4170 -0.1887 -0.8891
vn 0.0521 -0.3461 -0.9368
vn 0.4304 -0.2647 -0.8630
vn -0.9572 -0.2876 0.0329
vn 0.9891 0.1473 -0.0002
vn 0.9199 0.0430 -0.3899
vn 0.6824 0.2889 0.6715
vn 0.3849 0.2894 0.8764
vn 0.3843 0.2905 0.8763
vn -0.7143 0.0427 0.6985
vn 0.7171 -0.0809 -0.6923
vn 0.0170 -0.2798 -0.9599
vn -0.4071 0.1536 0.9004
vn -0.7152 0.0424 0.6977
vn -0.4108 0.1525 0.8989
vn 0.4343 -0.7274 -0.5314
vn -0.9810 -0.1938 0.0088
vn -0.9152 -0.0760 0.3957
vn 0.9206 0.0373 -0.3886
vn 0.9203 0.0389 -0.3892
vn 0.4714 -0.6834 0.5575
vn 0.6470 -0.2729 0.7120
vn 0.3881 -0.4053 0.8277
vn 0.6724 -0.3436 -0.6556
vn 0.3884 -0.2927 -0.8738
vn 0.3793 -0.3536 -0.8550
vn 0.3957 -0.2104 -0.8939
vn 0.7039 -0.1851 -0.6857
vn 0.7103 -0.1179 -0.6939
vn 0.4922 -0.8565 -0.1555
vn -0.3826 -0.3188 -0.8672
vn -0.6798 -0.3106 -0.6644
vn -0.3838 -0.3159 -0.8677
vn -0.6691 -0.3224 -0.6696
vn -0.3616 -0.3236 -0.8744
vn 0.9879 0.1554 -0.0009
vn 0.8891 0.2471 0.3853
vn 0.8892 0.2445 0.3866
vn 0.4517 -0.7736 0.4445
vn 0.2447 -0.7900 0.5622
vn 0.7139 -0.0824 -0.6954
vn 0.3767 0.2907 0.8795
vn 0.3719 0.2904 0.8817
vn 0.9901 0.1402 0.0027
vn -0.6619 -0.3225 -0.6766
vn -0.8824 -0.2808 -0.3775
vn -0.6638 -0.3226 -0.6748
vn -0.0151 0.2438 0.9697
vn -0.8831 -0.2807 -0.3760
vn -0.3671 -0.3240 -0.8719
vn -0.3799 -0.3242 -0.8664
vn 0.0010 -0.2808 -0.9598
vn 0.0014 -0.2819 -0.9594
vn 0.0110 -0.2809 -0.9597
vn -0.0000 -0.4449 0.8956
vn -0.3276 -0.5866 0.7406
vn -0.3621 -0.4461 0.8184
vn 0.9201 0.0390 -0.3896
vn 0.9200 0.0389 -0.3900
vn 0.9196 0.0385 -0.3910
vn 0.0414 -0.2792 -0.9593
vn -0.8140 -0.4680 -0.3440
vn -0.6656 -0.3685 -0.6490
vn -0.8570 -0.3675 -0.3613
vn -0.9156 -0.0764 0.3948
vn -0.7160 0.0421 0.6968
vn -0.4040 0.0677 0.9123
vn -0.0001 -0.0160 0.9999
vn -0.4050 -0.0639 0.9121
vn 0.3666 0.2901 0.8840
vn 0.0364 -0.2761 -0.9604
vn -0.9162 -0.0771 0.3932
vn -0.7130 0.0433 0.6998
vn -0.9170 -0.0779 0.3912
vn 0.0067 -0.2816 -0.9595
vn -0.3753 -0.3245 -0.8683
vn 0.8919 0.2267 0.3914
vn 0.0239 -0.2786 -0.9601
vn -0.9796 -0.2006 0.0110
vn 0.9985 -0.0543 -0.0001
vn 0.9150 -0.1187 -0.3855
vn -0.5006 -0.8390 -0.2130
vn -0.5521 -0.8337 -0.0000
vn -0.0069 0.2452 0.9694
vn -0.0108 0.2446 0.9696
vn 0.6674 0.2869 0.6872
vn -0.9173 -0.0781 0.3906
vn 0.3800 0.2909 0.8781
vn -0.8822 -0.2808 -0.3780
vn -0.6609 -0.3228 -0.6775
vn 0.8211 -0.4531 -0.3471
vn 0.7427 -0.5914 -0.3140
vn -0.3561 -0.3231 -0.8768
vn -0.3517 -0.3227 -0.8788
vn -0.0000 -0.2831 -0.9591
vn 0.3932 -0.2470 -0.8856
vn 0.6828 0.2882 0.6713
vn 0.8919 0.2465 0.3791
vn 0.8918 0.2467 0.3792
vn 0.0177 -0.1176 0.9929
vn 0.0006 -0.2785 -0.9604
vn -0.3327 -0.3820 -0.8622
vn -0.9785 -0.2063 0.0001
vn -0.9068 -0.1783 0.3819
vn 0.3550 0.2861 0.8900
vn 0.3568 0.2667 0.8953
vn 0.7654 -0.4413 0.4685
vn -0.0344 0.2376 0.9708
vn -0.3986 0.1532 0.9042
vn -0.0004 0.2225 0.9749
vn -0.4003 0.1359 0.9062
vn -0.6813 -0.3088 -0.6637
vn -0.3849 -0.3152 -0.8674
vn -0.5321 -0.8158 0.2264
vn -0.7152 -0.0207 0.6986
vn 0.8914 0.2466 0.3802
vn -0.5795 -0.5858 0.5666
vn -0.8192 -0.4572 0.3462
vn -0.6388 -0.4498 0.6243
vn -0.0000 -0.3642 -0.9313
vn 0.6698 0.2680 0.6925
vn 0.3703 0.1229 0.9207
vn 0.0023 -0.2823 -0.9593
vn 0.3958 -0.1944 -0.8976
vn 0.3961 -0.1948 -0.8973
vn 0.9871 0.1600 -0.0001
vn 0.8921 0.2467 0.3785
vn -0.3815 -0.3211 -0.8668
vn 0.7190 -0.0800 -0.6904
vn -0.4001 0.1556 0.9032
vn -0.0037 0.2458 0.9693
vn 0.5848 -0.5755 0.5717
vn 0.3634 -0.4394 0.8215
vn 0.6429 -0.4379 0.6284
vn 0.6820 -0.3049 0.6647
vn 0.9070 -0.1783 0.3814
vn 0.8749 -0.3138 0.3687
vn -0.7131 0.0425 0.6998
vn -0.6778 -0.3148 -0.6645
vn 0.6560 -0.7020 0.2774
vn 0.5161 -0.6921 0.5047
vn -0.8849 -0.4659 -0.0000
vn 0.7110 -0.0836 -0.6982
vn 0.3970 -0.1946 -0.8969
vn -0.7141 0.0304 0.6994
vn -0.9177 -0.0762 0.3900
vn -0.4751 -0.8559 0.2041
vn -0.3807 -0.8426 0.3809
vn -0.4541 -0.8690 0.1964
vn -0.6786 -0.3217 -0.6603
vn -0.0002 0.1421 0.9899
vn 0.6915 -0.2628 -0.6728
vn -0.3980 0.1547 0.9043
vn -0.7126 0.0433 0.7002
vn -0.3980 0.1557 0.9041
vn 0.8918 0.2465 0.3794
vn 0.9873 0.1586 -0.0005
vn 0.7114 -0.0814 -0.6981
vn 0.8681 -0.3355 -0.3660
vn 0.9450 -0.3270 -0.0001
vn 0.3889 0.2674 0.8816
vn 0.6835 0.2873 0.6710
vn 0.6882 0.2683 0.6741
vn 0.7030 0.1850 0.6867
vn 0.8963 0.2294 0.3795
vn 0.9106 0.1516 0.3845
vn -0.9177 -0.0831 0.3886
vn -0.9151 -0.1144 0.3866
vn 0.3979 0.1829 0.8990
vn 0.0036 -0.2821 -0.9594
vn 0.8964 -0.2326 -0.3772
vn -0.9573 -0.2890 -0.0000
vn -0.8838 -0.2830 -0.3724
vn -0.6315 -0.4692 -0.6173
vn -0.7341 -0.6040 -0.3103
vn -0.5658 -0.6115 -0.5531
vn 0.9874 0.1585 -0.0006
vn 0.8917 0.2465 0.3797
vn -0.3839 -0.3256 -0.8641
vn -0.3771 -0.3676 -0.8501
vn -0.3791 -0.3246 -0.8666
vn -0.4402 -0.8777 -0.1891
vn -0.7440 -0.5895 0.3145
vn -0.7130 0.0433 0.6999
vn -0.9174 -0.0782 0.3902
vn -0.8840 -0.2784 -0.3755
vn -0.6750 -0.3212 -0.6642
vn -0.8835 -0.2800 -0.3756
vn -0.9177 -0.0775 0.3896
vn -0.9807 -0.1953 0.0002
vn -0.9176 -0.0781 0.3898
vn -0.8764 -0.3099 -0.3687
vn 0.6820 0.2892 0.6718
vn 0.3833 0.2910 0.8766
vn -0.3845 -0.3180 0.8666
vn -0.0000 -0.7520 -0.6591
vn -0.2213 -0.8350 -0.5039
vn 0.1933 -0.8734 -0.4471
vn -0.0001 -0.2957 -0.9553
vn 0.9196 0.0385 -0.3909
vn 0.7113 -0.0835 -0.6979
vn -0.8857 -0.2749 -0.3741
vn 0.7163 0.0167 0.6976
vn -0.7165 0.0417 0.6963
vn 0.9869 0.1613 -0.0001
vn 0.4035 -0.8243 -0.3971
vn 0.4668 -0.8613 -0.2005
vn 0.5246 -0.8216 -0.2232
vn -0.6175 -0.7420 -0.2611
vn 0.2702 -0.7440 -0.6111
vn -0.6746 -0.3219 -0.6643
vn -0.6737 -0.3220 -0.6651
vn -0.9175 -0.0783 0.3900
vn -0.7128 0.0433 0.7000
vn 0.4057 0.0134 0.9139
vn 0.7069 -0.1661 0.6875
vn 0.4005 -0.1673 0.9009
vn 0.5585 -0.7947 0.2377
vn 0.9196 0.0386 -0.3910
vn 0.7527 -0.5764 0.3182
vn -0.2895 -0.6985 0.6545
vn -0.5056 -0.7070 0.4944
vn -0.2563 -0.7709 0.5832
vn -0.4347 -0.7924 0.4278
vn 0.4854 -0.7342 -0.4746
vn -0.6389 -0.7203 0.2701
vn -0.6976 -0.2296 0.6786
vn -0.8903 -0.2590 0.3745
vn -0.9814 -0.1921 0.0002
vn -0.8848 -0.2761 -0.3754
vn 0.3821 0.2910 0.8771
vn 0.9873 0.1591 -0.0002
vn 0.5053 -0.8352 0.2170
vn 0.4017 -0.8229 0.4018
vn 0.4160 -0.8101 0.4132
vn -0.3779 -0.3246 -0.8671
vn -0.9811 -0.1934 0.0002
vn -0.7127 0.0430 0.7001
vn 0.3436 -0.8739 -0.3438
vn -0.0000 -0.7985 0.6020
vn -0.2379 -0.8031 0.5463
vn -0.0000 -0.7880 0.6156
vn 0.9216 -0.0055 0.3880
vn -0.9806 -0.1959 0.0006
vn -0.9806 -0.1959 0.0003
vn 0.6339 -0.7254 -0.2681
vn -0.8643 -0.3469 0.3643
vn -0.6758 -0.3309 0.6587
vn -0.3977 -0.2037 0.8946
vn -0.7113 -0.1192 0.6928
vn -0.4756 -0.7467 -0.4651
vn -0.0000 -0.3097 0.9508
vn -0.0000 -0.1824 0.9832
vn 0.3857 0.2878 0.8766
vn -0.0010 0.2443 0.9697
vn -0.3567 -0.4717 -0.8064
vn -0.8832 -0.2806 -0.3757
vn -0.0001 -0.3174 -0.9483
vn -0.3959 -0.8298 0.3932
vn -0.3892 -0.8378 -0.3830
vn 0.6358 -0.4578 -0.6214
vn 0.5710 -0.6021 -0.5581
vn -0.1879 -0.8805 -0.4352
vn -0.3442 -0.8745 -0.3419
vn -0.3272 -0.8863 -0.3276
vn 0.3964 -0.1932 -0.8975
vn 0.0006 -0.2790 -0.9603
vn 0.7117 -0.0849 -0.6973
vn 0.3646 -0.0461 0.9300
vn 0.3865 -0.3031 0.8711
vn -0.9810 -0.1940 0.0003
vn 0.5191 -0.8547 -0.0000
vn 0.9791 -0.2035 -0.0001
vn -0.0006 0.2424 0.9702
vn 0.6815 0.2892 0.6723
vn -0.1974 -0.8692 -0.4533
vn 0.4853 -0.8488 0.2099
vn -0.9149 -0.0773 0.3963
vn -0.6756 -0.3198 -0.6643
vn -0.3805 -0.3229 -0.8666
vn -0.6765 -0.3177 -0.6643
vn 0.4454 -0.8744 -0.1927
vn -0.2302 -0.8146 0.5324
vn -0.8831 -0.2807 -0.3759
vn -0.8013 -0.5982 -0.0000
vn -0.0001 -0.8765 -0.4813
vn 0.2376 -0.8012 0.5492
vn -0.4182 -0.8902 -0.1811
vn -0.8856 -0.2741 -0.3749
vn 0.6804 0.2893 0.6733
vn 0.8263 -0.4420 0.3492
vn -0.6838 -0.0034 0.7297
vn -0.9047 0.0914 0.4162
vn -0.9018 -0.0829 0.4241
vn -0.4237 -0.4277 -0.7985
vn -0.6906 -0.5472 -0.4728
vn -0.7327 -0.2970 -0.6123
vn -0.7115 -0.0793 -0.6982
vn -0.3961 -0.1930 -0.8977
vn -0.7109 -0.0816 -0.6985
vn -0.2259 -0.8274 -0.5142
vn -0.3602 -0.8616 -0.3577
vn -0.2025 -0.8618 -0.4650
vn 0.6288 -0.7617 0.1563
vn 0.8380 -0.3440 0.4235
vn 0.6102 -0.6380 0.4696
vn -0.1465 -0.9729 -0.1792
vn 0.2035 -0.8192 -0.5361
vn 0.2242 -0.9609 -0.1622
vn 0.6596 -0.3256 -0.6774
vn 0.8664 -0.3524 -0.3539
vn 0.6477 -0.3796 -0.6605
vn 0.8904 -0.1850 0.4160
vn 0.6529 -0.2054 0.7291
vn -0.3570 0.2891 0.8882
vn -0.6698 0.2901 0.6835
vn -0.6678 0.2897 0.6856
vn 0.3990 0.1559 0.9036
vn 0.0014 0.2456 0.9694
vn 0.0021 0.2460 0.9693
vn 0.2792 -0.5331 -0.7987
vn 0.5024 -0.7204 -0.4782
vn 0.7166 0.0400 0.6963
vn 0.4173 0.1505 0.8962
vn 0.4185 0.1479 0.8961
vn -0.9199 0.0408 -0.3901
vn -0.7113 -0.0828 -0.6980
vn -0.9197 0.0392 -0.3907
vn -0.3190 -0.6148 -0.7212
vn -0.0000 -0.6241 -0.7813
vn 0.8828 -0.2808 -0.3766
vn 0.9807 -0.1954 0.0022
vn 0.9808 -0.1950 0.0037
vn 0.3720 -0.3243 -0.8698
vn 0.6724 -0.3222 -0.6664
vn 0.6715 -0.3222 -0.6673
vn 0.2556 -0.7872 0.5612
vn 0.5423 -0.4449 0.7127
vn 0.2547 -0.4968 0.8296
vn 0.3899 0.0057 0.9209
vn 0.7145 0.0271 0.6991
vn 0.4168 0.1320 0.8993
vn -0.4123 -0.1902 -0.8910
vn -0.7158 -0.0815 -0.6935
vn -0.4069 -0.1918 -0.8931
vn 0.2672 -0.7507 -0.6042
vn 0.3174 -0.6201 -0.7175
vn -0.9994 0.0134 0.0332
vn 0.2680 -0.9400 0.2113
vn 0.5866 -0.7906 -0.1757
vn -0.9201 0.0327 -0.3904
vn -0.9968 0.0801 -0.0002
vn -0.9210 -0.0175 -0.3892
vn -0.7126 -0.0830 -0.6967
vn -0.4029 -0.1930 -0.8947
vn -0.7137 -0.0825 -0.6956
vn -0.7312 -0.1675 -0.6613
vn -0.9291 -0.2383 -0.2828
vn -0.9322 -0.0756 -0.3540
vn -0.4250 -0.1929 -0.8844
vn -0.7231 -0.0883 -0.6851
vn -0.2618 -0.7590 0.5961
vn -0.2928 -0.6898 0.6621
vn 0.9165 -0.0774 0.3924
vn 0.9809 -0.1946 0.0051
vn 0.0329 0.2192 0.9751
vn 0.0112 0.0746 0.9972
vn -0.1448 -0.9620 0.2315
vn 0.8823 -0.2806 -0.3779
vn 0.9810 -0.1939 0.0070
vn 0.9811 -0.1935 0.0080
vn 0.8173 -0.5005 -0.2856
vn 0.6121 -0.4996 -0.6129
vn -0.9874 0.1584 -0.0009
vn -0.9199 0.0388 -0.3902
vn -0.9874 0.1584 -0.0012
vn -0.8895 0.2473 0.3843
vn -0.6730 0.2898 0.6805
vn -0.8900 0.2472 0.3832
vn -0.7217 -0.0801 -0.6876
vn -0.0726 -0.4824 0.8730
vn 0.3355 -0.1515 0.9298
vn -0.0180 -0.1176 0.9929
vn -0.4233 -0.1879 -0.8863
vn -0.7207 -0.0793 -0.6887
vn -0.4212 -0.1875 -0.8874
vn 0.4142 0.1516 0.8975
vn 0.0217 0.2427 0.9699
vn 0.0273 0.2417 0.9700
vn -0.8906 0.2470 0.3820
vn -0.6786 0.2895 0.6751
vn -0.8911 0.2467 0.3808
vn -0.1180 -0.7840 0.6095
vn -0.0394 -0.2759 -0.9604
vn 0.3475 -0.3251 -0.8795
vn -0.0414 -0.2792 -0.9593
vn -0.3293 -0.5809 0.7444
vn 0.7138 0.0429 0.6990
vn 0.4015 0.1552 0.9026
vn 0.4039 0.1545 0.9017
vn -0.6760 0.2897 0.6775
vn 0.6665 -0.3225 -0.6722
vn 0.6691 -0.3224 -0.6696
vn -0.3613 0.2897 0.8863
vn 0.0319 0.2406 0.9701
vn 0.9127 -0.0866 0.3993
vn -0.9875 0.1578 -0.0013
vn -0.8891 0.2471 0.3852
vn -0.7881 -0.5923 -0.1677
vn -0.5259 -0.8235 0.2128
vn -0.8172 -0.5537 0.1600
vn -0.1237 -0.8216 -0.5565
vn -0.4343 -0.7274 -0.5314
vn 0.8830 -0.2808 -0.3762
vn 0.9807 -0.1957 0.0013
vn -0.0000 -0.8325 -0.5540
vn -0.9874 0.1582 -0.0015
vn -0.9874 0.1582 -0.0016
vn -0.0307 -0.2773 -0.9603
vn -0.0240 -0.2786 -0.9601
vn -0.0521 -0.3461 -0.9368
vn 0.9572 -0.2876 0.0328
vn 0.8824 -0.4642 0.0771
vn -0.9199 0.0430 -0.3899
vn -0.9891 0.1473 -0.0002
vn -0.6824 0.2889 0.6715
vn -0.3849 0.2895 0.8764
vn -0.6828 0.2882 0.6713
vn 0.7143 0.0427 0.6985
vn -0.7171 -0.0809 -0.6923
vn -0.4172 -0.1887 -0.8890
vn -0.7190 -0.0800 -0.6904
vn -0.0170 -0.2798 -0.9599
vn -0.0109 -0.2809 -0.9597
vn 0.7152 0.0424 0.6977
vn 0.4073 0.1535 0.9003
vn 0.4107 0.1526 0.8989
vn 0.9152 -0.0761 0.3957
vn 0.9810 -0.1939 0.0090
vn -0.9206 0.0373 -0.3886
vn -0.9878 0.1554 -0.0009
vn -0.6470 -0.2729 0.7120
vn -0.4713 -0.6834 0.5575
vn -0.3881 -0.4053 0.8277
vn -0.3884 -0.2926 -0.8738
vn -0.6725 -0.3436 -0.6555
vn -0.3793 -0.3536 -0.8550
vn -0.7039 -0.1851 -0.6857
vn -0.3958 -0.2104 -0.8939
vn -0.7103 -0.1179 -0.6939
vn -0.4922 -0.8565 -0.1555
vn 0.3826 -0.3188 -0.8672
vn 0.6794 -0.3105 -0.6649
vn 0.6778 -0.3148 -0.6645
vn 0.3615 -0.3236 -0.8744
vn -0.8892 0.2446 0.3867
vn 0.8812 -0.2852 -0.3770
vn 0.9796 -0.2006 0.0110
vn -0.2447 -0.7900 0.5621
vn -0.4517 -0.7736 0.4445
vn -0.3766 0.2907 0.8796
vn -0.9223 0.0256 -0.3856
vn -0.9901 0.1402 0.0027
vn 0.8824 -0.2808 -0.3775
vn 0.6619 -0.3225 -0.6766
vn 0.6638 -0.3226 -0.6748
vn 0.0154 0.2438 0.9697
vn 0.8831 -0.2807 -0.3760
vn -0.3720 0.2904 0.8816
vn -0.3666 0.2901 0.8840
vn 0.3799 -0.3242 -0.8664
vn -0.0010 -0.2808 -0.9598
vn 0.3806 -0.3229 -0.8665
vn -0.9203 0.0389 -0.3892
vn 0.3671 -0.3240 -0.8719
vn 0.3276 -0.5866 0.7406
vn -0.9202 0.0391 -0.3894
vn -0.9196 0.0385 -0.3910
vn -0.9198 0.0387 -0.3905
vn 0.8140 -0.4679 -0.3441
vn 0.6656 -0.3685 -0.6490
vn 0.6315 -0.4693 -0.6173
vn 0.9156 -0.0764 0.3947
vn 0.7160 0.0421 0.6968
vn 0.4040 0.0677 0.9123
vn 0.0001 -0.0160 0.9999
vn 0.0001 0.1421 0.9899
vn -0.0362 -0.2762 -0.9604
vn -0.0795 -0.5262 -0.8467
vn 0.3491 -0.3225 -0.8799
vn 0.6609 -0.3228 -0.6775
vn 0.9162 -0.0771 0.3932
vn 0.9170 -0.0779 0.3912
vn 0.7135 0.0430 0.6993
vn -0.0067 -0.2816 -0.9595
vn 0.3753 -0.3245 -0.8682
vn 0.8826 -0.2808 -0.3770
vn 0.0108 0.2446 0.9696
vn -0.9985 -0.0543 -0.0001
vn 0.5005 -0.8391 -0.2130
vn 0.5521 -0.8338 -0.0000
vn 0.0064 0.2453 0.9694
vn -0.6674 0.2871 0.6872
vn -0.8919 0.2267 0.3914
vn -0.6694 0.2681 0.6928
vn 0.9173 -0.0781 0.3906
vn -0.9201 0.0389 -0.3898
vn -0.3800 0.2909 0.8781
vn -0.6804 0.2893 0.6733
vn 0.8821 -0.2809 -0.3781
vn -0.8211 -0.4531 -0.3471
vn 0.3562 -0.3232 -0.8768
vn 0.3518 -0.3227 -0.8787
vn -0.0000 -0.2832 -0.9591
vn -0.3932 -0.2470 -0.8856
vn 0.0001 -0.2957 -0.9553
vn -0.8919 0.2465 0.3792
vn -0.8919 0.2466 0.3791
vn -0.4304 -0.2647 -0.8630
vn -0.0006 -0.2785 -0.9604
vn 0.3327 -0.3819 -0.8622
vn 0.9785 -0.2064 -0.0000
vn 0.9068 -0.1783 0.3819
vn 0.9151 -0.1144 0.3866
vn -0.3549 0.2861 0.8900
vn 0.0344 0.2377 0.9707
vn -0.7654 -0.4413 0.4685
vn 0.0003 0.2226 0.9749
vn 0.3982 0.1532 0.9044
vn 0.4003 0.1359 0.9062
vn 0.3838 -0.3159 -0.8677
vn 0.6814 -0.3088 -0.6636
vn 0.5321 -0.8158 0.2264
vn 0.7152 -0.0206 0.6986
vn 0.4050 -0.0639 0.9121
vn -0.8915 0.2466 0.3801
vn 0.8192 -0.4572 0.3462
vn 0.5796 -0.5857 0.5666
vn 0.6387 -0.4498 0.6243
vn -0.0000 -0.3643 -0.9313
vn -0.3581 -0.4654 -0.8095
vn 0.6912 -0.0802 0.7182
vn -0.3703 0.1228 0.9207
vn -0.6832 0.1317 0.7182
vn -0.3568 0.2667 0.8953
vn -0.0020 -0.2823 -0.9593
vn -0.3958 -0.1944 -0.8976
vn -0.0013 -0.2820 -0.9594
vn -0.9871 0.1600 -0.0001
vn -0.8921 0.2467 0.3785
vn -0.9869 0.1613 -0.0002
vn 0.3814 -0.3211 -0.8668
vn 0.4001 0.1556 0.9032
vn 0.0037 0.2458 0.9693
vn 0.0009 0.2443 0.9697
vn -0.3634 -0.4394 0.8215
vn -0.5848 -0.5755 0.5717
vn -0.6429 -0.4379 0.6284
vn -0.6820 -0.3049 0.6647
vn -0.9070 -0.1783 0.3814
vn -0.7069 -0.1660 0.6876
vn 0.7131 0.0425 0.6998
vn 0.7141 0.0304 0.6994
vn 0.6765 -0.3177 -0.6643
vn -0.6560 -0.7020 0.2774
vn -0.5584 -0.7948 0.2377
vn 0.8570 -0.3676 -0.3613
vn 0.8848 -0.4659 -0.0000
vn -0.7112 -0.0835 -0.6981
vn -0.3970 -0.1946 -0.8969
vn -0.7113 -0.0835 -0.6979
vn 0.9180 -0.0766 0.3891
vn 0.9176 -0.0830 0.3886
vn 0.4751 -0.8559 0.2041
vn 0.3807 -0.8426 0.3809
vn 0.3959 -0.8298 0.3932
vn 0.6786 -0.3218 -0.6603
vn -0.6915 -0.2629 -0.6728
vn 0.3980 0.1547 0.9043
vn 0.7130 0.0433 0.6999
vn 0.7127 0.0430 0.7001
vn -0.9873 0.1586 -0.0005
vn -0.8680 -0.3355 -0.3659
vn -0.3889 0.2674 0.8816
vn -0.6835 0.2873 0.6710
vn -0.3857 0.2878 0.8766
vn -0.8963 0.2294 0.3795
vn -0.7030 0.1849 0.6867
vn -0.9106 0.1516 0.3845
vn -0.6882 0.2679 0.6743
vn -0.3979 0.1829 0.8990
vn -0.0037 -0.2821 -0.9594
vn -0.3961 -0.1948 -0.8973
vn -0.8964 -0.2326 -0.3772
vn -0.9451 -0.3269 -0.0000
vn 0.8838 -0.2830 -0.3724
vn 0.9573 -0.2891 -0.0001
vn 0.7341 -0.6039 -0.3104
vn 0.5658 -0.6116 -0.5531
vn -0.8917 0.2465 0.3797
vn 0.3839 -0.3256 -0.8641
vn 0.3791 -0.3246 -0.8665
vn 0.4403 -0.8777 -0.1891
vn 0.4181 -0.8902 -0.1811
vn 0.7440 -0.5895 0.3145
vn 0.8014 -0.5982 -0.0000
vn 0.7131 0.0432 0.6998
vn 0.8840 -0.2784 -0.3755
vn 0.6750 -0.3212 -0.6642
vn 0.6756 -0.3198 -0.6643
vn 0.9177 -0.0775 0.3896
vn 0.9807 -0.1954 0.0002
vn 0.9810 -0.1940 0.0001
vn 0.8764 -0.3098 -0.3687
vn -0.6820 0.2892 0.6718
vn -0.3842 0.2906 0.8763
vn 0.3845 -0.3180 0.8666
vn -0.0000 -0.3096 0.9509
vn 0.2213 -0.8350 -0.5039
vn -0.0000 -0.8655 -0.5009
vn -0.1933 -0.8734 -0.4471
vn 0.0001 -0.8765 -0.4814
vn -0.9196 0.0386 -0.3908
vn 0.8857 -0.2749 -0.3741
vn -0.3834 0.2910 0.8766
vn -0.3820 0.2910 0.8771
vn -0.7163 0.0166 0.6976
vn -0.9216 -0.0055 0.3880
vn 0.7165 0.0417 0.6963
vn -0.4035 -0.8243 -0.3971
vn -0.4668 -0.8613 -0.2005
vn 0.6174 -0.7420 -0.2611
vn 0.4756 -0.7466 -0.4651
vn -0.2702 -0.7440 -0.6111
vn -0.4854 -0.7342 -0.4747
vn 0.6740 -0.3220 -0.6648
vn 0.6736 -0.3221 -0.6653
vn 0.9175 -0.0783 0.3900
vn 0.7128 0.0433 0.7000
vn -0.4057 0.0134 0.9139
vn -0.9196 0.0386 -0.3909
vn -0.7527 -0.5764 0.3182
vn -0.8263 -0.4420 0.3492
vn 0.2894 -0.6985 0.6545
vn 0.2563 -0.7709 0.5832
vn 0.5056 -0.7071 0.4944
vn 0.4347 -0.7924 0.4279
vn -0.5247 -0.8215 -0.2233
vn -0.6339 -0.7255 -0.2680
vn 0.6977 -0.2297 0.6786
vn 0.7113 -0.1192 0.6927
vn 0.9814 -0.1921 0.0002
vn -0.9873 0.1591 -0.0002
vn -0.5053 -0.8352 0.2170
vn -0.4017 -0.8229 0.4019
vn -0.4853 -0.8488 0.2099
vn 0.3776 -0.3246 -0.8672
vn 0.9176 -0.0781 0.3898
vn 0.9811 -0.1934 0.0002
vn -0.3436 -0.8739 -0.3438
vn 0.2378 -0.8031 0.5463
vn 0.9806 -0.1958 0.0007
vn 0.9806 -0.1959 0.0002
vn 0.8642 -0.3470 0.3642
vn 0.6758 -0.3309 0.6587
vn 0.8903 -0.2590 0.3745
vn 0.3977 -0.2038 0.8946
vn 0.0001 -0.1824 0.9832
vn -0.7427 -0.5914 -0.3140
vn -0.5161 -0.6921 0.5047
vn 0.3983 0.1556 0.9040
vn 0.8832 -0.2806 -0.3757
vn -0.9794 -0.1859 0.0794
vn -0.4005 -0.1674 0.9009
vn 0.3891 -0.8378 -0.3830
vn -0.6357 -0.4580 -0.6214
vn 0.9174 -0.0782 0.3902
vn -0.5710 -0.6021 -0.5581
vn 0.0001 -0.7593 0.6507
vn 0.1883 -0.8805 -0.4352
vn 0.3442 -0.8745 -0.3419
vn 0.1974 -0.8692 -0.4533
vn -0.3964 -0.1932 -0.8975
vn -0.0006 -0.2790 -0.9603
vn -0.3959 -0.1912 -0.8982
vn -0.7117 -0.0849 -0.6973
vn 0.3771 -0.3676 -0.8501
vn 0.3568 -0.4717 -0.8064
vn -0.3865 -0.3031 0.8711
vn 0.0001 -0.3174 -0.9483
vn 0.3850 -0.3152 -0.8674
vn -0.5190 -0.8547 -0.0000
vn -0.8749 -0.3139 0.3687
vn -0.9791 -0.2035 -0.0001
vn 0.0006 0.2424 0.9702
vn -0.6815 0.2892 0.6723
vn -0.3994 -0.1940 -0.8960
vn -0.3646 -0.0461 0.9300
vn 0.6389 -0.7203 0.2701
vn 0.9148 -0.0772 0.3964
vn 0.4541 -0.8690 0.1964
vn 0.2302 -0.8146 0.5324
vn 0.8832 -0.2807 -0.3758
vn -0.2374 -0.8012 0.5492
vn 0.3272 -0.8863 -0.3276
vn -0.4159 -0.8101 0.4132
vn -0.4454 -0.8744 -0.1927
vn 0.8855 -0.2742 -0.3751
vn 0.8848 -0.2761 -0.3754
vn -0.9150 -0.1187 -0.3855
vn 0.3621 -0.4461 0.8184
vn 0.8834 -0.2800 -0.3757
vn 0.3719 -0.9235 -0.0943
vn 0.2774 -0.9545 -0.1099
vn 0.3563 -0.9236 -0.1413
vn 0.4594 -0.8805 -0.1167
vn 0.4403 -0.8807 -0.1747
vn 0.5370 -0.8325 -0.1367
vn 0.5299 -0.6850 -0.4999
vn 0.6392 0.0228 -0.7687
vn 0.7272 0.0228 -0.6861
vn 0.2604 -0.9546 -0.1448
vn 0.3351 -0.9236 -0.1863
vn 0.2340 -0.6849 -0.6900
vn 0.4300 0.0228 -0.9025
vn 0.3134 -0.6849 -0.6578
vn 0.0964 -0.8806 -0.4639
vn 0.1230 -0.9236 -0.3631
vn 0.0779 -0.9236 -0.3754
vn 0.0232 -0.9933 -0.1130
vn 0.0085 -0.9996 -0.0252
vn 0.0053 -0.9996 -0.0259
vn 0.4140 -0.8807 -0.2301
vn 0.5147 -0.8327 -0.2042
vn 0.5220 0.7621 -0.3830
vn 0.2223 0.9671 -0.1238
vn 0.5659 0.7621 -0.3146
vn 0.2039 -0.8806 -0.4278
vn 0.1651 -0.9235 -0.3462
vn 0.0603 -0.9546 -0.2916
vn 0.0676 -0.9776 -0.1995
vn 0.0424 -0.9777 -0.2058
vn 0.0259 -0.9997 -0.0032
vn 0.1134 -0.9935 -0.0039
vn 0.0248 -0.9997 -0.0007
vn 0.5496 -0.8323 -0.0718
vn 0.4702 -0.8804 -0.0611
vn -0.0000 1.0000 -0.0000
vn -0.0000 0.9671 -0.2542
vn 0.0568 -0.8325 -0.5511
vn 0.0258 -0.6849 -0.7282
vn 0.0748 -0.6848 -0.7248
vn 0.2788 0.7619 -0.5846
vn 0.1374 0.9671 -0.2142
vn 0.3498 0.7621 -0.5449
vn 0.2040 0.0228 -0.9787
vn 0.2080 0.7620 -0.6133
vn 0.3211 0.0228 -0.9468
vn 0.0025 -0.9997 -0.0259
vn 0.0035 -0.9934 -0.1145
vn 0.0114 -0.9933 -0.1146
vn 0.7063 -0.6847 -0.1798
vn 0.9913 0.0228 -0.1295
vn 0.7228 -0.6846 -0.0944
vn 0.1321 0.7620 -0.6339
vn 0.1028 0.0228 -0.9944
vn 0.0666 0.7619 -0.6442
vn 0.0354 0.0228 -0.9991
vn 0.0229 0.7620 -0.6472
vn 0.4029 -0.8326 -0.3801
vn 0.3820 -0.8807 -0.2802
vn 0.3447 -0.8806 -0.3252
vn 0.0296 -0.9546 -0.2965
vn 0.0208 -0.9776 -0.2093
vn 0.0484 -0.8806 -0.4714
vn 0.2893 -0.9544 -0.0733
vn 0.3804 -0.9235 -0.0492
vn 0.2960 -0.9544 -0.0382
vn 0.1837 -0.9777 -0.1022
vn 0.2405 -0.9545 -0.1764
vn 0.9688 0.0228 -0.2467
vn 0.6771 -0.6851 -0.2689
vn 0.9291 0.0228 -0.3690
vn -0.0000 -0.6859 -0.7277
vn -0.0194 -0.8325 -0.5537
vn -0.0258 -0.6849 -0.7282
vn 0.3936 -0.6850 -0.6130
vn 0.5401 0.0228 -0.8413
vn 0.0067 -0.9777 -0.2099
vn 0.0194 -0.8325 -0.5537
vn 0.0524 0.9671 -0.2491
vn 0.1486 -0.6850 -0.7132
vn 0.1960 -0.9775 -0.0776
vn 0.6469 0.7622 -0.0252
vn 0.2526 0.9670 -0.0330
vn 0.2543 0.9671 -0.0099
vn 0.3090 -0.9237 -0.2267
vn 0.2365 0.9671 -0.0939
vn 0.6278 0.7618 -0.1599
vn 0.6019 0.7621 -0.2386
vn 0.6425 0.7617 -0.0839
vn 0.2465 0.9671 -0.0637
vn 0.1008 -0.9933 -0.0560
vn 0.1695 -0.9777 -0.1243
vn -0.7278 -0.6843 -0.0452
vn -0.9997 0.0228 -0.0000
vn -0.9978 0.0228 -0.0620
vn 0.4465 -0.8326 -0.3276
vn 0.4839 -0.8327 -0.2693
vn 0.4710 0.7620 -0.4443
vn 0.2072 -0.9236 -0.3227
vn 0.3030 -0.8806 -0.3644
vn 0.2453 -0.9235 -0.2949
vn 0.0258 -0.9996 -0.0064
vn 0.1142 -0.9933 -0.0145
vn 0.0129 -0.9237 -0.3830
vn 0.0390 -0.9236 -0.3813
vn 0.5874 -0.6850 -0.4309
vn 0.8061 0.0228 -0.5913
vn 0.0215 -0.9996 -0.0157
vn 0.0839 -0.9933 -0.0792
vn 0.0929 -0.9933 -0.0682
vn 0.2047 -0.9775 -0.0515
vn 0.6469 0.7622 0.0252
vn 0.9997 0.0228 -0.0000
vn 0.6463 0.7631 -0.0000
vn 0.6367 -0.6851 -0.3540
vn 0.0233 -0.9996 -0.0129
vn 0.1074 -0.9933 -0.0424
vn 0.1118 -0.9933 -0.0281
vn 0.0193 -0.9996 -0.0182
vn 0.0738 -0.9933 -0.0887
vn 0.1852 0.9671 -0.1746
vn 0.4142 0.7620 -0.4978
vn 0.1627 0.9671 -0.1957
vn 0.0818 0.9671 -0.2411
vn 0.1097 0.9671 -0.2297
vn 0.0622 -0.9934 -0.0969
vn 0.1344 -0.9777 -0.1616
vn 0.1129 -0.8326 -0.5422
vn 0.4659 -0.6849 -0.5602
vn 0.2992 -0.8326 -0.4660
vn 0.2051 0.9671 -0.1505
vn 0.7279 -0.6851 -0.0283
vn 0.9990 0.0228 -0.0390
vn 0.1521 -0.8807 -0.4486
vn -0.0001 1.0000 -0.0000
vn 0.2542 0.9671 -0.0000
vn 0.1136 -0.9776 -0.1769
vn 0.1908 -0.9545 -0.2293
vn 0.2790 -0.9235 -0.2633
vn 0.2169 -0.9545 -0.2047
vn 0.1778 -0.8326 -0.5245
vn 0.2383 -0.8326 -0.5000
vn 0.2972 -0.9548 -0.0104
vn 0.2086 -0.9776 -0.0268
vn 0.0144 -0.9996 -0.0224
vn 0.0498 -0.9933 -0.1042
vn 0.0906 -0.9777 -0.1897
vn 0.0170 -0.9996 -0.0204
vn 0.1612 -0.9545 -0.2510
vn 0.2560 -0.8807 -0.3986
vn 0.3819 -0.9242 -0.0000
vn 0.2972 -0.9548 0.0104
vn 0.2963 -0.9551 -0.0000
vn 0.1285 -0.9545 -0.2692
vn 0.3827 -0.9238 -0.0138
vn 0.1529 -0.9777 -0.1443
vn 0.0949 -0.9545 -0.2826
vn 0.2961 -0.9552 -0.0000
vn 0.2095 -0.9778 -0.0073
vn 0.0368 -0.9933 -0.1093
vn 0.5536 -0.8325 -0.0212
vn 0.3542 -0.8326 -0.4259
vn 0.4732 -0.8808 -0.0177
vn 0.0262 0.9670 -0.2532
vn 0.0090 0.9670 -0.2545
vn 0.0163 -0.8806 -0.4735
vn 0.0114 -0.9996 -0.0240
vn 0.1134 -0.9935 0.0039
vn 0.2083 -0.9781 -0.0000
vn 0.2095 -0.9778 0.0073
vn -0.0000 -0.9551 -0.2961
vn -0.0000 -0.9781 -0.2083
vn -0.0164 -0.8807 -0.4734
vn -0.0000 -0.8329 -0.5534
vn -0.0000 -0.8813 -0.4726
vn -0.0000 0.0228 -0.9997
vn -0.0000 0.7631 -0.6463
vn -0.0000 -0.9551 -0.2963
vn -0.0065 -0.9777 -0.2098
vn -0.0097 -0.9547 -0.2974
vn -0.0035 -0.9934 -0.1144
vn -0.0000 -0.9937 -0.1124
vn -0.0130 -0.9237 -0.3830
vn -0.0000 -0.9241 -0.3822
vn 0.0247 -0.9996 -0.0098
vn 0.5534 -0.8329 -0.0000
vn 0.4732 -0.8808 0.0177
vn 0.4725 -0.8813 -0.0000
vn 0.0097 -0.9547 -0.2974
vn -0.3719 -0.9235 -0.0943
vn -0.2774 -0.9545 -0.1099
vn -0.2893 -0.9544 -0.0733
vn -0.3563 -0.9236 -0.1413
vn -0.4593 -0.8806 -0.1167
vn -0.4403 -0.8807 -0.1747
vn -0.5370 -0.8325 -0.1366
vn -0.5147 -0.8327 -0.2042
vn -0.6392 0.0228 -0.7687
vn -0.5299 -0.6850 -0.4999
vn -0.7272 0.0228 -0.6860
vn -0.2606 -0.9545 -0.1450
vn -0.2340 -0.6849 -0.6900
vn -0.4300 0.0228 -0.9025
vn -0.3211 0.0228 -0.9468
vn -0.1230 -0.9236 -0.3630
vn -0.0964 -0.8807 -0.4638
vn -0.0779 -0.9235 -0.3756
vn -0.0085 -0.9996 -0.0252
vn -0.0232 -0.9934 -0.1128
vn -0.0053 -0.9996 -0.0259
vn -0.4140 -0.8807 -0.2301
vn -0.2223 0.9671 -0.1236
vn -0.5221 0.7621 -0.3829
vn -0.5657 0.7621 -0.3148
vn -0.2039 -0.8806 -0.4277
vn -0.1649 -0.9236 -0.3460
vn -0.0673 -0.9776 -0.1995
vn -0.0604 -0.9545 -0.2920
vn -0.0424 -0.9777 -0.2058
vn -0.1152 -0.9933 -0.0067
vn -0.0260 -0.9997 -0.0033
vn -0.0260 -0.9997 -0.0015
vn -0.5496 -0.8323 -0.0716
vn -0.0171 -0.8806 0.4735
vn -0.0000 -0.8329 0.5534
vn -0.0203 -0.8324 0.5538
vn -0.0568 -0.8325 -0.5512
vn -0.0748 -0.6848 -0.7249
vn -0.2786 0.7619 -0.5847
vn -0.1375 0.9671 -0.2141
vn -0.1097 0.9671 -0.2297
vn -0.2080 0.7620 -0.6133
vn -0.2040 0.0228 -0.9787
vn -0.0026 -0.9997 -0.0260
vn -0.0114 -0.9933 -0.1146
vn -0.9913 0.0228 -0.1295
vn -0.7063 -0.6847 -0.1798
vn -0.7228 -0.6846 -0.0943
vn -0.1321 0.7621 -0.6339
vn -0.1028 0.0228 -0.9944
vn -0.0666 0.7619 -0.6442
vn -0.0354 0.0228 -0.9991
vn -0.3819 -0.8807 -0.2801
vn -0.4028 -0.8326 -0.3801
vn -0.3447 -0.8806 -0.3252
vn -0.0296 -0.9546 -0.2965
vn -0.0210 -0.9776 -0.2094
vn -0.0484 -0.8806 -0.4715
vn -0.3803 -0.9235 -0.0491
vn -0.1837 -0.9777 -0.1022
vn -0.2405 -0.9545 -0.1764
vn -0.1695 -0.9777 -0.1243
vn -0.9688 0.0228 -0.2467
vn -0.6770 -0.6851 -0.2689
vn -0.3936 -0.6850 -0.6130
vn -0.5401 0.0228 -0.8413
vn -0.0519 0.9671 -0.2492
vn -0.1486 -0.6850 -0.7132
vn -0.6470 0.7614 -0.0402
vn -0.2525 0.9670 -0.0336
vn -0.6425 0.7617 -0.0839
vn -0.4702 -0.8804 -0.0611
vn -0.3090 -0.9237 -0.2266
vn -0.2790 -0.9235 -0.2633
vn -0.2363 0.9671 -0.0943
vn -0.6278 0.7618 -0.1595
vn -0.2467 0.9671 -0.0628
vn -0.3351 -0.9236 -0.1862
vn -0.1008 -0.9933 -0.0560
vn -0.4465 -0.8326 -0.3276
vn -0.4710 0.7620 -0.4443
vn -0.2072 -0.9236 -0.3227
vn -0.3030 -0.8806 -0.3643
vn -0.2560 -0.8806 -0.3987
vn -0.0258 -0.9996 -0.0064
vn -0.1142 -0.9933 -0.0145
vn -0.1118 -0.9933 -0.0281
vn -0.0389 -0.9235 -0.3815
vn -0.5875 -0.6850 -0.4309
vn -0.0215 -0.9996 -0.0157
vn -0.0840 -0.9933 -0.0793
vn -0.0193 -0.9996 -0.0182
vn -0.1961 -0.9775 -0.0776
vn -0.1124 -0.9937 -0.0000
vn -0.0260 -0.9997 0.0015
vn -0.1152 -0.9933 0.0068
vn -0.8061 0.0228 -0.5913
vn -0.6367 -0.6851 -0.3540
vn -0.8738 0.0228 -0.4858
vn -0.0233 -0.9996 -0.0129
vn -0.0929 -0.9933 -0.0682
vn -0.6017 0.7621 -0.2390
vn -0.1075 -0.9933 -0.0425
vn -0.2040 -0.9776 -0.0515
vn -0.0738 -0.9933 -0.0887
vn -0.4141 0.7620 -0.4979
vn -0.1851 0.9671 -0.1746
vn -0.1628 0.9671 -0.1957
vn -0.4839 -0.8327 -0.2693
vn -0.0807 0.9671 -0.2414
vn -0.1344 -0.9777 -0.1616
vn -0.0622 -0.9934 -0.0969
vn -0.1129 -0.8326 -0.5422
vn -0.4659 -0.6849 -0.5602
vn -0.2992 -0.8326 -0.4661
vn -0.3136 -0.6849 -0.6577
vn -0.2383 -0.8326 -0.5000
vn -0.2052 0.9671 -0.1505
vn -0.1521 -0.8806 -0.4487
vn -0.4735 -0.8803 -0.0291
vn -0.5534 -0.8329 -0.0000
vn -0.5536 -0.8321 -0.0342
vn -0.1904 -0.9546 -0.2290
vn -0.1136 -0.9776 -0.1769
vn -0.2169 -0.9545 -0.2047
vn -0.1778 -0.8326 -0.5245
vn -0.2977 -0.9545 -0.0178
vn -0.2086 -0.9776 -0.0268
vn -0.2104 -0.9775 -0.0124
vn -0.0497 -0.9933 -0.1041
vn -0.0144 -0.9996 -0.0224
vn -0.0908 -0.9775 -0.1904
vn -0.0170 -0.9996 -0.0204
vn -0.1612 -0.9545 -0.2510
vn -0.2453 -0.9235 -0.2949
vn -0.7278 -0.6843 0.0452
vn -0.9997 0.0229 -0.0000
vn -0.7277 -0.6859 -0.0000
vn -0.1282 -0.9546 -0.2689
vn -0.4724 -0.8814 -0.0000
vn -0.3832 -0.9234 -0.0233
vn -0.3819 -0.9242 -0.0000
vn -0.1529 -0.9777 -0.1443
vn -0.3498 0.7621 -0.5449
vn -0.0950 -0.9545 -0.2825
vn -0.2960 -0.9544 -0.0382
vn -0.2963 -0.9551 -0.0000
vn -0.9291 0.0228 -0.3691
vn -0.0368 -0.9933 -0.1093
vn -0.3542 -0.8326 -0.4258
vn -0.2104 -0.9775 0.0124
vn -0.2961 -0.9551 -0.0000
vn -0.2087 -0.9780 -0.0000
vn -0.0229 0.7620 -0.6471
vn -0.0257 0.9670 -0.2533
vn -0.0090 0.9670 -0.2545
vn -0.0247 -0.9996 -0.0098
vn -0.6470 0.7614 0.0402
vn -0.6463 0.7631 -0.0000
vn 0.3719 -0.9235 0.0943
vn 0.2774 -0.9545 0.1099
vn 0.2893 -0.9544 0.0733
vn 0.3563 -0.9236 0.1413
vn 0.4593 -0.8806 0.1167
vn 0.4403 -0.8807 0.1747
vn 0.5370 -0.8325 0.1366
vn 0.5147 -0.8327 0.2042
vn 0.6392 0.0228 0.7687
vn 0.5299 -0.6850 0.4999
vn 0.7272 0.0228 0.6860
vn 0.2606 -0.9545 0.1450
vn 0.2340 -0.6849 0.6900
vn 0.4300 0.0228 0.9025
vn 0.3211 0.0228 0.9468
vn 0.1230 -0.9236 0.3630
vn 0.0964 -0.8807 0.4638
vn 0.0779 -0.9235 0.3756
vn 0.0085 -0.9996 0.0252
vn 0.0232 -0.9934 0.1128
vn 0.0053 -0.9996 0.0259
vn 0.4140 -0.8807 0.2301
vn 0.2223 0.9671 0.1236
vn 0.5221 0.7621 0.3829
vn 0.5657 0.7621 0.3148
vn 0.2039 -0.8806 0.4277
vn 0.1649 -0.9236 0.3460
vn 0.0673 -0.9776 0.1995
vn 0.0604 -0.9545 0.2920
vn 0.0424 -0.9777 0.2058
vn 0.0260 -0.9997 0.0033
vn 0.0248 -0.9997 0.0007
vn 0.5496 -0.8323 0.0716
vn 0.0268 -0.6848 0.7282
vn 0.0568 -0.8325 0.5512
vn 0.0748 -0.6848 0.7249
vn 0.2786 0.7619 0.5847
vn 0.1375 0.9671 0.2141
vn 0.1097 0.9671 0.2297
vn 0.2080 0.7620 0.6133
vn 0.2040 0.0228 0.9787
vn 0.0037 -0.9934 0.1146
vn 0.0026 -0.9997 0.0260
vn 0.0114 -0.9933 0.1146
vn 0.9913 0.0228 0.1295
vn 0.7063 -0.6847 0.1798
vn 0.7228 -0.6846 0.0943
vn 0.1321 0.7621 0.6339
vn 0.1028 0.0228 0.9944
vn 0.0666 0.7619 0.6442
vn 0.0369 0.0228 0.9991
vn 0.3819 -0.8807 0.2801
vn 0.4028 -0.8326 0.3801
vn 0.3447 -0.8806 0.3252
vn 0.0296 -0.9546 0.2965
vn 0.0210 -0.9776 0.2094
vn 0.0484 -0.8806 0.4715
vn 0.3803 -0.9235 0.0491
vn 0.1837 -0.9777 0.1022
vn 0.2405 -0.9545 0.1764
vn 0.1695 -0.9777 0.1243
vn 0.9688 0.0228 0.2467
vn 0.6770 -0.6851 0.2689
vn -0.0269 -0.6848 0.7282
vn -0.0000 0.0229 0.9997
vn -0.0369 0.0228 0.9991
vn 0.3936 -0.6850 0.6130
vn 0.5401 0.0228 0.8413
vn 0.0071 -0.9777 0.2100
vn 0.0202 -0.8324 0.5538
vn 0.0519 0.9671 0.2492
vn 0.1486 -0.6850 0.7132
vn 0.2525 0.9670 0.0336
vn 0.6425 0.7617 0.0839
vn 0.4702 -0.8804 0.0611
vn 0.3090 -0.9237 0.2266
vn 0.2790 -0.9235 0.2633
vn 0.2363 0.9671 0.0943
vn 0.6278 0.7618 0.1595
vn 0.2467 0.9671 0.0628
vn 0.3351 -0.9236 0.1862
vn 0.1008 -0.9933 0.0560
vn 0.4465 -0.8326 0.3276
vn 0.4710 0.7620 0.4443
vn 0.2072 -0.9236 0.3227
vn 0.3030 -0.8806 0.3643
vn 0.2560 -0.8806 0.3987
vn 0.0258 -0.9996 0.0064
vn 0.1142 -0.9933 0.0145
vn 0.1118 -0.9933 0.0281
vn 0.0136 -0.9236 0.3830
vn 0.0389 -0.9235 0.3815
vn 0.5875 -0.6850 0.4309
vn 0.0215 -0.9996 0.0157
vn 0.0840 -0.9933 0.0793
vn 0.0193 -0.9996 0.0182
vn 0.1961 -0.9775 0.0776
vn 0.8061 0.0228 0.5913
vn 0.6367 -0.6851 0.3540
vn 0.8738 0.0228 0.4858
vn 0.0233 -0.9996 0.0129
vn 0.0929 -0.9933 0.0682
vn 0.6017 0.7621 0.2390
vn 0.1075 -0.9933 0.0425
vn 0.2040 -0.9776 0.0515
vn 0.0738 -0.9933 0.0887
vn 0.4141 0.7620 0.4979
vn 0.1851 0.9671 0.1746
vn 0.1628 0.9671 0.1957
vn 0.4839 -0.8327 0.2693
vn 0.0807 0.9671 0.2414
vn 0.1344 -0.9777 0.1616
vn 0.0622 -0.9934 0.0969
vn 0.1129 -0.8326 0.5422
vn 0.4659 -0.6849 0.5602
vn 0.2992 -0.8326 0.4661
vn 0.3136 -0.6849 0.6577
vn 0.2383 -0.8326 0.5000
vn 0.2052 0.9671 0.1505
vn 0.1521 -0.8806 0.4487
vn 0.1904 -0.9546 0.2290
vn 0.1136 -0.9776 0.1769
vn 0.2169 -0.9545 0.2047
vn 0.1778 -0.8326 0.5245
vn 0.2086 -0.9776 0.0268
vn 0.0497 -0.9933 0.1041
vn 0.0144 -0.9996 0.0224
vn 0.0908 -0.9775 0.1904
vn 0.0170 -0.9996 0.0204
vn 0.1612 -0.9545 0.2510
vn 0.2453 -0.9235 0.2949
vn 0.1282 -0.9546 0.2689
vn 0.1529 -0.9777 0.1443
vn 0.3498 0.7621 0.5449
vn 0.0950 -0.9545 0.2825
vn 0.9990 0.0228 0.0390
vn 0.2960 -0.9544 0.0382
vn 0.3828 -0.9237 0.0138
vn 0.9291 0.0228 0.3691
vn 0.0368 -0.9933 0.1093
vn 0.5536 -0.8325 0.0212
vn 0.3542 -0.8326 0.4258
vn 0.7279 -0.6851 0.0283
vn 0.0239 0.7619 0.6472
vn 0.0257 0.9670 0.2533
vn 0.0094 0.9670 0.2545
vn 0.0170 -0.8806 0.4735
vn -0.0000 -0.6859 0.7277
vn -0.0135 -0.9236 0.3830
vn -0.0000 -0.8813 0.4726
vn -0.0038 -0.9934 0.1147
vn -0.0000 -0.9780 0.2087
vn -0.0069 -0.9777 0.2099
vn -0.0094 0.9670 0.2545
vn -0.0000 0.7631 0.6463
vn -0.0000 0.9672 0.2542
vn -0.0000 -0.9551 0.2961
vn -0.0102 -0.9547 0.2974
vn 0.0247 -0.9996 0.0098
vn 0.0102 -0.9547 0.2974
vn -0.3719 -0.9235 0.0943
vn -0.2774 -0.9545 0.1099
vn -0.3563 -0.9236 0.1413
vn -0.4594 -0.8805 0.1167
vn -0.4403 -0.8807 0.1747
vn -0.5370 -0.8325 0.1367
vn -0.5299 -0.6850 0.4999
vn -0.6392 0.0228 0.7687
vn -0.7272 0.0228 0.6861
vn -0.2604 -0.9546 0.1448
vn -0.3351 -0.9236 0.1863
vn -0.2340 -0.6849 0.6900
vn -0.4300 0.0228 0.9025
vn -0.3134 -0.6849 0.6578
vn -0.0964 -0.8806 0.4639
vn -0.1230 -0.9236 0.3631
vn -0.0779 -0.9236 0.3754
vn -0.0232 -0.9933 0.1130
vn -0.0085 -0.9996 0.0252
vn -0.0053 -0.9996 0.0259
vn -0.4140 -0.8807 0.2301
vn -0.5147 -0.8327 0.2042
vn -0.5220 0.7621 0.3830
vn -0.2223 0.9671 0.1238
vn -0.5659 0.7621 0.3146
vn -0.2039 -0.8806 0.4278
vn -0.1651 -0.9235 0.3462
vn -0.0603 -0.9546 0.2916
vn -0.0676 -0.9776 0.1995
vn -0.0424 -0.9777 0.2058
vn -0.0259 -0.9997 0.0032
vn -0.5496 -0.8323 0.0718
vn -0.4702 -0.8804 0.0611
vn -0.0568 -0.8325 0.5511
vn -0.0748 -0.6848 0.7248
vn -0.2788 0.7619 0.5846
vn -0.1374 0.9671 0.2142
vn -0.3498 0.7621 0.5449
vn -0.2040 0.0228 0.9787
vn -0.2080 0.7620 0.6133
vn -0.3211 0.0228 0.9468
vn -0.0025 -0.9997 0.0259
vn -0.0114 -0.9933 0.1146
vn -0.7063 -0.6847 0.1798
vn -0.9913 0.0228 0.1295
vn -0.7228 -0.6846 0.0944
vn -0.1321 0.7620 0.6339
vn -0.1028 0.0228 0.9944
vn -0.0666 0.7619 0.6442
vn -0.0239 0.7619 0.6472
vn -0.4029 -0.8326 0.3801
vn -0.3820 -0.8807 0.2802
vn -0.3447 -0.8806 0.3252
vn -0.0296 -0.9546 0.2965
vn -0.0208 -0.9776 0.2093
vn -0.0484 -0.8806 0.4714
vn -0.2893 -0.9544 0.0733
vn -0.3804 -0.9235 0.0492
vn -0.2960 -0.9544 0.0382
vn -0.1837 -0.9777 0.1022
vn -0.2405 -0.9545 0.1764
vn -0.9688 0.0228 0.2467
vn -0.6771 -0.6851 0.2689
vn -0.9291 0.0228 0.3690
vn -0.3936 -0.6850 0.6130
vn -0.5401 0.0228 0.8413
vn -0.0524 0.9671 0.2491
vn -0.1486 -0.6850 0.7132
vn -0.1960 -0.9775 0.0776
vn -0.2526 0.9670 0.0330
vn -0.2544 0.9670 0.0158
vn -0.3090 -0.9237 0.2267
vn -0.2365 0.9671 0.0939
vn -0.6278 0.7618 0.1599
vn -0.6019 0.7621 0.2386
vn -0.6425 0.7617 0.0839
vn -0.2465 0.9671 0.0637
vn -0.1008 -0.9933 0.0560
vn -0.1695 -0.9777 0.1243
vn -0.4465 -0.8326 0.3276
vn -0.4839 -0.8327 0.2693
vn -0.4710 0.7620 0.4443
vn -0.2072 -0.9236 0.3227
vn -0.3030 -0.8806 0.3644
vn -0.2453 -0.9235 0.2949
vn -0.0258 -0.9996 0.0064
vn -0.1142 -0.9933 0.0145
vn -0.0390 -0.9236 0.3813
vn -0.5874 -0.6850 0.4309
vn -0.8061 0.0228 0.5913
vn -0.0215 -0.9996 0.0157
vn -0.0839 -0.9933 0.0792
vn -0.0929 -0.9933 0.0682
vn -0.2047 -0.9775 0.0515
vn -0.6367 -0.6851 0.3540
vn -0.0233 -0.9996 0.0129
vn -0.1074 -0.9933 0.0424
vn -0.1118 -0.9933 0.0281
vn -0.0193 -0.9996 0.0182
vn -0.0738 -0.9933 0.0887
vn -0.1852 0.9671 0.1746
vn -0.4142 0.7620 0.4978
vn -0.1627 0.9671 0.1957
vn -0.0818 0.9671 0.2411
vn -0.1097 0.9671 0.2297
vn -0.0622 -0.9934 0.0969
vn -0.1344 -0.9777 0.1616
vn -0.1129 -0.8326 0.5422
vn -0.4659 -0.6849 0.5602
vn -0.2992 -0.8326 0.4660
vn -0.2051 0.9671 0.1505
vn -0.1521 -0.8807 0.4486
vn -0.1136 -0.9776 0.1769
vn -0.1908 -0.9545 0.2293
vn -0.2790 -0.9235 0.2633
vn -0.2169 -0.9545 0.2047
vn -0.1778 -0.8326 0.5245
vn -0.2383 -0.8326 0.5000
vn -0.2977 -0.9545 0.0179
vn -0.2086 -0.9776 0.0268
vn -0.0144 -0.9996 0.0224
vn -0.0498 -0.9933 0.1042
vn -0.0906 -0.9777 0.1897
vn -0.0170 -0.9996 0.0204
vn -0.1612 -0.9545 0.2510
vn -0.2560 -0.8807 0.3986
vn -0.1285 -0.9545 0.2692
vn -0.1529 -0.9777 0.1443
vn -0.0949 -0.9545 0.2826
vn -0.9978 0.0228 0.0620
vn -0.3832 -0.9234 0.0233
vn -0.0368 -0.9933 0.1093
vn -0.5536 -0.8321 0.0343
vn -0.3542 -0.8326 0.4259
vn -0.4735 -0.8803 0.0292
vn -0.0262 0.9670 0.2532
vn -0.0114 -0.9996 0.0240
vn -0.0247 -0.9996 0.0098
vn -0.0000 0.0229 -0.9997
vn 0.0007 -0.9997 -0.0253
vn -0.0000 -0.9997 -0.0238
vn -0.0115 -0.9996 -0.0240
vn -0.0007 -0.9997 -0.0253
vn 0.0115 -0.9996 0.0240
vn 0.0008 -0.9997 0.0254
vn -0.0008 -0.9997 0.0254
vn -0.0237 -0.9997 -0.0000
vn -0.2544 0.9670 -0.0158
vn -0.0000 0.9672 -0.2542
vn 0.2543 0.9671 0.0099
vn -0.0000 -0.9997 0.0237
vn 0.0238 -0.9997 -0.0000
vn 0.1124 -0.9937 -0.0000
vn 0.7277 -0.6859 -0.0000
vn 0.0237 -0.9997 -0.0000
vn 0.4725 -0.8814 -0.0000
vn -0.0000 -0.9997 -0.0237
vn -0.0000 -0.8812 -0.4727
vn -0.0000 -0.9241 -0.3821
vn -0.0000 -0.9242 0.3819
vn -0.0000 -0.9937 0.1124
vn -0.0000 -0.9241 0.3821
vn -0.2542 0.9672 -0.0000
vn -0.4726 -0.8813 -0.0000
vn 0.8738 0.0228 -0.4858
vn -0.8738 0.0228 0.4858
vt 0.685163 0.583609
vt 0.692176 0.582724
vt 0.689436 0.585953
vt 0.666773 0.593412
vt 0.662419 0.598194
vt 0.661610 0.594270
vt 0.679063 0.588454
vt 0.686162 0.588890
vt 0.682443 0.591509
vt 0.675316 0.590510
vt 0.678143 0.593868
vt 0.690889 0.574479
vt 0.696999 0.571476
vt 0.696023 0.575446
vt 0.689508 0.577719
vt 0.687547 0.580800
vt 0.673464 0.595760
vt 0.671272 0.592145
vt 0.694431 0.579182
vt 0.668280 0.597220
vt 0.991479 0.001419
vt 0.998591 0.002316
vt 0.991479 0.002316
vt 0.655477 0.598656
vt 0.655243 0.594692
vt 0.366760 0.577719
vt 0.364090 0.582722
vt 0.361837 0.579182
vt 0.360246 0.575446
vt 0.365380 0.574479
vt 0.373949 0.586168
vt 0.366842 0.585942
vt 0.371117 0.583602
vt 0.359269 0.571476
vt 0.364520 0.570980
vt 0.368716 0.580793
vt 0.682313 0.586166
vt 0.654712 0.585669
vt 0.653994 0.594692
vt 0.653992 0.585669
vt 0.389496 0.593412
vt 0.382805 0.595758
vt 0.384997 0.592144
vt 0.380953 0.590509
vt 0.373827 0.591504
vt 0.377203 0.588448
vt 0.394657 0.594270
vt 0.400790 0.598655
vt 0.393848 0.598194
vt 0.378125 0.593867
vt 0.387988 0.597220
vt 0.370095 0.588891
vt 0.358883 0.567234
vt 0.364168 0.567098
vt 0.691749 0.570980
vt 0.697385 0.567234
vt 0.358883 0.565813
vt 0.364167 0.565677
vt 0.685166 0.016876
vt 0.692179 0.017761
vt 0.687551 0.019685
vt 0.666776 0.007073
vt 0.662423 0.002291
vt 0.668284 0.003265
vt 0.679066 0.012031
vt 0.686165 0.011594
vt 0.682317 0.014319
vt 0.675319 0.009975
vt 0.682446 0.008976
vt 0.691752 0.029505
vt 0.697388 0.033250
vt 0.692104 0.033386
vt 0.689511 0.022766
vt 0.694434 0.021303
vt 0.874713 0.568750
vt 0.881550 0.573232
vt 0.874713 0.573232
vt 0.696026 0.025039
vt 0.690892 0.026006
vt 0.673467 0.004725
vt 0.678146 0.006617
vt 0.697389 0.034146
vt 0.692104 0.034282
vt 0.986480 0.001417
vt 0.979675 0.006724
vt 0.979675 0.001417
vt 0.366763 0.022767
vt 0.364094 0.017763
vt 0.368720 0.019692
vt 0.360249 0.025040
vt 0.361840 0.021303
vt 0.373953 0.014317
vt 0.366845 0.014543
vt 0.370099 0.011594
vt 0.986480 0.015311
vt 0.979675 0.019245
vt 0.979675 0.015311
vt 0.371120 0.016884
vt 0.689439 0.014532
vt 0.661614 0.006215
vt 0.655481 0.001830
vt 0.986480 0.019245
vt 0.979675 0.023206
vt 0.380956 0.009976
vt 0.373830 0.008981
vt 0.378128 0.006618
vt 0.394661 0.006215
vt 0.400794 0.001829
vt 0.401028 0.005793
vt 0.389500 0.007073
vt 0.382809 0.004727
vt 0.387991 0.003265
vt 0.393852 0.002291
vt 0.377206 0.012038
vt 0.365383 0.026007
vt 0.359272 0.029009
vt 0.881550 0.537624
vt 0.874713 0.533605
vt 0.881550 0.533605
vt 0.364170 0.034236
vt 0.358807 0.300242
vt 0.358886 0.034100
vt 0.863962 0.731085
vt 0.870815 0.736377
vt 0.863962 0.736377
vt 0.979675 0.620917
vt 0.986480 0.624937
vt 0.979675 0.624937
vt 0.979675 0.651960
vt 0.986480 0.656065
vt 0.979675 0.656065
vt 0.979675 0.636483
vt 0.986480 0.640271
vt 0.979675 0.640271
vt 0.979675 0.628813
vt 0.986480 0.632693
vt 0.979675 0.632693
vt 0.986480 0.628813
vt 0.870815 0.775901
vt 0.863962 0.780200
vt 0.863962 0.775901
vt 0.863962 0.771892
vt 0.870815 0.768026
vt 0.870815 0.771892
vt 0.870815 0.760375
vt 0.863962 0.764153
vt 0.863962 0.760375
vt 0.998591 0.534985
vt 0.991479 0.535622
vt 0.991479 0.534985
vt 0.870815 0.752812
vt 0.863962 0.756595
vt 0.863962 0.752812
vt 0.863962 0.748865
vt 0.870815 0.744942
vt 0.870815 0.748865
vt 0.986480 0.051566
vt 0.979675 0.333636
vt 0.979675 0.051566
vt 0.863962 0.768026
vt 0.692101 0.566462
vt 0.697465 0.300243
vt 0.697385 0.566597
vt 0.863962 0.740848
vt 0.863962 0.744942
vt 0.986480 0.644065
vt 0.979675 0.644065
vt 0.979675 0.660547
vt 0.986480 0.665854
vt 0.979675 0.665854
vt 0.986480 0.636483
vt 0.979675 0.616606
vt 0.986480 0.620917
vt 0.986480 0.660547
vt 0.986480 0.615099
vt 0.979675 0.615099
vt 0.986480 0.648026
vt 0.979675 0.648026
vt 0.986480 0.651960
vt 0.874713 0.578538
vt 0.986480 0.042334
vt 0.979675 0.046354
vt 0.979675 0.042334
vt 0.986480 0.011206
vt 0.979675 0.011206
vt 0.986480 0.027000
vt 0.979675 0.030788
vt 0.979675 0.027000
vt 0.986480 0.034578
vt 0.979675 0.038458
vt 0.979675 0.034578
vt 0.986480 0.038458
vt 0.874713 0.529294
vt 0.881550 0.541500
vt 0.874713 0.537624
vt 0.874713 0.545384
vt 0.881550 0.549172
vt 0.874713 0.549172
vt 0.874713 0.552961
vt 0.881550 0.556754
vt 0.874713 0.556754
vt 0.881550 0.564644
vt 0.874713 0.560712
vt 0.881550 0.560712
vt 0.874713 0.541500
vt 0.874713 0.564644
vt 0.697002 0.029008
vt 0.671276 0.008340
vt 0.986480 0.023206
vt 0.528137 0.300242
vt 0.401937 0.014816
vt 0.654337 0.014815
vt 0.986480 0.030788
vt 0.986480 0.046354
vt 0.979675 0.050665
vt 0.986480 0.006724
vt 0.364523 0.029505
vt 0.358886 0.033251
vt 0.385001 0.008341
vt 0.882619 0.578538
vt 0.882085 0.579476
vt 0.882085 0.578538
vt 0.402276 0.585670
vt 0.376475 0.569854
vt 0.376199 0.566792
vt 0.387393 0.582864
vt 0.382724 0.579970
vt 0.379249 0.576399
vt 0.392931 0.584743
vt 0.377969 0.574387
vt 0.377071 0.572280
vt 0.679197 0.572280
vt 0.678300 0.574387
vt 0.677008 0.576418
vt 0.680069 0.566155
vt 0.692180 0.300243
vt 0.675434 0.578271
vt 0.673551 0.579961
vt 0.663341 0.584741
vt 0.668880 0.582863
vt 0.671367 0.581498
vt 0.679793 0.569854
vt 0.692101 0.567098
vt 0.666281 0.583914
vt 0.659773 0.585334
vt 0.384891 0.581489
vt 0.380849 0.578272
vt 0.396495 0.585335
vt 0.401025 0.594693
vt 0.389990 0.583914
vt 0.376199 0.565372
vt 0.654715 0.014815
vt 0.654339 0.005793
vt 0.655246 0.005793
vt 0.376478 0.030631
vt 0.364171 0.033387
vt 0.387396 0.017621
vt 0.389993 0.016572
vt 0.382727 0.020515
vt 0.384895 0.018997
vt 0.379252 0.024086
vt 0.380852 0.022214
vt 0.392934 0.015743
vt 0.396498 0.015151
vt 0.377972 0.026098
vt 0.679200 0.028205
vt 0.679796 0.030631
vt 0.678303 0.026097
vt 0.680072 0.033693
vt 0.680073 0.034588
vt 0.675437 0.022214
vt 0.663345 0.015743
vt 0.666284 0.016571
vt 0.668883 0.017622
vt 0.671370 0.018987
vt 0.677011 0.024067
vt 0.673554 0.020524
vt 0.659776 0.015150
vt 0.401559 0.014816
vt 0.377074 0.028206
vt 0.376202 0.034542
vt 0.364092 0.300242
vt 0.870815 0.530501
vt 0.871350 0.529290
vt 0.871350 0.530496
vt 0.680069 0.566791
vt 0.401556 0.585670
vt 0.376124 0.300242
vt 0.401936 0.005793
vt 0.376202 0.033694
vt 0.680148 0.300243
vt 0.870815 0.729874
vt 0.871350 0.731085
vt 0.870815 0.731085
vt 0.653997 0.599072
vt 0.655502 0.599072
vt 0.881550 0.579481
vt 0.881550 0.578538
vt 0.986480 0.616606
vt 0.987012 0.620917
vt 0.987012 0.616606
vt 0.987544 0.620917
vt 0.358327 0.567249
vt 0.358717 0.571529
vt 0.987012 0.648026
vt 0.987012 0.651960
vt 0.987544 0.648026
vt 0.987544 0.651960
vt 0.382575 0.596139
vt 0.987012 0.640271
vt 0.987012 0.644065
vt 0.987544 0.640271
vt 0.987544 0.644065
vt 0.373472 0.591826
vt 0.987012 0.632693
vt 0.987012 0.636483
vt 0.987544 0.632693
vt 0.987544 0.636483
vt 0.366392 0.586189
vt 0.987012 0.656065
vt 0.987012 0.660547
vt 0.987544 0.656065
vt 0.987544 0.660547
vt 0.393763 0.598607
vt 0.987012 0.628813
vt 0.987012 0.624937
vt 0.987544 0.628813
vt 0.359706 0.575547
vt 0.361320 0.579336
vt 0.871350 0.771892
vt 0.871350 0.775901
vt 0.871886 0.771892
vt 0.871886 0.775901
vt 0.697551 0.571529
vt 0.870815 0.764153
vt 0.871350 0.768026
vt 0.871350 0.764153
vt 0.871886 0.768026
vt 0.692663 0.582927
vt 0.694948 0.579336
vt 0.990923 0.535622
vt 0.990923 0.534985
vt 0.990367 0.535622
vt 0.990367 0.534985
vt 0.697941 0.566612
vt 0.870815 0.756595
vt 0.871350 0.760375
vt 0.871350 0.756595
vt 0.871886 0.760375
vt 0.686567 0.589177
vt 0.689885 0.586200
vt 0.871350 0.740848
vt 0.871350 0.744942
vt 0.871886 0.740848
vt 0.871886 0.744942
vt 0.673695 0.596140
vt 0.871350 0.748865
vt 0.871350 0.752812
vt 0.871886 0.748865
vt 0.871886 0.752812
vt 0.682798 0.591830
vt 0.696563 0.575548
vt 0.871886 0.764153
vt 0.871886 0.756595
vt 0.870815 0.780200
vt 0.871350 0.780200
vt 0.871886 0.780200
vt 0.697941 0.567249
vt 0.678440 0.594221
vt 0.870815 0.740848
vt 0.871350 0.736377
vt 0.662504 0.598607
vt 0.668439 0.597620
vt 0.377828 0.594220
vt 0.871886 0.736377
vt 0.369690 0.589177
vt 0.987012 0.665854
vt 0.987544 0.665854
vt 0.400766 0.599072
vt 0.363604 0.582925
vt 0.987544 0.624937
vt 0.387829 0.597620
vt 0.986480 0.333636
vt 0.987012 0.615099
vt 0.987012 0.333636
vt 0.987544 0.615099
vt 0.358252 0.300242
vt 0.358327 0.565827
vt 0.654342 0.001413
vt 0.655505 0.001413
vt 0.401933 0.001413
vt 0.401934 0.001829
vt 0.358330 0.033237
vt 0.358720 0.028957
vt 0.987544 0.046354
vt 0.987012 0.050665
vt 0.987012 0.046354
vt 0.986480 0.050665
vt 0.382578 0.004347
vt 0.987544 0.019245
vt 0.987012 0.015311
vt 0.987544 0.015311
vt 0.987012 0.019245
vt 0.373475 0.008660
vt 0.987544 0.027000
vt 0.987012 0.023206
vt 0.987544 0.023206
vt 0.987012 0.027000
vt 0.366396 0.014296
vt 0.987544 0.034578
vt 0.987012 0.030788
vt 0.987544 0.030788
vt 0.987012 0.034578
vt 0.393767 0.001878
vt 0.987544 0.011206
vt 0.987012 0.006724
vt 0.987544 0.006724
vt 0.987012 0.011206
vt 0.359709 0.024938
vt 0.361323 0.021150
vt 0.987544 0.038458
vt 0.987012 0.042334
vt 0.987012 0.038458
vt 0.697554 0.028956
vt 0.882619 0.537624
vt 0.882085 0.533605
vt 0.882619 0.533605
vt 0.882085 0.537624
vt 0.692666 0.017558
vt 0.694951 0.021149
vt 0.882619 0.541500
vt 0.882085 0.545384
vt 0.882085 0.541500
vt 0.881550 0.545384
vt 0.697944 0.034132
vt 0.990367 0.001419
vt 0.990923 0.002316
vt 0.990367 0.002316
vt 0.990923 0.001419
vt 0.686570 0.011307
vt 0.689888 0.014285
vt 0.882619 0.549172
vt 0.882085 0.552961
vt 0.882085 0.549172
vt 0.881550 0.552961
vt 0.673698 0.004345
vt 0.882619 0.568750
vt 0.882085 0.564644
vt 0.882619 0.564644
vt 0.882085 0.568750
vt 0.682801 0.008655
vt 0.882619 0.560712
vt 0.882085 0.556754
vt 0.882619 0.556754
vt 0.882085 0.560712
vt 0.696566 0.024937
vt 0.882619 0.545384
vt 0.882619 0.552961
vt 0.697944 0.033236
vt 0.882085 0.529294
vt 0.882619 0.529294
vt 0.881550 0.529294
vt 0.678443 0.006264
vt 0.662508 0.001878
vt 0.668442 0.002865
vt 0.882085 0.573232
vt 0.881550 0.568750
vt 0.377831 0.006265
vt 0.882619 0.573232
vt 0.369693 0.011308
vt 0.400769 0.001413
vt 0.987012 0.001417
vt 0.987544 0.001417
vt 0.363607 0.017560
vt 0.987544 0.042334
vt 0.387832 0.002865
vt 0.358330 0.034086
vt 0.987544 0.051566
vt 0.987012 0.051566
vt 0.402272 0.598655
vt 0.402271 0.599072
vt 0.871886 0.529290
vt 0.871886 0.530482
vt 0.871350 0.729879
vt 0.871886 0.731085
vt 0.653996 0.598656
vt 0.402274 0.594693
vt 0.863962 0.530501
vt 0.863962 0.729874
vt 0.863962 0.529290
vt 0.870815 0.529290
vt 0.882619 0.780863
vt 0.882085 0.779925
vt 0.882619 0.779938
vt 0.654341 0.001830
vt 0.881550 0.779920
vt 0.874713 0.780863
vt 0.874713 0.779920
vt 0.882619 0.579462
vt 0.882085 0.780863
vt 0.987544 0.616606
vt 0.987544 0.050665
vt 0.991479 0.268521
vt 0.990923 0.268521
vt 0.990367 0.268521
vt 0.698021 0.300243
vt 0.998591 0.268521
vt 0.928539 0.002935
vt 0.922957 0.004261
vt 0.922957 0.002935
vt 0.900691 0.002935
vt 0.906256 0.001414
vt 0.906256 0.002935
vt 0.906256 0.186996
vt 0.900691 0.183709
vt 0.906256 0.183709
vt 0.900691 0.208795
vt 0.906256 0.210613
vt 0.900691 0.210613
vt 0.961818 0.001414
vt 0.956261 0.002935
vt 0.956261 0.001414
vt 0.331903 0.008023
vt 0.328733 0.005470
vt 0.331628 0.005044
vt 0.972962 0.004731
vt 0.967378 0.004261
vt 0.972962 0.004261
vt 0.956261 0.004261
vt 0.950679 0.002935
vt 0.934104 0.015940
vt 0.928539 0.032038
vt 0.928539 0.015940
vt 0.945118 0.176318
vt 0.939613 0.180478
vt 0.939613 0.176318
vt 0.889677 0.002935
vt 0.884116 0.001414
vt 0.889677 0.001414
vt 0.950679 0.007730
vt 0.945118 0.015940
vt 0.945118 0.007730
vt 0.911841 0.183709
vt 0.906256 0.180478
vt 0.911841 0.180478
vt 0.895182 0.203313
vt 0.900691 0.205186
vt 0.895182 0.205186
vt 0.967378 0.090736
vt 0.961818 0.122937
vt 0.961818 0.090736
vt 0.889677 0.122937
vt 0.884116 0.150108
vt 0.884116 0.122937
vt 0.337518 0.004302
vt 0.339362 0.001920
vt 0.340386 0.003993
vt 0.945118 0.004261
vt 0.950679 0.004731
vt 0.945118 0.004731
vt 0.900691 0.058703
vt 0.906256 0.090736
vt 0.900691 0.090736
vt 0.889677 0.206996
vt 0.889677 0.205186
vt 0.917401 0.004261
vt 0.334579 0.004541
vt 0.331272 0.002166
vt 0.334149 0.001415
vt 0.911841 0.190367
vt 0.917401 0.193672
vt 0.911841 0.193672
vt 0.906256 0.150108
vt 0.900691 0.122937
vt 0.906256 0.122937
vt 0.906256 0.004261
vt 0.911841 0.002935
vt 0.911841 0.004261
vt 0.900691 0.004731
vt 0.906256 0.004731
vt 0.939613 0.206996
vt 0.934104 0.208795
vt 0.934104 0.206996
vt 0.956261 0.090736
vt 0.961818 0.058703
vt 0.939613 0.004731
vt 0.939613 0.004261
vt 0.334991 0.007610
vt 0.967378 0.015940
vt 0.961818 0.032038
vt 0.961818 0.015940
vt 0.967378 0.002935
vt 0.972962 0.002935
vt 0.917401 0.122937
vt 0.911841 0.090736
vt 0.917401 0.090736
vt 0.922957 0.032038
vt 0.928539 0.058703
vt 0.922957 0.058703
vt 0.906256 0.007730
vt 0.939613 0.001414
vt 0.945118 0.002935
vt 0.939613 0.002935
vt 0.900691 0.007730
vt 0.906256 0.015940
vt 0.900691 0.015940
vt 0.945118 0.032038
vt 0.939613 0.058703
vt 0.939613 0.032038
vt 0.922957 0.090736
vt 0.928539 0.122937
vt 0.922957 0.122937
vt 0.338024 0.007247
vt 0.341135 0.006895
vt 0.895182 0.007730
vt 0.889677 0.004731
vt 0.895182 0.004731
vt 0.939613 0.205186
vt 0.934104 0.205186
vt 0.950679 0.122937
vt 0.945118 0.150108
vt 0.945118 0.122937
vt 0.928539 0.090736
vt 0.972962 0.058703
vt 0.972962 0.090736
vt 0.934104 0.032038
vt 0.939613 0.015940
vt 0.956261 0.004731
vt 0.917401 0.015940
vt 0.922957 0.015940
vt 0.332754 0.013950
vt 0.335359 0.010738
vt 0.335726 0.013950
vt 0.895182 0.001414
vt 0.900691 0.001414
vt 0.967378 0.122937
vt 0.961818 0.150108
vt 0.950679 0.001414
vt 0.895182 0.208795
vt 0.917401 0.032038
vt 0.917401 0.058703
vt 0.895182 0.032038
vt 0.895182 0.058703
vt 0.895182 0.004261
vt 0.961818 0.004261
vt 0.961818 0.002935
vt 0.911841 0.186996
vt 0.917401 0.190367
vt 0.928539 0.180478
vt 0.934104 0.183709
vt 0.928539 0.183709
vt 0.950679 0.090736
vt 0.906256 0.058703
vt 0.900691 0.032038
vt 0.906256 0.032038
vt 0.895182 0.090736
vt 0.895182 0.122937
vt 0.950679 0.058703
vt 0.945118 0.090736
vt 0.945118 0.058703
vt 0.329476 0.011381
vt 0.328736 0.008467
vt 0.956261 0.015940
vt 0.961818 0.007730
vt 0.911841 0.007730
vt 0.917401 0.007730
vt 0.340652 0.012181
vt 0.338275 0.010267
vt 0.341132 0.009904
vt 0.900691 0.199094
vt 0.906256 0.201306
vt 0.900691 0.201306
vt 0.906256 0.196598
vt 0.900691 0.193672
vt 0.906256 0.193672
vt 0.332374 0.011020
vt 0.889677 0.190367
vt 0.884116 0.193672
vt 0.884116 0.190367
vt 0.889677 0.058703
vt 0.884116 0.090736
vt 0.884116 0.058703
vt 0.922957 0.007730
vt 0.967378 0.004731
vt 0.961818 0.004731
vt 0.934104 0.210613
vt 0.928539 0.208795
vt 0.934104 0.122937
vt 0.911841 0.004731
vt 0.917401 0.004731
vt 0.967378 0.032038
vt 0.972962 0.015940
vt 0.972962 0.032038
vt 0.939613 0.090736
vt 0.967378 0.150108
vt 0.972962 0.122937
vt 0.972962 0.150108
vt 0.934104 0.090736
vt 0.934104 0.058703
vt 0.889677 0.180478
vt 0.895182 0.183709
vt 0.889677 0.183709
vt 0.911841 0.015940
vt 0.889677 0.090736
vt 0.939613 0.203313
vt 0.945118 0.205186
vt 0.911841 0.032038
vt 0.911841 0.150108
vt 0.911841 0.122937
vt 0.967378 0.203313
vt 0.972962 0.201306
vt 0.972962 0.203313
vt 0.956261 0.032038
vt 0.950679 0.032038
vt 0.945118 0.193672
vt 0.939613 0.196598
vt 0.939613 0.193672
vt 0.895182 0.015940
vt 0.895182 0.002935
vt 0.884116 0.004731
vt 0.889677 0.007730
vt 0.884116 0.007730
vt 0.956261 0.058703
vt 0.956261 0.122937
vt 0.950679 0.150108
vt 0.895182 0.150108
vt 0.889677 0.150108
vt 0.967378 0.058703
vt 0.939613 0.122937
vt 0.917401 0.196598
vt 0.967378 0.208795
vt 0.961818 0.210613
vt 0.961818 0.208795
vt 0.939613 0.150108
vt 0.928539 0.007730
vt 0.922957 0.004731
vt 0.928539 0.004731
vt 0.956261 0.150108
vt 0.911841 0.058703
vt 0.934104 0.150108
vt 0.928539 0.150108
vt 0.967378 0.007730
vt 0.972962 0.007730
vt 0.917401 0.205186
vt 0.911841 0.203313
vt 0.917401 0.203313
vt 0.889677 0.032038
vt 0.889677 0.015940
vt 0.895182 0.193672
vt 0.900691 0.196598
vt 0.895182 0.196598
vt 0.922957 0.180478
vt 0.922957 0.183709
vt 0.900691 0.004261
vt 0.895182 0.190367
vt 0.889677 0.004261
vt 0.884116 0.002935
vt 0.961818 0.193672
vt 0.956261 0.196598
vt 0.956261 0.193672
vt 0.934104 0.007730
vt 0.939613 0.007730
vt 0.338594 0.013209
vt 0.884116 0.004261
vt 0.939613 0.190367
vt 0.945118 0.186996
vt 0.945118 0.190367
vt 0.889677 0.193672
vt 0.884116 0.196598
vt 0.956261 0.208795
vt 0.961818 0.206996
vt 0.330506 0.013467
vt 0.950679 0.193672
vt 0.945118 0.196598
vt 0.922957 0.150108
vt 0.884116 0.015940
vt 0.956261 0.203313
vt 0.950679 0.205186
vt 0.950679 0.203313
vt 0.895182 0.201306
vt 0.900691 0.203313
vt 0.950679 0.004261
vt 0.934104 0.004261
vt 0.928539 0.004261
vt 0.934104 0.004731
vt 0.895182 0.176318
vt 0.900691 0.180478
vt 0.895182 0.180478
vt 0.917401 0.183709
vt 0.922957 0.186996
vt 0.917401 0.186996
vt 0.889677 0.186996
vt 0.945118 0.167048
vt 0.939613 0.167048
vt 0.939613 0.183709
vt 0.934104 0.203313
vt 0.928539 0.205186
vt 0.928539 0.203313
vt 0.928539 0.201306
vt 0.922957 0.199094
vt 0.928539 0.199094
vt 0.950679 0.186996
vt 0.950679 0.190367
vt 0.884116 0.186996
vt 0.922957 0.206996
vt 0.922957 0.208795
vt 0.967378 0.201306
vt 0.961818 0.203313
vt 0.961818 0.201306
vt 0.906256 0.176318
vt 0.900691 0.167048
vt 0.906256 0.167048
vt 0.956261 0.186996
vt 0.956261 0.190367
vt 0.956261 0.210613
vt 0.950679 0.211529
vt 0.950679 0.210613
vt 0.972962 0.199094
vt 0.906256 0.199094
vt 0.945118 0.183709
vt 0.950679 0.180478
vt 0.950679 0.183709
vt 0.917401 0.167048
vt 0.922957 0.176318
vt 0.917401 0.176318
vt 0.911841 0.201306
vt 0.934104 0.190367
vt 0.928539 0.186996
vt 0.934104 0.186996
vt 0.922957 0.190367
vt 0.928539 0.193672
vt 0.922957 0.193672
vt 0.917401 0.001414
vt 0.922957 0.001414
vt 0.928539 0.190367
vt 0.934104 0.193672
vt 0.895182 0.167048
vt 0.900691 0.176318
vt 0.911841 0.199094
vt 0.917401 0.201306
vt 0.967378 0.196598
vt 0.961818 0.199094
vt 0.961818 0.196598
vt 0.967378 0.205186
vt 0.972962 0.205186
vt 0.922957 0.167048
vt 0.917401 0.150108
vt 0.889677 0.199094
vt 0.884116 0.201306
vt 0.884116 0.199094
vt 0.889677 0.176318
vt 0.961818 0.211529
vt 0.967378 0.210613
vt 0.967378 0.211529
vt 0.956261 0.205186
vt 0.961818 0.205186
vt 0.950679 0.167048
vt 0.967378 0.183709
vt 0.972962 0.180478
vt 0.972962 0.183709
vt 0.329212 0.003205
vt 0.956261 0.183709
vt 0.961818 0.180478
vt 0.961818 0.183709
vt 0.967378 0.199094
vt 0.928539 0.176318
vt 0.934104 0.180478
vt 0.945118 0.201306
vt 0.939613 0.201306
vt 0.889677 0.208795
vt 0.895182 0.206996
vt 0.895182 0.210613
vt 0.900691 0.211529
vt 0.895182 0.211529
vt 0.911841 0.167048
vt 0.967378 0.193672
vt 0.972962 0.190367
vt 0.972962 0.193672
vt 0.934104 0.176318
vt 0.934104 0.167048
vt 0.928539 0.196598
vt 0.922957 0.196598
vt 0.950679 0.015940
vt 0.906256 0.208795
vt 0.911841 0.210613
vt 0.967378 0.206996
vt 0.972962 0.206996
vt 0.900691 0.206996
vt 0.906256 0.206996
vt 0.884116 0.180478
vt 0.884116 0.176318
vt 0.884116 0.167048
vt 0.956261 0.176318
vt 0.950679 0.176318
vt 0.934104 0.196598
vt 0.917401 0.206996
vt 0.911841 0.176318
vt 0.922957 0.205186
vt 0.922957 0.203313
vt 0.945118 0.206996
vt 0.945118 0.208795
vt 0.950679 0.206996
vt 0.950679 0.208795
vt 0.911841 0.208795
vt 0.911841 0.206996
vt 0.950679 0.199094
vt 0.950679 0.196598
vt 0.961818 0.186996
vt 0.917401 0.180478
vt 0.922957 0.210613
vt 0.928539 0.211529
vt 0.922957 0.211529
vt 0.889677 0.167048
vt 0.956261 0.180478
vt 0.961818 0.190367
vt 0.928539 0.001414
vt 0.906256 0.211529
vt 0.945118 0.210613
vt 0.939613 0.211529
vt 0.939613 0.210613
vt 0.961818 0.167048
vt 0.961818 0.176318
vt 0.917401 0.208795
vt 0.956261 0.201306
vt 0.950679 0.201306
vt 0.956261 0.199094
vt 0.945118 0.199094
vt 0.884116 0.206996
vt 0.939613 0.199094
vt 0.337110 0.001427
vt 0.911841 0.205186
vt 0.928539 0.206996
vt 0.945118 0.180478
vt 0.967378 0.176318
vt 0.884116 0.032038
vt 0.917401 0.002935
vt 0.934104 0.199094
vt 0.884116 0.208795
vt 0.906256 0.203313
vt 0.956261 0.167048
vt 0.906256 0.205186
vt 0.939613 0.208795
vt 0.889677 0.211529
vt 0.884116 0.210613
vt 0.889677 0.210613
vt 0.900691 0.190367
vt 0.895182 0.186996
vt 0.900691 0.186996
vt 0.906256 0.190367
vt 0.884116 0.203313
vt 0.889677 0.201306
vt 0.889677 0.203313
vt 0.934104 0.201306
vt 0.895182 0.199094
vt 0.889677 0.196598
vt 0.972962 0.208795
vt 0.972962 0.210613
vt 0.917401 0.210613
vt 0.922957 0.201306
vt 0.917401 0.199094
vt 0.939613 0.186996
vt 0.928539 0.167048
vt 0.900691 0.150108
vt 0.934104 0.002935
vt 0.956261 0.206996
vt 0.956261 0.007730
vt 0.884116 0.183709
vt 0.884116 0.205186
vt 0.917401 0.211529
vt 0.956261 0.211529
vt 0.945118 0.211529
vt 0.967378 0.167048
vt 0.934104 0.211529
vt 0.972962 0.167048
vt 0.972962 0.196598
vt 0.972962 0.211529
vt 0.928539 0.210613
vt 0.911841 0.211529
vt 0.972962 0.176318
vt 0.972962 0.186996
vt 0.967378 0.190367
vt 0.967378 0.186996
vt 0.911841 0.196598
vt 0.945118 0.203313
vt 0.967378 0.001414
vt 0.967378 0.180478
vt 0.972962 0.001414
vt 0.745192 0.002934
vt 0.739610 0.004260
vt 0.745192 0.004260
vt 0.722909 0.001413
vt 0.717344 0.002934
vt 0.722909 0.002934
vt 0.722909 0.186995
vt 0.717344 0.183708
vt 0.717344 0.186995
vt 0.722909 0.210612
vt 0.717344 0.208793
vt 0.717344 0.210612
vt 0.778470 0.001413
vt 0.772914 0.002934
vt 0.778470 0.002934
vt 0.343962 0.005470
vt 0.347133 0.008023
vt 0.346857 0.005044
vt 0.789615 0.004729
vt 0.784030 0.004260
vt 0.784030 0.004729
vt 0.772914 0.004260
vt 0.767332 0.002934
vt 0.767332 0.004260
vt 0.745192 0.032036
vt 0.750757 0.015938
vt 0.745192 0.015938
vt 0.756265 0.180477
vt 0.761771 0.176317
vt 0.756265 0.176317
vt 0.700768 0.001413
vt 0.706330 0.002934
vt 0.706330 0.001413
vt 0.761771 0.015938
vt 0.767332 0.007729
vt 0.761771 0.007729
vt 0.722909 0.180477
vt 0.728493 0.183708
vt 0.728493 0.180477
vt 0.711835 0.203312
vt 0.717344 0.205184
vt 0.717344 0.203312
vt 0.778470 0.122936
vt 0.784030 0.090734
vt 0.778470 0.090734
vt 0.700768 0.150107
vt 0.706330 0.122936
vt 0.700768 0.122936
vt 0.352747 0.004302
vt 0.354590 0.001920
vt 0.352339 0.001428
vt 0.767332 0.004729
vt 0.761771 0.004260
vt 0.761771 0.004729
vt 0.722909 0.090734
vt 0.717344 0.058701
vt 0.717344 0.090734
vt 0.706330 0.206995
vt 0.711835 0.205184
vt 0.706330 0.205184
vt 0.734053 0.004260
vt 0.739610 0.002934
vt 0.734053 0.002934
vt 0.349808 0.004541
vt 0.346501 0.002166
vt 0.734053 0.193671
vt 0.728493 0.190366
vt 0.728493 0.193671
vt 0.722909 0.150107
vt 0.717344 0.122936
vt 0.717344 0.150107
vt 0.722909 0.004260
vt 0.728493 0.002934
vt 0.717344 0.004729
vt 0.722909 0.004729
vt 0.756265 0.206995
vt 0.750757 0.208793
vt 0.756265 0.208793
vt 0.778470 0.058701
vt 0.772914 0.090734
vt 0.756265 0.004729
vt 0.756265 0.004260
vt 0.350220 0.007610
vt 0.778470 0.032036
vt 0.784030 0.015938
vt 0.778470 0.015938
vt 0.784030 0.002934
vt 0.789615 0.004260
vt 0.789615 0.002934
vt 0.734053 0.122936
vt 0.728493 0.090734
vt 0.728493 0.122936
vt 0.728493 0.004260
vt 0.728493 0.004729
vt 0.745192 0.058701
vt 0.739610 0.032036
vt 0.739610 0.058701
vt 0.722909 0.007729
vt 0.717344 0.007729
vt 0.756265 0.001413
vt 0.761771 0.002934
vt 0.761771 0.001413
vt 0.722909 0.015938
vt 0.717344 0.015938
vt 0.756265 0.058701
vt 0.761771 0.032036
vt 0.756265 0.032036
vt 0.745192 0.122936
vt 0.739610 0.090734
vt 0.739610 0.122936
vt 0.353253 0.007248
vt 0.355615 0.003994
vt 0.711835 0.007729
vt 0.706330 0.004729
vt 0.706330 0.007729
vt 0.750757 0.206995
vt 0.756265 0.205184
vt 0.750757 0.205184
vt 0.761771 0.150107
vt 0.767332 0.122936
vt 0.761771 0.122936
vt 0.745192 0.090734
vt 0.789615 0.058701
vt 0.784030 0.058701
vt 0.750757 0.032036
vt 0.756265 0.015938
vt 0.772914 0.004729
vt 0.734053 0.015938
vt 0.734053 0.032036
vt 0.350588 0.010738
vt 0.347984 0.013950
vt 0.350956 0.013950
vt 0.711835 0.001413
vt 0.711835 0.002934
vt 0.734053 0.090734
vt 0.778470 0.150107
vt 0.784030 0.122936
vt 0.767332 0.001413
vt 0.711835 0.208793
vt 0.711835 0.210612
vt 0.734053 0.058701
vt 0.711835 0.032036
vt 0.717344 0.032036
vt 0.711835 0.004260
vt 0.717344 0.004260
vt 0.778470 0.004260
vt 0.734053 0.190366
vt 0.728493 0.186995
vt 0.745192 0.180477
vt 0.750757 0.183708
vt 0.750757 0.180477
vt 0.767332 0.090734
vt 0.722909 0.058701
vt 0.711835 0.090734
vt 0.761771 0.090734
vt 0.767332 0.058701
vt 0.761771 0.058701
vt 0.344705 0.011381
vt 0.343965 0.008467
vt 0.778470 0.007729
vt 0.772914 0.015938
vt 0.728493 0.007729
vt 0.728493 0.015938
vt 0.353504 0.010267
vt 0.355881 0.012181
vt 0.356360 0.009904
vt 0.722909 0.201304
vt 0.717344 0.199093
vt 0.717344 0.201304
vt 0.717344 0.193671
vt 0.722909 0.196596
vt 0.722909 0.193671
vt 0.347603 0.011019
vt 0.706330 0.190366
vt 0.700768 0.193671
vt 0.706330 0.193671
vt 0.700768 0.090734
vt 0.706330 0.058701
vt 0.700768 0.058701
vt 0.734053 0.007729
vt 0.739610 0.015938
vt 0.739610 0.007729
vt 0.745192 0.208793
vt 0.750757 0.210612
vt 0.722909 0.122936
vt 0.750757 0.122936
vt 0.750757 0.090734
vt 0.734053 0.004729
vt 0.789615 0.015938
vt 0.784030 0.032036
vt 0.789615 0.032036
vt 0.756265 0.090734
vt 0.789615 0.122936
vt 0.784030 0.150107
vt 0.789615 0.150107
vt 0.706330 0.090734
vt 0.706330 0.180477
vt 0.711835 0.183708
vt 0.711835 0.180477
vt 0.711835 0.122936
vt 0.756265 0.203312
vt 0.761771 0.205184
vt 0.761771 0.203312
vt 0.728493 0.032036
vt 0.728493 0.058701
vt 0.728493 0.150107
vt 0.711835 0.004729
vt 0.784030 0.203312
vt 0.789615 0.201304
vt 0.784030 0.201304
vt 0.772914 0.032036
vt 0.767332 0.032036
vt 0.761771 0.193671
vt 0.756265 0.196596
vt 0.761771 0.196596
vt 0.789615 0.090734
vt 0.750757 0.058701
vt 0.711835 0.015938
vt 0.700768 0.004729
vt 0.772914 0.058701
vt 0.767332 0.150107
vt 0.772914 0.122936
vt 0.711835 0.150107
vt 0.706330 0.150107
vt 0.739610 0.004729
vt 0.711835 0.058701
vt 0.778470 0.004729
vt 0.734053 0.196596
vt 0.728493 0.196596
vt 0.778470 0.210612
vt 0.784030 0.208793
vt 0.778470 0.208793
vt 0.756265 0.150107
vt 0.756265 0.122936
vt 0.745192 0.007729
vt 0.772914 0.150107
vt 0.750757 0.150107
vt 0.784030 0.007729
vt 0.789615 0.007729
vt 0.734053 0.205184
vt 0.728493 0.203312
vt 0.728493 0.205184
vt 0.706330 0.032036
vt 0.706330 0.015938
vt 0.711835 0.193671
vt 0.717344 0.196596
vt 0.745192 0.183708
vt 0.739610 0.180477
vt 0.739610 0.183708
vt 0.756265 0.002934
vt 0.711835 0.190366
vt 0.700768 0.002934
vt 0.706330 0.004260
vt 0.778470 0.193671
vt 0.772914 0.196596
vt 0.778470 0.196596
vt 0.750757 0.007729
vt 0.750757 0.004729
vt 0.353823 0.013209
vt 0.756265 0.007729
vt 0.700768 0.004260
vt 0.761771 0.186995
vt 0.756265 0.190366
vt 0.761771 0.190366
vt 0.700768 0.196596
vt 0.706330 0.196596
vt 0.778470 0.206995
vt 0.772914 0.208793
vt 0.345735 0.013467
vt 0.767332 0.193671
vt 0.739610 0.150107
vt 0.700768 0.007729
vt 0.767332 0.205184
vt 0.772914 0.203312
vt 0.767332 0.203312
vt 0.711835 0.201304
vt 0.700768 0.015938
vt 0.745192 0.004729
vt 0.750757 0.004260
vt 0.711835 0.176317
vt 0.717344 0.180477
vt 0.717344 0.176317
vt 0.734053 0.183708
vt 0.739610 0.186995
vt 0.706330 0.186995
vt 0.722909 0.032036
vt 0.761771 0.167047
vt 0.756265 0.167047
vt 0.745192 0.205184
vt 0.750757 0.203312
vt 0.745192 0.203312
vt 0.745192 0.201304
vt 0.739610 0.199093
vt 0.739610 0.201304
vt 0.767332 0.186995
vt 0.700768 0.190366
vt 0.739610 0.206995
vt 0.745192 0.206995
vt 0.778470 0.203312
vt 0.722909 0.176317
vt 0.717344 0.167047
vt 0.767332 0.190366
vt 0.772914 0.186995
vt 0.772914 0.210612
vt 0.767332 0.211528
vt 0.772914 0.211528
vt 0.789615 0.199093
vt 0.756265 0.193671
vt 0.722909 0.199093
vt 0.761771 0.183708
vt 0.767332 0.180477
vt 0.761771 0.180477
vt 0.739610 0.176317
vt 0.734053 0.167047
vt 0.734053 0.176317
vt 0.722909 0.183708
vt 0.728493 0.201304
vt 0.734053 0.203312
vt 0.734053 0.201304
vt 0.750757 0.190366
vt 0.745192 0.186995
vt 0.745192 0.190366
vt 0.745192 0.193671
vt 0.739610 0.190366
vt 0.739610 0.193671
vt 0.772914 0.190366
vt 0.772914 0.193671
vt 0.734053 0.001413
vt 0.750757 0.193671
vt 0.711835 0.167047
vt 0.728493 0.199093
vt 0.778470 0.199093
vt 0.784030 0.196596
vt 0.789615 0.203312
vt 0.784030 0.205184
vt 0.789615 0.205184
vt 0.734053 0.150107
vt 0.739610 0.167047
vt 0.706330 0.199093
vt 0.700768 0.201304
vt 0.706330 0.201304
vt 0.706330 0.176317
vt 0.778470 0.211528
vt 0.784030 0.210612
vt 0.772914 0.205184
vt 0.767332 0.167047
vt 0.772914 0.167047
vt 0.784030 0.183708
vt 0.789615 0.180477
vt 0.784030 0.180477
vt 0.344441 0.003205
vt 0.772914 0.183708
vt 0.778470 0.180477
vt 0.772914 0.180477
vt 0.784030 0.199093
vt 0.778470 0.201304
vt 0.745192 0.176317
vt 0.750757 0.176317
vt 0.761771 0.201304
vt 0.711835 0.206995
vt 0.706330 0.208793
vt 0.717344 0.211528
vt 0.711835 0.196596
vt 0.728493 0.167047
vt 0.722909 0.167047
vt 0.789615 0.190366
vt 0.784030 0.193671
vt 0.789615 0.193671
vt 0.745192 0.196596
vt 0.767332 0.015938
vt 0.734053 0.186995
vt 0.722909 0.208793
vt 0.728493 0.210612
vt 0.728493 0.208793
vt 0.784030 0.206995
vt 0.717344 0.206995
vt 0.700768 0.180477
vt 0.700768 0.176317
vt 0.700768 0.167047
vt 0.772914 0.176317
vt 0.767332 0.176317
vt 0.750757 0.196596
vt 0.745192 0.199093
vt 0.750757 0.199093
vt 0.734053 0.206995
vt 0.739610 0.208793
vt 0.728493 0.176317
vt 0.739610 0.205184
vt 0.761771 0.206995
vt 0.767332 0.206995
vt 0.761771 0.208793
vt 0.767332 0.208793
vt 0.722909 0.206995
vt 0.772914 0.206995
vt 0.767332 0.199093
vt 0.772914 0.199093
vt 0.778470 0.186995
vt 0.784030 0.186995
vt 0.750757 0.167047
vt 0.734053 0.180477
vt 0.739610 0.210612
vt 0.745192 0.211528
vt 0.745192 0.210612
vt 0.706330 0.167047
vt 0.778470 0.190366
vt 0.767332 0.183708
vt 0.745192 0.001413
vt 0.722909 0.211528
vt 0.756265 0.211528
vt 0.761771 0.210612
vt 0.756265 0.210612
vt 0.739610 0.196596
vt 0.778470 0.167047
vt 0.778470 0.176317
vt 0.734053 0.208793
vt 0.728493 0.206995
vt 0.772914 0.201304
vt 0.767332 0.201304
vt 0.761771 0.199093
vt 0.767332 0.196596
vt 0.700768 0.206995
vt 0.700768 0.205184
vt 0.756265 0.201304
vt 0.756265 0.199093
vt 0.750757 0.186995
vt 0.756265 0.183708
vt 0.706330 0.203312
vt 0.784030 0.176317
vt 0.700768 0.032036
vt 0.728493 0.001413
vt 0.711835 0.199093
vt 0.767332 0.210612
vt 0.700768 0.208793
vt 0.722909 0.203312
vt 0.722909 0.205184
vt 0.706330 0.211528
vt 0.700768 0.210612
vt 0.700768 0.211528
vt 0.717344 0.190366
vt 0.711835 0.186995
vt 0.722909 0.190366
vt 0.750757 0.002934
vt 0.700768 0.203312
vt 0.750757 0.201304
vt 0.778470 0.183708
vt 0.789615 0.208793
vt 0.734053 0.210612
vt 0.734053 0.199093
vt 0.756265 0.186995
vt 0.745192 0.167047
vt 0.706330 0.210612
vt 0.739610 0.211528
vt 0.750757 0.001413
vt 0.789615 0.206995
vt 0.772914 0.007729
vt 0.700768 0.183708
vt 0.706330 0.183708
vt 0.700768 0.186995
vt 0.734053 0.211528
vt 0.728493 0.211528
vt 0.761771 0.211528
vt 0.784030 0.167047
vt 0.778470 0.205184
vt 0.711835 0.211528
vt 0.750757 0.211528
vt 0.789615 0.167047
vt 0.789615 0.196596
vt 0.784030 0.211528
vt 0.789615 0.210612
vt 0.789615 0.186995
vt 0.784030 0.190366
vt 0.745192 0.150107
vt 0.739610 0.203312
vt 0.789615 0.183708
vt 0.700768 0.199093
vt 0.772914 0.001413
vt 0.784030 0.001413
vt 0.789615 0.176317
vt 0.789615 0.001413
vt 0.836866 0.002934
vt 0.831284 0.004260
vt 0.836866 0.004260
vt 0.814583 0.001413
vt 0.809018 0.002934
vt 0.814583 0.002934
vt 0.814583 0.186990
vt 0.809018 0.183704
vt 0.809018 0.186990
vt 0.814583 0.210607
vt 0.809018 0.208788
vt 0.809018 0.210607
vt 0.870144 0.001413
vt 0.864587 0.002934
vt 0.870144 0.002934
vt 0.898973 0.218507
vt 0.902143 0.221060
vt 0.901868 0.218081
vt 0.881288 0.004729
vt 0.875704 0.004260
vt 0.875704 0.004729
vt 0.864587 0.004260
vt 0.859006 0.002934
vt 0.859006 0.004260
vt 0.836866 0.032036
vt 0.842431 0.015938
vt 0.836866 0.015938
vt 0.847939 0.180473
vt 0.853445 0.176313
vt 0.847939 0.176313
vt 0.792444 0.001413
vt 0.798005 0.002934
vt 0.798005 0.001413
vt 0.853445 0.015938
vt 0.859006 0.007729
vt 0.853445 0.007729
vt 0.814583 0.180473
vt 0.820168 0.183704
vt 0.820168 0.180473
vt 0.803510 0.203307
vt 0.809018 0.205180
vt 0.809018 0.203307
vt 0.870144 0.122933
vt 0.875704 0.090732
vt 0.870144 0.090732
vt 0.792444 0.150103
vt 0.798005 0.122933
vt 0.792444 0.122933
vt 0.907758 0.217339
vt 0.909601 0.214957
vt 0.907350 0.214465
vt 0.859006 0.004729
vt 0.853445 0.004260
vt 0.853445 0.004729
vt 0.814583 0.090732
vt 0.809018 0.058700
vt 0.809018 0.090732
vt 0.798005 0.206990
vt 0.803510 0.205180
vt 0.798005 0.205180
vt 0.825728 0.004260
vt 0.831284 0.002934
vt 0.825728 0.002934
vt 0.904819 0.217578
vt 0.901512 0.215203
vt 0.825728 0.193666
vt 0.820168 0.190361
vt 0.820168 0.193666
vt 0.814583 0.150103
vt 0.809018 0.122933
vt 0.809018 0.150103
vt 0.814583 0.004260
vt 0.820168 0.002934
vt 0.809018 0.004729
vt 0.814583 0.004729
vt 0.847939 0.206990
vt 0.842431 0.208788
vt 0.847939 0.208788
vt 0.870144 0.058700
vt 0.864587 0.090732
vt 0.847939 0.004729
vt 0.847939 0.004260
vt 0.905231 0.220646
vt 0.870144 0.032036
vt 0.875704 0.015938
vt 0.870144 0.015938
vt 0.875704 0.002934
vt 0.881288 0.004260
vt 0.881288 0.002934
vt 0.825728 0.122933
vt 0.820168 0.090732
vt 0.820168 0.122933
vt 0.820168 0.004260
vt 0.820168 0.004729
vt 0.836866 0.058700
vt 0.831284 0.032036
vt 0.831284 0.058700
vt 0.814583 0.007729
vt 0.809018 0.007729
vt 0.847939 0.001413
vt 0.853445 0.002934
vt 0.853445 0.001413
vt 0.814583 0.015938
vt 0.809018 0.015938
vt 0.847939 0.058700
vt 0.853445 0.032036
vt 0.847939 0.032036
vt 0.836866 0.122933
vt 0.831284 0.090732
vt 0.831284 0.122933
vt 0.908264 0.220284
vt 0.910625 0.217030
vt 0.803510 0.007729
vt 0.798005 0.004729
vt 0.798005 0.007729
vt 0.842431 0.206990
vt 0.847939 0.205180
vt 0.842431 0.205180
vt 0.853445 0.150103
vt 0.859006 0.122933
vt 0.853445 0.122933
vt 0.836866 0.090732
vt 0.881288 0.058700
vt 0.875704 0.058700
vt 0.842431 0.032036
vt 0.847939 0.015938
vt 0.864587 0.004729
vt 0.825728 0.015938
vt 0.825728 0.032036
vt 0.905599 0.223775
vt 0.902994 0.226987
vt 0.905966 0.226987
vt 0.803510 0.001413
vt 0.803510 0.002934
vt 0.825728 0.090732
vt 0.870144 0.150103
vt 0.875704 0.122933
vt 0.859006 0.001413
vt 0.803510 0.208788
vt 0.803510 0.210607
vt 0.825728 0.058700
vt 0.803510 0.032036
vt 0.809018 0.032036
vt 0.803510 0.004260
vt 0.809018 0.004260
vt 0.870144 0.004260
vt 0.825728 0.190361
vt 0.820168 0.186990
vt 0.836866 0.180473
vt 0.842431 0.183704
vt 0.842431 0.180473
vt 0.859006 0.090732
vt 0.814583 0.058700
vt 0.803510 0.090732
vt 0.853445 0.090732
vt 0.859006 0.058700
vt 0.853445 0.058700
vt 0.899716 0.224418
vt 0.898976 0.221503
vt 0.870144 0.007729
vt 0.864587 0.015938
vt 0.820168 0.007729
vt 0.820168 0.015938
vt 0.908515 0.223304
vt 0.910892 0.225218
vt 0.911371 0.222941
vt 0.814583 0.201300
vt 0.809018 0.199088
vt 0.809018 0.201300
vt 0.809018 0.193666
vt 0.814583 0.196592
vt 0.814583 0.193666
vt 0.902614 0.224056
vt 0.798005 0.190361
vt 0.792444 0.193666
vt 0.798005 0.193666
vt 0.792444 0.090732
vt 0.798005 0.058700
vt 0.792444 0.058700
vt 0.825728 0.007729
vt 0.831284 0.015938
vt 0.831284 0.007729
vt 0.836866 0.208788
vt 0.842431 0.210607
vt 0.814583 0.122933
vt 0.842431 0.122933
vt 0.842431 0.090732
vt 0.825728 0.004729
vt 0.881288 0.015938
vt 0.875704 0.032036
vt 0.881288 0.032036
vt 0.847939 0.090732
vt 0.881288 0.122933
vt 0.875704 0.150103
vt 0.881288 0.150103
vt 0.798005 0.090732
vt 0.798005 0.180473
vt 0.803510 0.183704
vt 0.803510 0.180473
vt 0.803510 0.122933
vt 0.847939 0.203307
vt 0.853445 0.205180
vt 0.853445 0.203307
vt 0.820168 0.032036
vt 0.820168 0.058700
vt 0.820168 0.150103
vt 0.803510 0.004729
vt 0.875704 0.203307
vt 0.881288 0.201300
vt 0.875704 0.201300
vt 0.864587 0.032036
vt 0.859006 0.032036
vt 0.853445 0.193666
vt 0.847939 0.196592
vt 0.853445 0.196592
vt 0.881288 0.090732
vt 0.842431 0.058700
vt 0.803510 0.015938
vt 0.792444 0.004729
vt 0.864587 0.058700
vt 0.859006 0.150103
vt 0.864587 0.122933
vt 0.803510 0.150103
vt 0.798005 0.150103
vt 0.831284 0.004729
vt 0.803510 0.058700
vt 0.870144 0.004729
vt 0.825728 0.196592
vt 0.820168 0.196592
vt 0.870144 0.210607
vt 0.875704 0.208788
vt 0.870144 0.208788
vt 0.847939 0.150103
vt 0.847939 0.122933
vt 0.836866 0.007729
vt 0.864587 0.150103
vt 0.842431 0.150103
vt 0.875704 0.007729
vt 0.881288 0.007729
vt 0.825728 0.205180
vt 0.820168 0.203307
vt 0.820168 0.205180
vt 0.798005 0.032036
vt 0.798005 0.015938
vt 0.803510 0.193666
vt 0.809018 0.196592
vt 0.836866 0.183704
vt 0.831284 0.180473
vt 0.831284 0.183704
vt 0.847939 0.002934
vt 0.803510 0.190361
vt 0.792444 0.002934
vt 0.798005 0.004260
vt 0.870144 0.193666
vt 0.864587 0.196592
vt 0.870144 0.196592
vt 0.842431 0.007729
vt 0.842431 0.004729
vt 0.908834 0.226246
vt 0.847939 0.007729
vt 0.792444 0.004260
vt 0.853445 0.186990
vt 0.847939 0.190361
vt 0.853445 0.190361
vt 0.792444 0.196592
vt 0.798005 0.196592
vt 0.870144 0.206990
vt 0.864587 0.208788
vt 0.900746 0.226504
vt 0.859006 0.193666
vt 0.831284 0.150103
vt 0.792444 0.007729
vt 0.859006 0.205180
vt 0.864587 0.203307
vt 0.859006 0.203307
vt 0.803510 0.201300
vt 0.792444 0.015938
vt 0.836866 0.004729
vt 0.842431 0.004260
vt 0.803510 0.176313
vt 0.809018 0.180473
vt 0.809018 0.176313
vt 0.825728 0.183704
vt 0.831284 0.186990
vt 0.798005 0.186990
vt 0.814583 0.032036
vt 0.853445 0.167043
vt 0.847939 0.167043
vt 0.836866 0.205180
vt 0.842431 0.203307
vt 0.836866 0.203307
vt 0.836866 0.201300
vt 0.831284 0.199088
vt 0.831284 0.201300
vt 0.859006 0.186990
vt 0.792444 0.190361
vt 0.831284 0.206990
vt 0.836866 0.206990
vt 0.870144 0.203307
vt 0.814583 0.176313
vt 0.809018 0.167043
vt 0.859006 0.190361
vt 0.864587 0.186990
vt 0.864587 0.210607
vt 0.859006 0.211523
vt 0.864587 0.211523
vt 0.881288 0.199088
vt 0.847939 0.193666
vt 0.814583 0.199088
vt 0.853445 0.183704
vt 0.859006 0.180473
vt 0.853445 0.180473
vt 0.831284 0.176313
vt 0.825728 0.167043
vt 0.825728 0.176313
vt 0.814583 0.183704
vt 0.820168 0.201300
vt 0.825728 0.203307
vt 0.825728 0.201300
vt 0.842431 0.190361
vt 0.836866 0.186990
vt 0.836866 0.190361
vt 0.836866 0.193666
vt 0.831284 0.190361
vt 0.831284 0.193666
vt 0.864587 0.190361
vt 0.864587 0.193666
vt 0.825728 0.001413
vt 0.842431 0.193666
vt 0.803510 0.167043
vt 0.820168 0.199088
vt 0.870144 0.199088
vt 0.875704 0.196592
vt 0.881288 0.203307
vt 0.875704 0.205180
vt 0.881288 0.205180
vt 0.825728 0.150103
vt 0.831284 0.167043
vt 0.798005 0.199088
vt 0.792444 0.201300
vt 0.798005 0.201300
vt 0.798005 0.176313
vt 0.870144 0.211523
vt 0.875704 0.210607
vt 0.864587 0.205180
vt 0.859006 0.167043
vt 0.864587 0.167043
vt 0.875704 0.183704
vt 0.881288 0.180473
vt 0.875704 0.180473
vt 0.899452 0.216242
vt 0.864587 0.183704
vt 0.870144 0.180473
vt 0.864587 0.180473
vt 0.875704 0.199088
vt 0.870144 0.201300
vt 0.836866 0.176313
vt 0.842431 0.176313
vt 0.853445 0.201300
vt 0.803510 0.206990
vt 0.798005 0.208788
vt 0.809018 0.211523
vt 0.803510 0.196592
vt 0.820168 0.167043
vt 0.814583 0.167043
vt 0.881288 0.190361
vt 0.875704 0.193666
vt 0.881288 0.193666
vt 0.836866 0.196592
vt 0.859006 0.015938
vt 0.825728 0.186990
vt 0.814583 0.208788
vt 0.820168 0.210607
vt 0.820168 0.208788
vt 0.875704 0.206990
vt 0.809018 0.206990
vt 0.792444 0.180473
vt 0.792444 0.176313
vt 0.792444 0.167043
vt 0.864587 0.176313
vt 0.859006 0.176313
vt 0.842431 0.196592
vt 0.836866 0.199088
vt 0.842431 0.199088
vt 0.825728 0.206990
vt 0.831284 0.208788
vt 0.820168 0.176313
vt 0.831284 0.205180
vt 0.853445 0.206990
vt 0.859006 0.206990
vt 0.853445 0.208788
vt 0.859006 0.208788
vt 0.814583 0.206990
vt 0.864587 0.206990
vt 0.859006 0.199088
vt 0.864587 0.199088
vt 0.870144 0.186990
vt 0.875704 0.186990
vt 0.842431 0.167043
vt 0.825728 0.180473
vt 0.831284 0.210607
vt 0.836866 0.211523
vt 0.836866 0.210607
vt 0.798005 0.167043
vt 0.870144 0.190361
vt 0.859006 0.183704
vt 0.836866 0.001413
vt 0.814583 0.211523
vt 0.847939 0.211523
vt 0.853445 0.210607
vt 0.847939 0.210607
vt 0.831284 0.196592
vt 0.870144 0.167043
vt 0.870144 0.176313
vt 0.825728 0.208788
vt 0.820168 0.206990
vt 0.864587 0.201300
vt 0.859006 0.201300
vt 0.853445 0.199088
vt 0.859006 0.196592
vt 0.792444 0.206990
vt 0.792444 0.205180
vt 0.847939 0.201300
vt 0.847939 0.199088
vt 0.842431 0.186990
vt 0.847939 0.183704
vt 0.798005 0.203307
vt 0.875704 0.176313
vt 0.792444 0.032036
vt 0.820168 0.001413
vt 0.803510 0.199088
vt 0.859006 0.210607
vt 0.792444 0.208788
vt 0.814583 0.203307
vt 0.814583 0.205180
vt 0.798005 0.211523
vt 0.792444 0.210607
vt 0.792444 0.211523
vt 0.809018 0.190361
vt 0.803510 0.186990
vt 0.814583 0.190361
vt 0.842431 0.002934
vt 0.792444 0.203307
vt 0.842431 0.201300
vt 0.870144 0.183704
vt 0.881288 0.208788
vt 0.825728 0.210607
vt 0.825728 0.199088
vt 0.847939 0.186990
vt 0.836866 0.167043
vt 0.798005 0.210607
vt 0.831284 0.211523
vt 0.842431 0.001413
vt 0.881288 0.206990
vt 0.864587 0.007729
vt 0.792444 0.183704
vt 0.798005 0.183704
vt 0.792444 0.186990
vt 0.825728 0.211523
vt 0.820168 0.211523
vt 0.853445 0.211523
vt 0.875704 0.167043
vt 0.870144 0.205180
vt 0.803510 0.211523
vt 0.842431 0.211523
vt 0.881288 0.167043
vt 0.881288 0.196592
vt 0.875704 0.211523
vt 0.881288 0.210607
vt 0.881288 0.186990
vt 0.875704 0.190361
vt 0.836866 0.150103
vt 0.831284 0.203307
vt 0.881288 0.183704
vt 0.792444 0.199088
vt 0.864587 0.001413
vt 0.875704 0.001413
vt 0.881288 0.176313
vt 0.881288 0.001413
vt 0.860974 0.317776
vt 0.855392 0.319102
vt 0.855392 0.317776
vt 0.833125 0.317776
vt 0.838690 0.316255
vt 0.838690 0.317776
vt 0.838690 0.501836
vt 0.833125 0.498550
vt 0.838690 0.498550
vt 0.833125 0.523635
vt 0.838690 0.525454
vt 0.833125 0.525454
vt 0.894252 0.316255
vt 0.888696 0.317776
vt 0.888696 0.316255
vt 0.004585 0.008022
vt 0.001414 0.005468
vt 0.004309 0.005043
vt 0.905397 0.319571
vt 0.899812 0.319102
vt 0.905397 0.319102
vt 0.888696 0.319102
vt 0.883114 0.317776
vt 0.866539 0.330780
vt 0.860974 0.346878
vt 0.860974 0.330780
vt 0.877553 0.491159
vt 0.872047 0.495319
vt 0.872047 0.491159
vt 0.822111 0.317776
vt 0.816550 0.316255
vt 0.822111 0.316255
vt 0.883114 0.322571
vt 0.877553 0.330780
vt 0.877553 0.322571
vt 0.844275 0.498550
vt 0.838690 0.495319
vt 0.844275 0.495319
vt 0.827617 0.518154
vt 0.833125 0.520026
vt 0.827617 0.520026
vt 0.899812 0.405576
vt 0.894252 0.437778
vt 0.894252 0.405576
vt 0.822111 0.437778
vt 0.816550 0.464948
vt 0.816550 0.437778
vt 0.010200 0.004300
vt 0.012043 0.001919
vt 0.013067 0.003992
vt 0.877553 0.319102
vt 0.883114 0.319571
vt 0.877553 0.319571
vt 0.833125 0.373543
vt 0.838690 0.405576
vt 0.833125 0.405576
vt 0.822111 0.521837
vt 0.822111 0.520026
vt 0.849835 0.319102
vt 0.007261 0.004540
vt 0.003953 0.002164
vt 0.006831 0.001414
vt 0.844275 0.505208
vt 0.849835 0.508512
vt 0.844275 0.508512
vt 0.838690 0.464948
vt 0.833125 0.437778
vt 0.838690 0.437778
vt 0.838690 0.319102
vt 0.844275 0.317776
vt 0.844275 0.319102
vt 0.833125 0.319571
vt 0.838690 0.319571
vt 0.872047 0.521837
vt 0.866539 0.523635
vt 0.866539 0.521837
vt 0.888696 0.405576
vt 0.894252 0.373543
vt 0.872047 0.319571
vt 0.872047 0.319102
vt 0.007673 0.007608
vt 0.899812 0.330780
vt 0.894252 0.346878
vt 0.894252 0.330780
vt 0.899812 0.317776
vt 0.905397 0.317776
vt 0.849835 0.437778
vt 0.844275 0.405576
vt 0.849835 0.405576
vt 0.855392 0.346878
vt 0.860974 0.373543
vt 0.855392 0.373543
vt 0.838690 0.322571
vt 0.872047 0.316255
vt 0.877553 0.317776
vt 0.872047 0.317776
vt 0.833125 0.322571
vt 0.838690 0.330780
vt 0.833125 0.330780
vt 0.877553 0.346878
vt 0.872047 0.373543
vt 0.872047 0.346878
vt 0.855392 0.405576
vt 0.860974 0.437778
vt 0.855392 0.437778
vt 0.010706 0.007246
vt 0.013817 0.006894
vt 0.827617 0.322571
vt 0.822111 0.319571
vt 0.827617 0.319571
vt 0.872047 0.520026
vt 0.866539 0.520026
vt 0.883114 0.437778
vt 0.877553 0.464948
vt 0.877553 0.437778
vt 0.860974 0.405576
vt 0.905397 0.373543
vt 0.905397 0.405576
vt 0.866539 0.346878
vt 0.872047 0.330780
vt 0.888696 0.319571
vt 0.849835 0.330780
vt 0.855392 0.330780
vt 0.005436 0.013949
vt 0.008040 0.010737
vt 0.008408 0.013949
vt 0.827617 0.316255
vt 0.833125 0.316255
vt 0.899812 0.437778
vt 0.894252 0.464948
vt 0.883114 0.316255
vt 0.827617 0.523635
vt 0.849835 0.346878
vt 0.849835 0.373543
vt 0.827617 0.346878
vt 0.827617 0.373543
vt 0.827617 0.319102
vt 0.894252 0.319102
vt 0.894252 0.317776
vt 0.844275 0.501836
vt 0.849835 0.505208
vt 0.860974 0.495319
vt 0.866539 0.498550
vt 0.860974 0.498550
vt 0.883114 0.405576
vt 0.838690 0.373543
vt 0.833125 0.346878
vt 0.838690 0.346878
vt 0.827617 0.405576
vt 0.827617 0.437778
vt 0.883114 0.373543
vt 0.877553 0.405576
vt 0.877553 0.373543
vt 0.002157 0.011380
vt 0.001418 0.008465
vt 0.888696 0.330780
vt 0.894252 0.322571
vt 0.844275 0.322571
vt 0.849835 0.322571
vt 0.013334 0.012180
vt 0.010957 0.010266
vt 0.013813 0.009903
vt 0.833125 0.513935
vt 0.838690 0.516146
vt 0.833125 0.516146
vt 0.838690 0.511438
vt 0.833125 0.508512
vt 0.838690 0.508512
vt 0.005056 0.011018
vt 0.822111 0.505208
vt 0.816550 0.508512
vt 0.816550 0.505208
vt 0.822111 0.373543
vt 0.816550 0.405576
vt 0.816550 0.373543
vt 0.855392 0.322571
vt 0.899812 0.319571
vt 0.894252 0.319571
vt 0.866539 0.525454
vt 0.860974 0.523635
vt 0.866539 0.437778
vt 0.844275 0.319571
vt 0.849835 0.319571
vt 0.899812 0.346878
vt 0.905397 0.330780
vt 0.905397 0.346878
vt 0.872047 0.405576
vt 0.899812 0.464948
vt 0.905397 0.437778
vt 0.905397 0.464948
vt 0.866539 0.405576
vt 0.866539 0.373543
vt 0.822111 0.495319
vt 0.827617 0.498550
vt 0.822111 0.498550
vt 0.844275 0.330780
vt 0.822111 0.405576
vt 0.872047 0.518154
vt 0.877553 0.520026
vt 0.844275 0.346878
vt 0.844275 0.464948
vt 0.844275 0.437778
vt 0.899812 0.518154
vt 0.905397 0.516146
vt 0.905397 0.518154
vt 0.888696 0.346878
vt 0.883114 0.346878
vt 0.877553 0.508512
vt 0.872047 0.511438
vt 0.872047 0.508512
vt 0.827617 0.330780
vt 0.827617 0.317776
vt 0.816550 0.319571
vt 0.822111 0.322571
vt 0.816550 0.322571
vt 0.888696 0.373543
vt 0.888696 0.437778
vt 0.883114 0.464948
vt 0.827617 0.464948
vt 0.822111 0.464948
vt 0.899812 0.373543
vt 0.872047 0.437778
vt 0.849835 0.511438
vt 0.899812 0.523635
vt 0.894252 0.525454
vt 0.894252 0.523635
vt 0.872047 0.464948
vt 0.860974 0.322571
vt 0.855392 0.319571
vt 0.860974 0.319571
vt 0.888696 0.464948
vt 0.844275 0.373543
vt 0.866539 0.464948
vt 0.860974 0.464948
vt 0.899812 0.322571
vt 0.905397 0.322571
vt 0.849835 0.520026
vt 0.844275 0.518154
vt 0.849835 0.518154
vt 0.822111 0.346878
vt 0.822111 0.330780
vt 0.827617 0.508512
vt 0.833125 0.511438
vt 0.827617 0.511438
vt 0.855392 0.495319
vt 0.855392 0.498550
vt 0.833125 0.319102
vt 0.827617 0.505208
vt 0.822111 0.319102
vt 0.816550 0.317776
vt 0.894252 0.508512
vt 0.888696 0.511438
vt 0.888696 0.508512
vt 0.866539 0.322571
vt 0.872047 0.322571
vt 0.011276 0.013208
vt 0.816550 0.319102
vt 0.872047 0.505208
vt 0.877553 0.501836
vt 0.877553 0.505208
vt 0.822111 0.508512
vt 0.816550 0.511438
vt 0.888696 0.523635
vt 0.894252 0.521837
vt 0.003187 0.013466
vt 0.883114 0.508512
vt 0.877553 0.511438
vt 0.855392 0.464948
vt 0.816550 0.330780
vt 0.888696 0.518154
vt 0.883114 0.520026
vt 0.883114 0.518154
vt 0.827617 0.516146
vt 0.833125 0.518154
vt 0.883114 0.319102
vt 0.866539 0.319102
vt 0.860974 0.319102
vt 0.866539 0.319571
vt 0.827617 0.491159
vt 0.833125 0.495319
vt 0.827617 0.495319
vt 0.849835 0.498550
vt 0.855392 0.501836
vt 0.849835 0.501836
vt 0.822111 0.501836
vt 0.877553 0.481889
vt 0.872047 0.481889
vt 0.872047 0.498550
vt 0.866539 0.518154
vt 0.860974 0.520026
vt 0.860974 0.518154
vt 0.860974 0.516146
vt 0.855392 0.513935
vt 0.860974 0.513935
vt 0.883114 0.501836
vt 0.883114 0.505208
vt 0.816550 0.501836
vt 0.855392 0.521837
vt 0.855392 0.523635
vt 0.899812 0.516146
vt 0.894252 0.518154
vt 0.894252 0.516146
vt 0.838690 0.491159
vt 0.833125 0.481889
vt 0.838690 0.481889
vt 0.888696 0.501836
vt 0.888696 0.505208
vt 0.888696 0.525454
vt 0.883114 0.526370
vt 0.883114 0.525454
vt 0.905397 0.513935
vt 0.838690 0.513935
vt 0.877553 0.498550
vt 0.883114 0.495319
vt 0.883114 0.498550
vt 0.849835 0.481889
vt 0.855392 0.491159
vt 0.849835 0.491159
vt 0.844275 0.516146
vt 0.866539 0.505208
vt 0.860974 0.501836
vt 0.866539 0.501836
vt 0.855392 0.505208
vt 0.860974 0.508512
vt 0.855392 0.508512
vt 0.849835 0.316255
vt 0.855392 0.316255
vt 0.860974 0.505208
vt 0.866539 0.508512
vt 0.827617 0.481889
vt 0.833125 0.491159
vt 0.844275 0.513935
vt 0.849835 0.516146
vt 0.899812 0.511438
vt 0.894252 0.513935
vt 0.894252 0.511438
vt 0.899812 0.520026
vt 0.905397 0.520026
vt 0.855392 0.481889
vt 0.849835 0.464948
vt 0.822111 0.513935
vt 0.816550 0.516146
vt 0.816550 0.513935
vt 0.822111 0.491159
vt 0.894252 0.526370
vt 0.899812 0.525454
vt 0.899812 0.526370
vt 0.888696 0.520026
vt 0.894252 0.520026
vt 0.883114 0.481889
vt 0.899812 0.498550
vt 0.905397 0.495319
vt 0.905397 0.498550
vt 0.001894 0.003203
vt 0.888696 0.498550
vt 0.894252 0.495319
vt 0.894252 0.498550
vt 0.899812 0.513935
vt 0.860974 0.491159
vt 0.866539 0.495319
vt 0.877553 0.516146
vt 0.872047 0.516146
vt 0.822111 0.523635
vt 0.827617 0.521837
vt 0.827617 0.525454
vt 0.833125 0.526370
vt 0.827617 0.526370
vt 0.844275 0.481889
vt 0.899812 0.508512
vt 0.905397 0.505208
vt 0.905397 0.508512
vt 0.866539 0.491159
vt 0.866539 0.481889
vt 0.860974 0.511438
vt 0.855392 0.511438
vt 0.883114 0.330780
vt 0.838690 0.523635
vt 0.844275 0.525454
vt 0.899812 0.521837
vt 0.905397 0.521837
vt 0.833125 0.521837
vt 0.838690 0.521837
vt 0.816550 0.495319
vt 0.816550 0.491159
vt 0.816550 0.481889
vt 0.888696 0.491159
vt 0.883114 0.491159
vt 0.866539 0.511438
vt 0.849835 0.521837
vt 0.844275 0.491159
vt 0.855392 0.520026
vt 0.855392 0.518154
vt 0.877553 0.521837
vt 0.877553 0.523635
vt 0.883114 0.521837
vt 0.883114 0.523635
vt 0.844275 0.523635
vt 0.844275 0.521837
vt 0.883114 0.513935
vt 0.883114 0.511438
vt 0.894252 0.501836
vt 0.849835 0.495319
vt 0.855392 0.525454
vt 0.860974 0.526370
vt 0.855392 0.526370
vt 0.822111 0.481889
vt 0.888696 0.495319
vt 0.894252 0.505208
vt 0.860974 0.316255
vt 0.838690 0.526370
vt 0.877553 0.525454
vt 0.872047 0.526370
vt 0.872047 0.525454
vt 0.894252 0.481889
vt 0.894252 0.491159
vt 0.849835 0.523635
vt 0.888696 0.516146
vt 0.883114 0.516146
vt 0.888696 0.513935
vt 0.877553 0.513935
vt 0.816550 0.521837
vt 0.872047 0.513935
vt 0.009792 0.001426
vt 0.844275 0.520026
vt 0.860974 0.521837
vt 0.877553 0.495319
vt 0.899812 0.491159
vt 0.816550 0.346878
vt 0.849835 0.317776
vt 0.866539 0.513935
vt 0.816550 0.523635
vt 0.838690 0.518154
vt 0.888696 0.481889
vt 0.838690 0.520026
vt 0.872047 0.523635
vt 0.822111 0.526370
vt 0.816550 0.525454
vt 0.822111 0.525454
vt 0.833125 0.505208
vt 0.827617 0.501836
vt 0.833125 0.501836
vt 0.838690 0.505208
vt 0.816550 0.518154
vt 0.822111 0.516146
vt 0.822111 0.518154
vt 0.866539 0.516146
vt 0.827617 0.513935
vt 0.822111 0.511438
vt 0.905397 0.523635
vt 0.905397 0.525454
vt 0.849835 0.525454
vt 0.855392 0.516146
vt 0.849835 0.513935
vt 0.872047 0.501836
vt 0.860974 0.481889
vt 0.833125 0.464948
vt 0.866539 0.317776
vt 0.888696 0.521837
vt 0.888696 0.322571
vt 0.816550 0.498550
vt 0.816550 0.520026
vt 0.849835 0.526370
vt 0.888696 0.526370
vt 0.877553 0.526370
vt 0.899812 0.481889
vt 0.866539 0.526370
vt 0.905397 0.481889
vt 0.905397 0.511438
vt 0.905397 0.526370
vt 0.860974 0.525454
vt 0.844275 0.526370
vt 0.905397 0.491159
vt 0.905397 0.501836
vt 0.899812 0.505208
vt 0.899812 0.501836
vt 0.844275 0.511438
vt 0.877553 0.518154
vt 0.899812 0.316255
vt 0.899812 0.495319
vt 0.905397 0.316255
vt 0.881099 0.274770
vt 0.875657 0.269032
vt 0.881099 0.269032
vt 0.886183 0.274770
vt 0.886183 0.269032
vt 0.890781 0.274770
vt 0.893138 0.252019
vt 0.894101 0.246383
vt 0.894101 0.252019
vt 0.875657 0.263300
vt 0.881099 0.263300
vt 0.893138 0.229356
vt 0.894101 0.235081
vt 0.893138 0.235081
vt 0.886183 0.224260
vt 0.881099 0.229356
vt 0.881099 0.224260
vt 0.864233 0.224260
vt 0.858496 0.229356
vt 0.858496 0.224260
vt 0.886183 0.263300
vt 0.890781 0.269032
vt 0.895029 0.257654
vt 0.896147 0.263300
vt 0.895029 0.263300
vt 0.886183 0.235081
vt 0.881099 0.235081
vt 0.875657 0.224260
vt 0.869992 0.229356
vt 0.869992 0.224260
vt 0.858496 0.280650
vt 0.864233 0.286791
vt 0.858496 0.286791
vt 0.890781 0.280650
vt 0.886183 0.280650
vt 0.288850 0.749777
vt 0.285878 0.750112
vt 0.285878 0.749777
vt 0.890781 0.219104
vt 0.893138 0.214454
vt 0.893138 0.219104
vt 0.895029 0.235081
vt 0.896147 0.240727
vt 0.895029 0.240727
vt 0.894101 0.224260
vt 0.895029 0.229356
vt 0.894101 0.229356
vt 0.858496 0.219104
vt 0.864233 0.214454
vt 0.864233 0.219104
vt 0.893138 0.274770
vt 0.894101 0.280650
vt 0.893138 0.280650
vt 0.895029 0.224260
vt 0.894101 0.219104
vt 0.895029 0.219104
vt 0.894101 0.214454
vt 0.895029 0.214454
vt 0.890781 0.252019
vt 0.886183 0.257654
vt 0.886183 0.252019
vt 0.875657 0.219104
vt 0.869992 0.219104
vt 0.886183 0.219104
vt 0.875657 0.274770
vt 0.881099 0.280650
vt 0.875657 0.280650
vt 0.869992 0.263300
vt 0.875657 0.257654
vt 0.894101 0.274770
vt 0.893138 0.269032
vt 0.894101 0.269032
vt 0.858329 0.532305
vt 0.856126 0.529325
vt 0.858329 0.529297
vt 0.893138 0.240727
vt 0.894101 0.240727
vt 0.869992 0.214454
vt 0.890781 0.214454
vt 0.896147 0.224260
vt 0.893138 0.224260
vt 0.869992 0.269032
vt 0.895029 0.286791
vt 0.896147 0.280650
vt 0.896147 0.286791
vt 0.881099 0.257654
vt 0.896147 0.269032
vt 0.895029 0.274770
vt 0.895029 0.269032
vt 0.895029 0.280650
vt 0.896147 0.274770
vt 0.864233 0.263300
vt 0.869992 0.257654
vt 0.763496 0.935719
vt 0.764396 0.934250
vt 0.764396 0.935724
vt 0.890781 0.257654
vt 0.890781 0.263300
vt 0.895029 0.252019
vt 0.881099 0.240727
vt 0.886183 0.246383
vt 0.881099 0.246383
vt 0.858496 0.274770
vt 0.864233 0.280650
vt 0.881099 0.214454
vt 0.881099 0.219104
vt 0.893138 0.257654
vt 0.894101 0.257654
vt 0.858496 0.257654
vt 0.864233 0.252019
vt 0.864233 0.257654
vt 0.869992 0.274770
vt 0.812683 0.933932
vt 0.811815 0.926461
vt 0.812683 0.926461
vt 0.893138 0.263300
vt 0.858496 0.263300
vt 0.864233 0.269032
vt 0.864233 0.274770
vt 0.858496 0.252019
vt 0.864233 0.246383
vt 0.896147 0.252019
vt 0.895029 0.246383
vt 0.896147 0.246383
vt 0.896147 0.229356
vt 0.896147 0.235081
vt 0.864233 0.240727
vt 0.869992 0.246383
vt 0.890781 0.224260
vt 0.893138 0.246383
vt 0.890781 0.240727
vt 0.896147 0.257654
vt 0.811815 0.323731
vt 0.810915 0.316259
vt 0.811815 0.316254
vt 0.886183 0.229356
vt 0.355064 0.068495
vt 0.355505 0.075905
vt 0.355064 0.075901
vt 0.869992 0.240727
vt 0.875657 0.246383
vt 0.881099 0.252019
vt 0.875657 0.252019
vt 0.355064 0.683043
vt 0.355505 0.675633
vt 0.355505 0.683051
vt 0.890781 0.229356
vt 0.890781 0.235081
vt 0.875657 0.286791
vt 0.869992 0.280650
vt 0.858496 0.240727
vt 0.864233 0.235081
vt 0.869992 0.235081
vt 0.858496 0.246383
vt 0.875657 0.240727
vt 0.886183 0.240727
vt 0.799664 0.926461
vt 0.794579 0.933698
vt 0.794579 0.926461
vt 0.875657 0.235081
vt 0.799664 0.323731
vt 0.794579 0.316494
vt 0.799664 0.316417
vt 0.869992 0.252019
vt 0.875657 0.229356
vt 0.894101 0.286791
vt 0.881099 0.286791
vt 0.794579 0.323731
vt 0.789286 0.316577
vt 0.864233 0.229356
vt 0.890781 0.286791
vt 0.890781 0.246383
vt 0.886183 0.286791
vt 0.812683 0.316260
vt 0.812683 0.323731
vt 0.893138 0.286791
vt 0.896147 0.219104
vt 0.896147 0.214454
vt 0.886183 0.214454
vt 0.858496 0.235081
vt 0.783905 0.933528
vt 0.789286 0.926461
vt 0.789286 0.933615
vt 0.841993 0.747967
vt 0.836700 0.750661
vt 0.836700 0.747967
vt 0.851829 0.529384
vt 0.856126 0.532305
vt 0.851829 0.532305
vt 0.859229 0.747967
vt 0.860097 0.750975
vt 0.859229 0.750981
vt 0.860097 0.747967
vt 0.861141 0.750959
vt 0.841993 0.532305
vt 0.836700 0.529611
vt 0.841993 0.529529
vt 0.831318 0.529697
vt 0.836700 0.532305
vt 0.831318 0.532305
vt 0.847078 0.529453
vt 0.847078 0.532305
vt 0.858496 0.269032
vt 0.808712 0.926461
vt 0.804415 0.933845
vt 0.804415 0.926461
vt 0.869992 0.286791
vt 0.875657 0.214454
vt 0.782500 0.227226
vt 0.777380 0.233325
vt 0.777380 0.227226
vt 0.782500 0.233325
vt 0.787284 0.227226
vt 0.787284 0.233325
vt 0.791610 0.227226
vt 0.791610 0.233325
vt 0.794734 0.257396
vt 0.793828 0.251407
vt 0.794734 0.251407
vt 0.777380 0.239416
vt 0.793828 0.275492
vt 0.794734 0.269408
vt 0.794734 0.275492
vt 0.782500 0.275492
vt 0.787284 0.280908
vt 0.782500 0.280908
vt 0.761233 0.275492
vt 0.766631 0.280908
vt 0.761233 0.280908
vt 0.787284 0.239416
vt 0.796659 0.239416
vt 0.795607 0.245417
vt 0.795607 0.239416
vt 0.787284 0.269408
vt 0.782500 0.269408
vt 0.772050 0.275492
vt 0.777380 0.280908
vt 0.772050 0.280908
vt 0.766631 0.214450
vt 0.761233 0.220977
vt 0.761233 0.214450
vt 0.791610 0.220977
vt 0.943495 0.539737
vt 0.947792 0.537207
vt 0.947792 0.539796
vt 0.793828 0.291330
vt 0.791610 0.286388
vt 0.793828 0.286388
vt 0.795607 0.269408
vt 0.796659 0.263407
vt 0.796659 0.269408
vt 0.795607 0.275492
vt 0.794734 0.280908
vt 0.766631 0.291330
vt 0.761233 0.286388
vt 0.766631 0.286388
vt 0.794734 0.220977
vt 0.793828 0.227226
vt 0.793828 0.220977
vt 0.795607 0.280908
vt 0.794734 0.286388
vt 0.795607 0.286388
vt 0.794734 0.291330
vt 0.787284 0.245417
vt 0.791610 0.251407
vt 0.787284 0.251407
vt 0.777380 0.286388
vt 0.772050 0.286388
vt 0.787284 0.286388
vt 0.782500 0.220977
vt 0.772050 0.239416
vt 0.777380 0.245417
vt 0.772050 0.245417
vt 0.794734 0.227226
vt 0.793828 0.233325
vt 0.793828 0.263407
vt 0.794734 0.263407
vt 0.772050 0.291330
vt 0.791610 0.291330
vt 0.796659 0.280908
vt 0.793828 0.280908
vt 0.795607 0.214450
vt 0.796659 0.220977
vt 0.795607 0.220977
vt 0.787284 0.220977
vt 0.782500 0.245417
vt 0.782500 0.251407
vt 0.796659 0.233325
vt 0.795607 0.227226
vt 0.796659 0.227226
vt 0.782500 0.239416
vt 0.766631 0.239416
vt 0.721725 0.318955
vt 0.722612 0.319616
vt 0.721725 0.319616
vt 0.791610 0.245417
vt 0.795607 0.251407
vt 0.782500 0.263407
vt 0.787284 0.257396
vt 0.787284 0.263407
vt 0.761233 0.227226
vt 0.766631 0.220977
vt 0.766631 0.227226
vt 0.782500 0.291330
vt 0.782500 0.286388
vt 0.793828 0.245417
vt 0.761233 0.245417
vt 0.766631 0.251407
vt 0.761233 0.251407
vt 0.772050 0.233325
vt 0.736490 0.319616
vt 0.731131 0.318638
vt 0.736490 0.318551
vt 0.794734 0.245417
vt 0.793828 0.239416
vt 0.794734 0.239416
vt 0.761233 0.239416
vt 0.766631 0.245417
vt 0.795607 0.233325
vt 0.766631 0.233325
vt 0.772050 0.227226
vt 0.766631 0.257396
vt 0.795607 0.257396
vt 0.796659 0.251407
vt 0.796659 0.257396
vt 0.791610 0.239416
vt 0.796659 0.275492
vt 0.772050 0.257396
vt 0.766631 0.263407
vt 0.791610 0.280908
vt 0.793828 0.257396
vt 0.791610 0.263407
vt 0.793828 0.269408
vt 0.791610 0.269408
vt 0.796659 0.245417
vt 0.765264 0.935719
vt 0.787284 0.275492
vt 0.756998 0.935631
vt 0.761294 0.934250
vt 0.761294 0.935691
vt 0.777380 0.257396
vt 0.772050 0.263407
vt 0.777380 0.251407
vt 0.791610 0.275492
vt 0.777380 0.214450
vt 0.772050 0.220977
vt 0.772050 0.214450
vt 0.766631 0.269408
vt 0.761233 0.263407
vt 0.772050 0.269408
vt 0.761233 0.257396
vt 0.777380 0.263407
vt 0.782500 0.257396
vt 0.763496 0.318147
vt 0.764396 0.319616
vt 0.763496 0.319616
vt 0.777380 0.269408
vt 0.756998 0.934250
vt 0.752247 0.935562
vt 0.752247 0.934250
vt 0.772050 0.251407
vt 0.795607 0.263407
vt 0.777380 0.275492
vt 0.794734 0.214450
vt 0.777380 0.220977
vt 0.782500 0.214450
vt 0.741871 0.935401
vt 0.747163 0.934250
vt 0.747163 0.935484
vt 0.794734 0.233325
vt 0.766631 0.275492
vt 0.791610 0.214450
vt 0.787284 0.214450
vt 0.791610 0.257396
vt 0.741871 0.318465
vt 0.747163 0.319616
vt 0.741871 0.319616
vt 0.793828 0.214450
vt 0.795607 0.291330
vt 0.796659 0.286388
vt 0.796659 0.291330
vt 0.787284 0.291330
vt 0.761233 0.233325
vt 0.765264 0.318147
vt 0.765264 0.319616
vt 0.777380 0.291330
vt 0.733735 0.226374
vt 0.728247 0.232062
vt 0.728247 0.226374
vt 0.733735 0.232062
vt 0.738864 0.226374
vt 0.738864 0.232062
vt 0.743501 0.226374
vt 0.743501 0.232062
vt 0.746849 0.254516
vt 0.745878 0.248929
vt 0.746849 0.248929
vt 0.728247 0.237744
vt 0.745878 0.271395
vt 0.746849 0.265720
vt 0.746849 0.271395
vt 0.733735 0.271395
vt 0.738864 0.276447
vt 0.733735 0.276447
vt 0.710940 0.271395
vt 0.716726 0.276447
vt 0.710940 0.276447
vt 0.738864 0.237744
vt 0.748912 0.237744
vt 0.747785 0.243342
vt 0.747785 0.237744
vt 0.738864 0.265720
vt 0.733735 0.265720
vt 0.722534 0.271395
vt 0.728247 0.276447
vt 0.722534 0.276447
vt 0.716726 0.214457
vt 0.710940 0.220545
vt 0.710940 0.214457
vt 0.743501 0.220545
vt 0.745878 0.286169
vt 0.743501 0.281558
vt 0.745878 0.281558
vt 0.747785 0.265720
vt 0.748912 0.260123
vt 0.748912 0.265720
vt 0.747785 0.271395
vt 0.746849 0.276447
vt 0.716726 0.286169
vt 0.710940 0.281558
vt 0.716726 0.281558
vt 0.746849 0.220545
vt 0.745878 0.226374
vt 0.745878 0.220545
vt 0.747785 0.276447
vt 0.746849 0.281558
vt 0.747785 0.281558
vt 0.746849 0.286169
vt 0.738864 0.243342
vt 0.743501 0.248929
vt 0.738864 0.248929
vt 0.728247 0.281558
vt 0.722534 0.281558
vt 0.738864 0.281558
vt 0.733735 0.220545
vt 0.722534 0.237744
vt 0.728247 0.243342
vt 0.722534 0.243342
vt 0.746849 0.226374
vt 0.745878 0.232062
vt 0.949995 0.539824
vt 0.950895 0.537207
vt 0.950895 0.539829
vt 0.745878 0.260123
vt 0.746849 0.260123
vt 0.722534 0.286169
vt 0.743501 0.286169
vt 0.748912 0.276447
vt 0.745878 0.276447
vt 0.747785 0.214457
vt 0.748912 0.220545
vt 0.747785 0.220545
vt 0.738864 0.220545
vt 0.733735 0.243342
vt 0.733735 0.248929
vt 0.748912 0.232062
vt 0.747785 0.226374
vt 0.748912 0.226374
vt 0.733735 0.237744
vt 0.716726 0.237744
vt 0.743501 0.243342
vt 0.747785 0.248929
vt 0.733735 0.260123
vt 0.738864 0.254516
vt 0.738864 0.260123
vt 0.710940 0.226374
vt 0.716726 0.220545
vt 0.716726 0.226374
vt 0.733735 0.286169
vt 0.733735 0.281558
vt 0.745878 0.243342
vt 0.710940 0.243342
vt 0.716726 0.248929
vt 0.710940 0.248929
vt 0.722534 0.232062
vt 0.746849 0.243342
vt 0.745878 0.237744
vt 0.746849 0.237744
vt 0.710940 0.237744
vt 0.716726 0.243342
vt 0.747785 0.232062
vt 0.716726 0.232062
vt 0.722534 0.226374
vt 0.716726 0.254516
vt 0.747785 0.254516
vt 0.748912 0.248929
vt 0.748912 0.254516
vt 0.743501 0.237744
vt 0.748912 0.271395
vt 0.722534 0.254516
vt 0.716726 0.260123
vt 0.743501 0.276447
vt 0.745878 0.254516
vt 0.743501 0.260123
vt 0.745878 0.265720
vt 0.743501 0.265720
vt 0.748912 0.243342
vt 0.738864 0.271395
vt 0.728247 0.254516
vt 0.722534 0.260123
vt 0.728247 0.248929
vt 0.724438 0.953168
vt 0.722650 0.967611
vt 0.719863 0.966870
vt 0.743501 0.271395
vt 0.728247 0.214457
vt 0.722534 0.220545
vt 0.722534 0.214457
vt 0.716726 0.265720
vt 0.710940 0.260123
vt 0.722534 0.265720
vt 0.710940 0.254516
vt 0.728247 0.260123
vt 0.733735 0.254516
vt 0.728247 0.265720
vt 0.722534 0.248929
vt 0.747785 0.260123
vt 0.728247 0.271395
vt 0.746849 0.214457
vt 0.728247 0.220545
vt 0.733735 0.214457
vt 0.746849 0.232062
vt 0.716726 0.271395
vt 0.743501 0.214457
vt 0.738864 0.214457
vt 0.743501 0.254516
vt 0.745878 0.214457
vt 0.747785 0.286169
vt 0.748912 0.281558
vt 0.748912 0.286169
vt 0.738864 0.286169
vt 0.949995 0.318146
vt 0.950895 0.320763
vt 0.949995 0.320763
vt 0.938744 0.539668
vt 0.943495 0.537207
vt 0.922984 0.539424
vt 0.928366 0.537207
vt 0.928366 0.539510
vt 0.952807 0.539808
vt 0.951763 0.537207
vt 0.952807 0.537207
vt 0.951763 0.318147
vt 0.951763 0.320763
vt 0.949995 0.537207
vt 0.933659 0.537207
vt 0.933659 0.539592
vt 0.710940 0.232062
vt 0.728247 0.286169
vt 0.831057 0.276878
vt 0.825800 0.270938
vt 0.831057 0.270938
vt 0.835970 0.276878
vt 0.835970 0.270938
vt 0.840413 0.276878
vt 0.842690 0.253328
vt 0.843620 0.247494
vt 0.843620 0.253328
vt 0.825800 0.265006
vt 0.831057 0.265006
vt 0.842690 0.229870
vt 0.843620 0.235795
vt 0.842690 0.235795
vt 0.835970 0.224595
vt 0.831057 0.229870
vt 0.831057 0.224595
vt 0.814762 0.224595
vt 0.809219 0.229870
vt 0.809219 0.224595
vt 0.835970 0.265006
vt 0.840413 0.270938
vt 0.844517 0.259161
vt 0.845597 0.265006
vt 0.844517 0.265006
vt 0.835970 0.235795
vt 0.831057 0.235795
vt 0.825800 0.224595
vt 0.820326 0.229870
vt 0.820326 0.224595
vt 0.809219 0.282964
vt 0.814762 0.289321
vt 0.809219 0.289321
vt 0.840413 0.282964
vt 0.835970 0.282964
vt 0.840413 0.219257
vt 0.842690 0.214444
vt 0.842690 0.219257
vt 0.844517 0.235795
vt 0.845597 0.241639
vt 0.844517 0.241639
vt 0.843620 0.224595
vt 0.844517 0.229870
vt 0.843620 0.229870
vt 0.809219 0.219257
vt 0.814762 0.214444
vt 0.814762 0.219257
vt 0.842690 0.276878
vt 0.843620 0.282964
vt 0.842690 0.282964
vt 0.844517 0.224595
vt 0.843620 0.219257
vt 0.844517 0.219257
vt 0.843620 0.214444
vt 0.844517 0.214444
vt 0.840413 0.253328
vt 0.835970 0.259161
vt 0.835970 0.253328
vt 0.825800 0.219257
vt 0.820326 0.219257
vt 0.835970 0.219257
vt 0.825800 0.276878
vt 0.831057 0.282964
vt 0.825800 0.282964
vt 0.820326 0.265006
vt 0.825800 0.259161
vt 0.843620 0.276878
vt 0.842690 0.270938
vt 0.843620 0.270938
vt 0.842690 0.241639
vt 0.843620 0.241639
vt 0.820326 0.214444
vt 0.840413 0.214444
vt 0.845597 0.224595
vt 0.842690 0.224595
vt 0.820326 0.270938
vt 0.844517 0.289321
vt 0.845597 0.282964
vt 0.845597 0.289321
vt 0.831057 0.259161
vt 0.845597 0.270938
vt 0.844517 0.276878
vt 0.844517 0.270938
vt 0.844517 0.282964
vt 0.845597 0.276878
vt 0.814762 0.265006
vt 0.820326 0.259161
vt 0.840413 0.259161
vt 0.840413 0.265006
vt 0.844517 0.253328
vt 0.831057 0.241639
vt 0.835970 0.247494
vt 0.831057 0.247494
vt 0.809219 0.276878
vt 0.814762 0.282964
vt 0.831057 0.214444
vt 0.831057 0.219257
vt 0.842690 0.259161
vt 0.843620 0.259161
vt 0.809219 0.259161
vt 0.814762 0.253328
vt 0.814762 0.259161
vt 0.820326 0.276878
vt 0.842690 0.265006
vt 0.809219 0.265006
vt 0.814762 0.270938
vt 0.814762 0.276878
vt 0.809219 0.253328
vt 0.814762 0.247494
vt 0.845597 0.253328
vt 0.844517 0.247494
vt 0.845597 0.247494
vt 0.845597 0.229870
vt 0.845597 0.235795
vt 0.814762 0.241639
vt 0.820326 0.247494
vt 0.840413 0.224595
vt 0.842690 0.247494
vt 0.840413 0.241639
vt 0.845597 0.259161
vt 0.835970 0.229870
vt 0.820326 0.241639
vt 0.825800 0.247494
vt 0.831057 0.253328
vt 0.825800 0.253328
vt 0.840413 0.229870
vt 0.840413 0.235795
vt 0.825800 0.289321
vt 0.820326 0.282964
vt 0.809219 0.241639
vt 0.814762 0.235795
vt 0.820326 0.235795
vt 0.809219 0.247494
vt 0.825800 0.241639
vt 0.835970 0.241639
vt 0.825800 0.235795
vt 0.820326 0.253328
vt 0.825800 0.229870
vt 0.843620 0.289321
vt 0.831057 0.289321
vt 0.814762 0.229870
vt 0.840413 0.289321
vt 0.840413 0.247494
vt 0.835970 0.289321
vt 0.842690 0.289321
vt 0.845597 0.219257
vt 0.845597 0.214444
vt 0.835970 0.214444
vt 0.809219 0.235795
vt 0.809219 0.270938
vt 0.820326 0.289321
vt 0.825800 0.214444
vt 0.859229 0.532305
vt 0.849367 0.240727
vt 0.849367 0.219104
vt 0.858496 0.214454
vt 0.849367 0.229356
vt 0.849367 0.263300
vt 0.849367 0.280650
vt 0.849367 0.286791
vt 0.849367 0.252019
vt 0.849367 0.269032
vt 0.849367 0.274770
vt 0.849367 0.235081
vt 0.849367 0.224260
vt 0.849367 0.246383
vt 0.849367 0.257654
vt 0.831318 0.747967
vt 0.825958 0.750490
vt 0.825958 0.747967
vt 0.752644 0.263407
vt 0.761233 0.269408
vt 0.752644 0.269408
vt 0.752644 0.286388
vt 0.761233 0.291330
vt 0.752644 0.291330
vt 0.752644 0.275492
vt 0.752644 0.280908
vt 0.752644 0.239416
vt 0.752644 0.245417
vt 0.752644 0.220977
vt 0.752644 0.251407
vt 0.752644 0.257396
vt 0.752644 0.233325
vt 0.752644 0.227226
vt 0.701733 0.260123
vt 0.710940 0.265720
vt 0.701733 0.265720
vt 0.701733 0.281558
vt 0.710940 0.286169
vt 0.701733 0.286169
vt 0.701733 0.271395
vt 0.701733 0.276447
vt 0.701733 0.237744
vt 0.701733 0.243342
vt 0.701733 0.220545
vt 0.701733 0.248929
vt 0.701733 0.254516
vt 0.701733 0.232062
vt 0.701733 0.226374
vt 0.702218 0.325682
vt 0.700803 0.332297
vt 0.700804 0.325635
vt 0.288513 0.014845
vt 0.286269 0.005613
vt 0.288751 0.005613
vt 0.800399 0.241639
vt 0.800399 0.219257
vt 0.809219 0.214444
vt 0.800399 0.229870
vt 0.800399 0.265006
vt 0.800399 0.282964
vt 0.800399 0.289321
vt 0.800399 0.253328
vt 0.800399 0.270938
vt 0.800399 0.276878
vt 0.800399 0.235795
vt 0.800399 0.224595
vt 0.800399 0.247494
vt 0.800399 0.259161
vt 0.178461 0.375762
vt 0.015603 0.682977
vt 0.015603 0.682017
vt 0.714087 0.964113
vt 0.716258 0.966935
vt 0.713322 0.965304
vt 0.725671 0.968045
vt 0.728699 0.969603
vt 0.725537 0.969453
vt 0.722367 0.968998
vt 0.719415 0.968213
vt 0.705386 0.954877
vt 0.705961 0.958383
vt 0.704149 0.955565
vt 0.702391 0.945460
vt 0.700708 0.941512
vt 0.702121 0.941464
vt 0.709151 0.960004
vt 0.710599 0.963297
vt 0.708121 0.960976
vt 0.704003 0.951963
vt 0.701647 0.949217
vt 0.703020 0.948873
vt 0.716869 0.965658
vt 0.711504 0.962209
vt 0.707102 0.957546
vt 0.700986 0.945637
vt 0.702686 0.952482
vt 0.729075 0.953772
vt 0.730998 0.968190
vt 0.728733 0.968190
vt 0.963463 0.964111
vt 0.961291 0.966933
vt 0.960681 0.965656
vt 0.951878 0.968041
vt 0.948850 0.969599
vt 0.948816 0.968186
vt 0.957686 0.966867
vt 0.955182 0.968994
vt 0.954899 0.967608
vt 0.972166 0.954877
vt 0.971591 0.958383
vt 0.970450 0.957545
vt 0.975163 0.945460
vt 0.976846 0.941512
vt 0.976567 0.945637
vt 0.968400 0.960003
vt 0.966951 0.963296
vt 0.966046 0.962208
vt 0.973550 0.951962
vt 0.975906 0.949216
vt 0.974867 0.952482
vt 0.958134 0.968210
vt 0.952012 0.969449
vt 0.964228 0.965302
vt 0.969430 0.960975
vt 0.974533 0.948873
vt 0.973404 0.955565
vt 0.714194 0.302958
vt 0.716369 0.300114
vt 0.716987 0.301397
vt 0.725847 0.298972
vt 0.728893 0.297399
vt 0.728929 0.298816
vt 0.719997 0.300170
vt 0.722514 0.298020
vt 0.722803 0.299416
vt 0.705477 0.312243
vt 0.706047 0.308727
vt 0.707193 0.309565
vt 0.702486 0.321681
vt 0.701080 0.321506
vt 0.709245 0.307095
vt 0.710692 0.303786
vt 0.711603 0.304876
vt 0.704094 0.315166
vt 0.701737 0.317920
vt 0.702773 0.314647
vt 0.719542 0.298819
vt 0.725709 0.297554
vt 0.713422 0.301763
vt 0.708210 0.306122
vt 0.703113 0.318263
vt 0.716657 0.326168
vt 0.702217 0.332296
vt 0.704235 0.311556
vt 0.952807 0.318163
vt 0.952807 0.320763
vt 0.963491 0.303145
vt 0.961324 0.300324
vt 0.964256 0.301956
vt 0.951920 0.299207
vt 0.948896 0.297648
vt 0.952056 0.297801
vt 0.957722 0.300386
vt 0.955222 0.298258
vt 0.958171 0.299045
vt 0.972178 0.312379
vt 0.971606 0.308875
vt 0.973415 0.311692
vt 0.975166 0.321790
vt 0.976846 0.325736
vt 0.975434 0.325784
vt 0.968420 0.307254
vt 0.966975 0.303963
vt 0.969449 0.306284
vt 0.973558 0.315291
vt 0.975911 0.318036
vt 0.974538 0.318379
vt 0.960713 0.301599
vt 0.954938 0.299643
vt 0.966070 0.305049
vt 0.970465 0.309711
vt 0.976569 0.321614
vt 0.736491 0.934250
vt 0.731131 0.935228
vt 0.731131 0.934250
vt 0.974875 0.314773
vt 0.718015 0.947859
vt 0.716720 0.943661
vt 0.716539 0.940978
vt 0.719658 0.950091
vt 0.717447 0.946663
vt 0.717035 0.945367
vt 0.723098 0.952626
vt 0.725536 0.953460
vt 0.721897 0.951959
vt 0.720742 0.951107
vt 0.718748 0.948999
vt 0.288752 0.745916
vt 0.285880 0.745916
vt 0.955654 0.951955
vt 0.954454 0.952621
vt 0.950511 0.953671
vt 0.948476 0.953767
vt 0.953114 0.953164
vt 0.952015 0.953455
vt 0.959538 0.947856
vt 0.958805 0.948996
vt 0.960834 0.943658
vt 0.975433 0.941464
vt 0.957895 0.950087
vt 0.956810 0.951103
vt 0.960106 0.946660
vt 0.960519 0.945364
vt 0.722035 0.315180
vt 0.723241 0.314513
vt 0.727203 0.313463
vt 0.729327 0.313356
vt 0.724587 0.313970
vt 0.725691 0.313678
vt 0.718138 0.319282
vt 0.718874 0.318141
vt 0.716840 0.323483
vt 0.719787 0.317049
vt 0.720876 0.316032
vt 0.717569 0.320479
vt 0.717155 0.321776
vt 0.350990 0.068511
vt 0.350990 0.075780
vt 0.730799 0.297401
vt 0.730801 0.298818
vt 0.955678 0.315284
vt 0.950540 0.313564
vt 0.948861 0.299059
vt 0.953140 0.314074
vt 0.959554 0.319383
vt 0.960844 0.323579
vt 0.961023 0.326260
vt 0.957914 0.317152
vt 0.960120 0.320578
vt 0.960531 0.321875
vt 0.954479 0.314617
vt 0.952043 0.313781
vt 0.956831 0.316136
vt 0.958823 0.318243
vt 0.961016 0.940975
vt 0.975433 0.940851
vt 0.727040 0.953676
vt 0.349958 0.708935
vt 0.346566 0.716521
vt 0.346273 0.716352
vt 0.302451 0.748385
vt 0.295268 0.749785
vt 0.295235 0.749451
vt 0.324171 0.739537
vt 0.330914 0.735020
vt 0.324352 0.739821
vt 0.352702 0.701007
vt 0.354869 0.692550
vt 0.353037 0.701100
vt 0.317091 0.743445
vt 0.309590 0.746819
vt 0.309483 0.746500
vt 0.341805 0.723133
vt 0.336839 0.729522
vt 0.336596 0.729290
vt 0.354509 0.692501
vt 0.317235 0.743748
vt 0.342075 0.723335
vt 0.288859 0.750112
vt 0.330700 0.734760
vt 0.350273 0.709067
vt 0.302519 0.748714
vt 0.006964 0.708928
vt 0.010356 0.716514
vt 0.006649 0.709060
vt 0.054471 0.748379
vt 0.061654 0.749779
vt 0.054403 0.748708
vt 0.032751 0.739531
vt 0.026009 0.735014
vt 0.026223 0.734754
vt 0.004219 0.700998
vt 0.002053 0.692539
vt 0.002412 0.692491
vt 0.039831 0.743439
vt 0.047333 0.746813
vt 0.039687 0.743742
vt 0.015117 0.723127
vt 0.020083 0.729516
vt 0.014847 0.723329
vt 0.001417 0.683037
vt 0.001858 0.683029
vt 0.032570 0.739815
vt 0.010649 0.716346
vt 0.061687 0.749445
vt 0.068063 0.750106
vt 0.020326 0.729284
vt 0.068072 0.749771
vt 0.071044 0.750106
vt 0.003884 0.701091
vt 0.047439 0.746494
vt 0.813727 0.316276
vt 0.349958 0.042597
vt 0.346566 0.035010
vt 0.350273 0.042465
vt 0.302450 0.003145
vt 0.295268 0.001745
vt 0.302519 0.002816
vt 0.324171 0.011993
vt 0.330913 0.016511
vt 0.330699 0.016770
vt 0.352703 0.050526
vt 0.354869 0.058985
vt 0.354510 0.059034
vt 0.317091 0.008086
vt 0.309589 0.004711
vt 0.317235 0.007782
vt 0.341805 0.028397
vt 0.336839 0.022008
vt 0.342075 0.028196
vt 0.355505 0.068487
vt 0.324352 0.011710
vt 0.346273 0.035179
vt 0.295235 0.002079
vt 0.288859 0.001418
vt 0.336596 0.022240
vt 0.353037 0.050433
vt 0.309483 0.005030
vt 0.976846 0.940851
vt 0.006964 0.042589
vt 0.010356 0.035004
vt 0.010649 0.035172
vt 0.054471 0.003139
vt 0.061654 0.001739
vt 0.061687 0.002073
vt 0.032750 0.011987
vt 0.026008 0.016505
vt 0.032569 0.011704
vt 0.004220 0.050518
vt 0.002053 0.058974
vt 0.003885 0.050425
vt 0.039831 0.008080
vt 0.047332 0.004705
vt 0.047439 0.005024
vt 0.015116 0.028391
vt 0.020083 0.022002
vt 0.020326 0.022234
vt 0.002413 0.059023
vt 0.001417 0.068473
vt 0.039687 0.007776
vt 0.014847 0.028189
vt 0.068063 0.001412
vt 0.068072 0.001748
vt 0.026222 0.016764
vt 0.946990 0.297646
vt 0.006649 0.042457
vt 0.054403 0.002810
vt 0.346321 0.707418
vt 0.342889 0.714412
vt 0.301666 0.744597
vt 0.294853 0.745604
vt 0.322090 0.736275
vt 0.348838 0.699942
vt 0.315432 0.739949
vt 0.308259 0.742829
vt 0.338696 0.720809
vt 0.333795 0.726615
vt 0.350440 0.691886
vt 0.328238 0.731776
vt 0.010600 0.707411
vt 0.055256 0.744591
vt 0.034833 0.736269
vt 0.028685 0.731770
vt 0.008084 0.699933
vt 0.006482 0.691876
vt 0.041490 0.739943
vt 0.018226 0.720803
vt 0.005932 0.683014
vt 0.014033 0.714405
vt 0.062069 0.745598
vt 0.023128 0.726609
vt 0.068170 0.745911
vt 0.071043 0.749771
vt 0.048663 0.742823
vt 0.350992 0.683026
vt 0.355064 0.675637
vt 0.346321 0.044114
vt 0.301665 0.006933
vt 0.322089 0.015256
vt 0.328237 0.019754
vt 0.348838 0.051591
vt 0.350440 0.059648
vt 0.315432 0.011582
vt 0.338696 0.030721
vt 0.342889 0.037119
vt 0.294853 0.005926
vt 0.288850 0.001753
vt 0.333794 0.024915
vt 0.308259 0.008701
vt 0.005930 0.068498
vt 0.001858 0.069915
vt 0.001858 0.068481
vt 0.010600 0.044106
vt 0.014033 0.037113
vt 0.055256 0.006928
vt 0.062069 0.005920
vt 0.034832 0.015250
vt 0.008084 0.051583
vt 0.041489 0.011576
vt 0.048663 0.008695
vt 0.018226 0.030715
vt 0.023127 0.024909
vt 0.006481 0.059638
vt 0.068170 0.005608
vt 0.028684 0.019748
vt 0.286268 0.001418
vt 0.337590 0.703855
vt 0.334756 0.709804
vt 0.299789 0.735539
vt 0.293939 0.736406
vt 0.317110 0.728470
vt 0.339614 0.697509
vt 0.311466 0.731588
vt 0.305332 0.734052
vt 0.331232 0.715264
vt 0.327080 0.720220
vt 0.340868 0.690622
vt 0.288514 0.736685
vt 0.322341 0.724637
vt 0.019333 0.703848
vt 0.057134 0.735534
vt 0.039813 0.728464
vt 0.034581 0.724631
vt 0.017310 0.697501
vt 0.016055 0.690613
vt 0.045457 0.731582
vt 0.025691 0.715257
vt 0.022167 0.709797
vt 0.062984 0.736400
vt 0.029843 0.720214
vt 0.068409 0.736680
vt 0.071043 0.745911
vt 0.051591 0.734046
vt 0.341322 0.682986
vt 0.350992 0.675757
vt 0.337589 0.047677
vt 0.299788 0.015991
vt 0.317109 0.023060
vt 0.322341 0.026894
vt 0.339612 0.054023
vt 0.340866 0.060911
vt 0.311465 0.019943
vt 0.331231 0.036267
vt 0.341319 0.068547
vt 0.334755 0.041728
vt 0.293938 0.015124
vt 0.327079 0.031310
vt 0.305331 0.017478
vt 0.001858 0.681596
vt 0.005932 0.681720
vt 0.019332 0.047669
vt 0.022166 0.041721
vt 0.057133 0.015985
vt 0.062983 0.015119
vt 0.039812 0.023054
vt 0.017308 0.054015
vt 0.045456 0.019937
vt 0.051590 0.017472
vt 0.025690 0.036261
vt 0.029842 0.031304
vt 0.016053 0.060903
vt 0.068408 0.014839
vt 0.034580 0.026887
vt 0.286268 0.001753
vt 0.909104 0.539137
vt 0.917624 0.537207
vt 0.917624 0.539339
vt 0.015600 0.068538
vt 0.005930 0.069792
vt 0.070652 0.005608
vt 0.070652 0.014839
vt 0.799481 0.270938
vt 0.722612 0.318925
vt 0.731131 0.319616
vt 0.799481 0.276878
vt 0.799481 0.282964
vt 0.799481 0.259161
vt 0.799481 0.241639
vt 0.799481 0.247494
vt 0.799481 0.224595
vt 0.799481 0.229870
vt 0.799481 0.235795
vt 0.799481 0.253328
vt 0.799481 0.289321
vt 0.799481 0.265006
vt 0.799481 0.219257
vt 0.800399 0.214444
vt 0.908216 0.539115
vt 0.909104 0.537207
vt 0.700774 0.232062
vt 0.700774 0.237744
vt 0.769137 0.933124
vt 0.770024 0.926461
vt 0.770024 0.933154
vt 0.700774 0.226374
vt 0.700774 0.243342
vt 0.700774 0.248929
vt 0.700774 0.260123
vt 0.700774 0.276447
vt 0.700774 0.281558
vt 0.700774 0.271395
vt 0.700774 0.254516
vt 0.700774 0.220545
vt 0.701733 0.214457
vt 0.700774 0.286169
vt 0.700774 0.265720
vt 0.751750 0.233325
vt 0.751750 0.239416
vt 0.751750 0.227226
vt 0.751750 0.245417
vt 0.751750 0.251407
vt 0.751750 0.263407
vt 0.751750 0.280908
vt 0.751750 0.286388
vt 0.751750 0.275492
vt 0.751750 0.257396
vt 0.751750 0.220977
vt 0.752644 0.214450
vt 0.751750 0.291330
vt 0.751750 0.269408
vt 0.816550 0.750267
vt 0.817437 0.747967
vt 0.817437 0.750288
vt 0.848416 0.269032
vt 0.848416 0.274770
vt 0.848416 0.280650
vt 0.848416 0.257654
vt 0.848416 0.240727
vt 0.848416 0.246383
vt 0.848416 0.224260
vt 0.848416 0.229356
vt 0.848416 0.235081
vt 0.848416 0.252019
vt 0.848416 0.286791
vt 0.848416 0.263300
vt 0.848416 0.219104
vt 0.849367 0.214454
vt 0.700709 0.934850
vt 0.702122 0.934850
vt 0.341319 0.075489
vt 0.716540 0.934851
vt 0.769137 0.317068
vt 0.770024 0.323731
vt 0.769137 0.323731
vt 0.770024 0.317038
vt 0.778545 0.323731
vt 0.808712 0.323731
vt 0.804415 0.316347
vt 0.808712 0.316288
vt 0.783905 0.323731
vt 0.778545 0.316750
vt 0.783905 0.316664
vt 0.799664 0.933775
vt 0.808712 0.933905
vt 0.810915 0.926461
vt 0.810915 0.933933
vt 0.778545 0.926461
vt 0.778545 0.933442
vt 0.810915 0.323731
vt 0.813727 0.933916
vt 0.813727 0.926461
vt 0.804415 0.323731
vt 0.789286 0.323731
vt 0.769137 0.926461
vt 0.341322 0.676045
vt 0.716656 0.332295
vt 0.783905 0.926461
vt 0.813727 0.323731
vt 0.946551 0.969599
vt 0.946551 0.968186
vt 0.285880 0.736685
vt 0.730998 0.969603
vt 0.946553 0.953767
vt 0.816550 0.530006
vt 0.817437 0.532305
vt 0.816550 0.532305
vt 0.825958 0.529782
vt 0.825958 0.532305
vt 0.856126 0.747967
vt 0.851829 0.750889
vt 0.851829 0.747967
vt 0.847078 0.750820
vt 0.847078 0.747967
vt 0.858329 0.750975
vt 0.831318 0.750576
vt 0.860097 0.529297
vt 0.860097 0.532305
vt 0.817437 0.529984
vt 0.841993 0.750743
vt 0.861141 0.529313
vt 0.861141 0.532305
vt 0.858329 0.747967
vt 0.856126 0.750947
vt 0.816550 0.747967
vt 0.071042 0.736680
vt 0.730998 0.953772
vt 0.070654 0.001748
vt 0.070654 0.001412
vt 0.730857 0.313356
vt 0.948507 0.313466
vt 0.946989 0.299057
vt 0.909104 0.318834
vt 0.917624 0.320763
vt 0.909104 0.320763
vt 0.933659 0.318379
vt 0.938744 0.320763
vt 0.933659 0.320763
vt 0.928366 0.318461
vt 0.922984 0.318546
vt 0.928366 0.320763
vt 0.922984 0.320763
vt 0.943495 0.318233
vt 0.947792 0.320763
vt 0.943495 0.320763
vt 0.917624 0.318632
vt 0.922984 0.537207
vt 0.938744 0.537207
vt 0.951763 0.539824
vt 0.947792 0.318174
vt 0.938744 0.318302
vt 0.908216 0.537207
vt 0.908216 0.320763
vt 0.946977 0.313465
vt 0.286269 0.014845
vt 0.908216 0.318855
vt 0.001417 0.069918
vt 0.001417 0.681592
vt 0.976846 0.326397
vt 0.975434 0.326397
vt 0.961023 0.326387
vt 0.721725 0.934911
vt 0.722612 0.934250
vt 0.722612 0.934941
vt 0.747163 0.318382
vt 0.752247 0.319616
vt 0.741871 0.934250
vt 0.736491 0.935315
vt 0.761294 0.318175
vt 0.756998 0.318235
vt 0.761294 0.319616
vt 0.756998 0.319616
vt 0.752247 0.318304
vt 0.763496 0.934250
vt 0.765264 0.934250
vt 0.766308 0.935702
vt 0.766308 0.318163
vt 0.766308 0.319616
vt 0.961016 0.940848
vt 0.015600 0.069499
vt 0.721725 0.934250
vt 0.998591 0.001419
vt 0.998591 0.535622
vt 0.874713 0.579481
vt 0.987544 0.333636
vt 0.871886 0.729893
vt 0.881550 0.780863
vt 0.911841 0.001414
vt 0.945118 0.001414
vt 0.884116 0.211529
vt 0.934104 0.001414
vt 0.717344 0.001413
vt 0.349378 0.001416
vt 0.356364 0.006895
vt 0.739610 0.001413
vt 0.789615 0.211528
vt 0.809018 0.001413
vt 0.904389 0.214453
vt 0.911375 0.219932
vt 0.831284 0.001413
vt 0.881288 0.211523
vt 0.844275 0.316255
vt 0.877553 0.316255
vt 0.816550 0.526370
vt 0.866539 0.316255
vt 0.811815 0.933938
vt 0.894101 0.263300
vt 0.861141 0.747967
vt 0.796659 0.214450
vt 0.764396 0.318142
vt 0.748912 0.214457
vt 0.950895 0.318141
vt 0.843620 0.265006
vt 0.859229 0.529292
vt 0.799481 0.214444
vt 0.700774 0.214457
vt 0.751750 0.214450
vt 0.848416 0.214454
vt 0.766308 0.934250
s 1
usemtl TABLE_WOOD
f 76/1/1 233/2/2 244/3/3
f 79/4/1 269/5/4 82/6/1
f 80/7/1 249/8/5 260/9/6
f 81/10/1 260/9/6 265/11/7
f 71/12/1 220/13/8 225/14/9
f 72/15/1 233/2/2 73/16/1
f 81/10/1 252/17/10 78/18/1
f 72/15/1 225/14/9 228/19/11
f 79/4/1 252/17/10 257/20/12
f 349/21/13 422/22/14 428/23/15
f 82/6/1 164/24/16 56/25/1
f 68/26/1 201/27/17 212/28/18
f 68/26/1 217/29/19 69/30/1
f 63/31/1 196/32/20 64/33/1
f 69/30/1 172/34/21 58/35/1
f 65/36/1 196/32/20 201/27/17
f 76/1/1 249/8/5 77/37/1
f 110/38/1 382/39/1 384/40/1
f 67/41/1 180/42/22 60/43/1
f 61/44/1 188/45/23 62/46/1
f 66/47/1 169/48/24 204/49/25
f 61/44/1 180/42/22 185/50/26
f 67/41/1 204/49/25 209/51/27
f 63/31/1 188/45/23 193/52/28
f 58/35/1 177/53/29 59/54/1
f 70/55/1 241/56/30 220/13/8
f 59/54/1 414/57/31 409/58/1
f 103/59/1 344/60/32 101/61/1
f 106/62/1 376/63/33 364/64/34
f 107/65/1 356/66/35 104/67/1
f 108/68/1 369/69/36 107/65/1
f 98/70/1 348/71/37 102/72/1
f 100/73/1 344/60/32 341/74/38
f 40/75/39 377/76/40 41/77/41
f 100/73/1 336/78/42 99/79/1
f 108/68/1 361/80/43 372/81/44
f 102/72/1 425/82/45 423/83/1
f 281/84/46 44/85/47 43/86/48
f 96/87/1 312/88/49 93/89/1
f 96/87/1 328/90/50 325/91/51
f 91/92/1 309/93/52 304/94/53
f 292/95/54 47/96/55 46/97/56
f 93/89/1 309/93/52 92/98/1
f 103/59/1 356/66/35 353/99/57
f 109/100/1 277/101/58 376/63/33
f 297/102/59 48/103/60 47/96/55
f 89/104/1 301/105/61 296/106/62
f 94/107/1 280/108/63 85/109/1
f 95/110/1 293/111/64 320/112/65
f 95/110/1 317/113/66 94/107/1
f 91/92/1 301/105/61 90/114/1
f 97/115/1 285/116/67 328/90/50
f 337/117/68 31/118/69 332/119/70
f 416/120/1 273/121/31 418/122/31
f 14/123/71 268/124/72 13/125/73
f 26/126/74 216/127/75 25/128/76
f 18/129/77 208/130/78 17/131/79
f 22/132/80 192/133/81 21/134/82
f 24/135/83 200/136/84 23/137/85
f 25/128/76 213/138/86 24/135/83
f 221/139/87 2/140/88 3/141/89
f 4/142/90 229/143/91 224/144/92
f 245/145/93 6/146/94 7/147/95
f 429/148/14 240/149/96 432/150/15
f 261/151/97 8/152/98 9/153/99
f 10/154/100 253/155/101 264/156/102
f 421/157/103 29/158/104 415/159/104
f 6/146/94 229/143/91 5/160/105
f 430/161/1 236/162/45 435/163/45
f 12/164/106 253/155/101 11/165/107
f 3/141/89 224/144/92 221/139/87
f 268/124/72 12/164/106 13/125/73
f 10/154/100 261/151/97 9/153/99
f 21/134/82 189/166/108 20/167/109
f 16/168/110 168/169/111 15/170/112
f 23/137/85 197/171/113 22/132/80
f 27/172/114 173/173/115 26/126/74
f 17/131/79 205/174/116 16/168/110
f 29/158/104 411/175/103 408/176/104
f 20/167/109 184/177/117 19/178/118
f 19/178/118 181/179/119 18/129/77
f 377/76/40 42/180/120 41/77/41
f 329/181/121 54/182/122 53/183/123
f 321/184/124 46/97/56 45/185/125
f 305/186/126 50/187/127 49/188/128
f 313/189/129 52/190/130 51/191/131
f 324/192/132 53/183/123 52/190/130
f 30/193/133 332/119/70 31/118/69
f 340/194/134 32/195/135 337/117/68
f 34/196/136 352/197/137 35/198/138
f 8/152/98 245/145/93 7/147/95
f 36/199/139 368/200/140 37/201/141
f 360/202/142 38/203/143 373/204/144
f 340/194/134 34/196/136 33/205/145
f 352/197/137 36/199/139 35/198/138
f 360/202/142 40/75/39 39/206/146
f 99/79/1 333/207/147 98/70/1
f 106/62/1 361/80/43 105/208/1
f 368/200/140 38/203/143 37/201/141
f 300/209/148 49/188/128 48/103/60
f 1/210/1 402/211/1 403/212/1
f 308/213/149 51/191/131 50/187/127
f 284/214/150 55/215/151 54/182/122
f 316/216/152 45/185/125 44/85/47
f 86/217/1 288/218/153 285/116/67
f 89/104/1 293/111/64 88/219/1
f 279/220/154 396/221/155 278/222/156
f 1/210/1 384/40/1 385/223/1
f 112/224/1 59/54/1 113/225/1
f 115/226/1 60/43/1 61/44/1
f 117/227/1 62/46/1 63/31/1
f 119/228/1 64/33/1 65/36/1
f 121/229/1 66/47/1 67/41/1
f 122/230/1 69/30/1 123/231/1
f 125/232/1 70/55/1 71/12/1
f 126/233/1 73/16/1 127/234/1
f 431/235/157 74/236/1 430/161/1
f 130/237/1 77/37/1 131/238/1
f 133/239/1 78/18/1 79/4/1
f 135/240/1 80/7/1 81/10/1
f 126/233/1 71/12/1 72/15/1
f 130/237/1 73/16/1 76/1/1
f 134/241/1 77/37/1 80/7/1
f 124/242/1 75/243/1 70/55/1
f 135/240/1 78/18/1 132/244/1
f 133/239/1 82/6/1 136/245/1
f 115/226/1 62/46/1 116/246/1
f 136/245/1 56/25/1 110/38/1
f 117/227/1 64/33/1 118/247/1
f 120/248/1 57/249/1 66/47/1
f 122/230/1 65/36/1 68/26/1
f 123/231/1 58/35/1 112/224/1
f 121/229/1 60/43/1 114/250/1
f 113/225/1 409/58/1 410/251/1
f 138/252/1 404/253/1 84/254/1
f 140/255/1 87/256/1 86/217/1
f 143/257/1 88/219/1 142/258/1
f 145/259/1 90/114/1 144/260/1
f 147/261/1 92/98/1 146/262/1
f 149/263/1 94/107/1 148/264/1
f 150/265/1 97/115/1 96/87/1
f 153/266/1 98/70/1 152/267/1
f 154/268/1 101/61/1 100/73/1
f 156/269/1 423/83/1 424/270/1
f 157/271/1 104/67/1 103/59/1
f 160/272/1 105/208/1 159/273/1
f 162/274/1 107/65/1 161/275/1
f 154/268/1 99/79/1 153/266/1
f 157/271/1 101/61/1 155/276/1
f 161/275/1 104/67/1 158/277/1
f 152/267/1 102/72/1 156/269/1
f 162/274/1 105/208/1 108/68/1
f 160/272/1 109/100/1 106/62/1
f 143/257/1 90/114/1 89/104/1
f 163/278/1 84/254/1 109/100/1
f 145/259/1 92/98/1 91/92/1
f 148/264/1 85/109/1 139/279/1
f 150/265/1 93/89/1 147/261/1
f 151/280/1 86/217/1 97/115/1
f 149/263/1 88/219/1 95/110/1
f 417/281/1 83/282/1 416/120/1
f 386/283/158 170/284/159 389/285/160
f 1/210/1 112/224/1 113/225/1
f 1/210/1 114/250/1 115/226/1
f 1/210/1 116/246/1 117/227/1
f 1/210/1 118/247/1 119/228/1
f 1/210/1 120/248/1 121/229/1
f 1/210/1 122/230/1 123/231/1
f 1/210/1 124/242/1 125/232/1
f 1/210/1 126/233/1 127/234/1
f 1/210/1 431/235/157 129/286/1
f 1/210/1 130/237/1 131/238/1
f 1/210/1 132/244/1 133/239/1
f 1/210/1 134/241/1 135/240/1
f 1/210/1 125/232/1 126/233/1
f 1/210/1 127/234/1 130/237/1
f 1/210/1 131/238/1 134/241/1
f 1/210/1 129/286/1 124/242/1
f 1/210/1 135/240/1 132/244/1
f 1/210/1 133/239/1 136/245/1
f 1/210/1 115/226/1 116/246/1
f 1/210/1 136/245/1 110/38/1
f 1/210/1 117/227/1 118/247/1
f 1/210/1 111/287/1 120/248/1
f 1/210/1 119/228/1 122/230/1
f 1/210/1 123/231/1 112/224/1
f 1/210/1 121/229/1 114/250/1
f 1/210/1 410/251/1 137/288/1
f 139/279/1 405/289/1 402/211/1
f 1/210/1 141/290/1 140/255/1
f 1/210/1 143/257/1 142/258/1
f 1/210/1 145/259/1 144/260/1
f 1/210/1 147/261/1 146/262/1
f 1/210/1 149/263/1 148/264/1
f 1/210/1 151/280/1 150/265/1
f 1/210/1 153/266/1 152/267/1
f 1/210/1 155/276/1 154/268/1
f 1/210/1 424/270/1 128/291/1
f 1/210/1 158/277/1 157/271/1
f 1/210/1 160/272/1 159/273/1
f 1/210/1 162/274/1 161/275/1
f 1/210/1 154/268/1 153/266/1
f 1/210/1 157/271/1 155/276/1
f 1/210/1 161/275/1 158/277/1
f 1/210/1 152/267/1 156/269/1
f 1/210/1 159/273/1 162/274/1
f 1/210/1 163/278/1 160/272/1
f 1/210/1 144/260/1 143/257/1
f 1/210/1 138/252/1 163/278/1
f 1/210/1 146/262/1 145/259/1
f 1/210/1 148/264/1 139/279/1
f 1/210/1 150/265/1 147/261/1
f 1/210/1 140/255/1 151/280/1
f 1/210/1 142/258/1 149/263/1
f 1/210/1 137/288/1 417/281/1
f 387/292/158 167/293/161 165/294/162
f 390/295/163 164/24/16 166/296/164
f 395/297/165 42/180/120 276/298/166
f 176/299/167 175/300/168 173/173/115
f 178/301/169 174/302/170 175/300/168
f 179/303/171 172/34/21 174/304/170
f 181/179/119 186/305/172 183/306/173
f 183/306/173 187/307/174 182/308/175
f 182/309/175 185/50/26 180/42/22
f 189/166/108 194/310/176 191/311/177
f 191/311/177 195/312/178 190/313/179
f 190/314/179 193/52/28 188/45/23
f 197/171/113 202/315/180 199/316/181
f 199/316/181 203/317/182 198/318/183
f 198/319/183 201/27/17 196/32/20
f 205/174/116 210/320/184 207/321/185
f 207/321/185 211/322/186 206/323/187
f 206/324/187 209/51/27 204/49/25
f 216/127/75 215/325/188 213/138/86
f 218/326/189 214/327/190 215/325/188
f 219/328/191 212/28/18 214/329/190
f 221/139/87 226/330/192 223/331/193
f 223/331/193 227/332/194 222/333/195
f 222/334/195 225/14/9 220/13/8
f 232/335/196 231/336/197 229/143/91
f 234/337/198 230/338/199 231/336/197
f 235/339/200 228/19/11 230/340/199
f 432/150/15 242/341/201 433/342/202
f 433/342/202 243/343/203 434/344/204
f 434/345/204 241/56/30 435/163/45
f 248/346/205 247/347/206 245/145/93
f 250/348/207 246/349/208 247/347/206
f 251/350/209 244/3/3 246/351/208
f 253/155/101 258/352/210 255/353/211
f 255/353/211 259/354/212 254/355/213
f 254/356/213 257/20/12 252/17/10
f 261/151/97 266/357/214 263/358/215
f 263/358/215 267/359/216 262/360/217
f 262/361/217 265/11/7 260/9/6
f 224/144/92 231/336/197 226/330/192
f 226/330/192 230/338/199 227/332/194
f 227/362/194 228/19/11 225/14/9
f 232/335/196 247/347/206 234/337/198
f 234/337/198 246/349/208 235/363/200
f 235/339/200 244/3/3 233/2/2
f 248/346/205 263/358/215 250/348/207
f 250/348/207 262/360/217 251/364/209
f 251/350/209 260/9/6 249/8/5
f 240/365/96 223/331/193 242/366/201
f 242/366/201 222/333/195 243/367/203
f 243/368/203 220/13/8 241/56/30
f 253/155/101 266/357/214 264/156/102
f 255/353/211 267/359/216 266/357/214
f 254/356/213 265/11/7 267/369/216
f 268/124/72 258/352/210 256/370/218
f 270/371/219 259/354/212 258/352/210
f 271/372/220 257/20/12 259/373/212
f 189/166/108 186/305/172 184/177/117
f 191/311/177 187/307/174 186/305/172
f 190/314/179 185/50/26 187/374/174
f 165/294/162 270/371/219 268/124/72
f 167/293/161 271/375/220 270/371/219
f 166/296/164 269/5/4 271/372/220
f 197/171/113 194/310/176 192/133/81
f 199/316/181 195/312/178 194/310/176
f 198/319/183 193/52/28 195/376/178
f 168/169/111 207/321/185 170/377/159
f 170/377/159 206/323/187 171/378/221
f 171/379/221 204/49/25 169/48/24
f 200/136/84 215/325/188 202/315/180
f 202/315/180 214/327/190 203/317/182
f 203/380/182 212/28/18 201/27/17
f 173/173/115 218/326/189 216/127/75
f 175/300/168 219/381/191 218/326/189
f 174/304/170 217/29/19 219/328/191
f 181/179/119 210/320/184 208/130/78
f 183/306/173 211/322/186 210/320/184
f 182/309/175 209/51/27 211/382/186
f 272/383/103 412/384/222 411/175/103
f 274/385/222 413/386/223 412/384/222
f 275/387/223 414/57/31 413/388/223
f 277/101/58 399/389/224 279/390/154
f 280/108/63 398/391/224 400/392/225
f 278/222/156 395/297/165 276/298/166
f 285/116/67 290/393/226 287/394/227
f 287/395/227 291/396/228 286/397/229
f 286/397/229 289/398/230 284/214/150
f 296/106/62 295/399/231 293/111/64
f 298/400/232 294/401/233 295/402/231
f 299/403/234 292/95/54 294/401/233
f 304/94/53 303/404/235 301/105/61
f 306/405/236 302/406/237 303/407/235
f 307/408/238 300/209/148 302/406/237
f 312/88/49 311/409/239 309/93/52
f 314/410/240 310/411/241 311/412/239
f 315/413/242 308/213/149 310/411/241
f 320/112/65 319/414/243 317/113/66
f 322/415/244 318/416/245 319/417/243
f 323/418/246 316/216/152 318/416/245
f 325/91/51 330/419/247 327/420/248
f 327/421/248 331/422/249 326/423/250
f 326/423/250 329/181/121 324/192/132
f 336/78/42 335/424/251 333/207/147
f 338/425/252 334/426/253 335/427/251
f 339/428/254 332/119/70 334/426/253
f 341/74/38 346/429/255 343/430/256
f 343/431/256 347/432/257 342/433/258
f 342/433/258 345/434/259 340/194/134
f 348/71/37 426/435/204 425/82/45
f 350/436/260 427/437/202 426/438/204
f 351/439/261 428/23/15 427/437/202
f 353/99/57 358/440/262 355/441/263
f 355/442/263 359/443/264 354/444/265
f 354/444/265 357/445/266 352/197/137
f 364/64/34 363/446/267 361/80/43
f 366/447/268 362/448/269 363/449/267
f 367/450/270 360/202/142 362/448/269
f 372/81/44 371/451/271 369/69/36
f 374/452/272 370/453/273 371/454/271
f 375/455/274 368/200/140 370/453/273
f 341/74/38 338/456/252 336/78/42
f 343/431/256 339/428/254 338/425/252
f 342/433/258 337/117/68 339/428/254
f 353/99/57 346/429/255 344/60/32
f 355/442/263 347/432/257 346/457/255
f 354/444/265 345/434/259 347/432/257
f 369/69/36 358/440/262 356/66/35
f 371/454/271 359/443/264 358/458/262
f 370/453/273 357/445/266 359/443/264
f 333/207/147 350/459/260 348/71/37
f 335/427/251 351/460/261 350/461/260
f 334/426/253 349/462/13 351/460/261
f 372/81/44 363/446/267 374/463/272
f 374/452/272 362/448/269 375/455/274
f 375/455/274 360/202/142 373/204/144
f 364/64/34 378/464/275 366/465/268
f 366/447/268 379/466/276 367/450/270
f 367/450/270 377/76/40 365/467/277
f 296/106/62 303/404/235 298/468/232
f 298/400/232 302/406/237 299/403/234
f 299/403/234 300/209/148 297/102/59
f 376/63/33 279/390/154 378/464/275
f 378/469/275 278/222/156 379/466/276
f 379/466/276 276/298/166 377/76/40
f 304/94/53 311/409/239 306/470/236
f 306/405/236 310/411/241 307/408/238
f 307/408/238 308/213/149 305/186/126
f 317/113/66 282/471/278 280/108/63
f 319/417/243 283/472/279 282/473/278
f 318/416/245 281/84/46 283/472/279
f 325/91/51 314/474/240 312/88/49
f 327/421/248 315/413/242 314/410/240
f 326/423/250 313/189/129 315/413/242
f 328/90/50 287/394/227 330/419/247
f 330/475/247 286/397/229 331/422/249
f 331/422/249 284/214/150 329/181/121
f 320/112/65 295/399/231 322/476/244
f 322/415/244 294/401/233 323/418/246
f 323/418/246 292/95/54 321/184/124
f 418/122/31 275/387/223 419/477/223
f 419/478/223 274/385/222 420/479/222
f 420/479/222 272/383/103 421/157/103
f 14/123/71 387/292/158 165/294/162
f 57/249/1 392/480/280 169/48/24
f 391/481/163 169/48/24 392/480/280
f 389/285/160 171/482/221 391/483/163
f 388/484/160 166/485/164 167/293/161
f 56/25/1 393/486/280 382/39/1
f 111/287/1 383/487/1 57/249/1
f 380/488/281 387/292/158 381/489/281
f 392/480/280 390/295/163 391/481/163
f 391/483/163 388/484/160 389/285/160
f 389/285/160 387/292/158 386/283/158
f 382/39/1 385/223/1 384/40/1
f 393/486/280 383/487/1 382/39/1
f 386/283/158 15/490/112 168/491/111
f 282/492/278 397/493/155 398/494/224
f 84/254/1 401/495/225 277/101/58
f 394/496/282 43/497/48 407/498/283
f 85/109/1 400/392/225 405/289/1
f 400/392/225 404/253/1 405/289/1
f 405/289/1 403/212/1 402/211/1
f 394/496/282 396/221/155 397/493/155
f 407/498/283 395/297/165 394/496/282
f 398/391/224 401/495/225 400/392/225
f 398/494/224 396/221/155 399/499/224
f 283/500/279 394/496/282 397/493/155
f 413/388/223 177/53/29 179/303/171
f 412/384/222 179/501/171 178/301/169
f 411/175/103 178/301/169 176/299/167
f 410/251/1 83/282/1 137/288/1
f 408/176/104 176/299/167 27/172/114
f 409/58/1 273/121/31 83/282/1
f 291/396/228 421/157/103 289/398/230
f 290/502/226 420/479/222 291/396/228
f 288/218/153 419/477/223 290/393/226
f 141/290/1 416/120/1 87/256/1
f 289/398/230 415/159/104 55/215/151
f 87/256/1 418/122/31 288/218/153
f 427/437/202 237/503/15 239/504/202
f 426/438/204 239/504/202 238/505/204
f 425/82/45 238/506/204 236/162/45
f 424/270/1 74/236/1 128/291/1
f 423/83/1 236/162/45 74/236/1
f 428/23/15 28/507/14 237/503/15
f 238/506/204 435/163/45 236/162/45
f 239/504/202 434/344/204 238/505/204
f 237/503/15 433/342/202 239/504/202
f 129/286/1 430/161/1 75/243/1
f 75/243/1 435/163/45 241/56/30
f 28/507/14 432/150/15 237/503/15
f 445/508/284 449/509/285 446/510/286
f 454/511/287 451/512/288 453/513/289
f 855/514/290 852/515/291 856/516/292
f 775/517/293 781/518/294 779/519/295
f 464/520/296 485/521/297 484/522/298
f 480/523/299 479/524/300 478/525/301
f 599/526/302 467/527/303 468/528/304
f 486/529/305 471/530/306 485/521/297
f 620/531/307 506/532/308 579/533/309
f 683/534/310 684/535/311 681/536/312
f 488/537/313 460/538/314 479/539/300
f 607/540/315 605/541/316 603/542/317
f 869/543/318 668/544/319 691/545/320
f 821/546/321 708/547/322 707/548/323
f 528/549/324 529/550/325 525/551/326
f 567/552/327 534/553/328 533/554/329
f 487/555/330 469/556/331 470/557/332
f 475/558/333 608/559/334 602/560/335
f 511/561/336 520/562/337 513/563/338
f 707/548/323 730/564/339 729/565/340
f 448/566/341 446/510/286 449/509/285
f 477/567/342 461/568/343 464/569/296
f 645/570/344 624/571/345 646/572/346
f 518/573/347 517/574/348 519/575/349
f 459/576/350 482/577/351 483/578/352
f 584/579/353 459/576/350 590/580/354
f 721/581/355 810/582/356 732/583/357
f 560/584/358 524/585/359 525/551/326
f 475/558/333 600/586/360 474/587/361
f 478/525/301 442/588/362 480/523/299
f 596/589/363 523/590/364 595/591/365
f 468/528/304 463/592/366 462/593/367
f 499/594/368 555/595/369 495/596/370
f 483/578/352 590/580/354 459/576/350
f 497/597/371 507/598/372 496/599/373
f 451/512/288 482/577/351 453/513/289
f 589/600/374 584/579/353 590/580/354
f 440/601/375 472/602/376 473/603/377
f 585/604/378 588/605/379 587/606/380
f 542/607/381 538/608/382 539/609/383
f 498/610/384 503/611/385 502/612/386
f 441/613/387 470/557/332 440/614/375
f 583/615/388 615/616/389 582/617/390
f 719/618/391 732/583/357 731/619/392
f 549/620/393 546/621/394 547/622/395
f 505/623/396 496/599/373 507/598/372
f 528/549/324 537/624/397 535/625/398
f 569/626/399 604/627/400 539/609/383
f 612/628/401 607/540/315 608/559/334
f 497/597/371 577/629/402 578/630/403
f 481/631/404 443/632/405 444/633/406
f 454/511/287 455/634/407 452/635/408
f 495/596/370 502/612/386 499/594/368
f 532/636/409 530/637/410 529/550/325
f 472/602/376 469/638/331 471/530/306
f 779/519/295 774/639/411 775/517/293
f 493/640/412 496/599/373 494/641/413
f 509/642/414 511/561/336 508/643/415
f 457/644/416 584/579/353 582/617/390
f 466/645/417 485/521/297 465/646/418
f 870/647/419 623/648/420 645/570/344
f 659/649/421 875/650/422 850/651/423
f 560/584/358 549/620/393 550/652/424
f 521/653/425 512/654/426 522/655/427
f 510/656/428 517/574/348 515/657/429
f 551/658/430 543/659/431 541/660/432
f 480/523/299 452/661/408 455/662/407
f 614/663/433 592/664/434 595/591/365
f 577/629/402 610/665/435 574/666/436
f 436/667/437 439/668/438 437/669/439
f 742/670/440 824/671/441 820/672/442
f 744/673/443 631/674/444 632/675/445
f 492/676/446 442/588/362 443/632/405
f 649/677/447 638/678/448 633/679/449
f 563/680/450 535/681/398 537/682/397
f 578/630/403 574/666/436 576/683/451
f 466/645/417 593/684/452 591/685/453
f 812/686/454 773/687/455 810/582/356
f 519/575/349 513/563/338 520/562/337
f 505/623/396 572/688/456 503/611/385
f 609/689/457 448/566/341 573/690/458
f 527/691/459 597/692/460 536/693/461
f 541/660/432 540/694/462 538/608/382
f 531/695/463 533/696/329 534/697/328
f 538/608/382 570/698/464 568/699/465
f 506/532/308 578/630/403 579/533/309
f 510/656/428 563/680/450 508/643/415
f 697/700/466 851/701/467 873/702/468
f 611/703/469 589/600/374 610/665/435
f 565/704/470 515/657/429 567/552/327
f 833/705/471 720/706/472 719/618/391
f 494/641/413 554/707/473 493/640/412
f 556/708/474 519/575/349 557/709/475
f 582/617/390 585/604/378 583/615/388
f 828/710/476 830/711/477 829/712/478
f 559/713/479 551/658/430 552/714/480
f 643/715/481 751/716/482 642/717/483
f 532/636/409 535/625/398 533/696/329
f 507/598/372 570/698/464 505/623/396
f 583/615/388 587/606/380 586/718/484
f 586/718/484 512/654/426 509/642/414
f 488/537/313 455/634/407 456/719/485
f 552/714/480 541/660/432 542/607/381
f 599/720/302 616/721/486 598/722/487
f 558/723/488 550/652/424 551/658/430
f 562/724/489 548/725/490 549/620/393
f 567/552/327 514/726/491 566/727/492
f 526/728/493 525/551/326 524/585/359
f 573/690/458 576/683/451 574/666/436
f 565/704/470 533/554/329 535/681/398
f 562/724/489 525/551/326 529/550/325
f 572/688/456 540/694/462 545/729/494
f 449/509/285 573/690/458 448/566/341
f 508/643/415 513/563/338 510/656/428
f 521/653/425 555/595/369 520/562/337
f 568/699/465 539/609/383 538/608/382
f 593/684/452 592/664/434 591/685/453
f 733/730/495 646/572/346 624/571/345
f 784/731/496 785/732/497 783/733/498
f 547/622/395 544/734/499 545/729/494
f 580/735/500 575/736/501 581/737/502
f 561/738/503 529/550/325 530/637/410
f 553/739/504 495/596/370 555/595/369
f 569/626/399 507/598/372 506/532/308
f 503/611/385 571/740/505 504/741/506
f 494/641/413 498/610/384 495/596/370
f 594/742/507 599/526/302 598/743/487
f 545/729/494 571/740/505 572/688/456
f 701/744/508 838/745/509 815/746/510
f 508/643/415 564/747/511 509/642/414
f 616/721/486 586/718/484 617/748/512
f 630/749/513 740/750/514 739/751/515
f 596/589/363 598/743/487 597/692/460
f 509/642/414 617/748/512 586/718/484
f 493/640/412 611/703/469 577/629/402
f 591/685/453 486/529/305 466/645/417
f 658/752/516 850/651/423 846/753/517
f 458/754/518 456/719/485 454/511/287
f 473/603/377 475/558/333 474/587/361
f 630/749/513 649/677/447 629/755/519
f 489/756/520 462/757/367 488/537/313
f 636/758/521 759/759/522 648/760/523
f 619/761/524 600/586/360 601/762/525
f 443/632/405 438/763/526 444/633/406
f 601/762/525 620/531/307 619/761/524
f 468/764/304 615/616/389 599/720/302
f 641/765/527 866/766/528 640/767/529
f 650/768/530 750/769/531 638/678/448
f 804/770/532 715/771/533 783/733/498
f 492/676/446 451/772/288 452/661/408
f 644/773/534 752/774/535 643/715/481
f 501/775/536 499/594/368 502/612/386
f 598/722/487 617/748/512 597/776/460
f 840/777/537 724/778/538 835/779/539
f 819/780/540 822/781/541 821/546/321
f 582/617/390 489/756/520 457/644/416
f 526/728/493 536/693/461 537/624/397
f 564/747/511 597/776/460 617/748/512
f 442/588/362 439/668/438 443/632/405
f 476/782/542 612/628/401 608/559/334
f 491/783/543 581/737/502 450/784/544
f 618/785/545 580/735/500 581/737/502
f 663/786/546 667/787/547 666/788/548
f 845/789/549 848/790/550 847/791/551
f 874/792/552 629/755/519 649/677/447
f 619/761/524 579/533/309 580/735/500
f 522/655/427 587/606/380 588/605/379
f 682/793/553 681/536/312 680/794/554
f 594/742/507 595/591/365 592/664/434
f 557/709/475 520/562/337 555/595/369
f 875/650/422 684/535/311 863/795/555
f 559/713/479 595/591/365 523/590/364
f 844/796/556 706/797/557 817/798/558
f 818/799/559 736/800/560 737/801/561
f 640/767/529 867/802/562 639/803/563
f 874/792/552 633/679/449 861/804/564
f 704/805/565 773/687/455 766/806/566
f 826/807/567 827/808/568 825/809/569
f 669/810/570 664/811/571 670/812/572
f 610/665/435 590/580/354 609/689/457
f 639/803/563 872/813/573 647/814/574
f 806/815/575 799/816/576 798/817/577
f 826/807/567 749/818/578 830/711/477
f 474/587/361 618/785/545 491/783/543
f 640/767/529 642/717/483 641/765/527
f 602/560/335 601/762/525 600/586/360
f 743/819/579 740/750/514 744/673/443
f 864/820/580 686/821/581 868/822/582
f 653/823/583 656/824/516 654/825/583
f 856/516/292 667/787/547 668/544/319
f 837/826/584 815/746/510 838/745/509
f 651/827/585 849/828/586 876/829/587
f 622/830/588 626/831/589 625/832/590
f 647/814/574 644/773/534 639/803/563
f 575/736/501 450/784/544 581/737/502
f 643/715/481 639/803/563 644/773/534
f 574/666/436 609/689/457 573/690/458
f 446/510/286 444/833/406 438/834/526
f 621/835/591 652/836/592 626/831/589
f 476/782/542 472/602/376 471/530/306
f 662/837/593 665/838/594 663/786/546
f 758/839/595 813/840/596 837/826/584
f 746/841/597 747/842/598 745/843/599
f 543/659/431 545/729/494 540/694/462
f 714/844/600 829/712/478 718/845/601
f 655/846/602 500/847/368 501/775/536
f 762/848/603 830/849/477 749/850/578
f 666/788/548 696/851/604 663/786/546
f 786/852/605 788/853/606 787/854/607
f 727/855/608 827/808/568 713/856/609
f 561/738/503 688/857/610 548/725/490
f 858/858/611 677/859/612 862/860/613
f 478/525/301 460/861/314 461/568/343
f 871/862/614 675/863/615 857/864/616
f 825/809/569 748/865/617 826/807/567
f 660/866/618 700/867/619 659/649/421
f 605/541/316 539/609/383 604/627/400
f 832/868/620 833/705/471 831/869/621
f 807/870/622 709/871/623 774/639/411
f 777/872/624 778/873/625 776/874/626
f 739/751/515 650/768/530 630/749/513
f 518/573/347 689/875/627 670/812/572
f 637/876/628 633/877/449 638/878/448
f 680/794/554 699/879/629 698/880/630
f 625/832/590 738/881/631 734/882/632
f 467/527/303 465/646/418 463/592/366
f 614/663/433 552/714/480 606/883/633
f 579/533/309 576/683/451 580/735/500
f 847/791/551 622/830/588 623/648/420
f 682/793/553 548/725/490 688/857/610
f 782/884/634 803/885/635 781/518/294
f 716/886/636 718/845/601 717/887/637
f 514/726/491 664/811/571 662/837/593
f 782/884/634 710/888/638 711/889/639
f 696/851/604 677/890/612 678/891/640
f 715/771/533 714/844/600 716/886/636
f 566/727/492 679/892/641 534/553/328
f 693/893/642 686/821/581 687/894/643
f 763/895/644 737/801/561 738/881/631
f 766/806/566 703/896/645 704/805/565
f 691/545/320 669/810/570 690/897/646
f 702/898/647 815/746/510 816/899/648
f 722/900/649 719/618/391 720/706/472
f 554/707/473 588/605/379 611/703/469
f 793/901/650 723/902/651 800/903/652
f 716/886/636 783/733/498 715/771/533
f 801/904/653 711/889/639 726/905/654
f 558/723/488 523/590/364 524/585/359
f 727/855/608 723/902/651 724/778/538
f 759/759/522 755/906/655 756/907/656
f 858/858/611 859/908/657 857/864/616
f 698/880/630 544/734/499 680/794/554
f 657/909/658 846/753/517 845/789/549
f 770/910/659 772/911/660 769/912/661
f 695/913/662 678/891/640 679/892/641
f 859/908/657 647/814/574 872/813/573
f 868/822/582 694/914/663 871/862/614
f 635/915/664 648/760/523 647/814/574
f 446/510/286 436/916/437 445/508/284
f 779/519/295 780/917/665 778/873/625
f 797/918/666 795/919/667 794/920/668
f 608/559/334 603/542/317 602/560/335
f 624/571/345 734/882/632 733/730/495
f 693/893/642 671/921/669 672/922/670
f 765/923/671 726/905/654 703/896/645
f 839/924/672 835/779/539 836/925/673
f 836/925/673 760/926/674 839/924/672
f 754/927/675 756/907/656 755/906/655
f 848/790/550 621/835/591 622/830/588
f 458/754/518 453/513/289 459/576/350
f 717/928/637 729/565/340 730/564/339
f 754/927/675 831/869/621 753/929/676
f 477/567/342 484/930/298 487/555/330
f 710/888/638 707/548/323 708/547/322
f 725/931/677 703/896/645 726/905/654
f 863/795/555 876/829/587 875/650/422
f 729/565/340 821/546/321 707/548/323
f 731/619/392 705/932/678 706/797/557
f 770/910/659 765/923/671 766/806/566
f 685/933/679 863/795/555 684/535/311
f 810/582/356 705/932/678 732/583/357
f 566/727/492 662/837/593 695/913/662
f 674/934/680 675/863/615 672/922/670
f 869/543/318 847/791/551 870/647/419
f 536/935/461 563/680/450 537/682/397
f 833/705/471 731/619/392 844/796/556
f 482/577/351 444/833/406 447/936/681
f 742/670/440 739/751/515 740/750/514
f 783/733/498 806/815/575 804/770/532
f 652/836/592 738/881/631 626/831/589
f 546/621/394 680/794/554 544/734/499
f 751/716/482 764/937/682 763/895/644
f 691/545/320 845/789/549 869/543/318
f 658/752/516 654/825/583 656/824/516
f 804/770/532 798/817/577 800/903/652
f 487/555/330 442/588/362 477/567/342
f 730/564/339 791/938/683 717/928/637
f 724/778/538 722/900/649 720/706/472
f 794/920/668 793/901/650 797/918/666
f 823/939/684 820/672/442 824/671/441
f 700/867/619 681/536/312 684/535/311
f 745/843/599 760/926/674 759/759/522
f 692/940/685 530/637/410 671/921/669
f 665/838/594 668/544/319 667/787/547
f 823/939/684 725/931/677 712/941/686
f 792/942/687 722/900/649 793/901/650
f 709/871/623 775/517/293 774/639/411
f 808/943/688 789/944/689 809/945/690
f 628/946/691 853/947/692 854/948/693
f 855/514/290 645/570/344 627/949/694
f 491/783/543 473/603/377 474/587/361
f 456/719/485 489/756/520 488/537/313
f 829/950/478 841/951/695 842/952/696
f 818/799/559 764/937/682 843/953/697
f 851/701/467 854/948/693 853/947/692
f 741/954/698 761/955/699 739/751/515
f 641/765/527 652/836/592 651/827/585
f 857/864/616 872/813/573 871/862/614
f 788/853/606 791/956/683 789/957/689
f 768/958/700 801/904/653 765/923/671
f 814/959/701 735/960/702 736/800/560
f 864/820/580 865/961/703 863/795/555
f 661/962/704 699/879/629 660/866/618
f 809/945/690 791/938/683 807/870/622
f 670/812/572 516/963/705 518/573/347
f 683/534/310 688/857/610 687/894/643
f 769/912/661 768/958/700 770/910/659
f 846/753/517 849/828/586 848/790/550
f 747/842/598 839/924/672 760/926/674
f 753/929/676 752/774/535 754/927/675
f 690/897/646 670/812/572 689/875/627
f 490/964/706 440/601/375 473/603/377
f 728/965/707 800/903/652 723/902/651
f 784/731/496 717/887/637 791/956/683
f 663/786/546 695/913/662 662/837/593
f 613/966/708 606/883/633 607/540/315
f 697/700/466 862/967/613 677/890/612
f 777/872/624 807/870/622 774/639/411
f 861/804/564 873/702/468 874/792/552
f 527/691/459 524/585/359 523/590/364
f 705/932/678 702/898/647 706/797/557
f 437/669/439 441/613/387 440/614/375
f 708/547/322 711/889/639 710/888/638
f 550/652/424 547/622/395 543/659/431
f 701/744/508 704/805/565 703/896/645
f 842/952/696 718/968/601 829/950/478
f 654/825/583 689/875/627 653/823/583
f 825/809/569 840/777/537 839/924/672
f 820/672/442 741/954/698 742/670/440
f 767/969/709 803/885/635 768/958/700
f 838/745/509 824/671/441 837/826/584
f 805/970/710 785/732/497 786/852/605
f 796/971/711 798/817/577 799/816/576
f 673/972/712 672/922/670 671/921/669
f 852/515/291 666/788/548 667/787/547
f 631/674/444 629/755/519 628/946/691
f 828/710/476 713/856/609 827/808/568
f 776/874/626 809/945/690 777/872/624
f 734/882/632 737/801/561 736/800/560
f 763/895/644 642/717/483 751/716/482
f 713/856/609 728/965/707 727/855/608
f 794/920/668 811/973/713 812/686/454
f 673/972/712 534/697/328 679/974/641
f 871/862/614 867/802/562 868/822/582
f 632/675/445 628/946/691 627/949/694
f 746/841/597 638/878/448 750/975/531
f 515/657/429 516/963/705 514/726/491
f 792/942/687 812/686/454 810/582/356
f 787/854/607 789/957/689 790/976/714
f 771/977/715 811/973/713 772/911/660
f 781/518/294 802/978/716 780/917/665
f 674/934/680 679/974/641 678/979/640
f 648/760/523 756/907/656 644/773/534
f 861/980/564 634/981/717 860/982/718
f 692/940/685 687/894/643 688/857/610
f 698/880/630 504/741/506 571/740/505
f 757/983/719 735/960/702 758/839/595
f 766/806/566 771/977/715 770/910/659
f 706/797/557 816/899/648 817/798/558
f 854/948/693 627/949/694 628/946/691
f 831/869/621 844/796/556 843/953/697
f 504/741/506 502/612/386 503/611/385
f 860/982/718 862/860/613 861/980/564
f 632/675/445 757/983/719 744/673/443
f 813/840/596 816/899/648 815/746/510
f 876/829/587 850/651/423 875/650/422
f 819/780/540 762/848/603 741/954/698
f 761/955/699 749/850/578 750/769/531
f 726/905/654 712/941/686 725/931/677
f 814/959/701 817/798/558 816/899/648
f 843/953/697 817/798/558 818/799/559
f 797/918/666 800/903/652 798/817/577
f 868/822/582 866/766/528 864/820/580
f 485/521/297 469/638/331 484/522/298
f 743/819/579 837/826/584 824/671/441
f 758/839/595 744/673/443 757/983/719
f 606/883/633 542/607/381 605/541/316
f 870/647/419 856/516/292 869/543/318
f 646/572/346 627/949/694 645/570/344
f 553/739/504 522/655/427 554/707/473
f 500/847/368 557/709/475 499/594/368
f 836/925/673 834/984/720 832/868/620
f 483/578/352 447/936/681 448/566/341
f 660/866/618 655/846/602 661/962/704
f 661/962/704 501/775/536 504/741/506
f 463/592/366 464/520/296 461/985/343
f 603/542/317 604/627/400 601/762/525
f 733/730/495 736/800/560 735/960/702
f 625/832/590 623/648/420 622/830/588
f 659/649/421 656/824/516 660/866/618
f 637/876/628 745/843/599 636/758/521
f 531/695/463 671/921/669 530/637/410
f 724/778/538 834/984/720 835/779/539
f 843/953/697 753/929/676 831/869/621
f 490/964/706 450/784/544 445/508/284
f 653/823/583 556/708/474 500/847/368
f 436/916/437 490/964/706 445/508/284
f 676/986/721 678/979/640 677/859/612
f 750/975/531 748/865/617 746/841/597
f 857/864/616 676/986/721 858/858/611
f 460/987/314 463/592/366 461/985/343
f 685/933/679 687/894/643 686/821/581
f 832/868/620 755/906/655 836/925/673
f 636/758/521 634/981/717 637/876/628
f 690/897/646 657/909/658 691/545/320
f 865/961/703 651/827/585 876/829/587
f 821/546/321 841/951/695 819/780/540
f 694/914/663 672/922/670 675/863/615
f 873/702/468 853/947/692 874/792/552
f 613/966/708 591/685/453 592/664/434
f 860/982/718 635/915/664 859/908/657
f 822/781/541 712/941/686 708/547/322
f 886/988/722 890/989/723 891/990/724
f 892/991/725 895/992/726 894/993/727
f 1296/994/728 1293/995/729 1295/996/730
f 1222/997/731 1216/998/732 1220/999/733
f 905/1000/734 926/1001/735 906/1002/736
f 920/1003/737 921/1004/738 919/1005/739
f 1040/1006/740 908/1007/741 1034/1008/742
f 927/1009/743 912/1010/744 917/1011/745
f 947/1012/746 1061/1013/747 1020/1014/748
f 1125/1015/749 1124/1016/750 1122/1017/751
f 901/1018/752 929/1019/753 920/1020/737
f 1046/1021/754 1048/1022/755 1044/1023/756
f 1109/1024/757 1310/1025/758 1132/1026/759
f 1262/1027/321 1149/1028/760 1263/1029/761
f 970/1030/762 969/1031/763 966/1032/764
f 975/1033/765 1008/1034/766 974/1035/767
f 928/1036/768 910/1037/769 925/1038/770
f 1049/1039/771 916/1040/772 1043/1041/773
f 961/1042/774 952/1043/775 954/1044/776
f 1171/1045/777 1148/1046/778 1170/1047/779
f 889/1048/780 887/1049/781 888/1050/782
f 918/1051/783 902/1052/784 919/1005/739
f 1065/1053/785 1086/1054/786 1087/1055/787
f 959/1056/788 958/1057/789 957/1058/790
f 900/1059/791 923/1060/792 894/993/727
f 900/1059/791 1025/1061/793 1031/1062/794
f 1162/1063/355 1251/1064/795 1233/1065/796
f 965/1066/797 1001/1067/798 966/1032/764
f 1041/1068/799 916/1040/772 915/1069/800
f 919/1005/739 883/1070/801 918/1051/783
f 964/1071/802 1037/1072/803 1036/1073/804
f 904/1074/805 909/1075/806 903/1076/807
f 940/1077/808 996/1078/809 998/1079/810
f 924/1080/811 1031/1062/794 1050/1081/812
f 948/1082/813 938/1083/814 937/1084/815
f 923/1060/792 892/991/725 894/993/727
f 1030/1085/816 1025/1061/793 1026/1086/817
f 881/1087/818 913/1088/819 911/1089/820
f 1029/1090/821 1026/1086/817 1028/1091/822
f 979/1092/823 983/1093/824 980/1094/825
f 944/1095/826 939/1096/827 943/1097/828
f 882/1098/829 911/1099/820 928/1036/768
f 1024/1100/830 1056/1101/831 1057/1102/832
f 1173/1103/833 1160/1104/391 1172/1105/834
f 987/1106/835 990/1107/836 988/1108/837
f 946/1109/838 937/1084/815 939/1096/827
f 969/1031/763 978/1110/839 967/1111/840
f 1010/1112/841 1045/1113/842 1061/1013/747
f 1048/1022/755 1053/1114/843 1049/1039/771
f 938/1083/814 1018/1115/844 934/1116/845
f 884/1117/846 922/1118/847 885/1119/848
f 895/992/726 896/1120/849 897/1121/850
f 943/1097/828 936/1122/851 940/1077/808
f 971/1123/852 973/1124/853 970/1030/762
f 910/1125/769 913/1088/819 912/1010/744
f 1220/999/733 1215/1126/854 1218/1127/855
f 937/1084/815 934/1116/845 935/1128/856
f 950/1129/857 952/1043/775 953/1130/858
f 898/1131/859 1025/1061/793 899/1132/860
f 926/1001/735 907/1133/861 906/1002/736
f 1064/1134/862 1311/1135/863 1086/1054/786
f 1100/1136/864 1316/1137/865 1141/1138/866
f 990/1107/836 1001/1067/798 991/1139/867
f 962/1140/868 953/1130/858 952/1043/775
f 951/1141/869 958/1057/789 954/1044/776
f 984/1142/870 992/1143/871 982/1144/872
f 893/1145/873 921/1004/738 896/1146/849
f 1033/1147/874 1055/1148/875 1036/1073/804
f 1018/1115/844 1051/1149/876 1052/1150/877
f 880/1151/878 877/1152/879 878/1153/880
f 1265/1154/881 1183/1155/882 1261/1156/883
f 1072/1157/884 1185/1158/885 1073/1159/886
f 933/1160/887 883/1070/801 921/1004/738
f 1090/1161/888 1079/1162/889 1091/1163/890
f 976/1164/891 1004/1165/892 978/1166/839
f 1015/1167/893 1019/1168/894 1017/1169/895
f 907/1133/861 1034/1008/742 908/1007/741
f 1214/1170/896 1253/1171/897 1251/1064/795
f 960/1172/898 954/1044/776 958/1057/789
f 946/1109/838 1013/1173/899 1011/1174/900
f 889/1048/780 1050/1081/812 1014/1175/901
f 1038/1176/902 968/1177/903 977/1178/904
f 981/1179/905 982/1144/872 979/1092/823
f 974/1180/767 972/1181/906 975/1182/765
f 979/1092/823 1011/1174/900 981/1179/905
f 947/1012/746 1019/1168/894 938/1083/814
f 951/1141/869 1004/1165/892 1006/1183/907
f 1138/1184/908 1292/1185/909 1107/1186/910
f 1030/1085/816 1052/1150/877 1051/1149/876
f 956/1187/911 1006/1183/907 1008/1034/766
f 1274/1188/471 1161/1189/912 1275/1190/913
f 935/1128/856 995/1191/914 994/1192/915
f 960/1172/898 997/1193/916 998/1079/810
f 1023/1194/917 1026/1086/817 1025/1061/793
f 1269/1195/918 1271/1196/919 1267/1197/920
f 992/1143/871 1000/1198/921 993/1199/922
f 1084/1200/923 1192/1201/924 1193/1202/925
f 976/1203/891 973/1124/853 974/1180/767
f 948/1082/813 1011/1174/900 1009/1204/926
f 1024/1100/830 1028/1091/822 1026/1086/817
f 1027/1205/927 953/1130/858 1028/1091/822
f 896/1120/849 929/1019/753 897/1121/850
f 993/1199/922 982/1144/872 992/1143/871
f 1040/1206/740 1057/1102/832 1056/1101/831
f 991/1139/867 999/1207/928 992/1143/871
f 989/1208/929 1003/1209/930 990/1107/836
f 955/1210/931 1008/1034/766 1007/1211/932
f 966/1032/764 967/1111/840 965/1066/797
f 1017/1169/895 1014/1175/901 1015/1167/893
f 974/1035/767 1006/1183/907 976/1164/891
f 966/1032/764 1003/1209/930 970/1030/762
f 1013/1173/899 981/1179/905 1011/1174/900
f 890/989/723 1014/1175/901 1016/1212/933
f 949/1213/934 954/1044/776 952/1043/775
f 996/1078/809 962/1140/868 961/1042/774
f 1009/1204/926 980/1094/825 1010/1112/841
f 1033/1147/874 1034/1008/742 1032/1214/935
f 1174/1215/936 1087/1055/787 1198/1216/937
f 1226/1217/938 1225/1218/939 1224/1219/940
f 985/1220/941 988/1108/837 986/1221/942
f 1021/1222/943 1016/1212/933 1017/1169/895
f 970/1030/762 1002/1223/944 971/1123/852
f 936/1122/851 994/1192/915 996/1078/809
f 948/1082/813 1010/1112/841 947/1012/746
f 944/1095/826 1012/1224/945 1013/1173/899
f 939/1096/827 935/1128/856 936/1122/851
f 1040/1006/740 1035/1225/946 1039/1226/947
f 1012/1224/945 986/1221/942 1013/1173/899
f 1142/1227/948 1279/1228/949 1166/1229/950
f 949/1213/934 1005/1230/951 1004/1165/892
f 1027/1205/927 1057/1102/832 1058/1231/952
f 1071/1232/953 1181/1233/954 1072/1157/884
f 1037/1072/803 1039/1226/947 1035/1225/946
f 950/1129/857 1058/1231/952 1005/1230/951
f 934/1116/845 1052/1150/877 995/1191/914
f 1032/1214/935 927/1009/743 1053/1114/843
f 1291/1234/955 1099/1235/956 1287/1236/957
f 897/1121/850 899/1132/860 895/992/726
f 916/1040/772 914/1237/958 915/1069/800
f 1090/1161/888 1071/1232/953 1070/1238/959
f 903/1239/807 930/1240/960 929/1019/753
f 1077/1241/961 1200/1242/962 1186/1243/963
f 1060/1244/964 1041/1068/799 1059/1245/965
f 879/1246/966 884/1117/846 885/1119/848
f 1061/1013/747 1042/1247/967 1060/1244/964
f 909/1248/806 1056/1101/831 930/1240/960
f 1307/1249/968 1082/1250/969 1081/1251/970
f 1091/1163/890 1191/1252/971 1202/1253/972
f 1156/1254/973 1245/1255/974 1224/1219/940
f 892/1256/725 933/1160/887 893/1145/873
f 1193/1202/925 1085/1257/975 1084/1200/923
f 940/1077/808 942/1258/976 943/1097/828
f 1039/1259/947 1058/1231/952 1057/1102/832
f 1165/1260/977 1281/1261/978 1276/1262/979
f 1260/1263/980 1263/1029/761 1261/1156/883
f 1023/1194/917 930/1240/960 1056/1101/831
f 977/1178/904 967/1111/840 978/1110/839
f 1038/1264/902 1005/1230/951 1058/1231/952
f 883/1070/801 880/1151/878 882/1098/829
f 917/1011/745 1053/1114/843 927/1009/743
f 1022/1265/981 932/1266/982 891/990/724
f 1021/1222/943 1059/1245/965 1022/1265/981
f 1104/1267/983 1108/1268/984 1106/1269/985
f 1286/1270/986 1289/1271/987 1287/1236/957
f 1070/1238/959 1315/1272/988 1090/1161/888
f 1020/1014/748 1060/1244/964 1021/1222/943
f 963/1273/989 1028/1091/822 953/1130/858
f 1122/1017/751 1123/1274/990 1121/1275/991
f 1036/1073/804 1035/1225/946 1033/1147/874
f 961/1042/774 998/1079/810 996/1078/809
f 1316/1137/865 1125/1015/749 1141/1138/866
f 1036/1073/804 1000/1198/921 964/1071/802
f 1147/1276/992 1285/1277/993 1258/1278/994
f 1259/1279/995 1177/1280/996 1255/1281/997
f 1081/1251/970 1308/1282/998 1307/1249/968
f 1315/1272/988 1074/1283/999 1090/1161/888
f 1145/1284/1000 1214/1170/896 1146/1285/1001
f 1267/1197/920 1268/1286/1002 1269/1195/918
f 1110/1287/1003 1105/1288/1004 1106/1269/985
f 1031/1062/794 1051/1149/876 1050/1081/812
f 1080/1289/1005 1313/1290/1006 1308/1282/998
f 1247/1291/1007 1240/1292/1008 1246/1293/1009
f 1190/1294/1010 1267/1197/920 1271/1196/919
f 915/1069/800 1059/1245/965 1041/1068/799
f 1081/1251/970 1083/1295/1011 1084/1200/923
f 1042/1247/967 1043/1041/773 1041/1068/799
f 1181/1233/954 1184/1296/1012 1185/1158/885
f 1305/1297/1013 1127/1298/1014 1126/1299/1015
f 1097/1300/1016 1094/1301/1017 1095/1302/1017
f 1108/1268/984 1297/1303/1018 1109/1024/757
f 1278/1304/1019 1256/1305/1020 1254/1306/1021
f 1092/1307/1022 1290/1308/1023 1062/1309/1024
f 1067/1310/1025 1063/1311/1026 1066/1312/1027
f 1088/1313/1028 1085/1257/975 1089/1314/1029
f 891/990/724 1016/1212/933 1022/1265/981
f 1084/1200/923 1080/1289/1005 1081/1251/970
f 1015/1167/893 1050/1081/812 1051/1149/876
f 887/1049/781 885/1315/848 888/1050/782
f 1062/1309/1024 1093/1316/1030 1092/1307/1022
f 913/1088/819 917/1011/745 912/1010/744
f 1103/1317/1031 1106/1269/985 1105/1288/1004
f 1254/1306/1021 1199/1318/1032 1278/1304/1019
f 1188/1319/1033 1187/1320/1034 1186/1243/963
f 986/1221/942 984/1142/870 981/1179/905
f 1270/1321/1035 1155/1322/1036 1159/1323/1037
f 941/1324/1038 1096/1325/1039 942/1258/976
f 1203/1326/1040 1271/1327/919 1282/1328/1041
f 1107/1186/910 1137/1329/1042 1138/1184/908
f 1227/1330/1043 1229/1331/1044 1226/1217/938
f 1168/1332/1045 1268/1286/1002 1281/1261/978
f 1002/1223/944 1129/1333/1046 1133/1334/1047
f 1299/1335/1048 1118/1336/1049 1117/1337/1050
f 901/1338/752 919/1005/739 902/1052/784
f 1312/1339/1051 1116/1340/1052 1135/1341/1053
f 1189/1342/1054 1266/1343/1055 1267/1197/920
f 1101/1344/1056 1141/1138/866 1140/1345/1057
f 980/1094/825 1046/1021/754 1045/1113/842
f 1273/1346/1058 1274/1188/471 1275/1190/913
f 1150/1347/623 1248/1348/1059 1215/1126/854
f 1218/1127/855 1219/1349/1060 1220/999/733
f 1091/1163/890 1180/1350/1061 1071/1232/953
f 1130/1351/1062 959/1056/788 1111/1352/1063
f 1074/1353/999 1078/1354/1064 1079/1355/889
f 1121/1275/991 1140/1345/1057 1122/1017/751
f 1066/1312/1027 1179/1356/1065 1067/1310/1025
f 906/1002/736 908/1007/741 904/1074/805
f 993/1199/922 1055/1148/875 1047/1357/1066
f 1020/1014/748 1017/1169/895 1019/1168/894
f 1063/1311/1026 1288/1358/1067 1064/1134/862
f 1123/1274/990 989/1208/929 987/1106/835
f 1223/1359/1068 1244/1360/1069 1242/1361/1070
f 1157/1362/1071 1159/1323/1037 1155/1322/1036
f 955/1210/931 1105/1288/1004 957/1058/790
f 1223/1359/1068 1151/1363/1072 1216/998/732
f 1118/1364/1049 1137/1329/1042 1119/1365/1073
f 1155/1322/1036 1156/1254/973 1157/1362/1071
f 1120/1366/1074 1007/1211/932 975/1033/765
f 1127/1298/1014 1134/1367/1075 1128/1368/1076
f 1204/1369/1077 1178/1370/1078 1205/1371/1079
f 1144/1372/1080 1207/1373/1081 1145/1284/1000
f 1110/1287/1003 1132/1026/759 1131/1374/1082
f 1143/1375/1083 1256/1305/1020 1142/1227/948
f 1160/1104/391 1163/1376/1084 1161/1189/912
f 995/1191/914 1029/1090/821 963/1273/989
f 1164/1377/1085 1234/1378/1086 1241/1379/1087
f 1224/1219/940 1157/1362/1071 1156/1254/973
f 1242/1361/1070 1152/1380/1088 1223/1359/1068
f 964/1071/802 999/1207/928 965/1066/797
f 1168/1332/1045 1164/1377/1085 1169/1381/1089
f 1200/1242/962 1196/1382/1090 1201/1383/1091
f 1299/1335/1048 1300/1384/1092 1301/1385/1093
f 1139/1386/1094 985/1220/941 1012/1224/945
f 1287/1236/957 1098/1387/1095 1286/1270/986
f 1211/1388/1096 1213/1389/1097 1212/1390/1098
f 1119/1365/1073 1136/1391/1099 1120/1366/1074
f 1300/1384/1092 1088/1313/1028 1076/1392/1100
f 1135/1341/1053 1309/1393/1101 1312/1339/1051
f 1076/1392/1100 1089/1314/1029 1077/1241/961
f 877/1394/879 887/1049/781 886/988/722
f 1221/1395/1102 1220/999/733 1219/1349/1060
f 1236/1396/667 1238/1397/1103 1235/1398/668
f 1044/1023/756 1049/1039/771 1043/1041/773
f 1175/1399/1104 1065/1053/785 1174/1215/936
f 1112/1400/1105 1134/1367/1075 1113/1401/1106
f 1206/1402/1107 1167/1403/1108 1242/1361/1070
f 1280/1404/1109 1276/1262/979 1281/1261/978
f 1201/1383/1091 1277/1405/1110 1280/1404/1109
f 1195/1406/1111 1197/1407/1112 1193/1202/925
f 1062/1309/1024 1289/1271/987 1063/1311/1026
f 894/993/727 899/1132/860 900/1059/791
f 1158/1408/1113 1170/1047/779 1159/1409/1037
f 1272/1410/1114 1195/1406/1111 1194/1411/1115
f 925/1038/770 918/1051/783 928/1036/768
f 1151/1363/1072 1148/1046/778 1150/1347/623
f 1144/1372/1080 1166/1229/950 1167/1403/1108
f 1317/1412/1116 1304/1413/1117 1316/1137/865
f 1170/1047/779 1262/1027/321 1283/1414/1118
f 1172/1105/834 1146/1285/1001 1173/1103/833
f 1206/1402/1107 1211/1388/1096 1207/1373/1081
f 1304/1413/1117 1126/1299/1015 1125/1015/749
f 1146/1285/1001 1251/1064/795 1173/1103/833
f 1103/1317/1031 1007/1211/932 1136/1391/1099
f 1116/1340/1052 1115/1415/1119 1113/1401/1106
f 1310/1025/758 1288/1358/1067 1286/1270/986
f 977/1416/904 1004/1165/892 1005/1230/951
f 1274/1188/471 1172/1105/834 1160/1104/391
f 923/1060/792 885/1315/848 922/1417/847
f 1183/1155/882 1180/1350/1061 1182/1418/1120
f 1247/1291/1007 1224/1219/940 1245/1255/974
f 1093/1316/1030 1179/1356/1065 1204/1369/1077
f 1121/1275/991 987/1106/835 985/1220/941
f 1192/1201/924 1205/1371/1079 1194/1411/1115
f 1286/1270/986 1132/1026/759 1310/1025/758
f 1099/1235/956 1095/1302/1017 1098/1387/1095
f 1245/1255/974 1239/1419/1121 1247/1291/1007
f 928/1036/768 883/1070/801 882/1098/829
f 1171/1045/777 1232/1420/1122 1248/1348/1059
f 1163/1376/1084 1165/1260/977 1161/1189/912
f 1234/1378/1086 1235/1398/668 1238/1397/1103
f 1264/1421/1123 1261/1156/883 1263/1029/761
f 1141/1138/866 1122/1017/751 1140/1345/1057
f 1201/1383/1091 1186/1243/963 1200/1242/962
f 971/1123/852 1133/1334/1047 1112/1400/1105
f 1109/1024/757 1106/1269/985 1108/1268/984
f 1166/1229/950 1264/1421/1123 1153/1422/1124
f 1163/1376/1084 1233/1065/796 1234/1378/1086
f 1150/1347/623 1216/998/732 1151/1363/1072
f 1249/1423/1125 1230/1424/1126 1231/1425/1127
f 1069/1426/1128 1294/1427/1129 1070/1238/959
f 1086/1054/786 1296/994/728 1068/1428/1130
f 932/1266/982 914/1237/958 931/1429/1131
f 930/1240/960 897/1121/850 929/1019/753
f 1282/1328/1041 1270/1430/1035 1283/1414/1118
f 1205/1371/1079 1259/1279/995 1284/1431/1132
f 1292/1185/909 1295/996/730 1293/995/729
f 1202/1253/972 1182/1418/1120 1180/1350/1061
f 1082/1250/969 1093/1316/1030 1083/1295/1011
f 1313/1290/1006 1298/1432/1133 1312/1339/1051
f 1229/1331/1044 1232/1433/1122 1225/1218/939
f 1209/1434/1134 1242/1361/1070 1244/1360/1069
f 1176/1435/1135 1255/1281/997 1177/1280/996
f 1305/1297/1013 1306/1436/1136 1307/1249/968
f 1102/1437/1137 1140/1345/1057 1139/1386/1094
f 1232/1420/1122 1250/1438/1138 1248/1348/1059
f 1111/1352/1063 957/1058/790 1105/1288/1004
f 1124/1016/750 1129/1333/1046 1123/1274/990
f 1209/1434/1134 1210/1439/1139 1211/1388/1096
f 1287/1236/957 1290/1308/1023 1291/1234/955
f 1188/1319/1033 1280/1404/1109 1266/1343/1055
f 1193/1202/925 1194/1411/1115 1195/1406/1111
f 1131/1374/1082 1111/1352/1063 1110/1287/1003
f 931/1429/1131 881/1087/818 878/1440/880
f 1169/1381/1089 1241/1379/1087 1245/1255/974
f 1158/1441/1113 1225/1218/939 1232/1433/1122
f 1104/1267/983 1136/1391/1099 1137/1329/1042
f 1047/1357/1066 1054/1442/1140 1048/1022/755
f 1138/1184/908 1303/1443/1141 1314/1444/1142
f 1218/1127/855 1248/1348/1059 1250/1438/1138
f 1314/1444/1142 1302/1445/1143 1315/1272/988
f 965/1066/797 968/1177/903 964/1071/802
f 1143/1375/1083 1146/1285/1001 1147/1276/992
f 878/1153/880 882/1098/829 880/1151/878
f 1152/1380/1088 1149/1028/760 1151/1363/1072
f 988/1108/837 991/1139/867 984/1142/870
f 1142/1227/948 1145/1284/1000 1143/1375/1083
f 1159/1409/1037 1283/1414/1118 1270/1430/1035
f 1095/1302/1017 1130/1351/1062 1131/1374/1082
f 1281/1261/978 1266/1343/1055 1280/1404/1109
f 1182/1418/1120 1261/1156/883 1183/1155/882
f 1208/1446/1144 1244/1360/1069 1243/1447/1145
f 1265/1154/881 1279/1228/949 1278/1304/1019
f 1246/1293/1009 1226/1217/938 1247/1291/1007
f 1239/1419/1121 1237/1448/1146 1240/1292/1008
f 1113/1401/1106 1114/1449/1147 1112/1400/1105
f 1107/1186/910 1293/995/729 1108/1268/984
f 1072/1157/884 1070/1238/959 1071/1232/953
f 1154/1450/1148 1269/1195/918 1268/1286/1002
f 1217/1451/1149 1250/1438/1138 1249/1423/1125
f 1175/1399/1104 1178/1370/1078 1179/1356/1065
f 1083/1295/1011 1204/1369/1077 1192/1201/924
f 1169/1381/1089 1154/1450/1148 1168/1332/1045
f 1235/1398/668 1252/1452/1150 1236/1396/667
f 975/1182/765 1114/1449/1147 1120/1453/1074
f 1312/1339/1051 1308/1282/998 1313/1290/1006
f 1069/1426/1128 1073/1159/886 1068/1428/1130
f 1079/1355/889 1187/1320/1034 1191/1454/971
f 956/1187/911 957/1058/790 958/1057/789
f 1253/1171/897 1233/1065/796 1251/1064/795
f 1228/1455/1151 1230/1456/1126 1229/1331/1044
f 1212/1390/1098 1252/1452/1150 1253/1171/897
f 1222/997/731 1243/1447/1145 1244/1360/1069
f 1115/1415/1119 1120/1453/1074 1114/1449/1147
f 1089/1314/1029 1197/1407/1112 1200/1242/962
f 1302/1457/1143 1075/1458/1152 1074/1353/999
f 1128/1368/1076 1133/1334/1047 1129/1333/1046
f 945/1459/1153 1139/1386/1094 1012/1224/945
f 1176/1435/1135 1198/1216/937 1199/1318/1032
f 1207/1373/1081 1212/1390/1098 1214/1170/896
f 1147/1276/992 1257/1460/1154 1143/1375/1083
f 1295/996/730 1068/1428/1130 1296/994/728
f 1285/1277/993 1272/1410/1114 1284/1431/1132
f 945/1459/1153 943/1097/828 942/1258/976
f 1301/1385/1093 1303/1461/1141 1299/1335/1048
f 1198/1216/937 1073/1159/886 1185/1158/885
f 1254/1306/1021 1257/1460/1154 1255/1281/997
f 1291/1234/955 1317/1412/1116 1316/1137/865
f 1203/1326/1040 1260/1263/980 1182/1418/1120
f 1190/1462/1010 1202/1253/972 1191/1252/971
f 1167/1403/1108 1153/1422/1124 1152/1380/1088
f 1255/1281/997 1258/1278/994 1259/1279/995
f 1284/1431/1132 1258/1278/994 1285/1277/993
f 1241/1379/1087 1238/1397/1103 1239/1419/1121
f 1307/1249/968 1309/1393/1101 1305/1297/1013
f 910/1125/769 926/1001/735 925/1463/770
f 1184/1296/1012 1278/1304/1019 1199/1318/1032
f 1185/1158/885 1199/1318/1032 1198/1216/937
f 983/1093/824 1047/1357/1066 1046/1021/754
f 1297/1303/1018 1311/1135/863 1310/1025/758
f 1087/1055/787 1068/1428/1130 1073/1159/886
f 994/1192/915 963/1273/989 962/1140/868
f 941/1324/1038 998/1079/810 997/1193/916
f 1275/1190/913 1277/1405/1110 1273/1346/1058
f 888/1050/782 924/1080/811 889/1048/780
f 1101/1344/1056 1096/1325/1039 1097/1300/1016
f 1102/1437/1137 942/1258/976 1096/1325/1039
f 905/1000/734 904/1074/805 902/1464/784
f 1045/1113/842 1044/1023/756 1042/1247/967
f 1174/1215/936 1177/1280/996 1175/1399/1104
f 1064/1134/862 1066/1312/1027 1063/1311/1026
f 1100/1136/864 1097/1300/1016 1099/1235/956
f 1078/1354/1064 1186/1243/963 1187/1320/1034
f 972/1181/906 1112/1400/1105 1114/1449/1147
f 1275/1190/913 1165/1260/977 1276/1262/979
f 1284/1431/1132 1194/1411/1115 1205/1371/1079
f 891/990/724 931/1429/1131 886/988/722
f 1094/1301/1017 997/1193/916 1130/1351/1062
f 931/1429/1131 877/1394/879 886/988/722
f 1119/1465/1073 1117/1337/1050 1118/1336/1049
f 1189/1342/1054 1191/1454/971 1187/1320/1034
f 1117/1337/1050 1298/1432/1133 1299/1335/1048
f 901/1466/752 904/1074/805 903/1076/807
f 1128/1368/1076 1126/1299/1015 1127/1298/1014
f 1196/1382/1090 1273/1346/1058 1277/1405/1110
f 1075/1458/1152 1077/1241/961 1078/1354/1064
f 1098/1387/1095 1131/1374/1082 1132/1026/759
f 1306/1436/1136 1092/1307/1022 1082/1250/969
f 1282/1328/1041 1262/1027/321 1260/1263/980
f 1135/1341/1053 1113/1401/1106 1134/1367/1075
f 1294/1427/1129 1314/1444/1142 1315/1272/988
f 1032/1214/935 1054/1442/1140 1033/1147/874
f 1076/1392/1100 1301/1385/1093 1300/1384/1092
f 1153/1422/1124 1263/1029/761 1149/1028/760
f 1327/1467/1155 1331/1468/1156 1332/1469/1157
f 1333/1470/1158 1336/1471/1159 1335/1472/1160
f 1737/1473/1161 1734/1474/1162 1736/1475/1163
f 1663/1476/1164 1657/1477/1165 1661/1478/1166
f 1346/1479/1167 1367/1480/1168 1347/1481/1169
f 1361/1482/1170 1362/1483/1171 1360/1484/1172
f 1481/1485/1173 1349/1486/1174 1475/1487/1175
f 1368/1488/1176 1353/1489/1177 1358/1490/1178
f 1388/1491/1179 1502/1492/1180 1461/1493/1181
f 1566/1494/1182 1565/1495/1183 1563/1496/1184
f 1342/1497/1185 1370/1498/1186 1361/1499/1170
f 1487/1500/1187 1489/1501/1188 1485/1502/1189
f 1550/1503/1190 1751/1504/1191 1573/1505/1192
f 1703/1506/1193 1590/1507/1194 1704/1508/1195
f 1411/1509/1196 1410/1510/1197 1407/1511/1198
f 1416/1512/1199 1449/1513/1200 1415/1514/1201
f 1369/1515/1202 1351/1516/1203 1366/1517/1204
f 1490/1518/1205 1357/1519/1206 1484/1520/1207
f 1402/1521/1208 1393/1522/1209 1395/1523/1210
f 1612/1524/1211 1589/1525/1212 1611/1526/1213
f 1330/1527/1214 1328/1528/1215 1329/1529/1216
f 1359/1530/1217 1343/1531/1218 1360/1484/1172
f 1506/1532/1219 1527/1533/1220 1528/1534/1221
f 1400/1535/1222 1399/1536/1223 1398/1537/1224
f 1341/1538/1225 1364/1539/1226 1335/1472/1160
f 1341/1538/1225 1466/1540/1227 1472/1541/1228
f 1603/1542/1229 1692/1543/1230 1674/1544/1231
f 1406/1545/1232 1442/1546/1233 1407/1511/1198
f 1482/1547/1234 1357/1519/1206 1356/1548/1235
f 1360/1484/1172 1324/1549/1236 1359/1530/1217
f 1405/1550/1237 1478/1551/1238 1477/1552/1239
f 1345/1553/1240 1350/1554/1241 1344/1555/1242
f 1381/1556/1243 1437/1557/1244 1439/1558/1245
f 1365/1559/1246 1472/1541/1228 1491/1560/1247
f 1389/1561/1248 1379/1562/1249 1378/1563/1250
f 1364/1539/1226 1333/1470/1158 1335/1472/1160
f 1471/1564/1251 1466/1540/1227 1467/1565/1252
f 1322/1566/1253 1354/1567/1254 1352/1568/1255
f 1470/1569/1256 1467/1565/1252 1469/1570/1257
f 1420/1571/1258 1424/1572/1259 1421/1573/1260
f 1385/1574/1261 1380/1575/1262 1384/1576/1263
f 1323/1577/1264 1352/1578/1255 1369/1515/1202
f 1465/1579/1265 1497/1580/1266 1498/1581/1267
f 1614/1582/1268 1601/1583/1269 1613/1584/1270
f 1428/1585/1271 1431/1586/1272 1429/1587/1273
f 1387/1588/1274 1378/1563/1250 1380/1575/1262
f 1410/1510/1197 1419/1589/1275 1408/1590/1276
f 1451/1591/1277 1486/1592/1278 1502/1492/1180
f 1489/1501/1188 1494/1593/1279 1490/1518/1205
f 1379/1562/1249 1459/1594/1280 1375/1595/1281
f 1325/1596/1282 1363/1597/1283 1326/1598/1284
f 1336/1471/1159 1337/1599/1285 1338/1600/1286
f 1384/1576/1263 1377/1601/1287 1381/1556/1243
f 1412/1602/1288 1414/1603/1289 1411/1509/1196
f 1351/1604/1203 1354/1567/1254 1353/1489/1177
f 1661/1478/1166 1656/1605/1290 1659/1606/1291
f 1378/1563/1250 1375/1595/1281 1376/1607/1292
f 1391/1608/1293 1393/1522/1209 1394/1609/1294
f 1339/1610/1295 1466/1540/1227 1340/1611/1296
f 1367/1480/1168 1348/1612/1297 1347/1481/1169
f 1505/1613/1298 1752/1614/1299 1527/1533/1220
f 1541/1615/1300 1757/1616/1301 1582/1617/1302
f 1431/1586/1272 1442/1546/1233 1432/1618/1303
f 1403/1619/1304 1394/1609/1294 1393/1522/1209
f 1392/1620/1305 1399/1536/1223 1395/1523/1210
f 1425/1621/1306 1433/1622/1307 1423/1623/1308
f 1334/1624/1309 1362/1483/1171 1337/1625/1285
f 1474/1626/1310 1496/1627/1311 1477/1552/1239
f 1459/1594/1280 1492/1628/1312 1493/1629/1313
f 1321/1630/1314 1318/1631/1315 1319/1632/1316
f 1706/1633/1317 1624/1634/1318 1702/1635/1319
f 1513/1636/1320 1626/1637/1321 1514/1638/1322
f 1374/1639/1323 1324/1549/1236 1362/1483/1171
f 1531/1640/1324 1520/1641/1325 1532/1642/1326
f 1417/1643/1327 1445/1644/1328 1419/1645/1275
f 1456/1646/1329 1460/1647/1330 1458/1648/1331
f 1348/1612/1297 1475/1487/1175 1349/1486/1174
f 1655/1649/1332 1694/1650/1333 1692/1543/1230
f 1401/1651/1334 1395/1523/1210 1399/1536/1223
f 1387/1588/1274 1454/1652/1335 1452/1653/1336
f 1330/1527/1214 1491/1560/1247 1455/1654/1337
f 1479/1655/1338 1409/1656/1339 1418/1657/1340
f 1422/1658/1341 1423/1623/1308 1420/1571/1258
f 1415/1659/1201 1413/1660/1342 1416/1661/1199
f 1420/1571/1258 1452/1653/1336 1422/1658/1341
f 1388/1491/1179 1460/1647/1330 1379/1562/1249
f 1392/1620/1305 1445/1644/1328 1447/1662/1343
f 1579/1663/1344 1733/1664/1345 1548/1665/1346
f 1471/1564/1251 1493/1629/1313 1492/1628/1312
f 1397/1666/1347 1447/1662/1343 1449/1513/1200
f 1715/1667/1348 1602/1668/1349 1716/1669/1350
f 1376/1607/1292 1436/1670/1351 1435/1671/1352
f 1401/1651/1334 1438/1672/1353 1439/1558/1245
f 1464/1673/1354 1467/1565/1252 1466/1540/1227
f 1710/1674/1355 1712/1675/1356 1708/1676/1357
f 1433/1622/1307 1441/1677/1358 1434/1678/1359
f 1525/1679/1360 1633/1680/1361 1634/1681/1362
f 1417/1682/1327 1414/1603/1289 1415/1659/1201
f 1389/1561/1248 1452/1653/1336 1450/1683/1363
f 1465/1579/1265 1469/1570/1257 1467/1565/1252
f 1468/1684/1364 1394/1609/1294 1469/1570/1257
f 1337/1599/1285 1370/1498/1186 1338/1600/1286
f 1434/1678/1359 1423/1623/1308 1433/1622/1307
f 1481/1685/1173 1498/1581/1267 1497/1580/1266
f 1432/1618/1303 1440/1686/1365 1433/1622/1307
f 1430/1687/1366 1444/1688/1367 1431/1586/1272
f 1396/1689/1368 1449/1513/1200 1448/1690/1369
f 1407/1511/1198 1408/1590/1276 1406/1545/1232
f 1458/1648/1331 1455/1654/1337 1456/1646/1329
f 1415/1514/1201 1447/1662/1343 1417/1643/1327
f 1407/1511/1198 1444/1688/1367 1411/1509/1196
f 1454/1652/1335 1422/1658/1341 1452/1653/1336
f 1331/1468/1156 1455/1654/1337 1457/1691/1370
f 1390/1692/1371 1395/1523/1210 1393/1522/1209
f 1437/1557/1244 1403/1619/1304 1402/1521/1208
f 1450/1683/1363 1421/1573/1260 1451/1591/1277
f 1474/1626/1310 1475/1487/1175 1473/1693/1372
f 1615/1694/1373 1528/1534/1221 1639/1695/1374
f 1667/1696/497 1666/1697/1375 1665/1698/1376
f 1426/1699/1377 1429/1587/1273 1427/1700/1378
f 1462/1701/1379 1457/1691/1370 1458/1648/1331
f 1411/1509/1196 1443/1702/1380 1412/1602/1288
f 1377/1601/1287 1435/1671/1352 1437/1557/1244
f 1389/1561/1248 1451/1591/1277 1388/1491/1179
f 1385/1574/1261 1453/1703/1381 1454/1652/1335
f 1380/1575/1262 1376/1607/1292 1377/1601/1287
f 1481/1485/1173 1476/1704/1382 1480/1705/1383
f 1453/1703/1381 1427/1700/1378 1454/1652/1335
f 1583/1706/508 1720/1707/1384 1607/1708/1385
f 1390/1692/1371 1446/1709/1386 1445/1644/1328
f 1468/1684/1364 1498/1581/1267 1499/1710/1387
f 1512/1711/1388 1622/1712/1389 1513/1636/1320
f 1478/1551/1238 1480/1705/1383 1476/1704/1382
f 1391/1608/1293 1499/1710/1387 1446/1709/1386
f 1375/1595/1281 1493/1629/1313 1436/1670/1351
f 1473/1693/1372 1368/1488/1176 1494/1593/1279
f 1732/1713/1390 1540/1714/1391 1728/1715/1392
f 1338/1600/1286 1340/1611/1296 1336/1471/1159
f 1357/1519/1206 1355/1716/1393 1356/1548/1235
f 1531/1640/1324 1512/1711/1388 1511/1717/1394
f 1344/1718/1242 1371/1719/1395 1370/1498/1186
f 1518/1720/1396 1641/1721/1397 1627/1722/599
f 1501/1723/1398 1482/1547/1234 1500/1724/1399
f 1320/1725/1400 1325/1596/1282 1326/1598/1284
f 1502/1492/1180 1483/1726/1401 1501/1723/1398
f 1350/1727/1241 1497/1580/1266 1371/1719/1395
f 1748/1728/1402 1523/1729/1403 1522/1730/1404
f 1532/1642/1326 1632/1731/1405 1643/1732/1406
f 1597/1733/533 1686/1734/1407 1665/1698/1376
f 1333/1735/1158 1374/1639/1323 1334/1624/1309
f 1634/1681/1362 1526/1736/1408 1525/1679/1360
f 1381/1556/1243 1383/1737/1409 1384/1576/1263
f 1480/1738/1383 1499/1710/1387 1498/1581/1267
f 1606/1739/1410 1722/1740/1411 1717/1741/1412
f 1701/1742/1413 1704/1508/1195 1702/1635/1319
f 1464/1673/1354 1371/1719/1395 1497/1580/1266
f 1418/1657/1340 1408/1590/1276 1419/1589/1275
f 1479/1743/1338 1446/1709/1386 1499/1710/1387
f 1324/1549/1236 1321/1630/1314 1323/1577/1264
f 1358/1490/1178 1494/1593/1279 1368/1488/1176
f 1463/1744/1414 1373/1745/1415 1332/1469/1157
f 1462/1701/1379 1500/1724/1399 1463/1744/1414
f 1545/1746/1416 1549/1747/1417 1547/1748/1418
f 1727/1749/1419 1730/1750/1420 1728/1715/1392
f 1511/1717/1394 1756/1751/1421 1531/1640/1324
f 1461/1493/1181 1501/1723/1398 1462/1701/1379
f 1404/1752/1422 1469/1570/1257 1394/1609/1294
f 1563/1496/1184 1564/1753/1423 1562/1754/1424
f 1477/1552/1239 1476/1704/1382 1474/1626/1310
f 1402/1521/1208 1439/1558/1245 1437/1557/1244
f 1757/1616/1301 1566/1494/1182 1582/1617/1302
f 1477/1552/1239 1441/1677/1358 1405/1550/1237
f 1588/1755/1425 1726/1756/1426 1699/1757/1427
f 1700/1758/1428 1618/1759/1429 1696/1760/1430
f 1522/1730/1404 1749/1761/1431 1748/1728/1402
f 1756/1751/1421 1515/1762/1432 1531/1640/1324
f 1586/1763/1433 1655/1649/1332 1587/1764/1434
f 1708/1676/1357 1709/1765/1435 1710/1674/1355
f 1551/1766/1436 1546/1767/1437 1547/1748/1418
f 1472/1541/1228 1492/1628/1312 1491/1560/1247
f 1521/1768/1438 1754/1769/1439 1749/1761/1431
f 1688/1770/1440 1681/1771/1441 1687/1772/1442
f 1631/1773/1443 1708/1676/1357 1712/1675/1356
f 1356/1548/1235 1500/1724/1399 1482/1547/1234
f 1522/1730/1404 1524/1774/1444 1525/1679/1360
f 1483/1726/1401 1484/1520/1207 1482/1547/1234
f 1622/1712/1389 1625/1775/1445 1626/1637/1321
f 1746/1776/1446 1568/1777/1447 1567/1778/1448
f 1538/1779/1449 1535/1780/1450 1536/1781/1450
f 1549/1747/1417 1738/1782/1451 1550/1503/1190
f 1719/1783/1452 1697/1784/510 1695/1785/1453
f 1533/1786/1454 1731/1787/1455 1503/1788/1456
f 1508/1789/1457 1504/1790/1458 1507/1791/1459
f 1529/1792/1460 1526/1736/1408 1530/1793/1461
f 1332/1469/1157 1457/1691/1370 1463/1744/1414
f 1525/1679/1360 1521/1768/1438 1522/1730/1404
f 1456/1646/1329 1491/1560/1247 1492/1628/1312
f 1328/1528/1215 1326/1794/1284 1329/1529/1216
f 1503/1788/1456 1534/1795/1462 1533/1786/1454
f 1354/1567/1254 1358/1490/1178 1353/1489/1177
f 1544/1796/1463 1547/1748/1418 1546/1767/1437
f 1695/1785/1453 1640/1797/1464 1719/1783/1452
f 1629/1798/1465 1628/1799/1466 1627/1722/599
f 1427/1700/1378 1425/1621/1306 1422/1658/1341
f 1711/1800/1467 1596/1801/1468 1600/1802/1469
f 1382/1803/1470 1537/1804/1471 1383/1737/1409
f 1644/1805/1472 1712/1806/1356 1723/1807/1473
f 1548/1665/1346 1578/1808/1474 1579/1663/1344
f 1668/1809/605 1670/1810/1475 1667/1696/497
f 1609/1811/1476 1709/1765/1435 1722/1740/1411
f 1443/1702/1380 1570/1812/1477 1574/1813/1478
f 1740/1814/1479 1559/1815/1480 1558/1816/1481
f 1342/1817/1185 1360/1484/1172 1343/1531/1218
f 1753/1818/1482 1557/1819/1483 1576/1820/1484
f 1630/1821/1485 1707/1822/569 1708/1676/1357
f 1542/1823/1486 1582/1617/1302 1581/1824/1487
f 1421/1573/1260 1487/1500/1187 1486/1592/1278
f 1714/1825/1488 1715/1667/1348 1716/1669/1350
f 1591/1826/1489 1689/1827/1490 1656/1605/1290
f 1659/1606/1291 1660/1828/1491 1661/1478/1166
f 1532/1642/1326 1621/1829/1492 1512/1711/1388
f 1571/1830/1493 1400/1535/1222 1552/1831/1494
f 1515/1832/1432 1519/1833/1495 1520/1834/1325
f 1562/1754/1424 1581/1824/1487 1563/1496/1184
f 1507/1791/1459 1620/1835/1496 1508/1789/1457
f 1347/1481/1169 1349/1486/1174 1345/1553/1240
f 1434/1678/1359 1496/1627/1311 1488/1836/1497
f 1461/1493/1181 1458/1648/1331 1460/1647/1330
f 1504/1790/1458 1729/1837/1498 1505/1613/1298
f 1564/1753/1423 1430/1687/1366 1428/1585/1271
f 1664/1838/1499 1685/1839/1500 1683/1840/1501
f 1598/1841/1502 1600/1802/1469 1596/1801/1468
f 1396/1689/1368 1546/1767/1437 1398/1537/1224
f 1664/1838/1499 1592/1842/1503 1657/1477/1165
f 1559/1843/1480 1578/1808/1474 1560/1844/1504
f 1596/1801/1468 1597/1733/533 1598/1841/1502
f 1561/1845/1505 1448/1690/1369 1416/1512/1199
f 1568/1777/1447 1575/1846/1506 1569/1847/1507
f 1645/1848/1508 1619/1849/1509 1646/1850/1510
f 1585/1851/645 1648/1852/1511 1586/1763/1433
f 1551/1766/1436 1573/1505/1192 1572/1853/1512
f 1584/1854/1513 1697/1784/510 1583/1706/508
f 1601/1583/1269 1604/1855/1514 1602/1668/1349
f 1436/1670/1351 1470/1569/1256 1404/1752/1422
f 1605/1856/1515 1675/1857/1516 1682/1858/1517
f 1665/1698/1376 1598/1841/1502 1597/1733/533
f 1683/1840/1501 1593/1859/1518 1664/1838/1499
f 1405/1550/1237 1440/1686/1365 1406/1545/1232
f 1609/1811/1476 1605/1856/1515 1610/1860/1519
f 1641/1721/1397 1637/1861/1520 1642/1862/1521
f 1740/1814/1479 1741/1863/1522 1742/1864/1523
f 1580/1865/1524 1426/1699/1377 1453/1703/1381
f 1728/1715/1392 1539/1866/1525 1727/1749/1419
f 1652/1867/1526 1654/1868/1527 1653/1869/1528
f 1560/1844/1504 1577/1870/1529 1561/1845/1505
f 1741/1863/1522 1529/1792/1460 1517/1871/1530
f 1576/1820/1484 1750/1872/1531 1753/1818/1482
f 1517/1871/1530 1530/1793/1461 1518/1720/1396
f 1318/1873/1315 1328/1528/1215 1327/1467/1155
f 1662/1874/1532 1661/1478/1166 1660/1828/1491
f 1677/1875/1533 1679/1876/1534 1676/1877/1535
f 1485/1502/1189 1490/1518/1205 1484/1520/1207
f 1616/1878/1536 1506/1532/1219 1615/1694/1373
f 1553/1879/1537 1575/1846/1506 1554/1880/1538
f 1647/1881/671 1608/1882/1539 1683/1840/1501
f 1721/1883/1540 1717/1741/1412 1722/1740/1411
f 1642/1862/1521 1718/1884/1541 1721/1883/1540
f 1636/1885/1542 1638/1886/1543 1634/1681/1362
f 1503/1788/1456 1730/1750/1420 1504/1790/1458
f 1335/1472/1160 1340/1611/1296 1341/1538/1225
f 1599/1887/1544 1611/1526/1213 1600/1888/1469
f 1713/1889/1545 1636/1885/1542 1635/1890/1546
f 1366/1517/1204 1359/1530/1217 1369/1515/1202
f 1592/1842/1503 1589/1525/1212 1591/1826/1489
f 1585/1851/645 1607/1708/1385 1608/1882/1539
f 1758/1891/1547 1745/1892/1548 1757/1616/1301
f 1611/1526/1213 1703/1506/1193 1724/1893/1549
f 1613/1584/1270 1587/1764/1434 1614/1582/1268
f 1647/1881/671 1652/1867/1526 1648/1852/1511
f 1745/1892/1548 1567/1778/1448 1566/1494/1182
f 1587/1764/1434 1692/1543/1230 1614/1582/1268
f 1544/1796/1463 1448/1690/1369 1577/1870/1529
f 1557/1819/1483 1556/1894/1550 1554/1880/1538
f 1751/1504/1191 1729/1837/1498 1727/1749/1419
f 1418/1895/1340 1445/1644/1328 1446/1709/1386
f 1715/1667/1348 1613/1584/1270 1601/1583/1269
f 1364/1539/1226 1326/1794/1284 1363/1896/1283
f 1624/1634/1318 1621/1829/1492 1623/1897/1551
f 1688/1770/1440 1665/1698/1376 1686/1734/1407
f 1534/1795/1462 1620/1835/1496 1645/1848/1508
f 1562/1754/1424 1428/1585/1271 1426/1699/1377
f 1633/1680/1361 1646/1850/1510 1635/1890/1546
f 1727/1749/1419 1573/1505/1192 1751/1504/1191
f 1540/1714/1391 1536/1781/1450 1539/1866/1525
f 1686/1734/1407 1680/1898/1552 1688/1770/1440
f 1369/1515/1202 1324/1549/1236 1323/1577/1264
f 1612/1524/1211 1673/1899/1553 1689/1827/1490
f 1604/1855/1514 1606/1739/1410 1602/1668/1349
f 1675/1857/1516 1676/1877/1535 1679/1876/1534
f 1705/1900/1554 1702/1635/1319 1704/1508/1195
f 1582/1617/1302 1563/1496/1184 1581/1824/1487
f 1642/1862/1521 1627/1722/599 1641/1721/1397
f 1412/1602/1288 1574/1813/1478 1553/1879/1537
f 1550/1503/1190 1547/1748/1418 1549/1747/1417
f 1607/1708/1385 1705/1900/1554 1594/1901/1555
f 1604/1855/1514 1674/1544/1231 1675/1857/1516
f 1591/1826/1489 1657/1477/1165 1592/1842/1503
f 1690/1902/1556 1671/1903/1557 1672/1904/1558
f 1510/1905/1559 1735/1906/1560 1511/1717/1394
f 1527/1533/1220 1737/1473/1161 1509/1907/1561
f 1373/1745/1415 1355/1716/1393 1372/1908/1562
f 1371/1719/1395 1338/1600/1286 1370/1498/1186
f 1723/1807/1473 1711/1909/1467 1724/1893/1549
f 1646/1850/1510 1700/1758/1428 1725/1910/1563
f 1733/1664/1345 1736/1475/1163 1734/1474/1162
f 1643/1732/1406 1623/1897/1551 1621/1829/1492
f 1523/1729/1403 1534/1795/1462 1524/1774/1444
f 1754/1769/1439 1739/1911/1564 1753/1818/1482
f 1670/1810/1475 1673/1912/1553 1666/1697/1375
f 1650/1913/1565 1683/1840/1501 1685/1839/1500
f 1617/1914/1566 1696/1760/1430 1618/1759/1429
f 1746/1776/1446 1747/1915/1567 1748/1728/1402
f 1543/1916/1568 1581/1824/1487 1580/1865/1524
f 1673/1899/1553 1691/1917/1569 1689/1827/1490
f 1552/1831/1494 1398/1537/1224 1546/1767/1437
f 1565/1495/1183 1570/1812/1477 1564/1753/1423
f 1650/1913/1565 1651/1918/1570 1652/1867/1526
f 1728/1715/1392 1731/1787/1455 1732/1713/1390
f 1629/1798/1465 1721/1883/1540 1707/1822/569
f 1634/1681/1362 1635/1890/1546 1636/1885/1542
f 1572/1853/1512 1552/1831/1494 1551/1766/1436
f 1372/1908/1562 1322/1566/1253 1319/1919/1316
f 1610/1860/1519 1682/1858/1517 1686/1734/1407
f 1599/1920/1544 1666/1697/1375 1673/1912/1553
f 1545/1746/1416 1577/1870/1529 1578/1808/1474
f 1488/1836/1497 1495/1921/1571 1489/1501/1188
f 1579/1663/1344 1744/1922/1572 1755/1923/1573
f 1659/1606/1291 1689/1827/1490 1691/1917/1569
f 1755/1923/1573 1743/1924/1574 1756/1751/1421
f 1406/1545/1232 1409/1656/1339 1405/1550/1237
f 1584/1854/1513 1587/1764/1434 1588/1755/1425
f 1319/1632/1316 1323/1577/1264 1321/1630/1314
f 1593/1859/1518 1590/1507/1194 1592/1842/1503
f 1429/1587/1273 1432/1618/1303 1425/1621/1306
f 1583/1706/508 1586/1763/1433 1584/1854/1513
f 1600/1888/1469 1724/1893/1549 1711/1909/1467
f 1536/1781/1450 1571/1830/1493 1572/1853/1512
f 1722/1740/1411 1707/1822/569 1721/1883/1540
f 1623/1897/1551 1702/1635/1319 1624/1634/1318
f 1649/1925/709 1685/1839/1500 1684/1926/1575
f 1706/1633/1317 1720/1707/1384 1719/1783/1452
f 1687/1772/1442 1667/1696/497 1688/1770/1440
f 1680/1898/1552 1678/1927/1576 1681/1771/1441
f 1554/1880/1538 1555/1928/1577 1553/1879/1537
f 1548/1665/1346 1734/1474/1162 1549/1747/1417
f 1513/1636/1320 1511/1717/1394 1512/1711/1388
f 1595/1929/1578 1710/1674/1355 1709/1765/1435
f 1658/1930/1579 1691/1917/1569 1690/1902/1556
f 1616/1878/1536 1619/1849/1509 1620/1835/1496
f 1524/1774/1444 1645/1848/1508 1633/1680/1361
f 1610/1860/1519 1595/1929/1578 1609/1811/1476
f 1676/1877/1535 1693/1931/1580 1677/1875/1533
f 1416/1661/1199 1555/1928/1577 1561/1932/1505
f 1753/1818/1482 1749/1761/1431 1754/1769/1439
f 1510/1905/1559 1514/1638/1322 1509/1907/1561
f 1520/1834/1325 1628/1799/1466 1632/1933/1405
f 1397/1666/1347 1398/1537/1224 1399/1536/1223
f 1694/1650/1333 1674/1544/1231 1692/1543/1230
f 1669/1934/1581 1671/1935/1557 1670/1810/1475
f 1653/1869/1528 1693/1931/1580 1694/1650/1333
f 1663/1476/1164 1684/1926/1575 1685/1839/1500
f 1556/1894/1550 1561/1932/1505 1555/1928/1577
f 1530/1793/1461 1638/1886/1543 1641/1721/1397
f 1743/1936/1574 1516/1937/1582 1515/1832/1432
f 1569/1847/1507 1574/1813/1478 1570/1812/1477
f 1386/1938/1583 1580/1865/1524 1453/1703/1381
f 1617/1914/1566 1639/1695/1374 1640/1797/1464
f 1648/1852/1511 1653/1869/1528 1655/1649/1332
f 1588/1755/1425 1698/1939/1584 1584/1854/1513
f 1736/1475/1163 1509/1907/1561 1737/1473/1161
f 1726/1756/1426 1713/1889/1545 1725/1910/1563
f 1386/1938/1583 1384/1576/1263 1383/1737/1409
f 1742/1864/1523 1744/1940/1572 1740/1814/1479
f 1639/1695/1374 1514/1638/1322 1626/1637/1321
f 1695/1785/1453 1698/1939/1584 1696/1760/1430
f 1732/1713/1390 1758/1891/1547 1757/1616/1301
f 1644/1805/1472 1701/1742/1413 1623/1897/1551
f 1631/1941/1443 1643/1732/1406 1632/1731/1405
f 1608/1882/1539 1594/1901/1555 1593/1859/1518
f 1696/1760/1430 1699/1757/1427 1700/1758/1428
f 1725/1910/1563 1699/1757/1427 1726/1756/1426
f 1682/1858/1517 1679/1876/1534 1680/1898/1552
f 1748/1728/1402 1750/1872/1531 1746/1776/1446
f 1351/1604/1203 1367/1480/1168 1366/1942/1204
f 1625/1775/1445 1719/1783/1452 1640/1797/1464
f 1626/1637/1321 1640/1797/1464 1639/1695/1374
f 1424/1572/1259 1488/1836/1497 1487/1500/1187
f 1738/1782/1451 1752/1614/1299 1751/1504/1191
f 1528/1534/1221 1509/1907/1561 1514/1638/1322
f 1435/1671/1352 1404/1752/1422 1403/1619/1304
f 1382/1803/1470 1439/1558/1245 1438/1672/1353
f 1716/1669/1350 1718/1884/1541 1714/1825/1488
f 1329/1529/1216 1365/1559/1246 1330/1527/1214
f 1542/1823/1486 1537/1804/1471 1538/1779/1449
f 1543/1916/1568 1383/1737/1409 1537/1804/1471
f 1346/1479/1167 1345/1553/1240 1343/1943/1218
f 1486/1592/1278 1485/1502/1189 1483/1726/1401
f 1615/1694/1373 1618/1759/1429 1616/1878/1536
f 1505/1613/1298 1507/1791/1459 1504/1790/1458
f 1541/1615/1300 1538/1779/1449 1540/1714/1391
f 1519/1833/1495 1627/1722/599 1628/1799/1466
f 1413/1660/1342 1553/1879/1537 1555/1928/1577
f 1716/1669/1350 1606/1739/1410 1717/1741/1412
f 1725/1910/1563 1635/1890/1546 1646/1850/1510
f 1332/1469/1157 1372/1908/1562 1327/1467/1155
f 1535/1780/1450 1438/1672/1353 1571/1830/1493
f 1372/1908/1562 1318/1873/1315 1327/1467/1155
f 1560/1944/1504 1558/1816/1481 1559/1815/1480
f 1630/1821/1485 1632/1933/1405 1628/1799/1466
f 1558/1816/1481 1739/1911/1564 1740/1814/1479
f 1342/1945/1185 1345/1553/1240 1344/1555/1242
f 1569/1847/1507 1567/1778/1448 1568/1777/1447
f 1637/1861/1520 1714/1825/1488 1718/1884/1541
f 1516/1937/1582 1518/1720/1396 1519/1833/1495
f 1539/1866/1525 1572/1853/1512 1573/1505/1192
f 1747/1915/1567 1533/1786/1454 1523/1729/1403
f 1723/1807/1473 1703/1506/1193 1701/1742/1413
f 1576/1820/1484 1554/1880/1538 1575/1846/1506
f 1735/1906/1560 1755/1923/1573 1756/1751/1421
f 1473/1693/1372 1495/1921/1571 1474/1626/1310
f 1517/1871/1530 1742/1864/1523 1741/1863/1522
f 1594/1901/1555 1704/1508/1195 1590/1507/1194
f 1768/1946/1585 1772/1947/1586 1769/1948/1587
f 1777/1949/1588 1774/1950/1589 1776/1951/1590
f 2178/1952/1591 2175/1953/1592 2179/1954/1593
f 2098/1955/1594 2104/1956/1595 2102/1957/1596
f 1787/1958/1597 1808/1959/1598 1807/1960/1599
f 1803/1961/1600 1802/1962/1601 1801/1963/1602
f 1922/1964/1603 1790/1965/1604 1791/1966/1605
f 1809/1967/1606 1794/1968/1607 1808/1959/1598
f 1943/1969/1608 1829/1970/1609 1902/1971/1610
f 2006/1972/1611 2007/1973/1612 2004/1974/1613
f 1811/1975/1614 1783/1976/1615 1802/1977/1601
f 1930/1978/1616 1928/1979/1617 1926/1980/1618
f 2192/1981/1619 1991/1982/1620 2014/1983/1621
f 2144/1984/1193 2031/1985/1622 2030/1986/1623
f 1851/1987/1624 1852/1988/1625 1848/1989/1626
f 1890/1990/1627 1857/1991/1628 1856/1992/1629
f 1810/1993/1630 1792/1994/1631 1793/1995/1632
f 1798/1996/1633 1931/1997/1634 1925/1998/1635
f 1834/1999/1636 1843/2000/1637 1836/2001/1638
f 2030/1986/1623 2053/2002/1639 2052/2003/1640
f 1771/2004/1641 1769/1948/1587 1772/1947/1586
f 1800/2005/1642 1784/2006/1643 1787/2007/1597
f 1968/2008/1644 1947/2009/1645 1969/2010/1646
f 1841/2011/1647 1840/2012/1648 1842/2013/1649
f 1782/2014/1650 1805/2015/1651 1806/2016/1652
f 1907/2017/1653 1782/2014/1650 1913/2018/1654
f 2044/2019/1229 2133/2020/1655 2055/2021/1656
f 1883/2022/1657 1847/2023/1658 1848/1989/1626
f 1798/1996/1633 1923/2024/1659 1797/2025/1660
f 1801/1963/1602 1765/2026/1661 1803/1961/1600
f 1919/2027/1662 1846/2028/1663 1918/2029/1664
f 1791/1966/1605 1786/2030/1665 1785/2031/1666
f 1822/2032/1667 1878/2033/1668 1818/2034/1669
f 1806/2016/1652 1913/2018/1654 1782/2014/1650
f 1820/2035/1670 1830/2036/1671 1819/2037/1672
f 1774/1950/1589 1805/2015/1651 1776/1951/1590
f 1912/2038/1673 1907/2017/1653 1913/2018/1654
f 1763/2039/1674 1795/2040/1675 1796/2041/1676
f 1908/2042/1677 1911/2043/1678 1910/2044/1679
f 1865/2045/1680 1861/2046/1681 1862/2047/1682
f 1821/2048/1683 1826/2049/1684 1825/2050/1685
f 1764/2051/1686 1793/1995/1632 1763/2052/1674
f 1906/2053/1687 1938/2054/1688 1905/2055/1689
f 2042/2056/1269 2055/2021/1656 2054/2057/1690
f 1872/2058/1691 1869/2059/1692 1870/2060/1693
f 1828/2061/1694 1819/2037/1672 1830/2036/1671
f 1851/1987/1624 1860/2062/1695 1858/2063/1696
f 1892/2064/1697 1927/2065/1698 1862/2047/1682
f 1935/2066/1699 1930/1978/1616 1931/1997/1634
f 1820/2035/1670 1900/2067/1700 1901/2068/1701
f 1804/2069/1702 1766/2070/1703 1767/2071/1704
f 1777/1949/1588 1778/2072/1705 1775/2073/1706
f 1818/2034/1669 1825/2050/1685 1822/2032/1667
f 1855/2074/1707 1853/2075/1708 1852/1988/1625
f 1795/2040/1675 1792/2076/1631 1794/1968/1607
f 2102/1957/1596 2097/2077/1709 2098/1955/1594
f 1816/2078/1710 1819/2037/1672 1817/2079/1711
f 1832/2080/1712 1834/1999/1636 1831/2081/1713
f 1780/2082/1714 1907/2017/1653 1905/2055/1689
f 1789/2083/1715 1808/1959/1598 1788/2084/1716
f 2193/2085/1717 1946/2086/1718 1968/2008/1644
f 1982/2087/1719 2198/2088/1720 2173/2089/1721
f 1883/2022/1657 1872/2058/1691 1873/2090/1722
f 1844/2091/1723 1835/2092/1724 1845/2093/1725
f 1833/2094/1726 1840/2012/1648 1838/2095/1727
f 1874/2096/1728 1866/2097/1729 1864/2098/1730
f 1803/1961/1600 1775/2099/1706 1778/2100/1705
f 1937/2101/1731 1915/2102/1732 1918/2029/1664
f 1900/2067/1700 1933/2103/1733 1897/2104/1734
f 1759/2105/1735 1762/2106/1736 1760/2107/1737
f 2065/2108/1738 2147/2109/1739 2143/2110/1740
f 2067/2111/1741 1954/2112/1742 1955/2113/1743
f 1815/2114/1744 1765/2026/1661 1766/2070/1703
f 1972/2115/1745 1961/2116/1746 1956/2117/1747
f 1886/2118/1748 1858/2119/1696 1860/2120/1695
f 1901/2068/1701 1897/2104/1734 1899/2121/1749
f 1789/2083/1715 1916/2122/1750 1914/2123/1751
f 2135/2124/1752 2096/2125/1753 2133/2020/1655
f 1842/2013/1649 1836/2001/1638 1843/2000/1637
f 1828/2061/1694 1895/2126/1754 1826/2049/1684
f 1932/2127/1755 1771/2004/1641 1896/2128/1756
f 1850/2129/1757 1920/2130/1758 1859/2131/1759
f 1864/2098/1730 1863/2132/1760 1861/2046/1681
f 1854/2133/1761 1856/2134/1629 1857/2135/1628
f 1861/2046/1681 1893/2136/1762 1891/2137/1763
f 1829/1970/1609 1901/2068/1701 1902/1971/1610
f 1833/2094/1726 1886/2118/1748 1831/2081/1713
f 2020/2138/1764 2174/2139/1765 2196/2140/1766
f 1934/2141/1767 1912/2038/1673 1933/2103/1733
f 1888/2142/1768 1838/2095/1727 1890/1990/1627
f 2156/2143/1348 2043/2144/1769 2042/2056/1269
f 1817/2079/1711 1877/2145/1770 1816/2078/1710
f 1879/2146/1771 1842/2013/1649 1880/2147/1772
f 1905/2055/1689 1908/2042/1677 1906/2053/1687
f 2151/2148/1773 2153/2149/1774 2152/2150/1775
f 1882/2151/1776 1874/2096/1728 1875/2152/1777
f 1966/2153/1778 2074/2154/1779 1965/2155/1780
f 1855/2074/1707 1858/2063/1696 1856/2134/1629
f 1830/2036/1671 1893/2136/1762 1828/2061/1694
f 1906/2053/1687 1910/2044/1679 1909/2156/1781
f 1909/2156/1781 1835/2092/1724 1832/2080/1712
f 1811/1975/1614 1778/2072/1705 1779/2157/1782
f 1875/2152/1777 1864/2098/1730 1865/2045/1680
f 1922/2158/1603 1939/2159/1783 1921/2160/1784
f 1881/2161/1785 1873/2090/1722 1874/2096/1728
f 1885/2162/1786 1871/2163/1787 1872/2058/1691
f 1890/1990/1627 1837/2164/1788 1889/2165/1789
f 1849/2166/1790 1848/1989/1626 1847/2023/1658
f 1896/2128/1756 1899/2121/1749 1897/2104/1734
f 1888/2142/1768 1856/1992/1629 1858/2119/1696
f 1885/2162/1786 1848/1989/1626 1852/1988/1625
f 1895/2126/1754 1863/2132/1760 1868/2167/1791
f 1772/1947/1586 1896/2128/1756 1771/2004/1641
f 1831/2081/1713 1836/2001/1638 1833/2094/1726
f 1844/2091/1723 1878/2033/1668 1843/2000/1637
f 1891/2137/1763 1862/2047/1682 1861/2046/1681
f 1916/2122/1750 1915/2102/1732 1914/2123/1751
f 2056/2168/1792 1969/2010/1646 1947/2009/1645
f 2107/2169/1793 2108/2170/938 2106/2171/1794
f 1870/2060/1693 1867/2172/1795 1868/2167/1791
f 1903/2173/1796 1898/2174/1797 1904/2175/1798
f 1884/2176/1799 1852/1988/1625 1853/2075/1708
f 1876/2177/1800 1818/2034/1669 1878/2033/1668
f 1892/2064/1697 1830/2036/1671 1829/1970/1609
f 1826/2049/1684 1894/2178/1801 1827/2179/1802
f 1817/2079/1711 1821/2048/1683 1818/2034/1669
f 1917/2180/1803 1922/1964/1603 1921/2181/1784
f 1868/2167/1791 1894/2178/1801 1895/2126/1754
f 2024/2182/948 2161/2183/1804 2138/2184/1020
f 1831/2081/1713 1887/2185/1805 1832/2080/1712
f 1939/2159/1783 1909/2156/1781 1940/2186/1806
f 1953/2187/1807 2063/2188/1808 2062/2189/1809
f 1919/2027/1662 1921/2181/1784 1920/2130/1758
f 1832/2080/1712 1940/2186/1806 1909/2156/1781
f 1816/2078/1710 1934/2141/1767 1900/2067/1700
f 1914/2123/1751 1809/1967/1606 1789/2083/1715
f 1981/2190/1810 2173/2089/1721 2169/2191/1811
f 1781/2192/1812 1779/2157/1782 1777/1949/1588
f 1796/2041/1676 1798/1996/1633 1797/2025/1660
f 1953/2187/1807 1972/2115/1745 1952/2193/1813
f 1812/2194/1814 1785/2195/1666 1811/1975/1614
f 1959/2196/1815 2082/2197/1816 1971/2198/1817
f 1942/2199/1818 1923/2024/1659 1924/2200/1819
f 1766/2070/1703 1761/2201/1820 1767/2071/1704
f 1924/2200/1819 1943/1969/1608 1942/2199/1818
f 1791/2202/1605 1938/2054/1688 1922/2158/1603
f 1964/2203/1821 2189/2204/1822 1963/2205/1823
f 1973/2206/1824 2073/2207/1825 1961/2116/1746
f 2127/2208/1826 2038/2209/973 2106/2171/1794
f 1815/2114/1744 1774/2210/1589 1775/2099/1706
f 1967/2211/1827 2075/2212/1828 1966/2153/1778
f 1824/2213/1829 1822/2032/1667 1825/2050/1685
f 1921/2160/1784 1940/2186/1806 1920/2214/1758
f 2163/2215/1830 2047/2216/1831 2158/2217/1832
f 2142/2218/1833 2145/2219/1834 2144/1984/1193
f 1905/2055/1689 1812/2194/1814 1780/2082/1714
f 1849/2166/1790 1859/2131/1759 1860/2062/1695
f 1887/2185/1805 1920/2214/1758 1940/2186/1806
f 1765/2026/1661 1762/2106/1736 1766/2070/1703
f 1799/2220/1835 1935/2066/1699 1931/1997/1634
f 1814/2221/1836 1904/2175/1798 1773/2222/1837
f 1941/2223/1838 1903/2173/1796 1904/2175/1798
f 1986/2224/1839 1990/2225/1840 1989/2226/1841
f 2168/2227/1842 2171/2228/1843 2170/2229/1844
f 2197/2230/1845 1952/2193/1813 1972/2115/1745
f 1942/2199/1818 1902/1971/1610 1903/2173/1796
f 1845/2093/1725 1910/2044/1679 1911/2043/1678
f 2005/2231/1846 2004/1974/1613 2003/2232/1847
f 1917/2180/1803 1918/2029/1664 1915/2102/1732
f 1880/2147/1772 1843/2000/1637 1878/2033/1668
f 2198/2088/1720 2007/1973/1612 2186/2233/1848
f 1882/2151/1776 1918/2029/1664 1846/2028/1663
f 2167/2234/1849 2029/2235/1850 2140/2236/1851
f 2141/2237/1852 2059/2238/1853 2060/2239/1854
f 1963/2205/1823 2190/2240/1855 1962/2241/1856
f 2197/2230/1845 1956/2117/1747 2184/2242/1857
f 2027/2243/1858 2096/2125/1753 2089/2244/1859
f 2149/2245/1860 2150/2246/1861 2148/2247/1055
f 1992/2248/1862 1987/2249/1863 1993/2250/1864
f 1933/2103/1733 1913/2018/1654 1932/2127/1755
f 1962/2241/1856 2195/2251/1865 1970/2252/1866
f 2129/2253/1867 2122/2254/1868 2121/2255/1869
f 2149/2245/1860 2072/2256/1870 2153/2149/1774
f 1797/2025/1660 1941/2223/1838 1814/2221/1836
f 1963/2205/1823 1965/2155/1780 1964/2203/1821
f 1925/1998/1635 1924/2200/1819 1923/2024/1659
f 2066/2257/1871 2063/2188/1808 2067/2111/1741
f 2187/2258/1872 2009/2259/1873 2191/2260/1874
f 1976/2261/1875 1979/2262/1810 1977/2263/1875
f 2179/1954/1593 1990/2225/1840 1991/1982/1620
f 2160/2264/1876 2138/2184/1020 2161/2183/1804
f 1974/2265/1877 2172/2266/1878 2199/2267/1879
f 1945/2268/1880 1949/2269/1881 1948/2270/1882
f 1970/2252/1866 1967/2211/1827 1962/2241/1856
f 1898/2174/1797 1773/2222/1837 1904/2175/1798
f 1966/2153/1778 1962/2241/1856 1967/2211/1827
f 1897/2104/1734 1932/2127/1755 1896/2128/1756
f 1769/1948/1587 1767/2271/1704 1761/2272/1820
f 1944/2273/1883 1975/2274/1884 1949/2269/1881
f 1799/2220/1835 1795/2040/1675 1794/1968/1607
f 1985/2275/1885 1988/2276/1886 1986/2224/1839
f 2081/2277/1887 2136/2278/1888 2160/2264/1876
f 2069/2279/1889 2070/2280/1890 2068/2281/963
f 1866/2097/1729 1868/2167/1791 1863/2132/1760
f 2037/2282/1891 2152/2150/1775 2041/2283/1892
f 1978/2284/1893 1823/2285/1667 1824/2213/1829
f 2085/2286/1894 2153/2287/1774 2072/2288/1870
f 1989/2226/1841 2019/2289/1895 1986/2224/1839
f 2109/2290/1043 2111/2291/1896 2110/2292/1897
f 2050/2293/1898 2150/2246/1861 2036/2294/1899
f 1884/2176/1799 2011/2295/1900 1871/2163/1787
f 2181/2296/1901 2000/2297/1902 2185/2298/1903
f 1801/1963/1602 1783/2299/1615 1784/2006/1643
f 2194/2300/1904 1998/2301/1905 2180/2302/1906
f 2148/2247/1055 2071/2303/1907 2149/2245/1860
f 1983/2304/1908 2023/2305/1909 1982/2087/1719
f 1928/1979/1617 1862/2047/1682 1927/2065/1698
f 2155/2306/1910 2156/2143/1348 2154/2307/1911
f 2130/2308/1912 2032/2309/1489 2097/2077/1709
f 2100/2310/1913 2101/2311/1914 2099/2312/1915
f 2062/2189/1809 1973/2206/1824 1953/2187/1807
f 1841/2011/1647 2012/2313/1916 1993/2250/1864
f 1960/2314/1917 1956/2315/1747 1961/2316/1746
f 2003/2232/1847 2022/2317/1918 2021/2318/1919
f 1948/2270/1882 2061/2319/1920 2057/2320/1921
f 1790/1965/1604 1788/2084/1716 1786/2030/1665
f 1937/2101/1731 1875/2152/1777 1929/2321/1922
f 1902/1971/1610 1899/2121/1749 1903/2173/1796
f 2170/2229/1844 1945/2268/1880 1946/2086/1718
f 2005/2231/1846 1871/2163/1787 2011/2295/1900
f 2105/2322/1923 2126/2323/1924 2104/1956/1595
f 2039/2324/1925 2041/2283/1892 2040/2325/1926
f 1837/2164/1788 1987/2249/1863 1985/2275/1885
f 2105/2322/1923 2033/2326/1927 2034/2327/1928
f 2019/2289/1895 2000/2328/1902 2001/2329/1929
f 2038/2209/973 2037/2282/1891 2039/2324/1925
f 1889/2165/1789 2002/2330/1930 1857/1991/1628
f 2016/2331/1931 2009/2259/1873 2010/2332/1932
f 2086/2333/1933 2060/2239/1854 2061/2319/1920
f 2089/2244/1859 2026/2334/1080 2027/2243/1858
f 2014/1983/1621 1992/2248/1862 2013/2335/1934
f 2025/2336/1935 2138/2184/1020 2139/2337/1936
f 2045/2338/1937 2042/2056/1269 2043/2144/1769
f 1877/2145/1770 1911/2043/1678 1934/2141/1767
f 2116/2339/1938 2046/2340/1939 2123/2341/1940
f 2039/2324/1925 2106/2171/1794 2038/2209/973
f 2124/2342/1941 2034/2327/1928 2049/2343/1942
f 1881/2161/1785 1846/2028/1663 1847/2023/1658
f 2050/2293/1898 2046/2340/1939 2047/2216/1831
f 2082/2197/1816 2078/2344/1943 2079/2345/1944
f 2181/2296/1901 2182/2346/1945 2180/2302/1906
f 2021/2318/1919 1867/2172/1795 2003/2232/1847
f 1980/2347/1946 2169/2191/1811 2168/2227/1842
f 2093/2348/1947 2095/2349/1948 2092/2350/1949
f 2018/2351/1950 2001/2329/1929 2002/2330/1930
f 2182/2346/1945 1970/2252/1866 2195/2251/1865
f 2191/2260/1874 2017/2352/1951 2194/2300/1904
f 1958/2353/1952 1971/2198/1817 1970/2252/1866
f 1769/1948/1587 1759/2354/1735 1768/1946/1585
f 2102/1957/1596 2103/2355/1953 2101/2311/1914
f 2120/2356/1954 2118/2357/1533 2117/2358/1535
f 1931/1997/1634 1926/1980/1618 1925/1998/1635
f 1947/2009/1645 2057/2320/1921 2056/2168/1792
f 2016/2331/1931 1994/2359/1955 1995/2360/1956
f 2088/2361/1107 2049/2343/1942 2026/2334/1080
f 2162/2362/1957 2158/2217/1832 2159/2363/1958
f 2159/2363/1958 2083/2364/1959 2162/2362/1957
f 2077/2365/1960 2079/2345/1944 2078/2344/1943
f 2171/2228/1843 1944/2273/1883 1945/2268/1880
f 1781/2192/1812 1776/1951/1590 1782/2014/1650
f 2040/2366/1926 2052/2003/1640 2053/2002/1639
f 2077/2365/1960 2154/2307/1911 2076/2367/1961
f 1800/2005/1642 1807/2368/1599 1810/1993/1630
f 2033/2326/1927 2030/1986/1623 2031/1985/1622
f 2048/2369/1962 2026/2334/1080 2049/2343/1942
f 2186/2233/1848 2199/2267/1879 2198/2088/1720
f 2052/2003/1640 2144/1984/1193 2030/1986/1623
f 2054/2057/1690 2028/2370/1963 2029/2235/1850
f 2093/2348/1947 2088/2361/1107 2089/2244/1859
f 2008/2371/1964 2186/2233/1848 2007/1973/1612
f 2133/2020/1655 2028/2370/1963 2055/2021/1656
f 1889/2165/1789 1985/2275/1885 2018/2351/1950
f 1997/2372/1965 1998/2301/1905 1995/2360/1956
f 2192/1981/1619 2170/2229/1844 2193/2085/1717
f 1859/2373/1759 1886/2118/1748 1860/2120/1695
f 2156/2143/1348 2054/2057/1690 2167/2234/1849
f 1805/2015/1651 1767/2271/1704 1770/2374/1966
f 2065/2108/1738 2062/2189/1809 2063/2188/1808
f 2106/2171/1794 2129/2253/1867 2127/2208/1826
f 1975/2274/1884 2061/2319/1920 1949/2269/1881
f 1869/2059/1692 2003/2232/1847 1867/2172/1795
f 2074/2154/1779 2087/2375/1967 2086/2333/1933
f 2014/1983/1621 2168/2227/1842 2192/1981/1619
f 1981/2190/1810 1977/2263/1875 1979/2262/1810
f 2127/2208/1826 2121/2255/1869 2123/2341/1940
f 1810/1993/1630 1765/2026/1661 1800/2005/1642
f 2053/2002/1639 2114/2376/1968 2040/2366/1926
f 2047/2216/1831 2045/2338/1937 2043/2144/1769
f 2117/2358/1535 2116/2339/1938 2120/2356/1954
f 2146/2377/1969 2143/2110/1740 2147/2109/1739
f 2023/2305/1909 2004/1974/1613 2007/1973/1612
f 2068/2281/963 2083/2364/1959 2082/2197/1816
f 2015/2378/1970 1853/2075/1708 1994/2359/1955
f 1988/2276/1886 1991/1982/1620 1990/2225/1840
f 2146/2377/1969 2048/2369/1962 2035/2379/1971
f 2115/2380/1972 2045/2338/1937 2116/2339/1938
f 2032/2309/1489 2098/1955/1594 2097/2077/1709
f 2131/2381/1973 2112/2382/1974 2132/2383/1975
f 1951/2384/1976 2176/2385/1977 2177/2386/1978
f 2178/1952/1591 1968/2008/1644 1950/2387/1979
f 1814/2221/1836 1796/2041/1676 1797/2025/1660
f 1779/2157/1782 1812/2194/1814 1811/1975/1614
f 2152/2388/1775 2164/2389/1980 2165/2390/1981
f 2141/2237/1852 2087/2375/1967 2166/2391/1982
f 2174/2139/1765 2177/2386/1978 2176/2385/1977
f 2064/2392/1983 2084/2393/1984 2062/2189/1809
f 1964/2203/1821 1975/2274/1884 1974/2265/1877
f 2180/2302/1906 2195/2251/1865 2194/2300/1904
f 2111/2291/1896 2114/2394/1968 2112/2395/1974
f 2091/2396/1985 2124/2342/1941 2088/2361/1107
f 2137/2397/1986 2058/2398/1987 2059/2238/1853
f 2187/2258/1872 2188/2399/1988 2186/2233/1848
f 1984/2400/1989 2022/2317/1918 1983/2304/1908
f 2132/2383/1975 2114/2376/1968 2130/2308/1912
f 1993/2250/1864 1839/2401/1990 1841/2011/1647
f 2006/1972/1611 2011/2295/1900 2010/2332/1932
f 2092/2350/1949 2091/2396/1985 2093/2348/1947
f 2169/2191/1811 2172/2266/1878 2171/2228/1843
f 2070/2280/1890 2162/2362/1957 2083/2364/1959
f 2076/2367/1961 2075/2212/1828 2077/2365/1960
f 2013/2335/1934 1993/2250/1864 2012/2313/1916
f 1813/2402/1991 1763/2039/1674 1796/2041/1676
f 2051/2403/1992 2123/2341/1940 2046/2340/1939
f 2107/2169/1793 2040/2325/1926 2114/2394/1968
f 1986/2224/1839 2018/2351/1950 1985/2275/1885
f 1936/2404/1993 1929/2321/1922 1930/1978/1616
f 2020/2138/1764 2185/2405/1903 2000/2328/1902
f 2100/2310/1913 2130/2308/1912 2097/2077/1709
f 2184/2242/1857 2196/2140/1766 2197/2230/1845
f 1850/2129/1757 1847/2023/1658 1846/2028/1663
f 2028/2370/1963 2025/2336/1935 2029/2235/1850
f 1760/2107/1737 1764/2051/1686 1763/2052/1674
f 2031/1985/1622 2034/2327/1928 2033/2326/1927
f 1873/2090/1722 1870/2060/1693 1866/2097/1729
f 2024/2182/948 2027/2243/1858 2026/2334/1080
f 2165/2390/1981 2041/2406/1892 2152/2388/1775
f 1977/2263/1875 2012/2313/1916 1976/2261/1875
f 2148/2247/1055 2163/2215/1830 2162/2362/1957
f 2143/2110/1740 2064/2392/1983 2065/2108/1738
f 2090/2407/1144 2126/2323/1924 2091/2396/1985
f 2161/2183/1804 2147/2109/1739 2160/2264/1876
f 2128/2408/1994 2108/2170/938 2109/2290/1043
f 2119/2409/1995 2121/2255/1869 2122/2254/1868
f 1996/2410/1996 1995/2360/1956 1994/2359/1955
f 2175/1953/1592 1989/2226/1841 1990/2225/1840
f 1954/2112/1742 1952/2193/1813 1951/2384/1976
f 2151/2148/1773 2036/2294/1899 2150/2246/1861
f 2099/2312/1915 2132/2383/1975 2100/2310/1913
f 2057/2320/1921 2060/2239/1854 2059/2238/1853
f 2086/2333/1933 1965/2155/1780 2074/2154/1779
f 2036/2294/1899 2051/2403/1992 2050/2293/1898
f 2117/2358/1535 2134/2411/1997 2135/2124/1752
f 1996/2410/1996 1857/2135/1628 2002/2412/1930
f 2194/2300/1904 2190/2240/1855 2191/2260/1874
f 1955/2113/1743 1951/2384/1976 1950/2387/1979
f 2069/2279/1889 1961/2316/1746 2073/2413/1825
f 1838/2095/1727 1839/2401/1990 1837/2164/1788
f 2115/2380/1972 2135/2124/1752 2133/2020/1655
f 2110/2292/1897 2112/2395/1974 2113/2414/1998
f 2094/2415/1999 2134/2411/1997 2095/2349/1948
f 2104/1956/1595 2125/2416/2000 2103/2355/1953
f 1997/2372/1965 2002/2412/1930 2001/2417/1929
f 1971/2198/1817 2079/2345/1944 1967/2211/1827
f 2184/2418/1857 1957/2419/2001 2183/2420/2002
f 2015/2378/1970 2010/2332/1932 2011/2295/1900
f 2021/2318/1919 1827/2179/1802 1894/2178/1801
f 2080/2421/2003 2058/2398/1987 2081/2277/1887
f 2089/2244/1859 2094/2415/1999 2093/2348/1947
f 2029/2235/1850 2139/2337/1936 2140/2236/1851
f 2177/2386/1978 1950/2387/1979 1951/2384/1976
f 2154/2307/1911 2167/2234/1849 2166/2391/1982
f 1827/2179/1802 1825/2050/1685 1826/2049/1684
f 2183/2420/2002 2185/2298/1903 2184/2418/1857
f 1955/2113/1743 2080/2421/2003 2067/2111/1741
f 2136/2278/1888 2139/2337/1936 2138/2184/1020
f 2199/2267/1879 2173/2089/1721 2198/2088/1720
f 2142/2218/1833 2085/2286/1894 2064/2392/1983
f 2084/2393/1984 2072/2288/1870 2073/2207/1825
f 2049/2343/1942 2035/2379/1971 2048/2369/1962
f 2137/2397/1986 2140/2236/1851 2139/2337/1936
f 2166/2391/1982 2140/2236/1851 2141/2237/1852
f 2120/2356/1954 2123/2341/1940 2121/2255/1869
f 2191/2260/1874 2189/2204/1822 2187/2258/1872
f 1808/1959/1598 1792/2076/1631 1807/1960/1599
f 2066/2257/1871 2160/2264/1876 2147/2109/1739
f 2081/2277/1887 2067/2111/1741 2080/2421/2003
f 1929/2321/1922 1865/2045/1680 1928/1979/1617
f 2193/2085/1717 2179/1954/1593 2192/1981/1619
f 1969/2010/1646 1950/2387/1979 1968/2008/1644
f 1876/2177/1800 1845/2093/1725 1877/2145/1770
f 1823/2285/1667 1880/2147/1772 1822/2032/1667
f 2159/2363/1958 2157/2422/2004 2155/2306/1910
f 1806/2016/1652 1770/2374/1966 1771/2004/1641
f 1983/2304/1908 1978/2284/1893 1984/2400/1989
f 1984/2400/1989 1824/2213/1829 1827/2179/1802
f 1786/2030/1665 1787/1958/1597 1784/2423/1643
f 1926/1980/1618 1927/2065/1698 1924/2200/1819
f 2056/2168/1792 2059/2238/1853 2058/2398/1987
f 1948/2270/1882 1946/2086/1718 1945/2268/1880
f 1982/2087/1719 1979/2262/1810 1983/2304/1908
f 1960/2314/1917 2068/2281/963 1959/2196/1815
f 1854/2133/1761 1994/2359/1955 1853/2075/1708
f 2047/2216/1831 2157/2422/2004 2158/2217/1832
f 2166/2391/1982 2076/2367/1961 2154/2307/1911
f 1813/2402/1991 1773/2222/1837 1768/1946/1585
f 1976/2261/1875 1879/2146/1771 1823/2285/1667
f 1759/2354/1735 1813/2402/1991 1768/1946/1585
f 1999/2424/2005 2001/2417/1929 2000/2297/1902
f 2073/2413/1825 2071/2303/1907 2069/2279/1889
f 2180/2302/1906 1999/2424/2005 2181/2296/1901
f 1783/2425/1615 1786/2030/1665 1784/2423/1643
f 2008/2371/1964 2010/2332/1932 2009/2259/1873
f 2155/2306/1910 2078/2344/1943 2159/2363/1958
f 1959/2196/1815 1957/2419/2001 1960/2314/1917
f 2013/2335/1934 1980/2347/1946 2014/1983/1621
f 2188/2399/1988 1974/2265/1877 2199/2267/1879
f 2144/1984/1193 2164/2389/1980 2142/2218/1833
f 2017/2352/1951 1995/2360/1956 1998/2301/1905
f 2196/2140/1766 2176/2385/1977 2197/2230/1845
f 1936/2404/1993 1914/2123/1751 1915/2102/1732
f 2183/2420/2002 1958/2353/1952 2182/2346/1945
f 2145/2219/1834 2035/2379/1971 2031/1985/1622
f 2236/2426/2006 2244/2427/2007 2245/2428/2008
f 2245/2428/2008 2237/2429/2009 2236/2426/2006
f 2246/2430/2010 2238/2431/2011 2237/2429/2009
f 2275/2432/2012 2285/2433/2013 2276/2434/2014
f 2245/2428/2008 2253/2435/2015 2254/2436/2016
f 2311/2437/2017 2303/2438/2018 2302/2439/2019
f 2318/2440/2020 2308/2441/2021 2317/2442/2022
f 2314/2443/2023 2764/2444/2024 2765/2445/2025
f 2255/2446/2026 2247/2447/2027 2246/2430/2010
f 2206/2448/2028 2930/2449/2029 2205/2450/2030
f 2308/2441/2021 2300/2451/2031 2299/2452/2032
f 2316/2453/2033 2306/2454/2034 2315/2455/2035
f 2769/2456/2036 2215/2457/2037 2768/2458/2038
f 2237/2429/2009 2229/2459/2039 2228/2460/2040
f 2998/2461/2041 3265/2462/2042 3273/2463/2041
f 2328/2464/2043 2338/2465/2044 2329/2466/2045
f 2210/2467/2046 2934/2468/2047 2209/2469/2048
f 2321/2470/2049 2211/2471/2050 2312/2472/2051
f 2762/2473/2052 2332/2474/2053 2323/2475/2054
f 2239/2476/2055 2231/2477/2056 2230/2478/2057
f 2212/2479/2058 2330/2480/2059 2213/2481/2060
f 2213/2481/2060 2339/2482/2061 2214/2483/2062
f 2274/2484/2063 2264/2485/2064 2273/2486/2065
f 2325/2487/2066 2315/2455/2035 2324/2488/2067
f 2317/2442/2022 2327/2489/2068 2318/2440/2020
f 2235/2490/2069 2227/2491/2070 2226/2492/2071
f 2252/2493/2072 2262/2494/2073 2253/2435/2015
f 2240/2495/2074 2248/2496/2075 2249/2497/2076
f 3251/2498/2077 2477/2499/2078 2478/2500/2079
f 2293/2501/2080 2303/2438/2018 2294/2502/2081
f 2765/2445/2025 2323/2475/2054 2314/2443/2023
f 2323/2475/2054 2333/2503/2082 2324/2488/2067
f 2327/2489/2068 2337/2504/2083 2328/2464/2043
f 2213/2481/2060 2931/2505/2084 2212/2479/2058
f 2330/2480/2059 2320/2506/2085 2329/2466/2045
f 2252/2493/2072 2244/2427/2007 2243/2507/2086
f 2200/2508/2087 2935/2509/2088 2941/2510/2089
f 2236/2426/2006 2228/2460/2040 2227/2491/2070
f 2263/2511/2090 2273/2486/2065 2264/2485/2064
f 2929/2512/2091 2203/2513/2092 2204/2514/2093
f 2202/2515/2094 2936/2516/2095 2935/2509/2088
f 2254/2436/2016 2264/2485/2064 2255/2446/2026
f 2251/2517/2096 2261/2518/2097 2252/2493/2072
f 2361/2519/2098 3349/2520/2099 2362/2521/2100
f 2253/2435/2015 2263/2511/2090 2254/2436/2016
f 2255/2446/2026 2265/2522/2101 2256/2523/2102
f 2206/2448/2028 2276/2434/2014 2207/2524/2103
f 2290/2525/2104 2282/2526/2105 2281/2527/2106
f 2772/2528/2107 2224/2529/2108 2769/2456/2036
f 2325/2487/2066 2335/2530/2109 2326/2531/2110
f 2266/2532/2111 2276/2434/2014 2267/2533/2112
f 2767/2534/2113 2269/2535/2114 2260/2536/2115
f 2243/2507/2086 2235/2490/2069 2234/2537/2116
f 2480/2538/2117 3212/2539/2118 3225/2540/2119
f 2267/2533/2112 2257/2541/2120 2266/2532/2111
f 2260/2536/2115 2766/2542/2121 2767/2534/2113
f 2204/2514/2093 2240/2495/2074 2249/2497/2076
f 2242/2543/2122 2234/2537/2116 2233/2544/2123
f 2251/2517/2096 2243/2507/2086 2242/2543/2122
f 2321/2470/2049 2311/2437/2017 2320/2506/2085
f 2770/2545/2124 2278/2546/2125 2269/2535/2114
f 2246/2430/2010 2254/2436/2016 2255/2446/2026
f 2940/2547/2126 2208/2548/2127 2933/2549/2128
f 2256/2523/2102 2266/2532/2111 2257/2541/2120
f 2204/2514/2093 2930/2449/2029 2929/2512/2091
f 2210/2467/2046 2938/2550/2129 2937/2551/2130
f 2207/2524/2103 2285/2433/2013 2208/2548/2127
f 2211/2471/2050 2303/2438/2018 2312/2472/2051
f 2324/2488/2067 2314/2443/2023 2323/2475/2054
f 2287/2552/2131 2279/2553/2132 2278/2546/2125
f 2319/2554/2133 2329/2466/2045 2320/2506/2085
f 2293/2501/2080 2285/2433/2013 2284/2555/2134
f 2292/2556/2135 2302/2439/2019 2293/2501/2080
f 2939/2557/2136 2207/2524/2103 2940/2547/2126
f 3211/2558/2118 2221/2559/2137 2222/2560/2138
f 2319/2554/2133 2309/2561/2139 2318/2440/2020
f 2205/2450/2030 2267/2533/2112 2206/2448/2028
f 2247/2447/2027 2239/2476/2055 2238/2431/2011
f 3013/2562/2140 3215/2563/2141 3237/2564/2041
f 2288/2565/2142 2280/2566/2143 2279/2553/2132
f 2316/2453/2033 2326/2531/2110 2317/2442/2022
f 2272/2567/2144 2262/2494/2073 2271/2568/2145
f 2997/2569/2140 3216/2570/2141 2941/2571/2089
f 2310/2572/2146 2302/2439/2019 2301/2573/2147
f 2217/2574/2148 2225/2575/2149 2226/2492/2071
f 2760/2576/2150 2296/2577/2151 2287/2552/2131
f 2328/2464/2043 2318/2440/2020 2327/2489/2068
f 2287/2552/2131 2297/2578/2152 2288/2565/2142
f 2760/2576/2150 2278/2546/2125 2771/2579/2153
f 2289/2580/2154 2281/2527/2106 2280/2566/2143
f 2291/2581/2155 2301/2573/2147 2292/2556/2135
f 3227/2582/2156 2497/2583/2157 3222/2584/2158
f 2299/2452/2032 2289/2580/2154 2298/2585/2159
f 3228/2586/2156 2217/2587/2148 2218/2588/2160
f 2270/2589/2161 2280/2566/2143 2271/2568/2145
f 2271/2568/2145 2261/2518/2097 2270/2589/2161
f 2300/2451/2031 2290/2525/2104 2299/2452/2032
f 2285/2433/2013 2209/2469/2048 2208/2548/2127
f 2301/2573/2147 2309/2561/2139 2310/2572/2146
f 2307/2590/2162 2299/2452/2032 2298/2585/2159
f 2306/2454/2034 2298/2585/2159 2297/2578/2152
f 2269/2535/2114 2279/2553/2132 2270/2589/2161
f 2202/2515/2094 2222/2591/2138 2231/2477/2056
f 2303/2438/2018 2209/2469/2048 2294/2502/2081
f 2226/2492/2071 2218/2592/2160 2217/2574/2148
f 3221/2593/2163 2216/2594/2164 2217/2587/2148
f 2256/2523/2102 2248/2496/2075 2247/2447/2027
f 2272/2567/2144 2282/2526/2105 2273/2486/2065
f 2249/2497/2076 2205/2450/2030 2204/2514/2093
f 2297/2578/2152 2305/2595/2165 2306/2454/2034
f 2339/2482/2061 2329/2466/2045 2338/2465/2044
f 2220/2596/2166 2228/2460/2040 2229/2459/2039
f 2283/2597/2167 2273/2486/2065 2282/2526/2105
f 2257/2541/2120 2249/2497/2076 2248/2496/2075
f 2315/2455/2035 2305/2595/2165 2314/2443/2023
f 2281/2527/2106 2271/2568/2145 2280/2566/2143
f 2227/2491/2070 2219/2598/2168 2218/2592/2160
f 2291/2581/2155 2283/2597/2167 2282/2526/2105
f 2310/2572/2146 2320/2506/2085 2311/2437/2017
f 2231/2477/2056 2203/2513/2092 2202/2515/2094
f 2270/2589/2161 2260/2536/2115 2269/2535/2114
f 2238/2431/2011 2230/2478/2057 2229/2459/2039
f 3211/2558/2118 2200/2599/2087 3226/2600/2119
f 2230/2478/2057 2222/2591/2138 2221/2601/2137
f 2212/2479/2058 2938/2550/2129 2211/2471/2050
f 2288/2565/2142 2298/2585/2159 2289/2580/2154
f 2932/2602/2169 2214/2483/2062 2942/2603/2170
f 2265/2522/2101 2275/2432/2012 2266/2532/2111
f 2229/2459/2039 2221/2601/2137 2220/2596/2166
f 2326/2531/2110 2336/2604/2171 2327/2489/2068
f 2764/2444/2024 2296/2577/2151 2761/2605/2172
f 2495/2606/2173 3218/2607/2174 2496/2608/2175
f 3257/2609/2176 2333/2610/2082 3249/2611/2177
f 2274/2484/2063 2284/2555/2134 2275/2432/2012
f 2476/2612/2178 3254/2613/2179 3264/2614/2180
f 3259/2615/2181 2214/2616/2062 2339/2617/2061
f 3247/2618/2182 2942/2619/2170 2214/2616/2062
f 2317/2442/2022 2307/2590/2162 2316/2453/2033
f 3258/2620/2183 2473/2621/2184 2474/2622/2185
f 2472/2623/2186 3250/2624/2177 3262/2625/2187
f 2475/2626/2188 3264/2614/2180 3255/2627/2189
f 2233/2544/2123 2773/2628/2190 2242/2543/2122
f 2208/2548/2127 2934/2468/2047 2933/2549/2128
f 3219/2629/2191 2499/2630/2192 3214/2631/2193
f 2233/2544/2123 2225/2575/2149 2224/2529/2108
f 2766/2542/2121 2242/2543/2122 2773/2628/2190
f 2216/2632/2164 2224/2529/2108 2225/2575/2149
f 2234/2537/2116 2226/2492/2071 2225/2575/2149
f 2292/2556/2135 2284/2555/2134 2283/2597/2167
f 2324/2488/2067 2334/2633/2194 2325/2487/2066
f 2376/2634/2195 2384/2635/2196 2375/2636/2197
f 2385/2637/2198 2377/2638/2199 2386/2639/2200
f 2386/2639/2200 2378/2640/2201 2387/2641/2202
f 2425/2642/2203 2415/2643/2204 2416/2644/2205
f 2385/2637/2198 2393/2645/2206 2384/2635/2196
f 2451/2646/2207 2443/2647/2208 2452/2648/2209
f 2448/2649/2210 2458/2650/2211 2457/2651/2212
f 2778/2652/2213 2454/2653/2214 2779/2654/2215
f 2387/2641/2202 2395/2655/2216 2386/2639/2200
f 2944/2656/2217 2345/2657/2218 2344/2658/2219
f 2440/2659/2220 2448/2649/2210 2439/2660/2221
f 2446/2661/2222 2456/2662/2223 2455/2663/2224
f 2355/2664/2225 2783/2665/2226 2782/2666/2227
f 2377/2638/2199 2369/2667/2228 2378/2640/2201
f 2756/2668/2229 3307/2669/2230 2757/2670/2231
f 2478/2671/2079 2468/2672/2232 2469/2673/2233
f 2349/2674/2234 2948/2675/2235 2951/2676/2236
f 2350/2677/2237 2461/2678/2238 2452/2648/2209
f 2472/2679/2186 2777/2680/2239 2463/2681/2240
f 2371/2682/2241 2379/2683/2242 2370/2684/2243
f 2351/2685/2244 2470/2686/2245 2461/2678/2238
f 2352/2687/2246 2479/2688/2247 2470/2686/2245
f 2404/2689/2248 2414/2690/2249 2413/2691/2250
f 2455/2663/2224 2465/2692/2251 2464/2693/2252
f 2467/2694/2253 2457/2651/2212 2458/2650/2211
f 2375/2636/2197 2367/2695/2254 2376/2634/2195
f 2392/2696/2255 2402/2697/2256 2401/2698/2257
f 2380/2699/2258 2388/2700/2259 2379/2683/2242
f 2443/2647/2208 2433/2701/2260 2434/2702/2261
f 2779/2654/2215 2463/2681/2240 2777/2680/2239
f 2473/2703/2184 2463/2681/2240 2464/2693/2252
f 2477/2704/2078 2467/2694/2253 2468/2672/2232
f 2945/2705/2262 2352/2687/2246 2351/2685/2244
f 2470/2686/2245 2460/2706/2263 2461/2678/2238
f 2392/2696/2255 2384/2635/2196 2393/2645/2206
f 2340/2707/2264 2949/2708/2265 2341/2709/2266
f 2368/2710/2267 2376/2634/2195 2367/2695/2254
f 2403/2711/2268 2413/2691/2250 2412/2712/2269
f 2943/2713/2270 2342/2714/2271 2950/2715/2272
f 2341/2709/2266 2950/2715/2272 2342/2714/2271
f 2404/2689/2248 2394/2716/2273 2395/2655/2216
f 2401/2698/2257 2391/2717/2274 2392/2696/2255
f 2866/2718/1 3318/2719/1 3329/2720/1
f 2393/2645/2206 2403/2711/2268 2402/2697/2256
f 2395/2655/2216 2405/2721/2275 2404/2689/2248
f 2416/2644/2205 2345/2657/2218 2346/2722/2276
f 2430/2723/2277 2422/2724/2278 2431/2725/2279
f 2786/2726/2280 2364/2727/2281 2373/2728/2282
f 2475/2729/2188 2465/2692/2251 2466/2730/2283
f 2406/2731/2284 2416/2644/2205 2415/2643/2204
f 2781/2732/2285 2409/2733/2286 2784/2734/2287
f 2383/2735/2288 2375/2636/2197 2384/2635/2196
f 3351/2736/2289 2810/2737/2290 2635/2738/2291
f 2407/2739/2292 2397/2740/2293 2398/2741/2294
f 2780/2742/2295 2400/2743/2296 2781/2732/2285
f 2343/2744/2297 2380/2699/2258 2342/2714/2271
f 2382/2745/2298 2374/2746/2299 2383/2735/2288
f 2391/2717/2274 2383/2735/2288 2392/2696/2255
f 2451/2646/2207 2461/2678/2238 2460/2706/2263
f 2418/2747/2300 2784/2734/2287 2409/2733/2286
f 2386/2639/2200 2394/2716/2273 2385/2637/2198
f 2347/2748/2301 2954/2749/2302 2947/2750/2303
f 2406/2731/2284 2396/2751/2304 2397/2740/2293
f 2343/2744/2297 2944/2656/2217 2344/2658/2219
f 2952/2752/2305 2349/2674/2234 2951/2676/2236
f 2425/2642/2203 2346/2722/2276 2347/2748/2301
f 2443/2647/2208 2350/2677/2237 2452/2648/2209
f 2454/2653/2214 2464/2693/2252 2463/2681/2240
f 2419/2753/2306 2427/2754/2307 2418/2747/2300
f 2469/2673/2233 2459/2755/2308 2460/2706/2263
f 2425/2642/2203 2433/2701/2260 2424/2756/2309
f 2432/2757/2310 2442/2758/2311 2441/2759/2312
f 2953/2760/2313 2346/2722/2276 2345/2657/2218
f 3349/2520/2099 2340/2761/2264 2362/2521/2100
f 2449/2762/2314 2459/2755/2308 2458/2650/2211
f 2407/2739/2292 2344/2658/2219 2345/2657/2218
f 2387/2641/2202 2379/2683/2242 2388/2700/2259
f 2359/2763/2315 3342/2764/2316 2360/2765/2317
f 2420/2766/2318 2428/2767/2319 2419/2753/2306
f 2466/2730/2283 2456/2662/2223 2457/2651/2212
f 2402/2697/2256 2412/2712/2269 2411/2768/2320
f 2442/2758/2311 2450/2769/2321 2441/2759/2312
f 2357/2770/2322 2365/2771/2323 2356/2772/2324
f 2436/2773/2325 2775/2774/2326 2427/2754/2307
f 2458/2650/2211 2468/2672/2232 2467/2694/2253
f 2427/2754/2307 2437/2775/2327 2436/2773/2325
f 2418/2747/2300 2775/2774/2326 2785/2776/2328
f 2429/2777/2329 2421/2778/2330 2430/2723/2277
f 2431/2725/2279 2441/2759/2312 2440/2659/2220
f 2641/2779/2331 3350/2780/2332 3338/2781/2333
f 2429/2777/2329 2439/2660/2221 2438/2782/2334
f 3347/2783/2335 2358/2784/2336 3334/2785/2337
f 2410/2786/2338 2420/2766/2318 2419/2753/2306
f 2401/2698/2257 2411/2768/2320 2410/2786/2338
f 2430/2723/2277 2440/2659/2220 2439/2660/2221
f 2348/2787/2339 2425/2642/2203 2347/2748/2301
f 2441/2759/2312 2449/2762/2314 2440/2659/2220
f 2439/2660/2221 2447/2788/2340 2438/2782/2334
f 2438/2782/2334 2446/2661/2222 2437/2775/2327
f 2419/2753/2306 2409/2733/2286 2410/2786/2338
f 2341/2709/2266 2362/2789/2100 2340/2707/2264
f 2348/2787/2339 2443/2647/2208 2434/2702/2261
f 2366/2790/2341 2358/2791/2336 2367/2695/2254
f 2356/2792/2324 3340/2793/2342 2357/2794/2322
f 2388/2700/2259 2396/2751/2304 2387/2641/2202
f 2412/2712/2269 2422/2724/2278 2421/2778/2330
f 2389/2795/2343 2344/2658/2219 2398/2741/2294
f 2437/2775/2327 2445/2796/2344 2436/2773/2325
f 2469/2673/2233 2479/2688/2247 2478/2671/2079
f 2360/2797/2317 2368/2710/2267 2359/2798/2315
f 2413/2691/2250 2423/2799/2345 2422/2724/2278
f 2389/2795/2343 2397/2740/2293 2388/2700/2259
f 2445/2796/2344 2455/2663/2224 2454/2653/2214
f 2411/2768/2320 2421/2778/2330 2420/2766/2318
f 2367/2695/2254 2359/2798/2315 2368/2710/2267
f 2431/2725/2279 2423/2799/2345 2432/2757/2310
f 2450/2769/2321 2460/2706/2263 2459/2755/2308
f 2342/2714/2271 2371/2682/2241 2341/2709/2266
f 2400/2743/2296 2410/2786/2338 2409/2733/2286
f 2378/2640/2201 2370/2684/2243 2379/2683/2242
f 2636/2800/2346 3339/2801/2347 3344/2802/2348
f 2362/2789/2100 2370/2684/2243 2361/2803/2098
f 2952/2752/2305 2351/2685/2244 2350/2677/2237
f 2428/2767/2319 2438/2782/2334 2437/2775/2327
f 2353/2804/2349 2946/2805/2350 2956/2806/2351
f 2415/2643/2204 2405/2721/2275 2406/2731/2284
f 2369/2667/2228 2361/2803/2098 2370/2684/2243
f 2476/2807/2178 2466/2730/2283 2467/2694/2253
f 2778/2652/2213 2436/2773/2325 2445/2796/2344
f 2414/2690/2249 2424/2756/2309 2423/2799/2345
f 2447/2788/2340 2457/2651/2212 2456/2662/2223
f 2373/2728/2282 2787/2808/2352 2786/2726/2280
f 2347/2748/2301 2948/2675/2235 2348/2787/2339
f 3350/2780/2332 2620/2809/2353 3335/2810/2354
f 2373/2728/2282 2365/2771/2323 2374/2746/2299
f 2382/2745/2298 2780/2742/2295 2787/2808/2352
f 2356/2772/2324 2364/2727/2281 2355/2664/2225
f 2374/2746/2299 2366/2790/2341 2375/2636/2197
f 2424/2756/2309 2432/2757/2310 2423/2799/2345
f 2474/2811/2185 2464/2693/2252 2465/2692/2251
f 2516/2812/2355 2524/2813/2356 2515/2814/2357
f 2525/2815/2358 2517/2816/2359 2526/2817/2360
f 2526/2817/2360 2518/2818/2361 2527/2819/2362
f 2565/2820/2363 2555/2821/2364 2556/2822/2365
f 2525/2815/2358 2533/2823/2366 2524/2813/2356
f 2591/2824/2367 2583/2825/2368 2592/2826/2369
f 2588/2827/2370 2598/2828/2371 2597/2829/2372
f 2792/2830/2373 2594/2831/2374 2793/2832/2375
f 2527/2819/2362 2535/2833/2376 2526/2817/2360
f 2959/2834/2377 2485/2835/2378 2484/2836/2379
f 2580/2837/2380 2588/2827/2370 2579/2838/2381
f 2586/2839/2382 2596/2840/2383 2595/2841/2384
f 2495/2842/2173 2797/2843/2385 2796/2844/2386
f 2517/2816/2359 2509/2845/2387 2518/2818/2361
f 2618/2846/2388 2608/2847/2389 2609/2848/2390
f 2489/2849/2391 2963/2850/2392 2966/2851/2393
f 2490/2852/2394 2601/2853/2395 2592/2826/2369
f 2612/2854/2396 2790/2855/2397 2603/2856/2398
f 2511/2857/2399 2519/2858/2400 2510/2859/2401
f 2491/2860/2402 2610/2861/2403 2601/2853/2395
f 2492/2862/2404 2619/2863/2405 2610/2861/2403
f 2544/2864/2406 2554/2865/2407 2553/2866/2408
f 2595/2841/2384 2605/2867/2409 2604/2868/2410
f 2607/2869/2411 2597/2829/2372 2598/2828/2371
f 2515/2814/2357 2507/2870/2412 2516/2812/2355
f 2532/2871/2413 2542/2872/2414 2541/2873/2415
f 2520/2874/2416 2528/2875/2417 2519/2858/2400
f 2758/2876/2418 3302/2877/2419 2759/2878/2420
f 2583/2825/2368 2573/2879/2421 2574/2880/2422
f 2793/2832/2375 2603/2856/2398 2790/2855/2397
f 2613/2881/2423 2603/2856/2398 2604/2868/2410
f 2617/2882/2424 2607/2869/2411 2608/2847/2389
f 2960/2883/2425 2492/2862/2404 2491/2860/2402
f 2610/2861/2403 2600/2884/2426 2601/2853/2395
f 2532/2871/2413 2524/2813/2356 2533/2823/2366
f 2480/2885/2117 2964/2886/2427 2481/2887/2428
f 2508/2888/2429 2516/2812/2355 2507/2870/2412
f 2543/2889/2430 2553/2866/2408 2552/2890/2431
f 2958/2891/2432 2482/2892/2433 2965/2893/2434
f 2481/2887/2428 2965/2893/2434 2482/2892/2433
f 2544/2864/2406 2534/2894/2435 2535/2833/2376
f 2541/2873/2415 2531/2895/2436 2532/2871/2413
f 2533/2823/2366 2543/2889/2430 2542/2872/2414
f 2535/2833/2376 2545/2896/2437 2544/2864/2406
f 2556/2822/2365 2485/2835/2378 2486/2897/2438
f 2570/2898/2439 2562/2899/2440 2571/2900/2441
f 2800/2901/2442 2504/2902/2443 2513/2903/2444
f 2615/2904/2445 2605/2867/2409 2606/2905/2446
f 2546/2906/2447 2556/2822/2365 2555/2821/2364
f 2795/2907/2448 2549/2908/2449 2798/2909/2450
f 2523/2910/2451 2515/2814/2357 2524/2813/2356
f 2547/2911/2452 2537/2912/2453 2538/2913/2454
f 2794/2914/2455 2540/2915/2456 2795/2907/2448
f 2483/2916/2457 2520/2874/2416 2482/2892/2433
f 2522/2917/2458 2514/2918/2459 2523/2910/2451
f 2531/2895/2436 2523/2910/2451 2532/2871/2413
f 2591/2824/2367 2601/2853/2395 2600/2884/2426
f 2558/2919/2460 2798/2909/2450 2549/2908/2449
f 2526/2817/2360 2534/2894/2435 2525/2815/2358
f 2487/2920/2461 2969/2921/2462 2962/2922/2463
f 2546/2906/2447 2536/2923/2464 2537/2912/2453
f 2483/2916/2457 2959/2834/2377 2484/2836/2379
f 2967/2924/2465 2489/2849/2391 2966/2851/2393
f 2565/2820/2363 2486/2897/2438 2487/2920/2461
f 2583/2825/2368 2490/2852/2394 2592/2826/2369
f 2594/2831/2374 2604/2868/2410 2603/2856/2398
f 2559/2925/2466 2567/2926/2467 2558/2919/2460
f 2609/2848/2390 2599/2927/2468 2600/2884/2426
f 2565/2820/2363 2573/2879/2421 2564/2928/2469
f 2572/2929/2470 2582/2930/2471 2581/2931/2472
f 2968/2932/2473 2486/2897/2438 2485/2835/2378
f 2589/2933/2474 2599/2927/2468 2598/2828/2371
f 2547/2911/2452 2484/2836/2379 2485/2835/2378
f 2527/2819/2362 2519/2858/2400 2528/2875/2417
f 2560/2934/2475 2568/2935/2476 2559/2925/2466
f 2606/2905/2446 2596/2840/2383 2597/2829/2372
f 2542/2872/2414 2552/2890/2431 2551/2936/2477
f 2876/2937/1 2706/2938/1 2715/2939/1
f 2582/2930/2471 2590/2940/2478 2581/2931/2472
f 2497/2941/2157 2505/2942/2479 2496/2943/2175
f 2576/2944/2480 2788/2945/2481 2567/2926/2467
f 2598/2828/2371 2608/2847/2389 2607/2869/2411
f 2567/2926/2467 2577/2946/2482 2576/2944/2480
f 2558/2919/2460 2788/2945/2481 2799/2947/2483
f 2569/2948/2484 2561/2949/2485 2570/2898/2439
f 2571/2900/2441 2581/2931/2472 2580/2837/2380
f 2569/2948/2484 2579/2838/2381 2578/2950/2486
f 2550/2951/2487 2560/2934/2475 2559/2925/2466
f 2541/2873/2415 2551/2936/2477 2550/2951/2487
f 2570/2898/2439 2580/2837/2380 2579/2838/2381
f 2488/2952/2488 2565/2820/2363 2487/2920/2461
f 2581/2931/2472 2589/2933/2474 2580/2837/2380
f 2579/2838/2381 2587/2953/2489 2578/2950/2486
f 2578/2950/2486 2586/2839/2382 2577/2946/2482
f 2559/2925/2466 2549/2908/2449 2550/2951/2487
f 2481/2887/2428 2502/2954/2490 2480/2885/2117
f 2488/2952/2488 2583/2825/2368 2574/2880/2422
f 2506/2955/2491 2498/2956/2492 2507/2870/2412
f 2528/2875/2417 2536/2923/2464 2527/2819/2362
f 2552/2890/2431 2562/2899/2440 2561/2949/2485
f 2529/2957/2493 2484/2836/2379 2538/2913/2454
f 2577/2946/2482 2585/2958/2494 2576/2944/2480
f 2609/2848/2390 2619/2863/2405 2618/2846/2388
f 2500/2959/2495 2508/2888/2429 2499/2960/2192
f 2553/2866/2408 2563/2961/2496 2562/2899/2440
f 2529/2957/2493 2537/2912/2453 2528/2875/2417
f 2585/2958/2494 2595/2841/2384 2594/2831/2374
f 2551/2936/2477 2561/2949/2485 2560/2934/2475
f 2507/2870/2412 2499/2960/2192 2508/2888/2429
f 2571/2900/2441 2563/2961/2496 2572/2929/2470
f 2590/2940/2478 2600/2884/2426 2599/2927/2468
f 2482/2892/2433 2511/2857/2399 2481/2887/2428
f 2540/2915/2456 2550/2951/2487 2549/2908/2449
f 2518/2818/2361 2510/2859/2401 2519/2858/2400
f 2502/2954/2490 2510/2859/2401 2501/2962/2497
f 2967/2924/2465 2491/2860/2402 2490/2852/2394
f 2568/2935/2476 2578/2950/2486 2577/2946/2482
f 2493/2963/2498 2961/2964/2499 2970/2965/2500
f 2555/2821/2364 2545/2896/2437 2546/2906/2447
f 2509/2845/2387 2501/2962/2497 2510/2859/2401
f 2616/2966/2501 2606/2905/2446 2607/2869/2411
f 2792/2830/2373 2576/2944/2480 2585/2958/2494
f 2618/2967/2388 3301/2968/2419 3309/2969/2502
f 2554/2865/2407 2564/2928/2469 2563/2961/2496
f 2755/2970/2503 3298/2971/2504 2756/2668/2229
f 2752/2972/2505 3312/2973/2506 2753/2974/2507
f 2984/2975/2508 3313/2976/2509 3295/2977/2510
f 2587/2953/2489 2597/2829/2372 2596/2840/2383
f 3301/2968/2419 2493/2978/2498 3314/2979/2509
f 2757/2670/2231 3310/2980/2502 2758/2876/2418
f 2753/2974/2507 3303/2981/2511 2754/2982/2512
f 2513/2903/2444 2801/2983/2513 2800/2901/2442
f 2487/2920/2461 2963/2850/2392 2488/2952/2488
f 2513/2903/2444 2505/2942/2479 2514/2918/2459
f 2522/2917/2458 2794/2914/2455 2801/2983/2513
f 2496/2943/2175 2504/2902/2443 2495/2842/2173
f 2514/2918/2459 2506/2955/2491 2515/2814/2357
f 2564/2928/2469 2572/2929/2470 2563/2961/2496
f 2614/2984/2514 2604/2868/2410 2605/2867/2409
f 2656/2985/2515 2664/2986/2516 2665/2987/2517
f 2665/2987/2517 2657/2988/2518 2656/2985/2515
f 2666/2989/2519 2658/2990/2520 2657/2988/2518
f 2695/2991/2521 2705/2992/2522 2696/2993/2523
f 2665/2987/2517 2673/2994/2524 2674/2995/2525
f 2731/2996/2526 2723/2997/2527 2722/2998/2528
f 2738/2999/2529 2728/3000/2530 2737/3001/2531
f 2734/3002/2532 2806/3003/2533 2807/3004/2534
f 2675/3005/2535 2667/3006/2536 2666/2989/2519
f 2625/3007/2537 2973/3008/2538 2624/3009/2539
f 2728/3000/2530 2720/3010/2540 2719/3011/2541
f 2736/3012/2542 2726/3013/2543 2735/3014/2544
f 2811/3015/2545 2635/3016/2291 2810/3017/2290
f 2657/2988/2518 2649/3018/2546 2648/3019/2547
f 2748/3020/2548 2758/3021/2418 2749/3022/2549
f 2629/3023/2550 2977/3024/2551 2628/3025/2552
f 2741/3026/2553 2630/3027/2554 2732/3028/2555
f 2805/3029/2556 2752/3030/2505 2743/3031/2557
f 2659/3032/2558 2651/3033/2559 2650/3034/2560
f 2631/3035/2561 2750/3036/2562 2632/3037/2563
f 2632/3037/2563 2759/3038/2420 2633/3039/2564
f 2694/3040/2565 2684/3041/2566 2693/3042/2567
f 2745/3043/2568 2735/3014/2544 2744/3044/2569
f 2737/3001/2531 2747/3045/2570 2738/2999/2529
f 2655/3046/2571 2647/3047/2572 2646/3048/2573
f 2672/3049/2574 2682/3050/2575 2673/2994/2524
f 2660/3051/2576 2668/3052/2577 2669/3053/2578
f 2713/3054/2579 2723/2997/2527 2714/3055/2580
f 2807/3004/2534 2743/3031/2557 2734/3002/2532
f 2743/3031/2557 2753/3056/2507 2744/3044/2569
f 2747/3045/2570 2757/3057/2231 2748/3020/2548
f 2632/3037/2563 2974/3058/2581 2631/3035/2561
f 2750/3036/2562 2740/3059/2582 2749/3022/2549
f 2672/3049/2574 2664/2986/2516 2663/3060/2583
f 2620/3061/2353 2978/3062/2584 2971/3063/2585
f 2656/2985/2515 2648/3019/2547 2647/3047/2572
f 2683/3064/2586 2693/3042/2567 2684/3041/2566
f 2972/3065/2587 2622/3066/2588 2623/3067/2589
f 2621/3068/2590 2979/3069/2591 2978/3062/2584
f 2674/2995/2525 2684/3041/2566 2675/3005/2535
f 2671/3070/2592 2681/3071/2593 2672/3049/2574
f 2673/2994/2524 2683/3064/2586 2674/2995/2525
f 2675/3005/2535 2685/3072/2594 2676/3073/2595
f 2625/3007/2537 2696/2993/2523 2626/3074/2596
f 2710/3075/2597 2702/3076/2598 2701/3077/2599
f 2814/3078/2600 2644/3079/2601 2811/3015/2545
f 2745/3043/2568 2755/3080/2503 2746/3081/2602
f 2686/3082/2603 2696/2993/2523 2687/3083/2604
f 2809/3084/2605 2689/3085/2606 2680/3086/2607
f 2663/3060/2583 2655/3046/2571 2654/3087/2608
f 2687/3083/2604 2677/3088/2609 2686/3082/2603
f 2680/3086/2607 2808/3089/2610 2809/3084/2605
f 2623/3067/2589 2660/3051/2576 2669/3053/2578
f 2662/3090/2611 2654/3087/2608 2653/3091/2612
f 2671/3070/2592 2663/3060/2583 2662/3090/2611
f 2741/3026/2553 2731/2996/2526 2740/3059/2582
f 2812/3092/2613 2698/3093/2614 2689/3085/2606
f 2666/2989/2519 2674/2995/2525 2675/3005/2535
f 2983/3094/2615 2627/3095/2616 2976/3096/2617
f 2676/3073/2595 2686/3082/2603 2677/3088/2609
f 2623/3067/2589 2973/3008/2538 2972/3065/2587
f 2629/3023/2550 2981/3097/2618 2980/3098/2619
f 2626/3074/2596 2705/2992/2522 2627/3095/2616
f 2630/3027/2554 2723/2997/2527 2732/3028/2555
f 2744/3044/2569 2734/3002/2532 2743/3031/2557
f 2707/3099/2620 2699/3100/2621 2698/3093/2614
f 2739/3101/2622 2749/3022/2549 2740/3059/2582
f 2713/3054/2579 2705/2992/2522 2704/3102/2623
f 2712/3103/2624 2722/2998/2528 2713/3054/2579
f 2982/3104/2625 2626/3074/2596 2983/3094/2615
f 2739/3101/2622 2729/3105/2626 2738/2999/2529
f 2624/3009/2539 2687/3083/2604 2625/3007/2537
f 2667/3006/2536 2659/3032/2558 2658/2990/2520
f 2708/3106/2627 2700/3107/2628 2699/3100/2621
f 2736/3012/2542 2746/3081/2602 2737/3001/2531
f 2692/3108/2629 2682/3050/2575 2691/3109/2630
f 2730/3110/2631 2722/2998/2528 2721/3111/2632
f 2637/3112/2633 2645/3113/2634 2646/3048/2573
f 2803/3114/2635 2716/3115/2636 2707/3099/2620
f 2748/3020/2548 2738/2999/2529 2747/3045/2570
f 2707/3099/2620 2717/3116/2637 2708/3106/2627
f 2803/3114/2635 2698/3093/2614 2813/3117/2638
f 2709/3118/2639 2701/3077/2599 2700/3107/2628
f 2711/3119/2640 2721/3111/2632 2712/3103/2624
f 2719/3011/2541 2709/3118/2639 2718/3120/2641
f 2690/3121/2642 2700/3107/2628 2691/3109/2630
f 2691/3109/2630 2681/3071/2593 2690/3121/2642
f 2720/3010/2540 2710/3075/2597 2719/3011/2541
f 2705/2992/2522 2628/3025/2552 2627/3095/2616
f 2721/3111/2632 2729/3105/2626 2730/3110/2631
f 2727/3122/2643 2719/3011/2541 2718/3120/2641
f 2726/3013/2543 2718/3120/2641 2717/3116/2637
f 2689/3085/2606 2699/3100/2621 2690/3121/2642
f 2621/3068/2590 2642/3123/2644 2651/3033/2559
f 2723/2997/2527 2628/3025/2552 2714/3055/2580
f 2646/3048/2573 2638/3124/2645 2637/3112/2633
f 2676/3073/2595 2668/3052/2577 2667/3006/2536
f 2692/3108/2629 2702/3076/2598 2693/3042/2567
f 2669/3053/2578 2624/3009/2539 2623/3067/2589
f 2717/3116/2637 2725/3125/2646 2726/3013/2543
f 2759/3038/2420 2749/3022/2549 2758/3021/2418
f 2640/3126/2647 2648/3019/2547 2649/3018/2546
f 2703/3127/2648 2693/3042/2567 2702/3076/2598
f 2677/3088/2609 2669/3053/2578 2668/3052/2577
f 2735/3014/2544 2725/3125/2646 2734/3002/2532
f 2701/3077/2599 2691/3109/2630 2700/3107/2628
f 2647/3047/2572 2639/3128/2649 2638/3124/2645
f 2711/3119/2640 2703/3127/2648 2702/3076/2598
f 2730/3110/2631 2740/3059/2582 2731/2996/2526
f 2651/3033/2559 2622/3066/2588 2621/3068/2590
f 2690/3121/2642 2680/3086/2607 2689/3085/2606
f 2658/2990/2520 2650/3034/2560 2649/3018/2546
f 2650/3034/2560 2642/3123/2644 2641/3129/2331
f 2631/3035/2561 2981/3097/2618 2630/3027/2554
f 2708/3106/2627 2718/3120/2641 2709/3118/2639
f 2975/3130/2650 2633/3039/2564 2984/3131/2508
f 2685/3072/2594 2695/2991/2521 2686/3082/2603
f 2649/3018/2546 2641/3129/2331 2640/3126/2647
f 2746/3081/2602 2756/3132/2229 2747/3045/2570
f 2806/3003/2533 2716/3115/2636 2804/3133/2651
f 2694/3040/2565 2704/3102/2623 2695/2991/2521
f 2737/3001/2531 2727/3122/2643 2736/3012/2542
f 2653/3091/2612 2815/3134/2652 2662/3090/2611
f 2627/3095/2616 2977/3024/2551 2976/3096/2617
f 2653/3091/2612 2645/3113/2634 2644/3079/2601
f 2808/3089/2610 2662/3090/2611 2815/3134/2652
f 2636/3135/2346 2644/3079/2601 2645/3113/2634
f 2654/3087/2608 2646/3048/2573 2645/3113/2634
f 2712/3103/2624 2704/3102/2623 2703/3127/2648
f 2744/3044/2569 2754/3136/2512 2745/3043/2568
f 2478/2500/2079 3260/3137/2653 3251/2498/2077
f 3153/3138/1 2761/2605/2172 2760/2576/2150
f 3155/3139/1 2763/3140/2654 2762/2473/2052
f 3157/3141/1 2765/2445/2025 2764/2444/2024
f 3159/3142/1 2767/2534/2113 2766/2542/2121
f 3162/3143/1 2768/2458/2038 3161/3144/1
f 3163/3145/1 2771/2579/2153 2770/2545/2124
f 3166/3146/1 2772/2528/2107 3165/3147/1
f 3157/3141/1 2761/2605/2172 3154/3148/1
f 3158/3149/1 2762/2473/2052 2765/2445/2025
f 3153/3138/1 2771/2579/2153 3164/3150/1
f 3160/3151/1 2770/2545/2124 2767/2534/2113
f 3165/3147/1 2769/2456/2036 3162/3143/1
f 3166/3146/1 2766/2542/2121 2773/2628/2190
f 3261/3152/2187 2763/3153/2654 3246/3154/2655
f 3169/3155/1 2776/3156/2656 3168/3157/1
f 3170/3158/1 2774/3159/2657 3167/3160/1
f 3172/3161/1 2779/2654/2215 3171/3162/1
f 3174/3163/1 2781/2732/2285 3173/3164/1
f 3175/3165/1 2782/2666/2227 2783/2665/2226
f 3178/3166/1 2785/2776/2328 3177/3167/1
f 3179/3168/1 2786/2726/2280 2787/2808/2352
f 3172/3161/1 2776/3156/2656 2778/2652/2213
f 3171/3162/1 2777/2680/2239 3170/3158/1
f 3169/3155/1 2785/2776/2328 2775/2774/2326
f 3173/3164/1 2784/2734/2287 3178/3166/1
f 3180/3169/1 2783/2665/2226 2786/2726/2280
f 3179/3168/1 2780/2742/2295 3174/3163/1
f 3182/3170/1 2789/3171/2658 3181/3172/1
f 3184/3173/1 2791/3174/2659 3183/3175/1
f 3186/3176/1 2793/2832/2375 3185/3177/1
f 3188/3178/1 2795/2907/2448 3187/3179/1
f 3189/3180/1 2796/2844/2386 2797/2843/2385
f 3192/3181/1 2799/2947/2483 3191/3182/1
f 3193/3183/1 2800/2901/2442 2801/2983/2513
f 3186/3176/1 2789/3171/2658 2792/2830/2373
f 3185/3177/1 2790/2855/2397 3184/3173/1
f 3182/3170/1 2799/2947/2483 2788/2945/2481
f 3187/3179/1 2798/2909/2450 3192/3181/1
f 3194/3184/1 2797/2843/2385 2800/2901/2442
f 2390/3185/1 3231/3186/1 2852/3187/1
f 3193/3183/1 2794/2914/2455 3188/3178/1
f 3138/3188/2041 3285/3189/2041 3082/3190/2041
f 3196/3191/1 2804/3133/2651 2803/3114/2635
f 3198/3192/1 2802/3193/2660 2805/3029/2556
f 3199/3194/1 2807/3004/2534 2806/3003/2533
f 3201/3195/1 2809/3084/2605 2808/3089/2610
f 3204/3196/1 2810/3017/2290 3203/3197/1
f 3205/3198/1 2813/3117/2638 2812/3092/2613
f 3208/3199/1 2814/3078/2600 3207/3200/1
f 3199/3194/1 2804/3133/2651 3197/3201/1
f 3200/3202/1 2805/3029/2556 2807/3004/2534
f 3196/3191/1 2813/3117/2638 3206/3203/1
f 3202/3204/1 2812/3092/2613 2809/3084/2605
f 3207/3200/1 2811/3015/2545 3204/3196/1
f 2201/3205/2041 3123/3206/2041 3319/3207/2041
f 3208/3199/1 2808/3089/2610 2815/3134/2652
f 2751/3208/1 2817/3209/1 2816/3210/1
f 2733/3211/1 2819/3212/1 2818/3213/1
f 2715/2939/1 2821/3214/1 2820/3215/1
f 2697/3216/1 2823/3217/1 2822/3218/1
f 2670/3219/1 2824/3220/1 2679/3221/1
f 2661/3222/1 2827/3223/1 2826/3224/1
f 2634/3225/1 2828/3226/1 2643/3227/1
f 2715/2939/1 2817/3209/1 2742/3228/1
f 2706/2938/1 2818/3213/1 2821/3214/1
f 2751/3208/1 2827/3223/1 2652/3229/1
f 2688/3230/1 2826/3224/1 2823/3217/1
f 2643/3227/1 2825/3231/1 2670/3219/1
f 2634/3225/1 2822/3218/1 2829/3232/1
f 2875/3233/1 3272/3234/1 2724/3235/1
f 2593/3236/1 2832/3237/1 2602/3238/1
f 2584/3239/1 2830/3240/1 2611/3241/1
f 2566/3242/1 2835/3243/1 2575/3244/1
f 2548/3245/1 2837/3246/1 2557/3247/1
f 2539/3248/1 2838/3249/1 2839/3250/1
f 2512/3251/1 2841/3252/1 2521/3253/1
f 2503/3254/1 2842/3255/1 2843/3256/1
f 2566/3242/1 2832/3237/1 2834/3257/1
f 2575/3244/1 2833/3258/1 2584/3239/1
f 2593/3236/1 2841/3252/1 2831/3259/1
f 2557/3247/1 2840/3260/1 2512/3251/1
f 2494/3261/1 2839/3250/1 2842/3255/1
f 2503/3254/1 2836/3262/1 2548/3245/1
f 2462/3263/1 2845/3264/1 2471/3265/1
f 2444/3266/1 2847/3267/1 2453/3268/1
f 2426/3269/1 2849/3270/1 2435/3271/1
f 2408/3272/1 2851/3273/1 2417/3274/1
f 2399/3275/1 2852/3187/1 2853/3276/1
f 2372/3277/1 2855/3278/1 2381/3279/1
f 2363/3280/1 2856/3281/1 2857/3282/1
f 2426/3269/1 2845/3264/1 2848/3283/1
f 2435/3271/1 2846/3284/1 2444/3266/1
f 2462/3263/1 2855/3278/1 2844/3285/1
f 2417/3274/1 2854/3286/1 2372/3277/1
f 2354/3287/1 2853/3276/1 2856/3281/1
f 2908/3288/1 3236/3289/1 2390/3185/1
f 2363/3280/1 2850/3290/1 2408/3272/1
f 3314/2979/2509 2970/3291/2500 3296/3292/2510
f 2322/3293/1 2860/3294/1 2859/3295/1
f 2304/3296/1 2858/3297/1 2861/3298/1
f 2295/3299/1 2863/3300/1 2862/3301/1
f 2277/3302/1 2865/3303/1 2864/3304/1
f 2250/3305/1 2866/3306/1 2259/3307/1
f 2241/3308/1 2869/3309/1 2868/3310/1
f 2928/3311/1 2870/3312/1 2223/3313/1
f 2295/3299/1 2860/3294/1 2313/3314/1
f 2286/3315/1 2861/3298/1 2863/3300/1
f 2322/3293/1 2869/3309/1 2232/3316/1
f 2268/3317/1 2868/3310/1 2865/3303/1
f 2223/3313/1 2867/3318/1 2250/3305/1
f 3352/3319/2289 2782/3320/2227 3332/3321/2661
f 2928/3311/1 2864/3304/1 2871/3322/1
f 2878/3323/1 2688/3230/1 2697/3216/1
f 2881/3324/1 2679/3221/1 2880/3325/1
f 2882/3326/1 2652/3229/1 2661/3222/1
f 2885/3327/1 2643/3227/1 2884/3328/1
f 2876/2937/1 2742/3228/1 2873/3329/1
f 2877/3330/1 2733/3211/1 2706/2938/1
f 2872/3331/1 2652/3229/1 2883/3332/1
f 2879/3333/1 2661/3222/1 2688/3230/1
f 2884/3328/1 2670/3219/1 2881/3324/1
f 2885/3327/1 2697/3216/1 2634/3225/1
f 3054/3334/2041 3273/2463/2041 3275/3335/2041
f 2887/3336/1 2602/3238/1 2888/3337/1
f 2889/3338/1 2611/3241/1 2886/3339/1
f 2890/3340/1 2575/3244/1 2891/3341/1
f 2892/3342/1 2557/3247/1 2893/3343/1
f 2895/3344/1 2530/3345/1 2539/3248/1
f 2896/3346/1 2521/3253/1 2897/3347/1
f 2899/3348/1 2494/3261/1 2503/3254/1
f 2890/3340/1 2602/3238/1 2566/3242/1
f 2891/3341/1 2584/3239/1 2889/3338/1
f 2887/3336/1 2521/3253/1 2593/3236/1
f 2893/3343/1 2512/3251/1 2896/3346/1
f 2898/3349/1 2539/3248/1 2494/3261/1
f 2899/3348/1 2548/3245/1 2892/3342/1
f 2900/3350/1 2471/3265/1 2901/3351/1
f 2902/3352/1 2453/3268/1 2903/3353/1
f 2904/3354/1 2435/3271/1 2905/3355/1
f 2906/3356/1 2417/3274/1 2907/3357/1
f 2909/3358/1 2390/3185/1 2399/3275/1
f 2910/3359/1 2381/3279/1 2911/3360/1
f 2913/3361/1 2354/3287/1 2363/3280/1
f 2904/3354/1 2471/3265/1 2426/3269/1
f 2905/3355/1 2444/3266/1 2902/3352/1
f 2900/3350/1 2381/3279/1 2462/3263/1
f 2907/3357/1 2372/3277/1 2910/3359/1
f 2912/3362/1 2399/3275/1 2354/3287/1
f 3069/3363/2041 3237/2564/2041 3239/3364/2041
f 2913/3361/1 2408/3272/1 2906/3356/1
f 2453/3268/1 3293/3365/1 3290/3366/1
f 2915/3367/1 2313/3314/1 2322/3293/1
f 2917/3368/1 2331/3369/1 2304/3296/1
f 2918/3370/1 2286/3315/1 2295/3299/1
f 2920/3371/1 2268/3317/1 2277/3302/1
f 2923/3372/1 2259/3307/1 2922/3373/1
f 2924/3374/1 2232/3316/1 2241/3308/1
f 2927/3375/1 2223/3313/1 2926/3376/1
f 2918/3370/1 2313/3314/1 2916/3377/1
f 2919/3378/1 2304/3296/1 2286/3315/1
f 2915/3367/1 2232/3316/1 2925/3379/1
f 2921/3380/1 2241/3308/1 2268/3317/1
f 2926/3376/1 2250/3305/1 2923/3372/1
f 2894/3381/1 3325/3382/1 2530/3345/1
f 2927/3375/1 2277/3302/1 2928/3311/1
f 2874/3383/1 2724/3235/1 2733/3211/1
f 2872/3331/1 2742/3228/1 2751/3208/1
f 2985/3384/2041 2930/3385/2029 2986/3386/2041
f 2987/3387/2041 2932/3388/2169 2988/3389/2041
f 2990/3390/2041 2933/3391/2128 2934/3392/2047
f 2992/3393/2041 2935/3394/2088 2936/3395/2095
f 2993/3396/2041 2938/3397/2129 2994/3398/2041
f 2995/3399/2041 2940/3400/2126 2996/3401/2041
f 2991/3402/2041 2941/2571/2089 2935/3394/2088
f 2990/3390/2041 2937/3403/2130 2993/3396/2041
f 2986/3386/2041 2939/3404/2136 2995/3399/2041
f 2988/3389/2041 2942/3405/2170 2998/2461/2041
f 2996/3401/2041 2933/3391/2128 2989/3406/2041
f 2985/3384/2041 2936/3395/2095 2929/3407/2091
f 2994/3398/2041 2931/3408/2084 2987/3387/2041
f 2999/3409/2041 2944/3410/2217 2943/3411/2270
f 3001/3412/2041 2946/3413/2350 2945/3414/2262
f 3004/3415/2041 2947/3416/2303 3003/3417/2041
f 3006/3418/2041 2949/3419/2265 3005/3420/2041
f 3007/3421/2041 2952/3422/2305 2951/3423/2236
f 3009/3424/2041 2954/3425/2302 2953/3426/2313
f 3005/3420/2041 2955/3427/2662 3011/3428/2041
f 3004/3415/2041 2951/3423/2236 2948/3429/2235
f 3000/3430/2041 2953/3426/2313 2944/3410/2217
f 3002/3431/2041 2956/3432/2351 2946/3413/2350
f 3010/3433/2041 2947/3416/2303 2954/3425/2302
f 3012/3434/2041 3266/3435/2663 2956/3432/2351
f 2999/3409/2041 2950/3436/2272 3006/3418/2041
f 3008/3437/2041 2945/3414/2262 2952/3422/2305
f 2941/3438/2089 3226/2600/2119 2200/2599/2087
f 3014/3439/2041 2959/3440/2377 2958/3441/2432
f 3016/3442/2041 2961/3443/2499 2960/3444/2425
f 3019/3445/2041 2962/3446/2463 3018/3447/2041
f 3021/3448/2041 2964/3449/2427 3020/3450/2041
f 3022/3451/2041 2967/3452/2465 2966/3453/2393
f 3024/3454/2041 2969/3455/2462 2968/3456/2473
f 3020/3450/2041 2957/3457/2664 3013/2562/2140
f 3019/3445/2041 2966/3453/2393 2963/3458/2392
f 3015/3459/2041 2968/3456/2473 2959/3440/2377
f 3017/3460/2041 2970/3461/2500 2961/3443/2499
f 3025/3462/2041 2962/3446/2463 2969/3455/2462
f 3014/3439/2041 2965/3463/2434 3021/3448/2041
f 3023/3464/2041 2960/3444/2425 2967/3452/2465
f 2530/3345/1 3330/3465/1 2838/3249/1
f 3028/3466/2041 2973/3467/2538 3029/3468/2041
f 3030/3469/2041 2975/3470/2650 3031/3471/2041
f 3033/3472/2041 2976/3473/2617 2977/3474/2551
f 3035/3475/2041 2978/3476/2584 2979/3477/2591
f 3036/3478/2041 2981/3479/2618 3037/3480/2041
f 3038/3481/2041 2983/3482/2615 3039/3483/2041
f 3034/3484/2041 2971/3485/2585 2978/3476/2584
f 3033/3472/2041 2980/3486/2619 3036/3478/2041
f 3029/3468/2041 2982/3487/2625 3038/3481/2041
f 3031/3471/2041 2984/3488/2508 3040/3489/2041
f 3039/3483/2041 2976/3473/2617 3032/3490/2041
f 2331/3369/1 3294/3491/1 2858/3297/1
f 3028/3466/2041 2979/3477/2591 2972/3492/2587
f 3037/3480/2041 2974/3493/2581 3030/3469/2041
f 3041/3494/2041 2986/3386/2041 3042/3495/2041
f 3043/3496/2041 2988/3389/2041 3044/3497/2041
f 3046/3498/2041 2989/3406/2041 2990/3390/2041
f 3048/3499/2041 2991/3402/2041 2992/3393/2041
f 3049/3500/2041 2994/3398/2041 3050/3501/2041
f 3051/3502/2041 2996/3401/2041 3052/3503/2041
f 3047/3504/2041 2997/2569/2140 2991/3402/2041
f 3046/3498/2041 2993/3396/2041 3049/3500/2041
f 3042/3495/2041 2995/3399/2041 3051/3502/2041
f 3044/3497/2041 2998/2461/2041 3054/3334/2041
f 3052/3503/2041 2989/3406/2041 3045/3505/2041
f 3041/3494/2041 2992/3393/2041 2985/3384/2041
f 3050/3501/2041 2987/3387/2041 3043/3496/2041
f 3055/3506/2041 3000/3430/2041 2999/3409/2041
f 3057/3507/2041 3002/3431/2041 3001/3412/2041
f 3060/3508/2041 3003/3417/2041 3059/3509/2041
f 3062/3510/2041 3005/3420/2041 3061/3511/2041
f 3063/3512/2041 3008/3437/2041 3007/3421/2041
f 3065/3513/2041 3010/3433/2041 3009/3424/2041
f 3061/3511/2041 3011/3428/2041 3067/3514/2041
f 3060/3508/2041 3007/3421/2041 3004/3415/2041
f 3056/3515/2041 3009/3424/2041 3000/3430/2041
f 3058/3516/2041 3012/3434/2041 3002/3431/2041
f 3066/3517/2041 3003/3417/2041 3010/3433/2041
f 3068/3518/2041 3274/3519/2041 3012/3434/2041
f 3055/3506/2041 3006/3418/2041 3062/3510/2041
f 3064/3520/2041 3001/3412/2041 3008/3437/2041
f 3053/3521/2041 3238/3522/2041 2997/2569/2140
f 3070/3523/2041 3015/3459/2041 3014/3439/2041
f 3072/3524/2041 3017/3460/2041 3016/3442/2041
f 3075/3525/2041 3018/3447/2041 3074/3526/2041
f 3077/3527/2041 3020/3450/2041 3076/3528/2041
f 3078/3529/2041 3023/3464/2041 3022/3451/2041
f 3080/3530/2041 3025/3462/2041 3024/3454/2041
f 3076/3528/2041 3013/2562/2140 3069/3363/2041
f 3075/3525/2041 3022/3451/2041 3019/3445/2041
f 3071/3531/2041 3024/3454/2041 3015/3459/2041
f 3073/3532/2041 3026/3533/2041 3017/3460/2041
f 3081/3534/2041 3018/3447/2041 3025/3462/2041
f 3070/3523/2041 3021/3448/2041 3077/3527/2041
f 3079/3535/2041 3016/3442/2041 3023/3464/2041
f 3083/3536/2041 3324/3537/2041 3027/3538/2041
f 3084/3539/2041 3029/3468/2041 3085/3540/2041
f 3086/3541/2041 3031/3471/2041 3087/3542/2041
f 3089/3543/2041 3032/3490/2041 3033/3472/2041
f 3091/3544/2041 3034/3484/2041 3035/3475/2041
f 3092/3545/2041 3037/3480/2041 3093/3546/2041
f 3094/3547/2041 3039/3483/2041 3095/3548/2041
f 3090/3549/2041 3027/3538/2041 3034/3484/2041
f 3089/3543/2041 3036/3478/2041 3092/3545/2041
f 3085/3540/2041 3038/3481/2041 3094/3547/2041
f 3087/3542/2041 3040/3489/2041 3096/3550/2041
f 3095/3548/2041 3032/3490/2041 3088/3551/2041
f 3026/3533/2041 3296/3552/2510 2970/3461/2500
f 3084/3539/2041 3035/3475/2041 3028/3466/2041
f 3093/3546/2041 3030/3469/2041 3086/3541/2041
f 3097/3553/2041 3042/3495/2041 3098/3554/2041
f 3099/3555/2041 3044/3497/2041 3100/3556/2041
f 3102/3557/2041 3045/3505/2041 3046/3498/2041
f 3104/3558/2041 3047/3504/2041 3048/3499/2041
f 3105/3559/2041 3050/3501/2041 3106/3560/2041
f 3107/3561/2041 3052/3503/2041 3108/3562/2041
f 3103/3563/2041 3053/3521/2041 3047/3504/2041
f 3102/3557/2041 3049/3500/2041 3105/3559/2041
f 3098/3554/2041 3051/3502/2041 3107/3561/2041
f 3100/3556/2041 3054/3334/2041 3110/3564/2041
f 3108/3562/2041 3045/3505/2041 3101/3565/2041
f 3097/3553/2041 3048/3499/2041 3041/3494/2041
f 3106/3560/2041 3043/3496/2041 3099/3555/2041
f 3111/3566/2041 3056/3515/2041 3055/3506/2041
f 3113/3567/2041 3058/3516/2041 3057/3507/2041
f 3116/3568/2041 3059/3509/2041 3115/3569/2041
f 3118/3570/2041 3061/3511/2041 3117/3571/2041
f 3119/3572/2041 3064/3520/2041 3063/3512/2041
f 3121/3573/2041 3066/3517/2041 3065/3513/2041
f 3117/3571/2041 3067/3514/2041 3123/3206/2041
f 3116/3568/2041 3063/3512/2041 3060/3508/2041
f 3112/3574/2041 3065/3513/2041 3056/3515/2041
f 3114/3575/2041 3068/3518/2041 3058/3516/2041
f 3122/3576/2041 3059/3509/2041 3066/3517/2041
f 3124/3577/2041 3276/3578/2041 3068/3518/2041
f 3111/3566/2041 3062/3510/2041 3118/3570/2041
f 3120/3579/2041 3057/3507/2041 3064/3520/2041
f 3109/3580/2041 3240/3581/2041 3053/3521/2041
f 3126/3582/2041 3071/3531/2041 3070/3523/2041
f 3128/3583/2041 3073/3532/2041 3072/3524/2041
f 3131/3584/2041 3074/3526/2041 3130/3585/2041
f 3133/3586/2041 3076/3528/2041 3132/3587/2041
f 3134/3588/2041 3079/3535/2041 3078/3529/2041
f 3136/3589/2041 3081/3534/2041 3080/3530/2041
f 3132/3587/2041 3069/3363/2041 3125/3590/2041
f 3131/3584/2041 3078/3529/2041 3075/3525/2041
f 3127/3591/2041 3080/3530/2041 3071/3531/2041
f 3129/3592/2041 3082/3190/2041 3073/3532/2041
f 3137/3593/2041 3074/3526/2041 3081/3534/2041
f 3126/3582/2041 3077/3527/2041 3133/3586/2041
f 3135/3594/2041 3072/3524/2041 3079/3535/2041
f 3067/3514/2041 3323/3595/2041 3322/3596/2041
f 3140/3597/2041 3085/3540/2041 3141/3598/2041
f 3142/3599/2041 3087/3542/2041 3143/3600/2041
f 3145/3601/2041 3088/3551/2041 3089/3543/2041
f 3147/3602/2041 3090/3549/2041 3091/3544/2041
f 3148/3603/2041 3093/3546/2041 3149/3604/2041
f 3150/3605/2041 3095/3548/2041 3151/3606/2041
f 3146/3607/2041 3083/3536/2041 3090/3549/2041
f 3145/3601/2041 3092/3545/2041 3148/3603/2041
f 3141/3598/2041 3094/3547/2041 3150/3605/2041
f 3143/3600/2041 3096/3550/2041 3152/3608/2041
f 3151/3606/2041 3088/3551/2041 3144/3609/2041
f 3082/3190/2041 3287/3610/2041 3026/3533/2041
f 3140/3597/2041 3091/3544/2041 3084/3539/2041
f 3149/3604/2041 3086/3541/2041 3142/3599/2041
f 2201/3205/2041 3097/3553/2041 3098/3554/2041
f 2201/3205/2041 3099/3555/2041 3100/3556/2041
f 2201/3205/2041 3101/3565/2041 3102/3557/2041
f 2201/3205/2041 3103/3563/2041 3104/3558/2041
f 2201/3205/2041 3105/3559/2041 3106/3560/2041
f 2201/3205/2041 3107/3561/2041 3108/3562/2041
f 2201/3205/2041 3109/3580/2041 3103/3563/2041
f 2201/3205/2041 3102/3557/2041 3105/3559/2041
f 2201/3205/2041 3098/3554/2041 3107/3561/2041
f 2201/3205/2041 3100/3556/2041 3110/3564/2041
f 2201/3205/2041 3108/3562/2041 3101/3565/2041
f 2201/3205/2041 3104/3558/2041 3097/3553/2041
f 2201/3205/2041 3106/3560/2041 3099/3555/2041
f 2201/3205/2041 3112/3574/2041 3111/3566/2041
f 2201/3205/2041 3114/3575/2041 3113/3567/2041
f 2201/3205/2041 3116/3568/2041 3115/3569/2041
f 2201/3205/2041 3118/3570/2041 3117/3571/2041
f 2201/3205/2041 3120/3579/2041 3119/3572/2041
f 2201/3205/2041 3122/3576/2041 3121/3573/2041
f 2201/3205/2041 3117/3571/2041 3123/3206/2041
f 2201/3205/2041 3119/3572/2041 3116/3568/2041
f 2201/3205/2041 3121/3573/2041 3112/3574/2041
f 2201/3205/2041 3124/3577/2041 3114/3575/2041
f 2201/3205/2041 3115/3569/2041 3122/3576/2041
f 3195/3611/1 3315/3612/2665 2802/3613/2660
f 2201/3205/2041 3111/3566/2041 3118/3570/2041
f 2201/3205/2041 3113/3567/2041 3120/3579/2041
f 2201/3205/2041 3127/3591/2041 3126/3582/2041
f 2201/3205/2041 3129/3592/2041 3128/3583/2041
f 2201/3205/2041 3131/3584/2041 3130/3585/2041
f 2201/3205/2041 3133/3586/2041 3132/3587/2041
f 2201/3205/2041 3135/3594/2041 3134/3588/2041
f 2201/3205/2041 3137/3593/2041 3136/3589/2041
f 2201/3205/2041 3132/3587/2041 3125/3590/2041
f 2201/3205/2041 3134/3588/2041 3131/3584/2041
f 2201/3205/2041 3136/3589/2041 3127/3591/2041
f 2201/3205/2041 3138/3188/2041 3129/3592/2041
f 2201/3205/2041 3130/3585/2041 3137/3593/2041
f 2201/3205/2041 3126/3582/2041 3133/3586/2041
f 2201/3205/2041 3128/3583/2041 3135/3594/2041
f 3139/3614/2041 3321/3615/2041 3083/3536/2041
f 2201/3205/2041 3140/3597/2041 3141/3598/2041
f 2201/3205/2041 3142/3599/2041 3143/3600/2041
f 2201/3205/2041 3144/3609/2041 3145/3601/2041
f 2201/3205/2041 3146/3607/2041 3147/3602/2041
f 2201/3205/2041 3148/3603/2041 3149/3604/2041
f 2201/3205/2041 3150/3605/2041 3151/3606/2041
f 2201/3205/2041 3139/3614/2041 3146/3607/2041
f 2201/3205/2041 3145/3601/2041 3148/3603/2041
f 2201/3205/2041 3141/3598/2041 3150/3605/2041
f 2201/3205/2041 3143/3600/2041 3152/3608/2041
f 2201/3205/2041 3151/3606/2041 3144/3609/2041
f 3152/3608/2041 3286/3616/2041 3283/3617/2041
f 2201/3205/2041 3147/3602/2041 3140/3597/2041
f 2201/3205/2041 3149/3604/2041 3142/3599/2041
f 2871/3618/1 3201/3195/1 3208/3199/1
f 3203/3619/1 3331/3620/2661 3318/2719/1
f 2870/3621/1 3204/3196/1 2867/3622/1
f 2865/3623/1 3205/3198/1 3202/3204/1
f 2859/3624/1 3206/3203/1 2869/3625/1
f 2863/3626/1 3198/3192/1 3200/3202/1
f 2862/3627/1 3197/3201/1 2860/3628/1
f 2871/3618/1 3207/3200/1 2870/3621/1
f 2868/3629/1 3206/3203/1 3205/3198/1
f 2867/3622/1 3203/3197/1 2866/3630/1
f 2864/3631/1 3202/3204/1 3201/3195/1
f 2862/3627/1 3200/3202/1 3199/3194/1
f 2861/3632/1 3195/3633/1 3198/3192/1
f 2859/3624/1 3197/3201/1 3196/3191/1
f 2858/3634/1 3282/3635/1 3195/3611/1
f 2857/3636/1 3188/3178/1 2850/3637/1
f 2852/3638/1 3244/3639/1 3190/3640/1
f 2856/3641/1 3189/3180/1 3194/3184/1
f 2851/3642/1 3192/3181/1 2854/3643/1
f 2844/3644/1 3191/3182/1 3182/3170/1
f 2849/3645/1 3184/3173/1 2846/3646/1
f 2848/3647/1 3181/3172/1 3186/3176/1
f 2857/3636/1 3194/3184/1 3193/3183/1
f 2854/3643/1 3191/3182/1 2855/3648/1
f 2853/3649/1 3190/3650/1 3189/3180/1
f 2850/3637/1 3187/3179/1 2851/3642/1
f 2848/3647/1 3185/3177/1 2849/3645/1
f 2846/3646/1 3183/3175/1 2847/3651/1
f 2844/3644/1 3181/3172/1 2845/3652/1
f 2843/3653/1 3174/3163/1 2836/3654/1
f 2842/3655/1 3175/3165/1 3180/3169/1
f 2837/3656/1 3178/3166/1 2840/3657/1
f 2831/3658/1 3177/3167/1 3169/3155/1
f 2835/3659/1 3170/3158/1 2833/3660/1
f 2834/3661/1 3168/3157/1 3172/3161/1
f 2843/3653/1 3180/3169/1 3179/3168/1
f 2840/3657/1 3177/3167/1 2841/3662/1
f 2839/3663/1 3176/3664/1 3175/3165/1
f 2836/3654/1 3173/3164/1 2837/3656/1
f 2834/3661/1 3171/3162/1 2835/3659/1
f 2833/3660/1 3167/3160/1 2830/3665/1
f 2831/3658/1 3168/3157/1 2832/3666/1
f 2819/3667/1 3280/3668/1 3156/3669/1
f 2829/3670/1 3159/3142/1 3166/3146/1
f 2828/3671/1 3162/3143/1 2825/3672/1
f 2823/3673/1 3163/3145/1 3160/3151/1
f 2816/3674/1 3164/3150/1 2827/3675/1
f 2821/3676/1 3155/3139/1 3158/3149/1
f 2820/3677/1 3154/3148/1 2817/3678/1
f 2829/3670/1 3165/3147/1 2828/3671/1
f 2826/3679/1 3164/3150/1 3163/3145/1
f 2825/3672/1 3161/3144/1 2824/3680/1
f 2822/3681/1 3160/3151/1 3159/3142/1
f 2820/3677/1 3158/3149/1 3157/3141/1
f 2818/3682/1 3156/3683/1 3155/3139/1
f 2816/3674/1 3154/3148/1 3153/3138/1
f 2679/3221/1 3232/3684/1 3235/3685/1
f 2201/3205/2041 3125/3590/2041 3241/3686/2041
f 3125/3590/2041 3239/3364/2041 3241/3686/2041
f 3222/2584/2158 2496/2608/2175 3218/2607/2174
f 2880/3325/1 3235/3685/1 3233/3687/1
f 2824/3688/1 3243/3689/1 3232/3690/1
f 3161/3691/1 3229/3692/2666 3243/3689/1
f 3220/3693/2191 2219/3694/2168 2220/3695/2166
f 3210/3696/2667 2768/3697/2038 2215/3698/2037
f 2498/3699/2492 3214/2631/2193 2499/2630/2192
f 2500/3700/2495 3223/3701/2668 2501/3702/2497
f 3190/3640/1 3230/3703/2669 2796/3704/2386
f 3224/3705/2668 2220/3695/2166 2221/2559/2137
f 2957/3706/2664 3225/2540/2119 3215/3707/2141
f 3213/3708/2670 2218/2588/2160 2219/3694/2168
f 3212/2539/2118 2501/3702/2497 3223/3701/2668
f 3217/3709/2174 2215/3698/2037 2216/2594/2164
f 3243/3689/1 3231/3710/1 3232/3690/1
f 3241/3686/2041 3240/3581/2041 3242/3711/2041
f 3237/2564/2041 3240/3581/2041 3239/3364/2041
f 3215/2563/2141 3238/3522/2041 3237/2564/2041
f 3235/3685/1 3234/3712/1 3233/3687/1
f 3232/3684/1 3236/3289/1 3235/3685/1
f 3229/3692/2666 3244/3639/1 3243/3689/1
f 3213/3708/2670 3227/2582/2156 3228/2586/2156
f 3210/3696/2667 3218/2607/2174 3209/3713/2667
f 3223/3701/2668 3211/2558/2118 3212/2539/2118
f 3218/2607/2174 3221/2593/2163 3222/2584/2158
f 3222/2584/2158 3228/2586/2156 3227/2582/2156
f 3224/3705/2668 3219/2629/2191 3220/3693/2191
f 3225/2540/2119 3216/3714/2141 3215/3707/2141
f 3214/2631/2193 3220/3693/2191 3219/2629/2191
f 3226/2600/2119 3212/2539/2118 3211/2558/2118
f 3210/3696/2667 3230/3703/2669 3229/3692/2666
f 2796/3704/2386 3209/3713/2667 2495/2606/2173
f 2611/3241/1 3268/3715/1 3271/3716/1
f 2201/3205/2041 3110/3564/2041 3277/3717/2041
f 3110/3564/2041 3275/3335/2041 3277/3717/2041
f 2724/3235/1 3267/3718/1 2819/3212/1
f 2886/3339/1 3271/3716/1 3269/3719/1
f 2830/3720/1 3279/3721/1 3268/3722/1
f 2774/3723/2657 3262/2625/2187 3245/3724/2671
f 3253/3725/2179 2336/3726/2171 3263/3727/2672
f 3263/3727/2672 2335/3728/2109 3256/3729/2673
f 2338/3730/2044 3259/2615/2181 2339/2617/2061
f 3249/2611/2177 2332/3731/2053 3261/3152/2187
f 3260/3137/2653 2353/3732/2349 3248/3733/2182
f 3167/3734/1 3245/3724/2671 3279/3721/1
f 3256/3729/2673 2334/3735/2194 3257/2609/2176
f 3248/3733/2182 2956/3736/2351 3266/3737/2663
f 3252/3738/2077 2337/3739/2083 3253/3725/2179
f 2474/2622/2185 3255/2627/2189 3258/2620/2183
f 3279/3721/1 3267/3740/1 3268/3722/1
f 3275/3335/2041 3278/3741/2041 3277/3717/2041
f 3273/2463/2041 3276/3578/2041 3275/3335/2041
f 3265/2462/2042 3274/3519/2041 3273/2463/2041
f 3271/3716/1 3270/3742/1 3269/3719/1
f 3268/3715/1 3272/3234/1 3271/3716/1
f 3245/3724/2671 3280/3668/1 3279/3721/1
f 3253/3725/2179 3251/2498/2077 3252/3738/2077
f 3257/2609/2176 3255/2627/2189 3256/3729/2673
f 3249/2611/2177 3258/2620/2183 3257/2609/2176
f 3261/3152/2187 3250/2624/2177 3249/2611/2177
f 3266/3737/2663 3247/2618/2182 3248/3733/2182
f 3246/3154/2655 3262/2625/2187 3261/3152/2187
f 3263/3727/2672 3254/2613/2179 3253/3725/2179
f 3248/3733/2182 3259/2615/2181 3260/3137/2653
f 3260/3137/2653 3252/3738/2077 3251/2498/2077
f 3256/3729/2673 3264/2614/2180 3263/3727/2672
f 3156/3669/1 3246/3154/2655 2763/3153/2654
f 2201/3205/2041 3152/3608/2041 3283/3617/2041
f 3096/3550/2041 3288/3743/2041 3286/3616/2041
f 3040/3489/2041 3295/3744/2510 3288/3743/2041
f 2903/3353/1 3290/3366/1 3291/3745/1
f 2914/3746/1 3289/3747/1 2331/3369/1
f 3183/3748/1 3316/3749/2665 3281/3750/1
f 2614/3751/2514 3305/3752/2674 3304/3753/2511
f 3304/3753/2511 2613/3754/2423 2614/3751/2514
f 2612/3755/2396 3311/3756/2506 3299/3757/2675
f 2616/3758/2501 3308/3759/2230 3297/3760/2504
f 2791/3761/2659 3299/3757/2675 3316/3749/2665
f 2802/3613/2660 3300/3762/2675 2752/2972/2505
f 2754/2982/2512 3306/3763/2676 2755/2970/2503
f 3302/2877/2419 2633/3764/2564 2759/2878/2420
f 3309/2969/2502 2617/3765/2424 2618/2967/2388
f 2615/3766/2445 3297/3760/2504 3305/3752/2674
f 3309/2969/2502 3307/2669/2230 3308/3759/2230
f 3299/3757/2675 3315/3612/2665 3316/3749/2665
f 3311/3756/2506 3300/3762/2675 3299/3757/2675
f 3305/3752/2674 3303/2981/2511 3304/3753/2511
f 3293/3365/1 3289/3747/1 3290/3366/1
f 3295/3744/2510 3287/3610/2041 3288/3743/2041
f 3281/3750/1 3294/3767/1 3293/3768/1
f 3301/2968/2419 3310/2980/2502 3309/2969/2502
f 3296/3292/2510 3313/2976/2509 3314/2979/2509
f 3304/3753/2511 3312/2973/2506 3311/3756/2506
f 3316/3749/2665 3282/3635/1 3281/3750/1
f 3290/3366/1 3292/3769/1 3291/3745/1
f 3288/3743/2041 3285/3189/2041 3286/3616/2041
f 3286/3616/2041 3284/3770/2041 3283/3617/2041
f 3314/2979/2509 3302/2877/2419 3301/2968/2419
f 3297/3760/2504 3306/3763/2676 3305/3752/2674
f 3308/3759/2230 3298/2971/2504 3297/3760/2504
f 2847/3771/1 3281/3750/1 3293/3768/1
f 3123/3206/2041 3322/3596/2041 3319/3207/2041
f 3027/3538/2041 3346/3772/2677 2971/3485/2585
f 3011/3428/2041 3345/3773/2677 3323/3595/2041
f 2259/3307/1 3329/3774/1 3326/3775/1
f 2922/3373/1 3326/3775/1 3327/3776/1
f 2838/3777/1 3317/3778/1 3176/3779/1
f 2637/3780/2633 3333/3781/2337 3339/2801/2347
f 3343/3782/2348 2355/3783/2225 3352/3319/2289
f 3338/2781/2333 2640/3784/2647 2641/2779/2331
f 2639/3785/2649 3341/3786/2316 3348/3787/2678
f 3348/3787/2678 2638/3788/2645 2639/3785/2649
f 3337/3789/2333 2360/2765/2317 3342/2764/2316
f 3344/2802/2348 2635/2738/2291 2636/2800/2346
f 3336/3790/2354 2955/3791/2662 2340/2761/2264
f 2357/2794/2322 3334/2785/2337 2358/2784/2336
f 3335/2810/2354 2971/3792/2585 3346/3793/2677
f 3331/3620/2661 3317/3778/1 3318/2719/1
f 3329/3774/1 3325/3382/1 3326/3775/1
f 3323/3595/2041 3321/3615/2041 3322/3596/2041
f 3326/3775/1 3328/3794/1 3327/3776/1
f 3339/2801/2347 3343/3782/2348 3344/2802/2348
f 3341/3786/2316 3347/2783/2335 3348/3787/2678
f 3332/3321/2661 3351/2736/2289 3352/3319/2289
f 3335/2810/2354 3349/2520/2099 3350/2780/2332
f 3350/2780/2332 3337/3789/2333 3338/2781/2333
f 3322/3596/2041 3320/3795/2140 3319/3207/2041
f 3342/2764/2316 3338/2781/2333 3337/3789/2333
f 3333/3781/2337 3340/2793/2342 3339/2801/2347
f 3345/3773/2677 3324/3537/2041 3323/3595/2041
f 3318/2719/1 3330/3796/1 3329/2720/1
f 3346/3793/2677 3336/3790/2354 3335/2810/2354
f 3352/3319/2289 3344/2802/2348 3343/3782/2348
f 3334/2785/2337 3348/3787/2678 3347/2783/2335
f 3176/3779/1 3332/3321/2661 2782/3320/2227
f 2201/3205/2041 3241/3686/2041 3242/3711/2041
f 3109/3580/2041 2201/3205/2041 3242/3711/2041
f 3124/3577/2041 2201/3205/2041 3278/3741/2041
f 3278/3741/2041 2201/3205/2041 3277/3717/2041
f 2201/3205/2041 3319/3207/2041 3320/3795/2140
f 3139/3614/2041 2201/3205/2041 3320/3795/2140
f 3138/3188/2041 2201/3205/2041 3284/3770/2041
f 141/290/1 1/210/1 417/281/1
f 3284/3770/2041 2201/3205/2041 3283/3617/2041
f 76/1/1 73/16/1 233/2/2
f 79/4/1 257/20/12 269/5/4
f 80/7/1 77/37/1 249/8/5
f 81/10/1 80/7/1 260/9/6
f 71/12/1 70/55/1 220/13/8
f 72/15/1 228/19/11 233/2/2
f 81/10/1 265/11/7 252/17/10
f 72/15/1 71/12/1 225/14/9
f 79/4/1 78/18/1 252/17/10
f 349/21/13 30/3797/133 422/22/14
f 82/6/1 269/5/4 164/24/16
f 68/26/1 65/36/1 201/27/17
f 68/26/1 212/28/18 217/29/19
f 63/31/1 193/52/28 196/32/20
f 69/30/1 217/29/19 172/34/21
f 65/36/1 64/33/1 196/32/20
f 76/1/1 244/3/3 249/8/5
f 110/38/1 56/25/1 382/39/1
f 67/41/1 209/51/27 180/42/22
f 61/44/1 185/50/26 188/45/23
f 66/47/1 57/249/1 169/48/24
f 61/44/1 60/43/1 180/42/22
f 67/41/1 66/47/1 204/49/25
f 63/31/1 62/46/1 188/45/23
f 58/35/1 172/34/21 177/53/29
f 70/55/1 75/243/1 241/56/30
f 59/54/1 177/53/29 414/57/31
f 103/59/1 353/99/57 344/60/32
f 106/62/1 109/100/1 376/63/33
f 107/65/1 369/69/36 356/66/35
f 108/68/1 372/81/44 369/69/36
f 98/70/1 333/207/147 348/71/37
f 100/73/1 101/61/1 344/60/32
f 40/75/39 365/467/277 377/76/40
f 100/73/1 341/74/38 336/78/42
f 108/68/1 105/208/1 361/80/43
f 102/72/1 348/71/37 425/82/45
f 281/84/46 316/216/152 44/85/47
f 96/87/1 325/91/51 312/88/49
f 96/87/1 97/115/1 328/90/50
f 91/92/1 92/98/1 309/93/52
f 292/95/54 297/102/59 47/96/55
f 93/89/1 312/88/49 309/93/52
f 103/59/1 104/67/1 356/66/35
f 109/100/1 84/254/1 277/101/58
f 297/102/59 300/209/148 48/103/60
f 89/104/1 90/114/1 301/105/61
f 94/107/1 317/113/66 280/108/63
f 95/110/1 88/219/1 293/111/64
f 95/110/1 320/112/65 317/113/66
f 91/92/1 304/94/53 301/105/61
f 97/115/1 86/217/1 285/116/67
f 337/117/68 32/195/135 31/118/69
f 416/120/1 83/282/1 273/121/31
f 14/123/71 165/294/162 268/124/72
f 26/126/74 173/173/115 216/127/75
f 18/129/77 181/179/119 208/130/78
f 22/132/80 197/171/113 192/133/81
f 24/135/83 213/138/86 200/136/84
f 25/128/76 216/127/75 213/138/86
f 221/139/87 240/365/96 2/140/88
f 4/142/90 5/160/105 229/143/91
f 245/145/93 232/335/196 6/146/94
f 429/148/14 2/3798/88 240/149/96
f 261/151/97 248/346/205 8/152/98
f 10/154/100 11/165/107 253/155/101
f 421/157/103 272/383/103 29/158/104
f 6/146/94 232/335/196 229/143/91
f 430/161/1 74/236/1 236/162/45
f 12/164/106 256/370/218 253/155/101
f 3/141/89 4/142/90 224/144/92
f 268/124/72 256/370/218 12/164/106
f 10/154/100 264/156/102 261/151/97
f 21/134/82 192/133/81 189/166/108
f 16/168/110 205/174/116 168/169/111
f 23/137/85 200/136/84 197/171/113
f 27/172/114 176/299/167 173/173/115
f 17/131/79 208/130/78 205/174/116
f 29/158/104 272/383/103 411/175/103
f 20/167/109 189/166/108 184/177/117
f 19/178/118 184/177/117 181/179/119
f 377/76/40 276/298/166 42/180/120
f 329/181/121 284/214/150 54/182/122
f 321/184/124 292/95/54 46/97/56
f 305/186/126 308/213/149 50/187/127
f 313/189/129 324/192/132 52/190/130
f 324/192/132 329/181/121 53/183/123
f 30/193/133 349/462/13 332/119/70
f 340/194/134 33/205/145 32/195/135
f 34/196/136 345/434/259 352/197/137
f 8/152/98 248/346/205 245/145/93
f 36/199/139 357/445/266 368/200/140
f 360/202/142 39/206/146 38/203/143
f 340/194/134 345/434/259 34/196/136
f 352/197/137 357/445/266 36/199/139
f 360/202/142 365/467/277 40/75/39
f 99/79/1 336/78/42 333/207/147
f 106/62/1 364/64/34 361/80/43
f 368/200/140 373/204/144 38/203/143
f 300/209/148 305/186/126 49/188/128
f 1/210/1 139/279/1 402/211/1
f 403/212/1 138/252/1 1/210/1
f 308/213/149 313/189/129 51/191/131
f 284/214/150 289/398/230 55/215/151
f 316/216/152 321/184/124 45/185/125
f 86/217/1 87/256/1 288/218/153
f 89/104/1 296/106/62 293/111/64
f 279/220/154 399/499/224 396/221/155
f 1/210/1 110/38/1 384/40/1
f 385/223/1 111/287/1 1/210/1
f 112/224/1 58/35/1 59/54/1
f 115/226/1 114/250/1 60/43/1
f 117/227/1 116/246/1 62/46/1
f 119/228/1 118/247/1 64/33/1
f 121/229/1 120/248/1 66/47/1
f 122/230/1 68/26/1 69/30/1
f 125/232/1 124/242/1 70/55/1
f 126/233/1 72/15/1 73/16/1
f 431/235/157 128/291/1 74/236/1
f 130/237/1 76/1/1 77/37/1
f 133/239/1 132/244/1 78/18/1
f 135/240/1 134/241/1 80/7/1
f 126/233/1 125/232/1 71/12/1
f 130/237/1 127/234/1 73/16/1
f 134/241/1 131/238/1 77/37/1
f 124/242/1 129/286/1 75/243/1
f 135/240/1 81/10/1 78/18/1
f 133/239/1 79/4/1 82/6/1
f 115/226/1 61/44/1 62/46/1
f 136/245/1 82/6/1 56/25/1
f 117/227/1 63/31/1 64/33/1
f 120/248/1 111/287/1 57/249/1
f 122/230/1 119/228/1 65/36/1
f 123/231/1 69/30/1 58/35/1
f 121/229/1 67/41/1 60/43/1
f 113/225/1 59/54/1 409/58/1
f 138/252/1 403/212/1 404/253/1
f 140/255/1 141/290/1 87/256/1
f 143/257/1 89/104/1 88/219/1
f 145/259/1 91/92/1 90/114/1
f 147/261/1 93/89/1 92/98/1
f 149/263/1 95/110/1 94/107/1
f 150/265/1 151/280/1 97/115/1
f 153/266/1 99/79/1 98/70/1
f 154/268/1 155/276/1 101/61/1
f 156/269/1 102/72/1 423/83/1
f 157/271/1 158/277/1 104/67/1
f 160/272/1 106/62/1 105/208/1
f 162/274/1 108/68/1 107/65/1
f 154/268/1 100/73/1 99/79/1
f 157/271/1 103/59/1 101/61/1
f 161/275/1 107/65/1 104/67/1
f 152/267/1 98/70/1 102/72/1
f 162/274/1 159/273/1 105/208/1
f 160/272/1 163/278/1 109/100/1
f 143/257/1 144/260/1 90/114/1
f 163/278/1 138/252/1 84/254/1
f 145/259/1 146/262/1 92/98/1
f 148/264/1 94/107/1 85/109/1
f 150/265/1 96/87/1 93/89/1
f 151/280/1 140/255/1 86/217/1
f 149/263/1 142/258/1 88/219/1
f 417/281/1 137/288/1 83/282/1
f 386/283/158 168/491/111 170/284/159
f 1/210/1 128/291/1 431/235/157
f 1/210/1 113/225/1 410/251/1
f 139/279/1 85/109/1 405/289/1
f 1/210/1 156/269/1 424/270/1
f 387/292/158 388/484/160 167/293/161
f 390/295/163 393/486/280 164/24/16
f 395/297/165 406/3799/283 42/180/120
f 176/299/167 178/301/169 175/300/168
f 178/301/169 179/501/171 174/302/170
f 179/303/171 177/53/29 172/34/21
f 181/179/119 184/177/117 186/305/172
f 183/306/173 186/305/172 187/307/174
f 182/309/175 187/374/174 185/50/26
f 189/166/108 192/133/81 194/310/176
f 191/311/177 194/310/176 195/312/178
f 190/314/179 195/376/178 193/52/28
f 197/171/113 200/136/84 202/315/180
f 199/316/181 202/315/180 203/317/182
f 198/319/183 203/380/182 201/27/17
f 205/174/116 208/130/78 210/320/184
f 207/321/185 210/320/184 211/322/186
f 206/324/187 211/382/186 209/51/27
f 216/127/75 218/326/189 215/325/188
f 218/326/189 219/381/191 214/327/190
f 219/328/191 217/29/19 212/28/18
f 221/139/87 224/144/92 226/330/192
f 223/331/193 226/330/192 227/332/194
f 222/334/195 227/362/194 225/14/9
f 232/335/196 234/337/198 231/336/197
f 234/337/198 235/363/200 230/338/199
f 235/339/200 233/2/2 228/19/11
f 432/150/15 240/149/96 242/341/201
f 433/342/202 242/341/201 243/343/203
f 434/345/204 243/368/203 241/56/30
f 248/346/205 250/348/207 247/347/206
f 250/348/207 251/364/209 246/349/208
f 251/350/209 249/8/5 244/3/3
f 253/155/101 256/370/218 258/352/210
f 255/353/211 258/352/210 259/354/212
f 254/356/213 259/373/212 257/20/12
f 261/151/97 264/156/102 266/357/214
f 263/358/215 266/357/214 267/359/216
f 262/361/217 267/369/216 265/11/7
f 224/144/92 229/143/91 231/336/197
f 226/330/192 231/336/197 230/338/199
f 227/362/194 230/340/199 228/19/11
f 232/335/196 245/145/93 247/347/206
f 234/337/198 247/347/206 246/349/208
f 235/339/200 246/351/208 244/3/3
f 248/346/205 261/151/97 263/358/215
f 250/348/207 263/358/215 262/360/217
f 251/350/209 262/361/217 260/9/6
f 240/365/96 221/139/87 223/331/193
f 242/366/201 223/331/193 222/333/195
f 243/368/203 222/334/195 220/13/8
f 253/155/101 255/353/211 266/357/214
f 255/353/211 254/355/213 267/359/216
f 254/356/213 252/17/10 265/11/7
f 268/124/72 270/371/219 258/352/210
f 270/371/219 271/375/220 259/354/212
f 271/372/220 269/5/4 257/20/12
f 189/166/108 191/311/177 186/305/172
f 191/311/177 190/313/179 187/307/174
f 190/314/179 188/45/23 185/50/26
f 165/294/162 167/293/161 270/371/219
f 167/293/161 166/485/164 271/375/220
f 166/296/164 164/24/16 269/5/4
f 197/171/113 199/316/181 194/310/176
f 199/316/181 198/318/183 195/312/178
f 198/319/183 196/32/20 193/52/28
f 168/169/111 205/174/116 207/321/185
f 170/377/159 207/321/185 206/323/187
f 171/379/221 206/324/187 204/49/25
f 200/136/84 213/138/86 215/325/188
f 202/315/180 215/325/188 214/327/190
f 203/380/182 214/329/190 212/28/18
f 173/173/115 175/300/168 218/326/189
f 175/300/168 174/302/170 219/381/191
f 174/304/170 172/34/21 217/29/19
f 181/179/119 183/306/173 210/320/184
f 183/306/173 182/308/175 211/322/186
f 182/309/175 180/42/22 209/51/27
f 272/383/103 274/385/222 412/384/222
f 274/385/222 275/3800/223 413/386/223
f 275/387/223 273/121/31 414/57/31
f 277/101/58 401/495/225 399/389/224
f 280/108/63 282/471/278 398/391/224
f 278/222/156 396/221/155 395/297/165
f 285/116/67 288/218/153 290/393/226
f 287/395/227 290/502/226 291/396/228
f 286/397/229 291/396/228 289/398/230
f 296/106/62 298/468/232 295/399/231
f 298/400/232 299/403/234 294/401/233
f 299/403/234 297/102/59 292/95/54
f 304/94/53 306/470/236 303/404/235
f 306/405/236 307/408/238 302/406/237
f 307/408/238 305/186/126 300/209/148
f 312/88/49 314/474/240 311/409/239
f 314/410/240 315/413/242 310/411/241
f 315/413/242 313/189/129 308/213/149
f 320/112/65 322/476/244 319/414/243
f 322/415/244 323/418/246 318/416/245
f 323/418/246 321/184/124 316/216/152
f 325/91/51 328/90/50 330/419/247
f 327/421/248 330/475/247 331/422/249
f 326/423/250 331/422/249 329/181/121
f 336/78/42 338/456/252 335/424/251
f 338/425/252 339/428/254 334/426/253
f 339/428/254 337/117/68 332/119/70
f 341/74/38 344/60/32 346/429/255
f 343/431/256 346/457/255 347/432/257
f 342/433/258 347/432/257 345/434/259
f 348/71/37 350/459/260 426/435/204
f 350/436/260 351/439/261 427/437/202
f 351/439/261 349/21/13 428/23/15
f 353/99/57 356/66/35 358/440/262
f 355/442/263 358/458/262 359/443/264
f 354/444/265 359/443/264 357/445/266
f 364/64/34 366/465/268 363/446/267
f 366/447/268 367/450/270 362/448/269
f 367/450/270 365/467/277 360/202/142
f 372/81/44 374/463/272 371/451/271
f 374/452/272 375/455/274 370/453/273
f 375/455/274 373/204/144 368/200/140
f 341/74/38 343/430/256 338/456/252
f 343/431/256 342/433/258 339/428/254
f 342/433/258 340/194/134 337/117/68
f 353/99/57 355/441/263 346/429/255
f 355/442/263 354/444/265 347/432/257
f 354/444/265 352/197/137 345/434/259
f 369/69/36 371/451/271 358/440/262
f 371/454/271 370/453/273 359/443/264
f 370/453/273 368/200/140 357/445/266
f 333/207/147 335/424/251 350/459/260
f 335/427/251 334/426/253 351/460/261
f 334/426/253 332/119/70 349/462/13
f 372/81/44 361/80/43 363/446/267
f 374/452/272 363/449/267 362/448/269
f 375/455/274 362/448/269 360/202/142
f 364/64/34 376/63/33 378/464/275
f 366/447/268 378/469/275 379/466/276
f 367/450/270 379/466/276 377/76/40
f 296/106/62 301/105/61 303/404/235
f 298/400/232 303/407/235 302/406/237
f 299/403/234 302/406/237 300/209/148
f 376/63/33 277/101/58 279/390/154
f 378/469/275 279/220/154 278/222/156
f 379/466/276 278/222/156 276/298/166
f 304/94/53 309/93/52 311/409/239
f 306/405/236 311/412/239 310/411/241
f 307/408/238 310/411/241 308/213/149
f 317/113/66 319/414/243 282/471/278
f 319/417/243 318/416/245 283/472/279
f 318/416/245 316/216/152 281/84/46
f 325/91/51 327/420/248 314/474/240
f 327/421/248 326/423/250 315/413/242
f 326/423/250 324/192/132 313/189/129
f 328/90/50 285/116/67 287/394/227
f 330/475/247 287/395/227 286/397/229
f 331/422/249 286/397/229 284/214/150
f 320/112/65 293/111/64 295/399/231
f 322/415/244 295/402/231 294/401/233
f 323/418/246 294/401/233 292/95/54
f 418/122/31 273/121/31 275/387/223
f 419/478/223 275/3800/223 274/385/222
f 420/479/222 274/385/222 272/383/103
f 14/123/71 381/489/281 387/292/158
f 57/249/1 383/487/1 392/480/280
f 391/481/163 171/379/221 169/48/24
f 389/285/160 170/284/159 171/482/221
f 388/484/160 390/3801/163 166/485/164
f 56/25/1 164/24/16 393/486/280
f 111/287/1 385/223/1 383/487/1
f 380/488/281 386/283/158 387/292/158
f 392/480/280 393/486/280 390/295/163
f 391/483/163 390/3801/163 388/484/160
f 389/285/160 388/484/160 387/292/158
f 382/39/1 383/487/1 385/223/1
f 393/486/280 392/480/280 383/487/1
f 386/283/158 380/488/281 15/490/112
f 282/492/278 283/500/279 397/493/155
f 84/254/1 404/253/1 401/495/225
f 394/496/282 281/3802/46 43/497/48
f 85/109/1 280/108/63 400/392/225
f 400/392/225 401/495/225 404/253/1
f 405/289/1 404/253/1 403/212/1
f 394/496/282 395/297/165 396/221/155
f 407/498/283 406/3799/283 395/297/165
f 398/391/224 399/389/224 401/495/225
f 398/494/224 397/493/155 396/221/155
f 283/500/279 281/3802/46 394/496/282
f 413/388/223 414/57/31 177/53/29
f 412/384/222 413/386/223 179/501/171
f 411/175/103 412/384/222 178/301/169
f 410/251/1 409/58/1 83/282/1
f 408/176/104 411/175/103 176/299/167
f 409/58/1 414/57/31 273/121/31
f 291/396/228 420/479/222 421/157/103
f 290/502/226 419/478/223 420/479/222
f 288/218/153 418/122/31 419/477/223
f 141/290/1 417/281/1 416/120/1
f 289/398/230 421/157/103 415/159/104
f 87/256/1 416/120/1 418/122/31
f 427/437/202 428/23/15 237/503/15
f 426/438/204 427/437/202 239/504/202
f 425/82/45 426/435/204 238/506/204
f 424/270/1 423/83/1 74/236/1
f 423/83/1 425/82/45 236/162/45
f 428/23/15 422/22/14 28/507/14
f 238/506/204 434/345/204 435/163/45
f 239/504/202 433/342/202 434/344/204
f 237/503/15 432/150/15 433/342/202
f 129/286/1 431/235/157 430/161/1
f 75/243/1 430/161/1 435/163/45
f 28/507/14 429/148/14 432/150/15
f 445/508/284 450/784/544 449/509/285
f 454/511/287 452/635/408 451/512/288
f 855/514/290 854/948/693 852/515/291
f 775/517/293 782/884/634 781/518/294
f 464/520/296 465/646/418 485/521/297
f 480/523/299 455/662/407 479/524/300
f 599/526/302 593/684/452 467/527/303
f 486/529/305 476/782/542 471/530/306
f 620/531/307 569/626/399 506/532/308
f 683/534/310 685/933/679 684/535/311
f 488/537/313 462/757/367 460/538/314
f 607/540/315 606/883/633 605/541/316
f 869/543/318 856/516/292 668/544/319
f 821/546/321 822/781/541 708/547/322
f 528/549/324 532/636/409 529/550/325
f 567/552/327 566/727/492 534/553/328
f 487/555/330 484/930/298 469/556/331
f 475/558/333 476/782/542 608/559/334
f 511/561/336 521/653/425 520/562/337
f 707/548/323 709/871/623 730/564/339
f 448/566/341 447/936/681 446/510/286
f 477/567/342 478/525/301 461/568/343
f 645/570/344 623/648/420 624/571/345
f 518/573/347 516/963/705 517/574/348
f 459/576/350 453/513/289 482/577/351
f 584/579/353 458/754/518 459/576/350
f 721/581/355 792/942/687 810/582/356
f 560/584/358 558/723/488 524/585/359
f 475/558/333 602/560/335 600/586/360
f 478/525/301 477/567/342 442/588/362
f 596/589/363 527/691/459 523/590/364
f 468/528/304 467/527/303 463/592/366
f 499/594/368 557/709/475 555/595/369
f 483/578/352 609/689/457 590/580/354
f 497/597/371 506/532/308 507/598/372
f 451/512/288 481/3803/404 482/577/351
f 589/600/374 585/604/378 584/579/353
f 440/601/375 470/3804/332 472/602/376
f 585/604/378 589/600/374 588/605/379
f 542/607/381 541/660/432 538/608/382
f 498/610/384 505/623/396 503/611/385
f 441/613/387 487/555/330 470/557/332
f 583/615/388 616/721/486 615/616/389
f 719/618/391 721/581/355 732/583/357
f 549/620/393 548/725/490 546/621/394
f 505/623/396 498/610/384 496/599/373
f 528/549/324 526/728/493 537/624/397
f 569/626/399 620/531/307 604/627/400
f 612/628/401 613/966/708 607/540/315
f 497/597/371 493/640/412 577/629/402
f 481/631/404 492/676/446 443/632/405
f 454/511/287 456/719/485 455/634/407
f 495/596/370 498/610/384 502/612/386
f 532/636/409 531/695/463 530/637/410
f 472/602/376 470/3804/332 469/638/331
f 779/519/295 777/872/624 774/639/411
f 493/640/412 497/597/371 496/599/373
f 509/642/414 512/654/426 511/561/336
f 457/644/416 458/754/518 584/579/353
f 466/645/417 486/529/305 485/521/297
f 870/647/419 847/791/551 623/648/420
f 659/649/421 700/867/619 875/650/422
f 560/584/358 562/724/489 549/620/393
f 521/653/425 511/561/336 512/654/426
f 510/656/428 513/563/338 517/574/348
f 551/658/430 550/652/424 543/659/431
f 480/523/299 492/676/446 452/661/408
f 614/663/433 613/966/708 592/664/434
f 577/629/402 611/703/469 610/665/435
f 436/667/437 438/763/526 439/668/438
f 742/670/440 743/819/579 824/671/441
f 744/673/443 740/750/514 631/674/444
f 492/676/446 480/523/299 442/588/362
f 649/677/447 650/768/530 638/678/448
f 563/680/450 565/704/470 535/681/398
f 578/630/403 577/629/402 574/666/436
f 466/645/417 467/527/303 593/684/452
f 812/686/454 771/977/715 773/687/455
f 519/575/349 517/574/348 513/563/338
f 505/623/396 570/698/464 572/688/456
f 609/689/457 483/578/352 448/566/341
f 527/691/459 596/589/363 597/692/460
f 541/660/432 543/659/431 540/694/462
f 531/695/463 532/636/409 533/696/329
f 538/608/382 540/694/462 570/698/464
f 506/532/308 497/597/371 578/630/403
f 510/656/428 565/704/470 563/680/450
f 697/700/466 666/788/548 851/701/467
f 611/703/469 588/605/379 589/600/374
f 565/704/470 510/656/428 515/657/429
f 833/705/471 834/984/720 720/706/472
f 494/641/413 553/739/504 554/707/473
f 556/708/474 518/573/347 519/575/349
f 582/617/390 584/579/353 585/604/378
f 828/710/476 826/807/567 830/711/477
f 559/713/479 558/723/488 551/658/430
f 643/715/481 752/774/535 751/716/482
f 532/636/409 528/549/324 535/625/398
f 507/598/372 568/699/465 570/698/464
f 583/615/388 585/604/378 587/606/380
f 586/718/484 587/606/380 512/654/426
f 488/537/313 479/539/300 455/634/407
f 552/714/480 551/658/430 541/660/432
f 599/720/302 615/616/389 616/721/486
f 558/723/488 560/584/358 550/652/424
f 562/724/489 561/738/503 548/725/490
f 567/552/327 515/657/429 514/726/491
f 526/728/493 528/549/324 525/551/326
f 573/690/458 575/736/501 576/683/451
f 565/704/470 567/552/327 533/554/329
f 562/724/489 560/584/358 525/551/326
f 572/688/456 570/698/464 540/694/462
f 449/509/285 575/736/501 573/690/458
f 508/643/415 511/561/336 513/563/338
f 521/653/425 553/739/504 555/595/369
f 568/699/465 569/626/399 539/609/383
f 593/684/452 594/742/507 592/664/434
f 733/730/495 757/983/719 646/572/346
f 784/731/496 788/853/606 785/732/497
f 547/622/395 546/621/394 544/734/499
f 580/735/500 576/683/451 575/736/501
f 561/738/503 562/724/489 529/550/325
f 553/739/504 494/641/413 495/596/370
f 569/626/399 568/699/465 507/598/372
f 503/611/385 572/688/456 571/740/505
f 494/641/413 496/599/373 498/610/384
f 594/742/507 593/684/452 599/526/302
f 545/729/494 544/734/499 571/740/505
f 701/744/508 725/931/677 838/745/509
f 508/643/415 563/680/450 564/747/511
f 616/721/486 583/615/388 586/718/484
f 630/749/513 631/674/444 740/750/514
f 596/589/363 594/742/507 598/743/487
f 509/642/414 564/747/511 617/748/512
f 493/640/412 554/707/473 611/703/469
f 591/685/453 612/628/401 486/529/305
f 658/752/516 659/649/421 850/651/423
f 458/754/518 457/644/416 456/719/485
f 473/603/377 472/602/376 475/558/333
f 630/749/513 650/768/530 649/677/447
f 489/756/520 468/764/304 462/757/367
f 636/758/521 745/843/599 759/759/522
f 619/761/524 618/785/545 600/586/360
f 443/632/405 439/668/438 438/763/526
f 601/762/525 604/627/400 620/531/307
f 468/764/304 489/756/520 615/616/389
f 641/765/527 865/961/703 866/766/528
f 650/768/530 761/955/699 750/769/531
f 804/770/532 728/965/707 715/771/533
f 492/676/446 481/631/404 451/772/288
f 644/773/534 756/907/656 752/774/535
f 501/775/536 500/847/368 499/594/368
f 598/722/487 616/721/486 617/748/512
f 840/777/537 727/855/608 724/778/538
f 819/780/540 820/672/442 822/781/541
f 582/617/390 615/616/389 489/756/520
f 526/728/493 527/691/459 536/693/461
f 564/747/511 536/935/461 597/776/460
f 442/588/362 441/613/387 439/668/438
f 476/782/542 486/529/305 612/628/401
f 491/783/543 618/785/545 581/737/502
f 618/785/545 619/761/524 580/735/500
f 663/786/546 665/838/594 667/787/547
f 845/789/549 846/753/517 848/790/550
f 874/792/552 853/947/692 629/755/519
f 619/761/524 620/531/307 579/533/309
f 522/655/427 512/654/426 587/606/380
f 682/793/553 683/534/310 681/536/312
f 594/742/507 596/589/363 595/591/365
f 557/709/475 519/575/349 520/562/337
f 875/650/422 700/867/619 684/535/311
f 559/713/479 614/663/433 595/591/365
f 844/796/556 731/619/392 706/797/557
f 818/799/559 814/959/701 736/800/560
f 640/767/529 866/766/528 867/802/562
f 874/792/552 649/677/447 633/679/449
f 704/805/565 705/932/678 773/687/455
f 826/807/567 828/710/476 827/808/568
f 669/810/570 665/838/594 664/811/571
f 610/665/435 589/600/374 590/580/354
f 639/803/563 867/802/562 872/813/573
f 806/815/575 805/970/710 799/816/576
f 826/807/567 748/865/617 749/818/578
f 474/587/361 600/586/360 618/785/545
f 640/767/529 643/715/481 642/717/483
f 602/560/335 603/542/317 601/762/525
f 743/819/579 742/670/440 740/750/514
f 864/820/580 685/933/679 686/821/581
f 653/823/583 655/846/602 656/824/516
f 856/516/292 852/515/291 667/787/547
f 837/826/584 813/840/596 815/746/510
f 651/827/585 621/835/591 849/828/586
f 622/830/588 621/835/591 626/831/589
f 647/814/574 648/760/523 644/773/534
f 575/736/501 449/509/285 450/784/544
f 643/715/481 640/767/529 639/803/563
f 574/666/436 610/665/435 609/689/457
f 446/510/286 447/936/681 444/833/406
f 621/835/591 651/827/585 652/836/592
f 476/782/542 475/558/333 472/602/376
f 662/837/593 664/811/571 665/838/594
f 758/839/595 735/960/702 813/840/596
f 746/841/597 748/865/617 747/842/598
f 543/659/431 547/622/395 545/729/494
f 714/844/600 828/710/476 829/712/478
f 655/846/602 653/823/583 500/847/368
f 762/848/603 841/951/695 830/849/477
f 666/788/548 697/700/466 696/851/604
f 786/852/605 785/732/497 788/853/606
f 727/855/608 840/777/537 827/808/568
f 561/738/503 692/940/685 688/857/610
f 858/858/611 676/986/721 677/859/612
f 478/525/301 479/524/300 460/861/314
f 871/862/614 694/914/663 675/863/615
f 825/809/569 747/842/598 748/865/617
f 660/866/618 699/879/629 700/867/619
f 605/541/316 542/607/381 539/609/383
f 832/868/620 834/984/720 833/705/471
f 807/870/622 730/564/339 709/871/623
f 777/872/624 779/519/295 778/873/625
f 739/751/515 761/955/699 650/768/530
f 518/573/347 556/708/474 689/875/627
f 637/876/628 634/981/717 633/877/449
f 680/794/554 681/536/312 699/879/629
f 625/832/590 626/831/589 738/881/631
f 467/527/303 466/645/417 465/646/418
f 614/663/433 559/713/479 552/714/480
f 579/533/309 578/630/403 576/683/451
f 847/791/551 848/790/550 622/830/588
f 682/793/553 546/621/394 548/725/490
f 782/884/634 801/904/653 803/885/635
f 716/886/636 714/844/600 718/845/601
f 514/726/491 516/963/705 664/811/571
f 782/884/634 775/517/293 710/888/638
f 696/851/604 697/700/466 677/890/612
f 715/771/533 713/856/609 714/844/600
f 566/727/492 695/913/662 679/892/641
f 693/893/642 694/914/663 686/821/581
f 763/895/644 764/937/682 737/801/561
f 766/806/566 765/923/671 703/896/645
f 691/545/320 668/544/319 669/810/570
f 702/898/647 701/744/508 815/746/510
f 722/900/649 721/581/355 719/618/391
f 554/707/473 522/655/427 588/605/379
f 793/901/650 722/900/649 723/902/651
f 716/886/636 784/731/496 783/733/498
f 801/904/653 782/884/634 711/889/639
f 558/723/488 559/713/479 523/590/364
f 727/855/608 728/965/707 723/902/651
f 759/759/522 760/926/674 755/906/655
f 858/858/611 860/982/718 859/908/657
f 698/880/630 571/740/505 544/734/499
f 657/909/658 658/752/516 846/753/517
f 770/910/659 771/977/715 772/911/660
f 695/913/662 696/851/604 678/891/640
f 859/908/657 635/915/664 647/814/574
f 868/822/582 686/821/581 694/914/663
f 635/915/664 636/758/521 648/760/523
f 446/510/286 438/834/526 436/916/437
f 779/519/295 781/518/294 780/917/665
f 797/918/666 796/971/711 795/919/667
f 608/559/334 607/540/315 603/542/317
f 624/571/345 625/832/590 734/882/632
f 693/893/642 692/940/685 671/921/669
f 765/923/671 801/904/653 726/905/654
f 839/924/672 840/777/537 835/779/539
f 836/925/673 755/906/655 760/926/674
f 754/927/675 752/774/535 756/907/656
f 848/790/550 849/828/586 621/835/591
f 458/754/518 454/511/287 453/513/289
f 717/928/637 718/968/601 729/565/340
f 754/927/675 832/868/620 831/869/621
f 477/567/342 464/569/296 484/930/298
f 710/888/638 709/871/623 707/548/323
f 725/931/677 701/744/508 703/896/645
f 863/795/555 865/961/703 876/829/587
f 729/565/340 842/952/696 821/546/321
f 731/619/392 732/583/357 705/932/678
f 770/910/659 768/958/700 765/923/671
f 685/933/679 864/820/580 863/795/555
f 810/582/356 773/687/455 705/932/678
f 566/727/492 514/726/491 662/837/593
f 674/934/680 676/986/721 675/863/615
f 869/543/318 845/789/549 847/791/551
f 536/935/461 564/747/511 563/680/450
f 833/705/471 719/618/391 731/619/392
f 482/577/351 481/3803/404 444/833/406
f 742/670/440 741/954/698 739/751/515
f 783/733/498 785/732/497 806/815/575
f 652/836/592 763/895/644 738/881/631
f 546/621/394 682/793/553 680/794/554
f 751/716/482 753/929/676 764/937/682
f 691/545/320 657/909/658 845/789/549
f 658/752/516 657/909/658 654/825/583
f 804/770/532 806/815/575 798/817/577
f 487/555/330 441/613/387 442/588/362
f 730/564/339 807/870/622 791/938/683
f 724/778/538 723/902/651 722/900/649
f 794/920/668 792/942/687 793/901/650
f 823/939/684 822/781/541 820/672/442
f 700/867/619 699/879/629 681/536/312
f 745/843/599 747/842/598 760/926/674
f 692/940/685 561/738/503 530/637/410
f 665/838/594 669/810/570 668/544/319
f 823/939/684 838/745/509 725/931/677
f 792/942/687 721/581/355 722/900/649
f 709/871/623 710/888/638 775/517/293
f 808/943/688 790/3805/714 789/944/689
f 628/946/691 629/755/519 853/947/692
f 855/514/290 870/647/419 645/570/344
f 491/783/543 490/964/706 473/603/377
f 456/719/485 457/644/416 489/756/520
f 829/950/478 830/849/477 841/951/695
f 818/799/559 737/801/561 764/937/682
f 851/701/467 852/515/291 854/948/693
f 741/954/698 762/848/603 761/955/699
f 641/765/527 642/717/483 652/836/592
f 857/864/616 859/908/657 872/813/573
f 788/853/606 784/731/496 791/956/683
f 768/958/700 803/885/635 801/904/653
f 814/959/701 813/840/596 735/960/702
f 864/820/580 866/766/528 865/961/703
f 661/962/704 698/880/630 699/879/629
f 809/945/690 789/944/689 791/938/683
f 670/812/572 664/811/571 516/963/705
f 683/534/310 682/793/553 688/857/610
f 769/912/661 767/969/709 768/958/700
f 846/753/517 850/651/423 849/828/586
f 747/842/598 825/809/569 839/924/672
f 753/929/676 751/716/482 752/774/535
f 690/897/646 669/810/570 670/812/572
f 490/964/706 437/3806/439 440/601/375
f 728/965/707 804/770/532 800/903/652
f 784/731/496 716/886/636 717/887/637
f 663/786/546 696/851/604 695/913/662
f 613/966/708 614/663/433 606/883/633
f 697/700/466 873/702/468 862/967/613
f 777/872/624 809/945/690 807/870/622
f 861/804/564 862/967/613 873/702/468
f 527/691/459 526/728/493 524/585/359
f 705/932/678 704/805/565 702/898/647
f 437/669/439 439/668/438 441/613/387
f 708/547/322 712/941/686 711/889/639
f 550/652/424 549/620/393 547/622/395
f 701/744/508 702/898/647 704/805/565
f 842/952/696 729/565/340 718/968/601
f 654/825/583 690/897/646 689/875/627
f 825/809/569 827/808/568 840/777/537
f 820/672/442 819/780/540 741/954/698
f 767/969/709 802/978/716 803/885/635
f 838/745/509 823/939/684 824/671/441
f 805/970/710 806/815/575 785/732/497
f 796/971/711 797/918/666 798/817/577
f 673/972/712 674/934/680 672/922/670
f 852/515/291 851/701/467 666/788/548
f 631/674/444 630/749/513 629/755/519
f 828/710/476 714/844/600 713/856/609
f 776/874/626 808/943/688 809/945/690
f 734/882/632 738/881/631 737/801/561
f 763/895/644 652/836/592 642/717/483
f 713/856/609 715/771/533 728/965/707
f 794/920/668 795/919/667 811/973/713
f 673/972/712 531/695/463 534/697/328
f 871/862/614 872/813/573 867/802/562
f 632/675/445 631/674/444 628/946/691
f 746/841/597 637/876/628 638/878/448
f 515/657/429 517/574/348 516/963/705
f 792/942/687 794/920/668 812/686/454
f 787/854/607 788/853/606 789/957/689
f 771/977/715 812/686/454 811/973/713
f 781/518/294 803/885/635 802/978/716
f 674/934/680 673/972/712 679/974/641
f 648/760/523 759/759/522 756/907/656
f 861/980/564 633/877/449 634/981/717
f 692/940/685 693/893/642 687/894/643
f 698/880/630 661/962/704 504/741/506
f 757/983/719 733/730/495 735/960/702
f 766/806/566 773/687/455 771/977/715
f 706/797/557 702/898/647 816/899/648
f 854/948/693 855/514/290 627/949/694
f 831/869/621 833/705/471 844/796/556
f 504/741/506 501/775/536 502/612/386
f 860/982/718 858/858/611 862/860/613
f 632/675/445 646/572/346 757/983/719
f 813/840/596 814/959/701 816/899/648
f 876/829/587 849/828/586 850/651/423
f 819/780/540 841/951/695 762/848/603
f 761/955/699 762/848/603 749/850/578
f 726/905/654 711/889/639 712/941/686
f 814/959/701 818/799/559 817/798/558
f 843/953/697 844/796/556 817/798/558
f 797/918/666 793/901/650 800/903/652
f 868/822/582 867/802/562 866/766/528
f 485/521/297 471/530/306 469/638/331
f 743/819/579 758/839/595 837/826/584
f 758/839/595 743/819/579 744/673/443
f 606/883/633 552/714/480 542/607/381
f 870/647/419 855/514/290 856/516/292
f 646/572/346 632/675/445 627/949/694
f 553/739/504 521/653/425 522/655/427
f 500/847/368 556/708/474 557/709/475
f 836/925/673 835/779/539 834/984/720
f 483/578/352 482/577/351 447/936/681
f 660/866/618 656/824/516 655/846/602
f 661/962/704 655/846/602 501/775/536
f 463/592/366 465/646/418 464/520/296
f 603/542/317 605/541/316 604/627/400
f 733/730/495 734/882/632 736/800/560
f 625/832/590 624/571/345 623/648/420
f 659/649/421 658/752/516 656/824/516
f 637/876/628 746/841/597 745/843/599
f 531/695/463 673/972/712 671/921/669
f 724/778/538 720/706/472 834/984/720
f 843/953/697 764/937/682 753/929/676
f 490/964/706 491/783/543 450/784/544
f 653/823/583 689/875/627 556/708/474
f 436/916/437 437/3806/439 490/964/706
f 676/986/721 674/934/680 678/979/640
f 750/975/531 749/818/578 748/865/617
f 857/864/616 675/863/615 676/986/721
f 460/987/314 462/593/367 463/592/366
f 685/933/679 683/534/310 687/894/643
f 832/868/620 754/927/675 755/906/655
f 636/758/521 635/915/664 634/981/717
f 690/897/646 654/825/583 657/909/658
f 865/961/703 641/765/527 651/827/585
f 821/546/321 842/952/696 841/951/695
f 694/914/663 693/893/642 672/922/670
f 873/702/468 851/701/467 853/947/692
f 613/966/708 612/628/401 591/685/453
f 860/982/718 634/981/717 635/915/664
f 822/781/541 823/939/684 712/941/686
f 886/988/722 887/1049/781 890/989/723
f 892/991/725 893/3807/873 895/992/726
f 1296/994/728 1297/1303/1018 1293/995/729
f 1222/997/731 1223/1359/1068 1216/998/732
f 905/1000/734 925/1463/770 926/1001/735
f 920/1003/737 896/1146/849 921/1004/738
f 1040/1006/740 909/1075/806 908/1007/741
f 927/1009/743 926/1001/735 912/1010/744
f 947/1012/746 1010/1112/841 1061/1013/747
f 1125/1015/749 1126/1299/1015 1124/1016/750
f 901/1018/752 903/1239/807 929/1019/753
f 1046/1021/754 1047/1357/1066 1048/1022/755
f 1109/1024/757 1297/1303/1018 1310/1025/758
f 1262/1027/321 1148/1046/778 1149/1028/760
f 970/1030/762 973/1124/853 969/1031/763
f 975/1033/765 1007/1211/932 1008/1034/766
f 928/1036/768 911/1099/820 910/1037/769
f 1049/1039/771 917/1011/745 916/1040/772
f 961/1042/774 962/1140/868 952/1043/775
f 1171/1045/777 1150/1347/623 1148/1046/778
f 889/1048/780 890/989/723 887/1049/781
f 918/1051/783 905/3808/734 902/1052/784
f 1065/1053/785 1064/1134/862 1086/1054/786
f 959/1056/788 960/1172/898 958/1057/789
f 900/1059/791 924/1080/811 923/1060/792
f 900/1059/791 899/1132/860 1025/1061/793
f 1162/1063/355 1173/1103/833 1251/1064/795
f 965/1066/797 999/1207/928 1001/1067/798
f 1041/1068/799 1043/1041/773 916/1040/772
f 919/1005/739 921/1004/738 883/1070/801
f 964/1071/802 968/1177/903 1037/1072/803
f 904/1074/805 908/1007/741 909/1075/806
f 940/1077/808 936/1122/851 996/1078/809
f 924/1080/811 900/1059/791 1031/1062/794
f 948/1082/813 947/1012/746 938/1083/814
f 923/1060/792 922/1417/847 892/991/725
f 1030/1085/816 1031/1062/794 1025/1061/793
f 881/1087/818 914/1237/958 913/1088/819
f 1029/1090/821 1030/1085/816 1026/1086/817
f 979/1092/823 982/1144/872 983/1093/824
f 944/1095/826 946/1109/838 939/1096/827
f 882/1098/829 881/3809/818 911/1099/820
f 1024/1100/830 1023/1194/917 1056/1101/831
f 1173/1103/833 1162/1063/355 1160/1104/391
f 987/1106/835 989/1208/929 990/1107/836
f 946/1109/838 948/1082/813 937/1084/815
f 969/1031/763 976/1203/891 978/1110/839
f 1010/1112/841 980/1094/825 1045/1113/842
f 1048/1022/755 1054/1442/1140 1053/1114/843
f 938/1083/814 1019/1168/894 1018/1115/844
f 884/1117/846 933/1160/887 922/1118/847
f 895/992/726 893/3807/873 896/1120/849
f 943/1097/828 939/1096/827 936/1122/851
f 971/1123/852 972/1181/906 973/1124/853
f 910/1125/769 911/1089/820 913/1088/819
f 1220/999/733 1216/998/732 1215/1126/854
f 937/1084/815 938/1083/814 934/1116/845
f 950/1129/857 949/1213/934 952/1043/775
f 898/1131/859 1023/1194/917 1025/1061/793
f 926/1001/735 927/1009/743 907/1133/861
f 1064/1134/862 1288/1358/1067 1311/1135/863
f 1100/1136/864 1291/1234/955 1316/1137/865
f 990/1107/836 1003/1209/930 1001/1067/798
f 962/1140/868 963/1273/989 953/1130/858
f 951/1141/869 956/1187/911 958/1057/789
f 984/1142/870 991/1139/867 992/1143/871
f 893/1145/873 933/1160/887 921/1004/738
f 1033/1147/874 1054/1442/1140 1055/1148/875
f 1018/1115/844 1015/1167/893 1051/1149/876
f 880/1151/878 879/1246/966 877/1152/879
f 1265/1154/881 1184/1296/1012 1183/1155/882
f 1072/1157/884 1181/1233/954 1185/1158/885
f 933/1160/887 884/1117/846 883/1070/801
f 1090/1161/888 1074/1283/999 1079/1162/889
f 976/1164/891 1006/1183/907 1004/1165/892
f 1015/1167/893 1018/1115/844 1019/1168/894
f 907/1133/861 1032/1214/935 1034/1008/742
f 1214/1170/896 1212/1390/1098 1253/1171/897
f 960/1172/898 961/1042/774 954/1044/776
f 946/1109/838 944/1095/826 1013/1173/899
f 889/1048/780 924/1080/811 1050/1081/812
f 1038/1176/902 1037/1072/803 968/1177/903
f 981/1179/905 984/1142/870 982/1144/872
f 974/1180/767 973/1124/853 972/1181/906
f 979/1092/823 1009/1204/926 1011/1174/900
f 947/1012/746 1020/1014/748 1019/1168/894
f 951/1141/869 949/1213/934 1004/1165/892
f 1138/1184/908 1314/1444/1142 1292/1185/909
f 1030/1085/816 1029/1090/821 1052/1150/877
f 956/1187/911 951/1141/869 1006/1183/907
f 1274/1188/471 1160/1104/391 1161/1189/912
f 935/1128/856 934/1116/845 995/1191/914
f 960/1172/898 959/1056/788 997/1193/916
f 1023/1194/917 1024/1100/830 1026/1086/817
f 1269/1195/918 1270/1321/1035 1271/1196/919
f 992/1143/871 999/1207/928 1000/1198/921
f 1084/1200/923 1083/1295/1011 1192/1201/924
f 976/1203/891 969/1031/763 973/1124/853
f 948/1082/813 946/1109/838 1011/1174/900
f 1024/1100/830 1027/1205/927 1028/1091/822
f 1027/1205/927 950/1129/857 953/1130/858
f 896/1120/849 920/1020/737 929/1019/753
f 993/1199/922 983/1093/824 982/1144/872
f 1040/1206/740 1039/1259/947 1057/1102/832
f 991/1139/867 1001/1067/798 999/1207/928
f 989/1208/929 1002/1223/944 1003/1209/930
f 955/1210/931 956/1187/911 1008/1034/766
f 966/1032/764 969/1031/763 967/1111/840
f 1017/1169/895 1016/1212/933 1014/1175/901
f 974/1035/767 1008/1034/766 1006/1183/907
f 966/1032/764 1001/1067/798 1003/1209/930
f 1013/1173/899 986/1221/942 981/1179/905
f 890/989/723 889/1048/780 1014/1175/901
f 949/1213/934 951/1141/869 954/1044/776
f 996/1078/809 994/1192/915 962/1140/868
f 1009/1204/926 979/1092/823 980/1094/825
f 1033/1147/874 1035/1225/946 1034/1008/742
f 1174/1215/936 1065/1053/785 1087/1055/787
f 1226/1217/938 1229/1331/1044 1225/1218/939
f 985/1220/941 987/1106/835 988/1108/837
f 1021/1222/943 1022/1265/981 1016/1212/933
f 970/1030/762 1003/1209/930 1002/1223/944
f 936/1122/851 935/1128/856 994/1192/915
f 948/1082/813 1009/1204/926 1010/1112/841
f 944/1095/826 945/1459/1153 1012/1224/945
f 939/1096/827 937/1084/815 935/1128/856
f 1040/1006/740 1034/1008/742 1035/1225/946
f 1012/1224/945 985/1220/941 986/1221/942
f 1142/1227/948 1256/1305/1020 1279/1228/949
f 949/1213/934 950/1129/857 1005/1230/951
f 1027/1205/927 1024/1100/830 1057/1102/832
f 1071/1232/953 1180/1350/1061 1181/1233/954
f 1037/1072/803 1038/1176/902 1039/1226/947
f 950/1129/857 1027/1205/927 1058/1231/952
f 934/1116/845 1018/1115/844 1052/1150/877
f 1032/1214/935 907/1133/861 927/1009/743
f 1291/1234/955 1100/1136/864 1099/1235/956
f 897/1121/850 898/1131/859 899/1132/860
f 916/1040/772 913/1088/819 914/1237/958
f 1090/1161/888 1091/1163/890 1071/1232/953
f 903/1239/807 909/1248/806 930/1240/960
f 1077/1241/961 1089/1314/1029 1200/1242/962
f 1060/1244/964 1042/1247/967 1041/1068/799
f 879/1246/966 880/1151/878 884/1117/846
f 1061/1013/747 1045/1113/842 1042/1247/967
f 909/1248/806 1040/1206/740 1056/1101/831
f 1307/1249/968 1306/1436/1136 1082/1250/969
f 1091/1163/890 1079/1162/889 1191/1252/971
f 1156/1254/973 1169/1381/1089 1245/1255/974
f 892/1256/725 922/1118/847 933/1160/887
f 1193/1202/925 1197/1407/1112 1085/1257/975
f 940/1077/808 941/1324/1038 942/1258/976
f 1039/1259/947 1038/1264/902 1058/1231/952
f 1165/1260/977 1168/1332/1045 1281/1261/978
f 1260/1263/980 1262/1027/321 1263/1029/761
f 1023/1194/917 898/1131/859 930/1240/960
f 977/1178/904 968/1177/903 967/1111/840
f 1038/1264/902 977/1416/904 1005/1230/951
f 883/1070/801 884/1117/846 880/1151/878
f 917/1011/745 1049/1039/771 1053/1114/843
f 1022/1265/981 1059/1245/965 932/1266/982
f 1021/1222/943 1060/1244/964 1059/1245/965
f 1104/1267/983 1107/1186/910 1108/1268/984
f 1286/1270/986 1288/1358/1067 1289/1271/987
f 1070/1238/959 1294/1427/1129 1315/1272/988
f 1020/1014/748 1061/1013/747 1060/1244/964
f 963/1273/989 1029/1090/821 1028/1091/822
f 1122/1017/751 1124/1016/750 1123/1274/990
f 1036/1073/804 1037/1072/803 1035/1225/946
f 961/1042/774 960/1172/898 998/1079/810
f 1316/1137/865 1304/1413/1117 1125/1015/749
f 1036/1073/804 1055/1148/875 1000/1198/921
f 1147/1276/992 1172/1105/834 1285/1277/993
f 1259/1279/995 1178/1370/1078 1177/1280/996
f 1081/1251/970 1080/1289/1005 1308/1282/998
f 1315/1272/988 1302/1445/1143 1074/1283/999
f 1145/1284/1000 1207/1373/1081 1214/1170/896
f 1267/1197/920 1266/1343/1055 1268/1286/1002
f 1110/1287/1003 1111/1352/1063 1105/1288/1004
f 1031/1062/794 1030/1085/816 1051/1149/876
f 1080/1289/1005 1088/1313/1028 1313/1290/1006
f 1247/1291/1007 1239/1419/1121 1240/1292/1008
f 1190/1294/1010 1189/1342/1054 1267/1197/920
f 915/1069/800 932/1266/982 1059/1245/965
f 1081/1251/970 1082/1250/969 1083/1295/1011
f 1042/1247/967 1044/1023/756 1043/1041/773
f 1181/1233/954 1183/1155/882 1184/1296/1012
f 1305/1297/1013 1309/1393/1101 1127/1298/1014
f 1097/1300/1016 1096/1325/1039 1094/1301/1017
f 1108/1268/984 1293/995/729 1297/1303/1018
f 1278/1304/1019 1279/1228/949 1256/1305/1020
f 1092/1307/1022 1317/1412/1116 1290/1308/1023
f 1067/1310/1025 1062/1309/1024 1063/1311/1026
f 1088/1313/1028 1080/1289/1005 1085/1257/975
f 891/990/724 890/989/723 1016/1212/933
f 1084/1200/923 1085/1257/975 1080/1289/1005
f 1015/1167/893 1014/1175/901 1050/1081/812
f 887/1049/781 879/3810/966 885/1315/848
f 1062/1309/1024 1067/1310/1025 1093/1316/1030
f 913/1088/819 916/1040/772 917/1011/745
f 1103/1317/1031 1104/1267/983 1106/1269/985
f 1254/1306/1021 1176/1435/1135 1199/1318/1032
f 1188/1319/1033 1189/1342/1054 1187/1320/1034
f 986/1221/942 988/1108/837 984/1142/870
f 1270/1321/1035 1269/1195/918 1155/1322/1036
f 941/1324/1038 1094/1301/1017 1096/1325/1039
f 1203/1326/1040 1190/1462/1010 1271/1327/919
f 1107/1186/910 1104/1267/983 1137/1329/1042
f 1227/1330/1043 1228/1455/1151 1229/1331/1044
f 1168/1332/1045 1154/1450/1148 1268/1286/1002
f 1002/1223/944 989/1208/929 1129/1333/1046
f 1299/1335/1048 1303/1461/1141 1118/1336/1049
f 901/1338/752 920/1003/737 919/1005/739
f 1312/1339/1051 1298/1432/1133 1116/1340/1052
f 1189/1342/1054 1188/1319/1033 1266/1343/1055
f 1101/1344/1056 1100/1136/864 1141/1138/866
f 980/1094/825 983/1093/824 1046/1021/754
f 1273/1346/1058 1272/1410/1114 1274/1188/471
f 1150/1347/623 1171/1045/777 1248/1348/1059
f 1218/1127/855 1217/1451/1149 1219/1349/1060
f 1091/1163/890 1202/1253/972 1180/1350/1061
f 1130/1351/1062 997/1193/916 959/1056/788
f 1074/1353/999 1075/1458/1152 1078/1354/1064
f 1121/1275/991 1139/1386/1094 1140/1345/1057
f 1066/1312/1027 1175/1399/1104 1179/1356/1065
f 906/1002/736 907/1133/861 908/1007/741
f 993/1199/922 1000/1198/921 1055/1148/875
f 1020/1014/748 1021/1222/943 1017/1169/895
f 1063/1311/1026 1289/1271/987 1288/1358/1067
f 1123/1274/990 1129/1333/1046 989/1208/929
f 1223/1359/1068 1222/997/731 1244/1360/1069
f 1157/1362/1071 1158/1441/1113 1159/1323/1037
f 955/1210/931 1103/1317/1031 1105/1288/1004
f 1223/1359/1068 1152/1380/1088 1151/1363/1072
f 1118/1364/1049 1138/1184/908 1137/1329/1042
f 1155/1322/1036 1154/1450/1148 1156/1254/973
f 1120/1366/1074 1136/1391/1099 1007/1211/932
f 1127/1298/1014 1135/1341/1053 1134/1367/1075
f 1204/1369/1077 1179/1356/1065 1178/1370/1078
f 1144/1372/1080 1206/1402/1107 1207/1373/1081
f 1110/1287/1003 1109/1024/757 1132/1026/759
f 1143/1375/1083 1257/1460/1154 1256/1305/1020
f 1160/1104/391 1162/1063/355 1163/1376/1084
f 995/1191/914 1052/1150/877 1029/1090/821
f 1164/1377/1085 1163/1376/1084 1234/1378/1086
f 1224/1219/940 1225/1218/939 1157/1362/1071
f 1242/1361/1070 1167/1403/1108 1152/1380/1088
f 964/1071/802 1000/1198/921 999/1207/928
f 1168/1332/1045 1165/1260/977 1164/1377/1085
f 1200/1242/962 1197/1407/1112 1196/1382/1090
f 1299/1335/1048 1298/1432/1133 1300/1384/1092
f 1139/1386/1094 1121/1275/991 985/1220/941
f 1287/1236/957 1099/1235/956 1098/1387/1095
f 1211/1388/1096 1210/1439/1139 1213/1389/1097
f 1119/1365/1073 1137/1329/1042 1136/1391/1099
f 1300/1384/1092 1313/1290/1006 1088/1313/1028
f 1135/1341/1053 1127/1298/1014 1309/1393/1101
f 1076/1392/1100 1088/1313/1028 1089/1314/1029
f 877/1394/879 879/3810/966 887/1049/781
f 1221/1395/1102 1222/997/731 1220/999/733
f 1236/1396/667 1237/1448/1146 1238/1397/1103
f 1044/1023/756 1048/1022/755 1049/1039/771
f 1175/1399/1104 1066/1312/1027 1065/1053/785
f 1112/1400/1105 1133/1334/1047 1134/1367/1075
f 1206/1402/1107 1144/1372/1080 1167/1403/1108
f 1280/1404/1109 1277/1405/1110 1276/1262/979
f 1201/1383/1091 1196/1382/1090 1277/1405/1110
f 1195/1406/1111 1196/1382/1090 1197/1407/1112
f 1062/1309/1024 1290/1308/1023 1289/1271/987
f 894/993/727 895/992/726 899/1132/860
f 1158/1408/1113 1171/1045/777 1170/1047/779
f 1272/1410/1114 1273/1346/1058 1195/1406/1111
f 925/1038/770 905/3808/734 918/1051/783
f 1151/1363/1072 1149/1028/760 1148/1046/778
f 1144/1372/1080 1142/1227/948 1166/1229/950
f 1317/1412/1116 1306/1436/1136 1304/1413/1117
f 1170/1047/779 1148/1046/778 1262/1027/321
f 1172/1105/834 1147/1276/992 1146/1285/1001
f 1206/1402/1107 1209/1434/1134 1211/1388/1096
f 1304/1413/1117 1305/1297/1013 1126/1299/1015
f 1146/1285/1001 1214/1170/896 1251/1064/795
f 1103/1317/1031 955/1210/931 1007/1211/932
f 1116/1340/1052 1117/1337/1050 1115/1415/1119
f 1310/1025/758 1311/1135/863 1288/1358/1067
f 977/1416/904 978/1166/839 1004/1165/892
f 1274/1188/471 1285/1277/993 1172/1105/834
f 923/1060/792 888/1050/782 885/1315/848
f 1183/1155/882 1181/1233/954 1180/1350/1061
f 1247/1291/1007 1226/1217/938 1224/1219/940
f 1093/1316/1030 1067/1310/1025 1179/1356/1065
f 1121/1275/991 1123/1274/990 987/1106/835
f 1192/1201/924 1204/1369/1077 1205/1371/1079
f 1286/1270/986 1098/1387/1095 1132/1026/759
f 1099/1235/956 1097/1300/1016 1095/1302/1017
f 1245/1255/974 1241/1379/1087 1239/1419/1121
f 928/1036/768 918/1051/783 883/1070/801
f 1171/1045/777 1158/1408/1113 1232/1420/1122
f 1163/1376/1084 1164/1377/1085 1165/1260/977
f 1234/1378/1086 1233/1065/796 1235/1398/668
f 1264/1421/1123 1265/1154/881 1261/1156/883
f 1141/1138/866 1125/1015/749 1122/1017/751
f 1201/1383/1091 1188/1319/1033 1186/1243/963
f 971/1123/852 1002/1223/944 1133/1334/1047
f 1109/1024/757 1110/1287/1003 1106/1269/985
f 1166/1229/950 1279/1228/949 1264/1421/1123
f 1163/1376/1084 1162/1063/355 1233/1065/796
f 1150/1347/623 1215/1126/854 1216/998/732
f 1249/1423/1125 1250/1438/1138 1230/1424/1126
f 1069/1426/1128 1295/996/730 1294/1427/1129
f 1086/1054/786 1311/1135/863 1296/994/728
f 932/1266/982 915/1069/800 914/1237/958
f 930/1240/960 898/1131/859 897/1121/850
f 1282/1328/1041 1271/1327/919 1270/1430/1035
f 1205/1371/1079 1178/1370/1078 1259/1279/995
f 1292/1185/909 1294/1427/1129 1295/996/730
f 1202/1253/972 1203/1326/1040 1182/1418/1120
f 1082/1250/969 1092/1307/1022 1093/1316/1030
f 1313/1290/1006 1300/1384/1092 1298/1432/1133
f 1229/1331/1044 1230/1456/1126 1232/1433/1122
f 1209/1434/1134 1206/1402/1107 1242/1361/1070
f 1176/1435/1135 1254/1306/1021 1255/1281/997
f 1305/1297/1013 1304/1413/1117 1306/1436/1136
f 1102/1437/1137 1101/1344/1056 1140/1345/1057
f 1232/1420/1122 1230/1424/1126 1250/1438/1138
f 1111/1352/1063 959/1056/788 957/1058/790
f 1124/1016/750 1128/1368/1076 1129/1333/1046
f 1209/1434/1134 1208/1446/1144 1210/1439/1139
f 1287/1236/957 1289/1271/987 1290/1308/1023
f 1188/1319/1033 1201/1383/1091 1280/1404/1109
f 1193/1202/925 1192/1201/924 1194/1411/1115
f 1131/1374/1082 1130/1351/1062 1111/1352/1063
f 931/1429/1131 914/1237/958 881/1087/818
f 1169/1381/1089 1164/1377/1085 1241/1379/1087
f 1158/1441/1113 1157/1362/1071 1225/1218/939
f 1104/1267/983 1103/1317/1031 1136/1391/1099
f 1047/1357/1066 1055/1148/875 1054/1442/1140
f 1138/1184/908 1118/1364/1049 1303/1443/1141
f 1218/1127/855 1215/1126/854 1248/1348/1059
f 1314/1444/1142 1303/1443/1141 1302/1445/1143
f 965/1066/797 967/1111/840 968/1177/903
f 1143/1375/1083 1145/1284/1000 1146/1285/1001
f 878/1153/880 881/3809/818 882/1098/829
f 1152/1380/1088 1153/1422/1124 1149/1028/760
f 988/1108/837 990/1107/836 991/1139/867
f 1142/1227/948 1144/1372/1080 1145/1284/1000
f 1159/1409/1037 1170/1047/779 1283/1414/1118
f 1095/1302/1017 1094/1301/1017 1130/1351/1062
f 1281/1261/978 1268/1286/1002 1266/1343/1055
f 1182/1418/1120 1260/1263/980 1261/1156/883
f 1208/1446/1144 1209/1434/1134 1244/1360/1069
f 1265/1154/881 1264/1421/1123 1279/1228/949
f 1246/1293/1009 1227/1330/1043 1226/1217/938
f 1239/1419/1121 1238/1397/1103 1237/1448/1146
f 1113/1401/1106 1115/1415/1119 1114/1449/1147
f 1107/1186/910 1292/1185/909 1293/995/729
f 1072/1157/884 1069/1426/1128 1070/1238/959
f 1154/1450/1148 1155/1322/1036 1269/1195/918
f 1217/1451/1149 1218/1127/855 1250/1438/1138
f 1175/1399/1104 1177/1280/996 1178/1370/1078
f 1083/1295/1011 1093/1316/1030 1204/1369/1077
f 1169/1381/1089 1156/1254/973 1154/1450/1148
f 1235/1398/668 1253/1171/897 1252/1452/1150
f 975/1182/765 972/1181/906 1114/1449/1147
f 1312/1339/1051 1309/1393/1101 1308/1282/998
f 1069/1426/1128 1072/1157/884 1073/1159/886
f 1079/1355/889 1078/1354/1064 1187/1320/1034
f 956/1187/911 955/1210/931 957/1058/790
f 1253/1171/897 1235/1398/668 1233/1065/796
f 1228/1455/1151 1231/3811/1127 1230/1456/1126
f 1212/1390/1098 1213/1389/1097 1252/1452/1150
f 1222/997/731 1221/1395/1102 1243/1447/1145
f 1115/1415/1119 1119/1465/1073 1120/1453/1074
f 1089/1314/1029 1085/1257/975 1197/1407/1112
f 1302/1457/1143 1301/1385/1093 1075/1458/1152
f 1128/1368/1076 1134/1367/1075 1133/1334/1047
f 945/1459/1153 1102/1437/1137 1139/1386/1094
f 1176/1435/1135 1174/1215/936 1198/1216/937
f 1207/1373/1081 1211/1388/1096 1212/1390/1098
f 1147/1276/992 1258/1278/994 1257/1460/1154
f 1295/996/730 1069/1426/1128 1068/1428/1130
f 1285/1277/993 1274/1188/471 1272/1410/1114
f 945/1459/1153 944/1095/826 943/1097/828
f 1301/1385/1093 1302/1457/1143 1303/1461/1141
f 1198/1216/937 1087/1055/787 1073/1159/886
f 1254/1306/1021 1256/1305/1020 1257/1460/1154
f 1291/1234/955 1290/1308/1023 1317/1412/1116
f 1203/1326/1040 1282/1328/1041 1260/1263/980
f 1190/1462/1010 1203/1326/1040 1202/1253/972
f 1167/1403/1108 1166/1229/950 1153/1422/1124
f 1255/1281/997 1257/1460/1154 1258/1278/994
f 1284/1431/1132 1259/1279/995 1258/1278/994
f 1241/1379/1087 1234/1378/1086 1238/1397/1103
f 1307/1249/968 1308/1282/998 1309/1393/1101
f 910/1125/769 912/1010/744 926/1001/735
f 1184/1296/1012 1265/1154/881 1278/1304/1019
f 1185/1158/885 1184/1296/1012 1199/1318/1032
f 983/1093/824 993/1199/922 1047/1357/1066
f 1297/1303/1018 1296/994/728 1311/1135/863
f 1087/1055/787 1086/1054/786 1068/1428/1130
f 994/1192/915 995/1191/914 963/1273/989
f 941/1324/1038 940/1077/808 998/1079/810
f 1275/1190/913 1276/1262/979 1277/1405/1110
f 888/1050/782 923/1060/792 924/1080/811
f 1101/1344/1056 1102/1437/1137 1096/1325/1039
f 1102/1437/1137 945/1459/1153 942/1258/976
f 905/1000/734 906/1002/736 904/1074/805
f 1045/1113/842 1046/1021/754 1044/1023/756
f 1174/1215/936 1176/1435/1135 1177/1280/996
f 1064/1134/862 1065/1053/785 1066/1312/1027
f 1100/1136/864 1101/1344/1056 1097/1300/1016
f 1078/1354/1064 1077/1241/961 1186/1243/963
f 972/1181/906 971/1123/852 1112/1400/1105
f 1275/1190/913 1161/1189/912 1165/1260/977
f 1284/1431/1132 1272/1410/1114 1194/1411/1115
f 891/990/724 932/1266/982 931/1429/1131
f 1094/1301/1017 941/1324/1038 997/1193/916
f 931/1429/1131 878/1440/880 877/1394/879
f 1119/1465/1073 1115/1415/1119 1117/1337/1050
f 1189/1342/1054 1190/1294/1010 1191/1454/971
f 1117/1337/1050 1116/1340/1052 1298/1432/1133
f 901/1466/752 902/1464/784 904/1074/805
f 1128/1368/1076 1124/1016/750 1126/1299/1015
f 1196/1382/1090 1195/1406/1111 1273/1346/1058
f 1075/1458/1152 1076/1392/1100 1077/1241/961
f 1098/1387/1095 1095/1302/1017 1131/1374/1082
f 1306/1436/1136 1317/1412/1116 1092/1307/1022
f 1282/1328/1041 1283/1414/1118 1262/1027/321
f 1135/1341/1053 1116/1340/1052 1113/1401/1106
f 1294/1427/1129 1292/1185/909 1314/1444/1142
f 1032/1214/935 1053/1114/843 1054/1442/1140
f 1076/1392/1100 1075/1458/1152 1301/1385/1093
f 1153/1422/1124 1264/1421/1123 1263/1029/761
f 1327/1467/1155 1328/1528/1215 1331/1468/1156
f 1333/1470/1158 1334/3812/1309 1336/1471/1159
f 1737/1473/1161 1738/1782/1451 1734/1474/1162
f 1663/1476/1164 1664/1838/1499 1657/1477/1165
f 1346/1479/1167 1366/1942/1204 1367/1480/1168
f 1361/1482/1170 1337/1625/1285 1362/1483/1171
f 1481/1485/1173 1350/1554/1241 1349/1486/1174
f 1368/1488/1176 1367/1480/1168 1353/1489/1177
f 1388/1491/1179 1451/1591/1277 1502/1492/1180
f 1566/1494/1182 1567/1778/1448 1565/1495/1183
f 1342/1497/1185 1344/1718/1242 1370/1498/1186
f 1487/1500/1187 1488/1836/1497 1489/1501/1188
f 1550/1503/1190 1738/1782/1451 1751/1504/1191
f 1703/1506/1193 1589/1525/1212 1590/1507/1194
f 1411/1509/1196 1414/1603/1289 1410/1510/1197
f 1416/1512/1199 1448/1690/1369 1449/1513/1200
f 1369/1515/1202 1352/1578/1255 1351/1516/1203
f 1490/1518/1205 1358/1490/1178 1357/1519/1206
f 1402/1521/1208 1403/1619/1304 1393/1522/1209
f 1612/1524/1211 1591/1826/1489 1589/1525/1212
f 1330/1527/1214 1331/1468/1156 1328/1528/1215
f 1359/1530/1217 1346/3813/1167 1343/1531/1218
f 1506/1532/1219 1505/1613/1298 1527/1533/1220
f 1400/1535/1222 1401/1651/1334 1399/1536/1223
f 1341/1538/1225 1365/1559/1246 1364/1539/1226
f 1341/1538/1225 1340/1611/1296 1466/1540/1227
f 1603/1542/1229 1614/1582/1268 1692/1543/1230
f 1406/1545/1232 1440/1686/1365 1442/1546/1233
f 1482/1547/1234 1484/1520/1207 1357/1519/1206
f 1360/1484/1172 1362/1483/1171 1324/1549/1236
f 1405/1550/1237 1409/1656/1339 1478/1551/1238
f 1345/1553/1240 1349/1486/1174 1350/1554/1241
f 1381/1556/1243 1377/1601/1287 1437/1557/1244
f 1365/1559/1246 1341/1538/1225 1472/1541/1228
f 1389/1561/1248 1388/1491/1179 1379/1562/1249
f 1364/1539/1226 1363/1896/1283 1333/1470/1158
f 1471/1564/1251 1472/1541/1228 1466/1540/1227
f 1322/1566/1253 1355/1716/1393 1354/1567/1254
f 1470/1569/1256 1471/1564/1251 1467/1565/1252
f 1420/1571/1258 1423/1623/1308 1424/1572/1259
f 1385/1574/1261 1387/1588/1274 1380/1575/1262
f 1323/1577/1264 1322/3814/1253 1352/1578/1255
f 1465/1579/1265 1464/1673/1354 1497/1580/1266
f 1614/1582/1268 1603/1542/1229 1601/1583/1269
f 1428/1585/1271 1430/1687/1366 1431/1586/1272
f 1387/1588/1274 1389/1561/1248 1378/1563/1250
f 1410/1510/1197 1417/1682/1327 1419/1589/1275
f 1451/1591/1277 1421/1573/1260 1486/1592/1278
f 1489/1501/1188 1495/1921/1571 1494/1593/1279
f 1379/1562/1249 1460/1647/1330 1459/1594/1280
f 1325/1596/1282 1374/1639/1323 1363/1597/1283
f 1336/1471/1159 1334/3812/1309 1337/1599/1285
f 1384/1576/1263 1380/1575/1262 1377/1601/1287
f 1412/1602/1288 1413/1660/1342 1414/1603/1289
f 1351/1604/1203 1352/1568/1255 1354/1567/1254
f 1661/1478/1166 1657/1477/1165 1656/1605/1290
f 1378/1563/1250 1379/1562/1249 1375/1595/1281
f 1391/1608/1293 1390/1692/1371 1393/1522/1209
f 1339/1610/1295 1464/1673/1354 1466/1540/1227
f 1367/1480/1168 1368/1488/1176 1348/1612/1297
f 1505/1613/1298 1729/1837/1498 1752/1614/1299
f 1541/1615/1300 1732/1713/1390 1757/1616/1301
f 1431/1586/1272 1444/1688/1367 1442/1546/1233
f 1403/1619/1304 1404/1752/1422 1394/1609/1294
f 1392/1620/1305 1397/1666/1347 1399/1536/1223
f 1425/1621/1306 1432/1618/1303 1433/1622/1307
f 1334/1624/1309 1374/1639/1323 1362/1483/1171
f 1474/1626/1310 1495/1921/1571 1496/1627/1311
f 1459/1594/1280 1456/1646/1329 1492/1628/1312
f 1321/1630/1314 1320/1725/1400 1318/1631/1315
f 1706/1633/1317 1625/1775/1445 1624/1634/1318
f 1513/1636/1320 1622/1712/1389 1626/1637/1321
f 1374/1639/1323 1325/1596/1282 1324/1549/1236
f 1531/1640/1324 1515/1762/1432 1520/1641/1325
f 1417/1643/1327 1447/1662/1343 1445/1644/1328
f 1456/1646/1329 1459/1594/1280 1460/1647/1330
f 1348/1612/1297 1473/1693/1372 1475/1487/1175
f 1655/1649/1332 1653/1869/1528 1694/1650/1333
f 1401/1651/1334 1402/1521/1208 1395/1523/1210
f 1387/1588/1274 1385/1574/1261 1454/1652/1335
f 1330/1527/1214 1365/1559/1246 1491/1560/1247
f 1479/1655/1338 1478/1551/1238 1409/1656/1339
f 1422/1658/1341 1425/1621/1306 1423/1623/1308
f 1415/1659/1201 1414/1603/1289 1413/1660/1342
f 1420/1571/1258 1450/1683/1363 1452/1653/1336
f 1388/1491/1179 1461/1493/1181 1460/1647/1330
f 1392/1620/1305 1390/1692/1371 1445/1644/1328
f 1579/1663/1344 1755/1923/1573 1733/1664/1345
f 1471/1564/1251 1470/1569/1256 1493/1629/1313
f 1397/1666/1347 1392/1620/1305 1447/1662/1343
f 1715/1667/1348 1601/1583/1269 1602/1668/1349
f 1376/1607/1292 1375/1595/1281 1436/1670/1351
f 1401/1651/1334 1400/1535/1222 1438/1672/1353
f 1464/1673/1354 1465/1579/1265 1467/1565/1252
f 1710/1674/1355 1711/1800/1467 1712/1675/1356
f 1433/1622/1307 1440/1686/1365 1441/1677/1358
f 1525/1679/1360 1524/1774/1444 1633/1680/1361
f 1417/1682/1327 1410/1510/1197 1414/1603/1289
f 1389/1561/1248 1387/1588/1274 1452/1653/1336
f 1465/1579/1265 1468/1684/1364 1469/1570/1257
f 1468/1684/1364 1391/1608/1293 1394/1609/1294
f 1337/1599/1285 1361/1499/1170 1370/1498/1186
f 1434/1678/1359 1424/1572/1259 1423/1623/1308
f 1481/1685/1173 1480/1738/1383 1498/1581/1267
f 1432/1618/1303 1442/1546/1233 1440/1686/1365
f 1430/1687/1366 1443/1702/1380 1444/1688/1367
f 1396/1689/1368 1397/1666/1347 1449/1513/1200
f 1407/1511/1198 1410/1510/1197 1408/1590/1276
f 1458/1648/1331 1457/1691/1370 1455/1654/1337
f 1415/1514/1201 1449/1513/1200 1447/1662/1343
f 1407/1511/1198 1442/1546/1233 1444/1688/1367
f 1454/1652/1335 1427/1700/1378 1422/1658/1341
f 1331/1468/1156 1330/1527/1214 1455/1654/1337
f 1390/1692/1371 1392/1620/1305 1395/1523/1210
f 1437/1557/1244 1435/1671/1352 1403/1619/1304
f 1450/1683/1363 1420/1571/1258 1421/1573/1260
f 1474/1626/1310 1476/1704/1382 1475/1487/1175
f 1615/1694/1373 1506/1532/1219 1528/1534/1221
f 1667/1696/497 1670/1810/1475 1666/1697/1375
f 1426/1699/1377 1428/1585/1271 1429/1587/1273
f 1462/1701/1379 1463/1744/1414 1457/1691/1370
f 1411/1509/1196 1444/1688/1367 1443/1702/1380
f 1377/1601/1287 1376/1607/1292 1435/1671/1352
f 1389/1561/1248 1450/1683/1363 1451/1591/1277
f 1385/1574/1261 1386/1938/1583 1453/1703/1381
f 1380/1575/1262 1378/1563/1250 1376/1607/1292
f 1481/1485/1173 1475/1487/1175 1476/1704/1382
f 1453/1703/1381 1426/1699/1377 1427/1700/1378
f 1583/1706/508 1697/1784/510 1720/1707/1384
f 1390/1692/1371 1391/1608/1293 1446/1709/1386
f 1468/1684/1364 1465/1579/1265 1498/1581/1267
f 1512/1711/1388 1621/1829/1492 1622/1712/1389
f 1478/1551/1238 1479/1655/1338 1480/1705/1383
f 1391/1608/1293 1468/1684/1364 1499/1710/1387
f 1375/1595/1281 1459/1594/1280 1493/1629/1313
f 1473/1693/1372 1348/1612/1297 1368/1488/1176
f 1732/1713/1390 1541/1615/1300 1540/1714/1391
f 1338/1600/1286 1339/1610/1295 1340/1611/1296
f 1357/1519/1206 1354/1567/1254 1355/1716/1393
f 1531/1640/1324 1532/1642/1326 1512/1711/1388
f 1344/1718/1242 1350/1727/1241 1371/1719/1395
f 1518/1720/1396 1530/1793/1461 1641/1721/1397
f 1501/1723/1398 1483/1726/1401 1482/1547/1234
f 1320/1725/1400 1321/1630/1314 1325/1596/1282
f 1502/1492/1180 1486/1592/1278 1483/1726/1401
f 1350/1727/1241 1481/1685/1173 1497/1580/1266
f 1748/1728/1402 1747/1915/1567 1523/1729/1403
f 1532/1642/1326 1520/1641/1325 1632/1731/1405
f 1597/1733/533 1610/1860/1519 1686/1734/1407
f 1333/1735/1158 1363/1597/1283 1374/1639/1323
f 1634/1681/1362 1638/1886/1543 1526/1736/1408
f 1381/1556/1243 1382/1803/1470 1383/1737/1409
f 1480/1738/1383 1479/1743/1338 1499/1710/1387
f 1606/1739/1410 1609/1811/1476 1722/1740/1411
f 1701/1742/1413 1703/1506/1193 1704/1508/1195
f 1464/1673/1354 1339/1610/1295 1371/1719/1395
f 1418/1657/1340 1409/1656/1339 1408/1590/1276
f 1479/1743/1338 1418/1895/1340 1446/1709/1386
f 1324/1549/1236 1325/1596/1282 1321/1630/1314
f 1358/1490/1178 1490/1518/1205 1494/1593/1279
f 1463/1744/1414 1500/1724/1399 1373/1745/1415
f 1462/1701/1379 1501/1723/1398 1500/1724/1399
f 1545/1746/1416 1548/1665/1346 1549/1747/1417
f 1727/1749/1419 1729/1837/1498 1730/1750/1420
f 1511/1717/1394 1735/1906/1560 1756/1751/1421
f 1461/1493/1181 1502/1492/1180 1501/1723/1398
f 1404/1752/1422 1470/1569/1256 1469/1570/1257
f 1563/1496/1184 1565/1495/1183 1564/1753/1423
f 1477/1552/1239 1478/1551/1238 1476/1704/1382
f 1402/1521/1208 1401/1651/1334 1439/1558/1245
f 1757/1616/1301 1745/1892/1548 1566/1494/1182
f 1477/1552/1239 1496/1627/1311 1441/1677/1358
f 1588/1755/1425 1613/1584/1270 1726/1756/1426
f 1700/1758/1428 1619/1849/1509 1618/1759/1429
f 1522/1730/1404 1521/1768/1438 1749/1761/1431
f 1756/1751/1421 1743/1924/1574 1515/1762/1432
f 1586/1763/1433 1648/1852/1511 1655/1649/1332
f 1708/1676/1357 1707/1822/569 1709/1765/1435
f 1551/1766/1436 1552/1831/1494 1546/1767/1437
f 1472/1541/1228 1471/1564/1251 1492/1628/1312
f 1521/1768/1438 1529/1792/1460 1754/1769/1439
f 1688/1770/1440 1680/1898/1552 1681/1771/1441
f 1631/1773/1443 1630/1821/1485 1708/1676/1357
f 1356/1548/1235 1373/1745/1415 1500/1724/1399
f 1522/1730/1404 1523/1729/1403 1524/1774/1444
f 1483/1726/1401 1485/1502/1189 1484/1520/1207
f 1622/1712/1389 1624/1634/1318 1625/1775/1445
f 1746/1776/1446 1750/1872/1531 1568/1777/1447
f 1538/1779/1449 1537/1804/1471 1535/1780/1450
f 1549/1747/1417 1734/1474/1162 1738/1782/1451
f 1719/1783/1452 1720/1707/1384 1697/1784/510
f 1533/1786/1454 1758/1891/1547 1731/1787/1455
f 1508/1789/1457 1503/1788/1456 1504/1790/1458
f 1529/1792/1460 1521/1768/1438 1526/1736/1408
f 1332/1469/1157 1331/1468/1156 1457/1691/1370
f 1525/1679/1360 1526/1736/1408 1521/1768/1438
f 1456/1646/1329 1455/1654/1337 1491/1560/1247
f 1328/1528/1215 1320/3815/1400 1326/1794/1284
f 1503/1788/1456 1508/1789/1457 1534/1795/1462
f 1354/1567/1254 1357/1519/1206 1358/1490/1178
f 1544/1796/1463 1545/1746/1416 1547/1748/1418
f 1695/1785/1453 1617/1914/1566 1640/1797/1464
f 1629/1798/1465 1630/1821/1485 1628/1799/1466
f 1427/1700/1378 1429/1587/1273 1425/1621/1306
f 1711/1800/1467 1710/1674/1355 1596/1801/1468
f 1382/1803/1470 1535/1780/1450 1537/1804/1471
f 1644/1805/1472 1631/1941/1443 1712/1806/1356
f 1548/1665/1346 1545/1746/1416 1578/1808/1474
f 1668/1809/605 1669/1934/1581 1670/1810/1475
f 1609/1811/1476 1595/1929/1578 1709/1765/1435
f 1443/1702/1380 1430/1687/1366 1570/1812/1477
f 1740/1814/1479 1744/1940/1572 1559/1815/1480
f 1342/1817/1185 1361/1482/1170 1360/1484/1172
f 1753/1818/1482 1739/1911/1564 1557/1819/1483
f 1630/1821/1485 1629/1798/1465 1707/1822/569
f 1542/1823/1486 1541/1615/1300 1582/1617/1302
f 1421/1573/1260 1424/1572/1259 1487/1500/1187
f 1714/1825/1488 1713/1889/1545 1715/1667/1348
f 1591/1826/1489 1612/1524/1211 1689/1827/1490
f 1659/1606/1291 1658/1930/1579 1660/1828/1491
f 1532/1642/1326 1643/1732/1406 1621/1829/1492
f 1571/1830/1493 1438/1672/1353 1400/1535/1222
f 1515/1832/1432 1516/1937/1582 1519/1833/1495
f 1562/1754/1424 1580/1865/1524 1581/1824/1487
f 1507/1791/1459 1616/1878/1536 1620/1835/1496
f 1347/1481/1169 1348/1612/1297 1349/1486/1174
f 1434/1678/1359 1441/1677/1358 1496/1627/1311
f 1461/1493/1181 1462/1701/1379 1458/1648/1331
f 1504/1790/1458 1730/1750/1420 1729/1837/1498
f 1564/1753/1423 1570/1812/1477 1430/1687/1366
f 1664/1838/1499 1663/1476/1164 1685/1839/1500
f 1598/1841/1502 1599/1920/1544 1600/1802/1469
f 1396/1689/1368 1544/1796/1463 1546/1767/1437
f 1664/1838/1499 1593/1859/1518 1592/1842/1503
f 1559/1843/1480 1579/1663/1344 1578/1808/1474
f 1596/1801/1468 1595/1929/1578 1597/1733/533
f 1561/1845/1505 1577/1870/1529 1448/1690/1369
f 1568/1777/1447 1576/1820/1484 1575/1846/1506
f 1645/1848/1508 1620/1835/1496 1619/1849/1509
f 1585/1851/645 1647/1881/671 1648/1852/1511
f 1551/1766/1436 1550/1503/1190 1573/1505/1192
f 1584/1854/1513 1698/1939/1584 1697/1784/510
f 1601/1583/1269 1603/1542/1229 1604/1855/1514
f 1436/1670/1351 1493/1629/1313 1470/1569/1256
f 1605/1856/1515 1604/1855/1514 1675/1857/1516
f 1665/1698/1376 1666/1697/1375 1598/1841/1502
f 1683/1840/1501 1608/1882/1539 1593/1859/1518
f 1405/1550/1237 1441/1677/1358 1440/1686/1365
f 1609/1811/1476 1606/1739/1410 1605/1856/1515
f 1641/1721/1397 1638/1886/1543 1637/1861/1520
f 1740/1814/1479 1739/1911/1564 1741/1863/1522
f 1580/1865/1524 1562/1754/1424 1426/1699/1377
f 1728/1715/1392 1540/1714/1391 1539/1866/1525
f 1652/1867/1526 1651/1918/1570 1654/1868/1527
f 1560/1844/1504 1578/1808/1474 1577/1870/1529
f 1741/1863/1522 1754/1769/1439 1529/1792/1460
f 1576/1820/1484 1568/1777/1447 1750/1872/1531
f 1517/1871/1530 1529/1792/1460 1530/1793/1461
f 1318/1873/1315 1320/3815/1400 1328/1528/1215
f 1662/1874/1532 1663/1476/1164 1661/1478/1166
f 1677/1875/1533 1678/1927/1576 1679/1876/1534
f 1485/1502/1189 1489/1501/1188 1490/1518/1205
f 1616/1878/1536 1507/1791/1459 1506/1532/1219
f 1553/1879/1537 1574/1813/1478 1575/1846/1506
f 1647/1881/671 1585/1851/645 1608/1882/1539
f 1721/1883/1540 1718/1884/1541 1717/1741/1412
f 1642/1862/1521 1637/1861/1520 1718/1884/1541
f 1636/1885/1542 1637/1861/1520 1638/1886/1543
f 1503/1788/1456 1731/1787/1455 1730/1750/1420
f 1335/1472/1160 1336/1471/1159 1340/1611/1296
f 1599/1887/1544 1612/1524/1211 1611/1526/1213
f 1713/1889/1545 1714/1825/1488 1636/1885/1542
f 1366/1517/1204 1346/3813/1167 1359/1530/1217
f 1592/1842/1503 1590/1507/1194 1589/1525/1212
f 1585/1851/645 1583/1706/508 1607/1708/1385
f 1758/1891/1547 1747/1915/1567 1745/1892/1548
f 1611/1526/1213 1589/1525/1212 1703/1506/1193
f 1613/1584/1270 1588/1755/1425 1587/1764/1434
f 1647/1881/671 1650/1913/1565 1652/1867/1526
f 1745/1892/1548 1746/1776/1446 1567/1778/1448
f 1587/1764/1434 1655/1649/1332 1692/1543/1230
f 1544/1796/1463 1396/1689/1368 1448/1690/1369
f 1557/1819/1483 1558/1816/1481 1556/1894/1550
f 1751/1504/1191 1752/1614/1299 1729/1837/1498
f 1418/1895/1340 1419/1645/1275 1445/1644/1328
f 1715/1667/1348 1726/1756/1426 1613/1584/1270
f 1364/1539/1226 1329/1529/1216 1326/1794/1284
f 1624/1634/1318 1622/1712/1389 1621/1829/1492
f 1688/1770/1440 1667/1696/497 1665/1698/1376
f 1534/1795/1462 1508/1789/1457 1620/1835/1496
f 1562/1754/1424 1564/1753/1423 1428/1585/1271
f 1633/1680/1361 1645/1848/1508 1646/1850/1510
f 1727/1749/1419 1539/1866/1525 1573/1505/1192
f 1540/1714/1391 1538/1779/1449 1536/1781/1450
f 1686/1734/1407 1682/1858/1517 1680/1898/1552
f 1369/1515/1202 1359/1530/1217 1324/1549/1236
f 1612/1524/1211 1599/1887/1544 1673/1899/1553
f 1604/1855/1514 1605/1856/1515 1606/1739/1410
f 1675/1857/1516 1674/1544/1231 1676/1877/1535
f 1705/1900/1554 1706/1633/1317 1702/1635/1319
f 1582/1617/1302 1566/1494/1182 1563/1496/1184
f 1642/1862/1521 1629/1798/1465 1627/1722/599
f 1412/1602/1288 1443/1702/1380 1574/1813/1478
f 1550/1503/1190 1551/1766/1436 1547/1748/1418
f 1607/1708/1385 1720/1707/1384 1705/1900/1554
f 1604/1855/1514 1603/1542/1229 1674/1544/1231
f 1591/1826/1489 1656/1605/1290 1657/1477/1165
f 1690/1902/1556 1691/1917/1569 1671/1903/1557
f 1510/1905/1559 1736/1475/1163 1735/1906/1560
f 1527/1533/1220 1752/1614/1299 1737/1473/1161
f 1373/1745/1415 1356/1548/1235 1355/1716/1393
f 1371/1719/1395 1339/1610/1295 1338/1600/1286
f 1723/1807/1473 1712/1806/1356 1711/1909/1467
f 1646/1850/1510 1619/1849/1509 1700/1758/1428
f 1733/1664/1345 1735/1906/1560 1736/1475/1163
f 1643/1732/1406 1644/1805/1472 1623/1897/1551
f 1523/1729/1403 1533/1786/1454 1534/1795/1462
f 1754/1769/1439 1741/1863/1522 1739/1911/1564
f 1670/1810/1475 1671/1935/1557 1673/1912/1553
f 1650/1913/1565 1647/1881/671 1683/1840/1501
f 1617/1914/1566 1695/1785/1453 1696/1760/1430
f 1746/1776/1446 1745/1892/1548 1747/1915/1567
f 1543/1916/1568 1542/1823/1486 1581/1824/1487
f 1673/1899/1553 1671/1903/1557 1691/1917/1569
f 1552/1831/1494 1400/1535/1222 1398/1537/1224
f 1565/1495/1183 1569/1847/1507 1570/1812/1477
f 1650/1913/1565 1649/1925/709 1651/1918/1570
f 1728/1715/1392 1730/1750/1420 1731/1787/1455
f 1629/1798/1465 1642/1862/1521 1721/1883/1540
f 1634/1681/1362 1633/1680/1361 1635/1890/1546
f 1572/1853/1512 1571/1830/1493 1552/1831/1494
f 1372/1908/1562 1355/1716/1393 1322/1566/1253
f 1610/1860/1519 1605/1856/1515 1682/1858/1517
f 1599/1920/1544 1598/1841/1502 1666/1697/1375
f 1545/1746/1416 1544/1796/1463 1577/1870/1529
f 1488/1836/1497 1496/1627/1311 1495/1921/1571
f 1579/1663/1344 1559/1843/1480 1744/1922/1572
f 1659/1606/1291 1656/1605/1290 1689/1827/1490
f 1755/1923/1573 1744/1922/1572 1743/1924/1574
f 1406/1545/1232 1408/1590/1276 1409/1656/1339
f 1584/1854/1513 1586/1763/1433 1587/1764/1434
f 1319/1632/1316 1322/3814/1253 1323/1577/1264
f 1593/1859/1518 1594/1901/1555 1590/1507/1194
f 1429/1587/1273 1431/1586/1272 1432/1618/1303
f 1583/1706/508 1585/1851/645 1586/1763/1433
f 1600/1888/1469 1611/1526/1213 1724/1893/1549
f 1536/1781/1450 1535/1780/1450 1571/1830/1493
f 1722/1740/1411 1709/1765/1435 1707/1822/569
f 1623/1897/1551 1701/1742/1413 1702/1635/1319
f 1649/1925/709 1650/1913/1565 1685/1839/1500
f 1706/1633/1317 1705/1900/1554 1720/1707/1384
f 1687/1772/1442 1668/1809/605 1667/1696/497
f 1680/1898/1552 1679/1876/1534 1678/1927/1576
f 1554/1880/1538 1556/1894/1550 1555/1928/1577
f 1548/1665/1346 1733/1664/1345 1734/1474/1162
f 1513/1636/1320 1510/1905/1559 1511/1717/1394
f 1595/1929/1578 1596/1801/1468 1710/1674/1355
f 1658/1930/1579 1659/1606/1291 1691/1917/1569
f 1616/1878/1536 1618/1759/1429 1619/1849/1509
f 1524/1774/1444 1534/1795/1462 1645/1848/1508
f 1610/1860/1519 1597/1733/533 1595/1929/1578
f 1676/1877/1535 1694/1650/1333 1693/1931/1580
f 1416/1661/1199 1413/1660/1342 1555/1928/1577
f 1753/1818/1482 1750/1872/1531 1749/1761/1431
f 1510/1905/1559 1513/1636/1320 1514/1638/1322
f 1520/1834/1325 1519/1833/1495 1628/1799/1466
f 1397/1666/1347 1396/1689/1368 1398/1537/1224
f 1694/1650/1333 1676/1877/1535 1674/1544/1231
f 1669/1934/1581 1672/3816/1558 1671/1935/1557
f 1653/1869/1528 1654/1868/1527 1693/1931/1580
f 1663/1476/1164 1662/1874/1532 1684/1926/1575
f 1556/1894/1550 1560/1944/1504 1561/1932/1505
f 1530/1793/1461 1526/1736/1408 1638/1886/1543
f 1743/1936/1574 1742/1864/1523 1516/1937/1582
f 1569/1847/1507 1575/1846/1506 1574/1813/1478
f 1386/1938/1583 1543/1916/1568 1580/1865/1524
f 1617/1914/1566 1615/1694/1373 1639/1695/1374
f 1648/1852/1511 1652/1867/1526 1653/1869/1528
f 1588/1755/1425 1699/1757/1427 1698/1939/1584
f 1736/1475/1163 1510/1905/1559 1509/1907/1561
f 1726/1756/1426 1715/1667/1348 1713/1889/1545
f 1386/1938/1583 1385/1574/1261 1384/1576/1263
f 1742/1864/1523 1743/1936/1574 1744/1940/1572
f 1639/1695/1374 1528/1534/1221 1514/1638/1322
f 1695/1785/1453 1697/1784/510 1698/1939/1584
f 1732/1713/1390 1731/1787/1455 1758/1891/1547
f 1644/1805/1472 1723/1807/1473 1701/1742/1413
f 1631/1941/1443 1644/1805/1472 1643/1732/1406
f 1608/1882/1539 1607/1708/1385 1594/1901/1555
f 1696/1760/1430 1698/1939/1584 1699/1757/1427
f 1725/1910/1563 1700/1758/1428 1699/1757/1427
f 1682/1858/1517 1675/1857/1516 1679/1876/1534
f 1748/1728/1402 1749/1761/1431 1750/1872/1531
f 1351/1604/1203 1353/1489/1177 1367/1480/1168
f 1625/1775/1445 1706/1633/1317 1719/1783/1452
f 1626/1637/1321 1625/1775/1445 1640/1797/1464
f 1424/1572/1259 1434/1678/1359 1488/1836/1497
f 1738/1782/1451 1737/1473/1161 1752/1614/1299
f 1528/1534/1221 1527/1533/1220 1509/1907/1561
f 1435/1671/1352 1436/1670/1351 1404/1752/1422
f 1382/1803/1470 1381/1556/1243 1439/1558/1245
f 1716/1669/1350 1717/1741/1412 1718/1884/1541
f 1329/1529/1216 1364/1539/1226 1365/1559/1246
f 1542/1823/1486 1543/1916/1568 1537/1804/1471
f 1543/1916/1568 1386/1938/1583 1383/1737/1409
f 1346/1479/1167 1347/1481/1169 1345/1553/1240
f 1486/1592/1278 1487/1500/1187 1485/1502/1189
f 1615/1694/1373 1617/1914/1566 1618/1759/1429
f 1505/1613/1298 1506/1532/1219 1507/1791/1459
f 1541/1615/1300 1542/1823/1486 1538/1779/1449
f 1519/1833/1495 1518/1720/1396 1627/1722/599
f 1413/1660/1342 1412/1602/1288 1553/1879/1537
f 1716/1669/1350 1602/1668/1349 1606/1739/1410
f 1725/1910/1563 1713/1889/1545 1635/1890/1546
f 1332/1469/1157 1373/1745/1415 1372/1908/1562
f 1535/1780/1450 1382/1803/1470 1438/1672/1353
f 1372/1908/1562 1319/1919/1316 1318/1873/1315
f 1560/1944/1504 1556/1894/1550 1558/1816/1481
f 1630/1821/1485 1631/1773/1443 1632/1933/1405
f 1558/1816/1481 1557/1819/1483 1739/1911/1564
f 1342/1945/1185 1343/1943/1218 1345/1553/1240
f 1569/1847/1507 1565/1495/1183 1567/1778/1448
f 1637/1861/1520 1636/1885/1542 1714/1825/1488
f 1516/1937/1582 1517/1871/1530 1518/1720/1396
f 1539/1866/1525 1536/1781/1450 1572/1853/1512
f 1747/1915/1567 1758/1891/1547 1533/1786/1454
f 1723/1807/1473 1724/1893/1549 1703/1506/1193
f 1576/1820/1484 1557/1819/1483 1554/1880/1538
f 1735/1906/1560 1733/1664/1345 1755/1923/1573
f 1473/1693/1372 1494/1593/1279 1495/1921/1571
f 1517/1871/1530 1516/1937/1582 1742/1864/1523
f 1594/1901/1555 1705/1900/1554 1704/1508/1195
f 1768/1946/1585 1773/2222/1837 1772/1947/1586
f 1777/1949/1588 1775/2073/1706 1774/1950/1589
f 2178/1952/1591 2177/2386/1978 2175/1953/1592
f 2098/1955/1594 2105/2322/1923 2104/1956/1595
f 1787/1958/1597 1788/2084/1716 1808/1959/1598
f 1803/1961/1600 1778/2100/1705 1802/1962/1601
f 1922/1964/1603 1916/2122/1750 1790/1965/1604
f 1809/1967/1606 1799/2220/1835 1794/1968/1607
f 1943/1969/1608 1892/2064/1697 1829/1970/1609
f 2006/1972/1611 2008/2371/1964 2007/1973/1612
f 1811/1975/1614 1785/2195/1666 1783/1976/1615
f 1930/1978/1616 1929/2321/1922 1928/1979/1617
f 2192/1981/1619 2179/1954/1593 1991/1982/1620
f 2144/1984/1193 2145/2219/1834 2031/1985/1622
f 1851/1987/1624 1855/2074/1707 1852/1988/1625
f 1890/1990/1627 1889/2165/1789 1857/1991/1628
f 1810/1993/1630 1807/2368/1599 1792/1994/1631
f 1798/1996/1633 1799/2220/1835 1931/1997/1634
f 1834/1999/1636 1844/2091/1723 1843/2000/1637
f 2030/1986/1623 2032/2309/1489 2053/2002/1639
f 1771/2004/1641 1770/2374/1966 1769/1948/1587
f 1800/2005/1642 1801/1963/1602 1784/2006/1643
f 1968/2008/1644 1946/2086/1718 1947/2009/1645
f 1841/2011/1647 1839/2401/1990 1840/2012/1648
f 1782/2014/1650 1776/1951/1590 1805/2015/1651
f 1907/2017/1653 1781/2192/1812 1782/2014/1650
f 2044/2019/1229 2115/2380/1972 2133/2020/1655
f 1883/2022/1657 1881/2161/1785 1847/2023/1658
f 1798/1996/1633 1925/1998/1635 1923/2024/1659
f 1801/1963/1602 1800/2005/1642 1765/2026/1661
f 1919/2027/1662 1850/2129/1757 1846/2028/1663
f 1791/1966/1605 1790/1965/1604 1786/2030/1665
f 1822/2032/1667 1880/2147/1772 1878/2033/1668
f 1806/2016/1652 1932/2127/1755 1913/2018/1654
f 1820/2035/1670 1829/1970/1609 1830/2036/1671
f 1774/1950/1589 1804/3817/1702 1805/2015/1651
f 1912/2038/1673 1908/2042/1677 1907/2017/1653
f 1763/2039/1674 1793/3818/1632 1795/2040/1675
f 1908/2042/1677 1912/2038/1673 1911/2043/1678
f 1865/2045/1680 1864/2098/1730 1861/2046/1681
f 1821/2048/1683 1828/2061/1694 1826/2049/1684
f 1764/2051/1686 1810/1993/1630 1793/1995/1632
f 1906/2053/1687 1939/2159/1783 1938/2054/1688
f 2042/2056/1269 2044/2019/1229 2055/2021/1656
f 1872/2058/1691 1871/2163/1787 1869/2059/1692
f 1828/2061/1694 1821/2048/1683 1819/2037/1672
f 1851/1987/1624 1849/2166/1790 1860/2062/1695
f 1892/2064/1697 1943/1969/1608 1927/2065/1698
f 1935/2066/1699 1936/2404/1993 1930/1978/1616
f 1820/2035/1670 1816/2078/1710 1900/2067/1700
f 1804/2069/1702 1815/2114/1744 1766/2070/1703
f 1777/1949/1588 1779/2157/1782 1778/2072/1705
f 1818/2034/1669 1821/2048/1683 1825/2050/1685
f 1855/2074/1707 1854/2133/1761 1853/2075/1708
f 1795/2040/1675 1793/3818/1632 1792/2076/1631
f 2102/1957/1596 2100/2310/1913 2097/2077/1709
f 1816/2078/1710 1820/2035/1670 1819/2037/1672
f 1832/2080/1712 1835/2092/1724 1834/1999/1636
f 1780/2082/1714 1781/2192/1812 1907/2017/1653
f 1789/2083/1715 1809/1967/1606 1808/1959/1598
f 2193/2085/1717 2170/2229/1844 1946/2086/1718
f 1982/2087/1719 2023/2305/1909 2198/2088/1720
f 1883/2022/1657 1885/2162/1786 1872/2058/1691
f 1844/2091/1723 1834/1999/1636 1835/2092/1724
f 1833/2094/1726 1836/2001/1638 1840/2012/1648
f 1874/2096/1728 1873/2090/1722 1866/2097/1729
f 1803/1961/1600 1815/2114/1744 1775/2099/1706
f 1937/2101/1731 1936/2404/1993 1915/2102/1732
f 1900/2067/1700 1934/2141/1767 1933/2103/1733
f 1759/2105/1735 1761/2201/1820 1762/2106/1736
f 2065/2108/1738 2066/2257/1871 2147/2109/1739
f 2067/2111/1741 2063/2188/1808 1954/2112/1742
f 1815/2114/1744 1803/1961/1600 1765/2026/1661
f 1972/2115/1745 1973/2206/1824 1961/2116/1746
f 1886/2118/1748 1888/2142/1768 1858/2119/1696
f 1901/2068/1701 1900/2067/1700 1897/2104/1734
f 1789/2083/1715 1790/1965/1604 1916/2122/1750
f 2135/2124/1752 2094/2415/1999 2096/2125/1753
f 1842/2013/1649 1840/2012/1648 1836/2001/1638
f 1828/2061/1694 1893/2136/1762 1895/2126/1754
f 1932/2127/1755 1806/2016/1652 1771/2004/1641
f 1850/2129/1757 1919/2027/1662 1920/2130/1758
f 1864/2098/1730 1866/2097/1729 1863/2132/1760
f 1854/2133/1761 1855/2074/1707 1856/2134/1629
f 1861/2046/1681 1863/2132/1760 1893/2136/1762
f 1829/1970/1609 1820/2035/1670 1901/2068/1701
f 1833/2094/1726 1888/2142/1768 1886/2118/1748
f 2020/2138/1764 1989/2226/1841 2174/2139/1765
f 1934/2141/1767 1911/2043/1678 1912/2038/1673
f 1888/2142/1768 1833/2094/1726 1838/2095/1727
f 2156/2143/1348 2157/2422/2004 2043/2144/1769
f 1817/2079/1711 1876/2177/1800 1877/2145/1770
f 1879/2146/1771 1841/2011/1647 1842/2013/1649
f 1905/2055/1689 1907/2017/1653 1908/2042/1677
f 2151/2148/1773 2149/2245/1860 2153/2149/1774
f 1882/2151/1776 1881/2161/1785 1874/2096/1728
f 1966/2153/1778 2075/2212/1828 2074/2154/1779
f 1855/2074/1707 1851/1987/1624 1858/2063/1696
f 1830/2036/1671 1891/2137/1763 1893/2136/1762
f 1906/2053/1687 1908/2042/1677 1910/2044/1679
f 1909/2156/1781 1910/2044/1679 1835/2092/1724
f 1811/1975/1614 1802/1977/1601 1778/2072/1705
f 1875/2152/1777 1874/2096/1728 1864/2098/1730
f 1922/2158/1603 1938/2054/1688 1939/2159/1783
f 1881/2161/1785 1883/2022/1657 1873/2090/1722
f 1885/2162/1786 1884/2176/1799 1871/2163/1787
f 1890/1990/1627 1838/2095/1727 1837/2164/1788
f 1849/2166/1790 1851/1987/1624 1848/1989/1626
f 1896/2128/1756 1898/2174/1797 1899/2121/1749
f 1888/2142/1768 1890/1990/1627 1856/1992/1629
f 1885/2162/1786 1883/2022/1657 1848/1989/1626
f 1895/2126/1754 1893/2136/1762 1863/2132/1760
f 1772/1947/1586 1898/2174/1797 1896/2128/1756
f 1831/2081/1713 1834/1999/1636 1836/2001/1638
f 1844/2091/1723 1876/2177/1800 1878/2033/1668
f 1891/2137/1763 1892/2064/1697 1862/2047/1682
f 1916/2122/1750 1917/2180/1803 1915/2102/1732
f 2056/2168/1792 2080/2421/2003 1969/2010/1646
f 2107/2169/1793 2111/2291/1896 2108/2170/938
f 1870/2060/1693 1869/2059/1692 1867/2172/1795
f 1903/2173/1796 1899/2121/1749 1898/2174/1797
f 1884/2176/1799 1885/2162/1786 1852/1988/1625
f 1876/2177/1800 1817/2079/1711 1818/2034/1669
f 1892/2064/1697 1891/2137/1763 1830/2036/1671
f 1826/2049/1684 1895/2126/1754 1894/2178/1801
f 1817/2079/1711 1819/2037/1672 1821/2048/1683
f 1917/2180/1803 1916/2122/1750 1922/1964/1603
f 1868/2167/1791 1867/2172/1795 1894/2178/1801
f 2024/2182/948 2048/2369/1962 2161/2183/1804
f 1831/2081/1713 1886/2118/1748 1887/2185/1805
f 1939/2159/1783 1906/2053/1687 1909/2156/1781
f 1953/2187/1807 1954/2112/1742 2063/2188/1808
f 1919/2027/1662 1917/2180/1803 1921/2181/1784
f 1832/2080/1712 1887/2185/1805 1940/2186/1806
f 1816/2078/1710 1877/2145/1770 1934/2141/1767
f 1914/2123/1751 1935/2066/1699 1809/1967/1606
f 1981/2190/1810 1982/2087/1719 2173/2089/1721
f 1781/2192/1812 1780/2082/1714 1779/2157/1782
f 1796/2041/1676 1795/2040/1675 1798/1996/1633
f 1953/2187/1807 1973/2206/1824 1972/2115/1745
f 1812/2194/1814 1791/2202/1605 1785/2195/1666
f 1959/2196/1815 2068/2281/963 2082/2197/1816
f 1942/2199/1818 1941/2223/1838 1923/2024/1659
f 1766/2070/1703 1762/2106/1736 1761/2201/1820
f 1924/2200/1819 1927/2065/1698 1943/1969/1608
f 1791/2202/1605 1812/2194/1814 1938/2054/1688
f 1964/2203/1821 2188/2399/1988 2189/2204/1822
f 1973/2206/1824 2084/2393/1984 2073/2207/1825
f 2127/2208/1826 2051/2403/1992 2038/2209/973
f 1815/2114/1744 1804/2069/1702 1774/2210/1589
f 1967/2211/1827 2079/2345/1944 2075/2212/1828
f 1824/2213/1829 1823/2285/1667 1822/2032/1667
f 1921/2160/1784 1939/2159/1783 1940/2186/1806
f 2163/2215/1830 2050/2293/1898 2047/2216/1831
f 2142/2218/1833 2143/2110/1740 2145/2219/1834
f 1905/2055/1689 1938/2054/1688 1812/2194/1814
f 1849/2166/1790 1850/2129/1757 1859/2131/1759
f 1887/2185/1805 1859/2373/1759 1920/2214/1758
f 1765/2026/1661 1764/2051/1686 1762/2106/1736
f 1799/2220/1835 1809/1967/1606 1935/2066/1699
f 1814/2221/1836 1941/2223/1838 1904/2175/1798
f 1941/2223/1838 1942/2199/1818 1903/2173/1796
f 1986/2224/1839 1988/2276/1886 1990/2225/1840
f 2168/2227/1842 2169/2191/1811 2171/2228/1843
f 2197/2230/1845 2176/2385/1977 1952/2193/1813
f 1942/2199/1818 1943/1969/1608 1902/1971/1610
f 1845/2093/1725 1835/2092/1724 1910/2044/1679
f 2005/2231/1846 2006/1972/1611 2004/1974/1613
f 1917/2180/1803 1919/2027/1662 1918/2029/1664
f 1880/2147/1772 1842/2013/1649 1843/2000/1637
f 2198/2088/1720 2023/2305/1909 2007/1973/1612
f 1882/2151/1776 1937/2101/1731 1918/2029/1664
f 2167/2234/1849 2054/2057/1690 2029/2235/1850
f 2141/2237/1852 2137/2397/1986 2059/2238/1853
f 1963/2205/1823 2189/2204/1822 2190/2240/1855
f 2197/2230/1845 1972/2115/1745 1956/2117/1747
f 2027/2243/1858 2028/2370/1963 2096/2125/1753
f 2149/2245/1860 2151/2148/1773 2150/2246/1861
f 1992/2248/1862 1988/2276/1886 1987/2249/1863
f 1933/2103/1733 1912/2038/1673 1913/2018/1654
f 1962/2241/1856 2190/2240/1855 2195/2251/1865
f 2129/2253/1867 2128/2408/1994 2122/2254/1868
f 2149/2245/1860 2071/2303/1907 2072/2256/1870
f 1797/2025/1660 1923/2024/1659 1941/2223/1838
f 1963/2205/1823 1966/2153/1778 1965/2155/1780
f 1925/1998/1635 1926/1980/1618 1924/2200/1819
f 2066/2257/1871 2065/2108/1738 2063/2188/1808
f 2187/2258/1872 2008/2371/1964 2009/2259/1873
f 1976/2261/1875 1978/2284/1893 1979/2262/1810
f 2179/1954/1593 2175/1953/1592 1990/2225/1840
f 2160/2264/1876 2136/2278/1888 2138/2184/1020
f 1974/2265/1877 1944/2273/1883 2172/2266/1878
f 1945/2268/1880 1944/2273/1883 1949/2269/1881
f 1970/2252/1866 1971/2198/1817 1967/2211/1827
f 1898/2174/1797 1772/1947/1586 1773/2222/1837
f 1966/2153/1778 1963/2205/1823 1962/2241/1856
f 1897/2104/1734 1933/2103/1733 1932/2127/1755
f 1769/1948/1587 1770/2374/1966 1767/2271/1704
f 1944/2273/1883 1974/2265/1877 1975/2274/1884
f 1799/2220/1835 1798/1996/1633 1795/2040/1675
f 1985/2275/1885 1987/2249/1863 1988/2276/1886
f 2081/2277/1887 2058/2398/1987 2136/2278/1888
f 2069/2279/1889 2071/2303/1907 2070/2280/1890
f 1866/2097/1729 1870/2060/1693 1868/2167/1791
f 2037/2282/1891 2151/2148/1773 2152/2150/1775
f 1978/2284/1893 1976/2261/1875 1823/2285/1667
f 2085/2286/1894 2164/2389/1980 2153/2287/1774
f 1989/2226/1841 2020/2138/1764 2019/2289/1895
f 2109/2290/1043 2108/2170/938 2111/2291/1896
f 2050/2293/1898 2163/2215/1830 2150/2246/1861
f 1884/2176/1799 2015/2378/1970 2011/2295/1900
f 2181/2296/1901 1999/2424/2005 2000/2297/1902
f 1801/1963/1602 1802/1962/1601 1783/2299/1615
f 2194/2300/1904 2017/2352/1951 1998/2301/1905
f 2148/2247/1055 2070/2280/1890 2071/2303/1907
f 1983/2304/1908 2022/2317/1918 2023/2305/1909
f 1928/1979/1617 1865/2045/1680 1862/2047/1682
f 2155/2306/1910 2157/2422/2004 2156/2143/1348
f 2130/2308/1912 2053/2002/1639 2032/2309/1489
f 2100/2310/1913 2102/1957/1596 2101/2311/1914
f 2062/2189/1809 2084/2393/1984 1973/2206/1824
f 1841/2011/1647 1879/2146/1771 2012/2313/1916
f 1960/2314/1917 1957/2419/2001 1956/2315/1747
f 2003/2232/1847 2004/1974/1613 2022/2317/1918
f 1948/2270/1882 1949/2269/1881 2061/2319/1920
f 1790/1965/1604 1789/2083/1715 1788/2084/1716
f 1937/2101/1731 1882/2151/1776 1875/2152/1777
f 1902/1971/1610 1901/2068/1701 1899/2121/1749
f 2170/2229/1844 2171/2228/1843 1945/2268/1880
f 2005/2231/1846 1869/2059/1692 1871/2163/1787
f 2105/2322/1923 2124/2342/1941 2126/2323/1924
f 2039/2324/1925 2037/2282/1891 2041/2283/1892
f 1837/2164/1788 1839/2401/1990 1987/2249/1863
f 2105/2322/1923 2098/1955/1594 2033/2326/1927
f 2019/2289/1895 2020/2138/1764 2000/2328/1902
f 2038/2209/973 2036/2294/1899 2037/2282/1891
f 1889/2165/1789 2018/2351/1950 2002/2330/1930
f 2016/2331/1931 2017/2352/1951 2009/2259/1873
f 2086/2333/1933 2087/2375/1967 2060/2239/1854
f 2089/2244/1859 2088/2361/1107 2026/2334/1080
f 2014/1983/1621 1991/1982/1620 1992/2248/1862
f 2025/2336/1935 2024/2182/948 2138/2184/1020
f 2045/2338/1937 2044/2019/1229 2042/2056/1269
f 1877/2145/1770 1845/2093/1725 1911/2043/1678
f 2116/2339/1938 2045/2338/1937 2046/2340/1939
f 2039/2324/1925 2107/2169/1793 2106/2171/1794
f 2124/2342/1941 2105/2322/1923 2034/2327/1928
f 1881/2161/1785 1882/2151/1776 1846/2028/1663
f 2050/2293/1898 2051/2403/1992 2046/2340/1939
f 2082/2197/1816 2083/2364/1959 2078/2344/1943
f 2181/2296/1901 2183/2420/2002 2182/2346/1945
f 2021/2318/1919 1894/2178/1801 1867/2172/1795
f 1980/2347/1946 1981/2190/1810 2169/2191/1811
f 2093/2348/1947 2094/2415/1999 2095/2349/1948
f 2018/2351/1950 2019/2289/1895 2001/2329/1929
f 2182/2346/1945 1958/2353/1952 1970/2252/1866
f 2191/2260/1874 2009/2259/1873 2017/2352/1951
f 1958/2353/1952 1959/2196/1815 1971/2198/1817
f 1769/1948/1587 1761/2272/1820 1759/2354/1735
f 2102/1957/1596 2104/1956/1595 2103/2355/1953
f 2120/2356/1954 2119/2409/1995 2118/2357/1533
f 1931/1997/1634 1930/1978/1616 1926/1980/1618
f 1947/2009/1645 1948/2270/1882 2057/2320/1921
f 2016/2331/1931 2015/2378/1970 1994/2359/1955
f 2088/2361/1107 2124/2342/1941 2049/2343/1942
f 2162/2362/1957 2163/2215/1830 2158/2217/1832
f 2159/2363/1958 2078/2344/1943 2083/2364/1959
f 2077/2365/1960 2075/2212/1828 2079/2345/1944
f 2171/2228/1843 2172/2266/1878 1944/2273/1883
f 1781/2192/1812 1777/1949/1588 1776/1951/1590
f 2040/2366/1926 2041/2406/1892 2052/2003/1640
f 2077/2365/1960 2155/2306/1910 2154/2307/1911
f 1800/2005/1642 1787/2007/1597 1807/2368/1599
f 2033/2326/1927 2032/2309/1489 2030/1986/1623
f 2048/2369/1962 2024/2182/948 2026/2334/1080
f 2186/2233/1848 2188/2399/1988 2199/2267/1879
f 2052/2003/1640 2165/2390/1981 2144/1984/1193
f 2054/2057/1690 2055/2021/1656 2028/2370/1963
f 2093/2348/1947 2091/2396/1985 2088/2361/1107
f 2008/2371/1964 2187/2258/1872 2186/2233/1848
f 2133/2020/1655 2096/2125/1753 2028/2370/1963
f 1889/2165/1789 1837/2164/1788 1985/2275/1885
f 1997/2372/1965 1999/2424/2005 1998/2301/1905
f 2192/1981/1619 2168/2227/1842 2170/2229/1844
f 1859/2373/1759 1887/2185/1805 1886/2118/1748
f 2156/2143/1348 2042/2056/1269 2054/2057/1690
f 1805/2015/1651 1804/3817/1702 1767/2271/1704
f 2065/2108/1738 2064/2392/1983 2062/2189/1809
f 2106/2171/1794 2108/2170/938 2129/2253/1867
f 1975/2274/1884 2086/2333/1933 2061/2319/1920
f 1869/2059/1692 2005/2231/1846 2003/2232/1847
f 2074/2154/1779 2076/2367/1961 2087/2375/1967
f 2014/1983/1621 1980/2347/1946 2168/2227/1842
f 1981/2190/1810 1980/2347/1946 1977/2263/1875
f 2127/2208/1826 2129/2253/1867 2121/2255/1869
f 1810/1993/1630 1764/2051/1686 1765/2026/1661
f 2053/2002/1639 2130/2308/1912 2114/2376/1968
f 2047/2216/1831 2046/2340/1939 2045/2338/1937
f 2117/2358/1535 2115/2380/1972 2116/2339/1938
f 2146/2377/1969 2145/2219/1834 2143/2110/1740
f 2023/2305/1909 2022/2317/1918 2004/1974/1613
f 2068/2281/963 2070/2280/1890 2083/2364/1959
f 2015/2378/1970 1884/2176/1799 1853/2075/1708
f 1988/2276/1886 1992/2248/1862 1991/1982/1620
f 2146/2377/1969 2161/2183/1804 2048/2369/1962
f 2115/2380/1972 2044/2019/1229 2045/2338/1937
f 2032/2309/1489 2033/2326/1927 2098/1955/1594
f 2131/2381/1973 2113/3819/1998 2112/2382/1974
f 1951/2384/1976 1952/2193/1813 2176/2385/1977
f 2178/1952/1591 2193/2085/1717 1968/2008/1644
f 1814/2221/1836 1813/2402/1991 1796/2041/1676
f 1779/2157/1782 1780/2082/1714 1812/2194/1814
f 2152/2388/1775 2153/2287/1774 2164/2389/1980
f 2141/2237/1852 2060/2239/1854 2087/2375/1967
f 2174/2139/1765 2175/1953/1592 2177/2386/1978
f 2064/2392/1983 2085/2286/1894 2084/2393/1984
f 1964/2203/1821 1965/2155/1780 1975/2274/1884
f 2180/2302/1906 2182/2346/1945 2195/2251/1865
f 2111/2291/1896 2107/2169/1793 2114/2394/1968
f 2091/2396/1985 2126/2323/1924 2124/2342/1941
f 2137/2397/1986 2136/2278/1888 2058/2398/1987
f 2187/2258/1872 2189/2204/1822 2188/2399/1988
f 1984/2400/1989 2021/2318/1919 2022/2317/1918
f 2132/2383/1975 2112/2382/1974 2114/2376/1968
f 1993/2250/1864 1987/2249/1863 1839/2401/1990
f 2006/1972/1611 2005/2231/1846 2011/2295/1900
f 2092/2350/1949 2090/2407/1144 2091/2396/1985
f 2169/2191/1811 2173/2089/1721 2172/2266/1878
f 2070/2280/1890 2148/2247/1055 2162/2362/1957
f 2076/2367/1961 2074/2154/1779 2075/2212/1828
f 2013/2335/1934 1992/2248/1862 1993/2250/1864
f 1813/2402/1991 1760/3820/1737 1763/2039/1674
f 2051/2403/1992 2127/2208/1826 2123/2341/1940
f 2107/2169/1793 2039/2324/1925 2040/2325/1926
f 1986/2224/1839 2019/2289/1895 2018/2351/1950
f 1936/2404/1993 1937/2101/1731 1929/2321/1922
f 2020/2138/1764 2196/2140/1766 2185/2405/1903
f 2100/2310/1913 2132/2383/1975 2130/2308/1912
f 2184/2242/1857 2185/2405/1903 2196/2140/1766
f 1850/2129/1757 1849/2166/1790 1847/2023/1658
f 2028/2370/1963 2027/2243/1858 2025/2336/1935
f 1760/2107/1737 1762/2106/1736 1764/2051/1686
f 2031/1985/1622 2035/2379/1971 2034/2327/1928
f 1873/2090/1722 1872/2058/1691 1870/2060/1693
f 2024/2182/948 2025/2336/1935 2027/2243/1858
f 2165/2390/1981 2052/2003/1640 2041/2406/1892
f 1977/2263/1875 2013/2335/1934 2012/2313/1916
f 2148/2247/1055 2150/2246/1861 2163/2215/1830
f 2143/2110/1740 2142/2218/1833 2064/2392/1983
f 2090/2407/1144 2125/2416/2000 2126/2323/1924
f 2161/2183/1804 2146/2377/1969 2147/2109/1739
f 2128/2408/1994 2129/2253/1867 2108/2170/938
f 2119/2409/1995 2120/2356/1954 2121/2255/1869
f 1996/2410/1996 1997/2372/1965 1995/2360/1956
f 2175/1953/1592 2174/2139/1765 1989/2226/1841
f 1954/2112/1742 1953/2187/1807 1952/2193/1813
f 2151/2148/1773 2037/2282/1891 2036/2294/1899
f 2099/2312/1915 2131/2381/1973 2132/2383/1975
f 2057/2320/1921 2061/2319/1920 2060/2239/1854
f 2086/2333/1933 1975/2274/1884 1965/2155/1780
f 2036/2294/1899 2038/2209/973 2051/2403/1992
f 2117/2358/1535 2118/2357/1533 2134/2411/1997
f 1996/2410/1996 1854/2133/1761 1857/2135/1628
f 2194/2300/1904 2195/2251/1865 2190/2240/1855
f 1955/2113/1743 1954/2112/1742 1951/2384/1976
f 2069/2279/1889 1960/2314/1917 1961/2316/1746
f 1838/2095/1727 1840/2012/1648 1839/2401/1990
f 2115/2380/1972 2117/2358/1535 2135/2124/1752
f 2110/2292/1897 2111/2291/1896 2112/2395/1974
f 2094/2415/1999 2135/2124/1752 2134/2411/1997
f 2104/1956/1595 2126/2323/1924 2125/2416/2000
f 1997/2372/1965 1996/2410/1996 2002/2412/1930
f 1971/2198/1817 2082/2197/1816 2079/2345/1944
f 2184/2418/1857 1956/2315/1747 1957/2419/2001
f 2015/2378/1970 2016/2331/1931 2010/2332/1932
f 2021/2318/1919 1984/2400/1989 1827/2179/1802
f 2080/2421/2003 2056/2168/1792 2058/2398/1987
f 2089/2244/1859 2096/2125/1753 2094/2415/1999
f 2029/2235/1850 2025/2336/1935 2139/2337/1936
f 2177/2386/1978 2178/1952/1591 1950/2387/1979
f 2154/2307/1911 2156/2143/1348 2167/2234/1849
f 1827/2179/1802 1824/2213/1829 1825/2050/1685
f 2183/2420/2002 2181/2296/1901 2185/2298/1903
f 1955/2113/1743 1969/2010/1646 2080/2421/2003
f 2136/2278/1888 2137/2397/1986 2139/2337/1936
f 2199/2267/1879 2172/2266/1878 2173/2089/1721
f 2142/2218/1833 2164/2389/1980 2085/2286/1894
f 2084/2393/1984 2085/2286/1894 2072/2288/1870
f 2049/2343/1942 2034/2327/1928 2035/2379/1971
f 2137/2397/1986 2141/2237/1852 2140/2236/1851
f 2166/2391/1982 2167/2234/1849 2140/2236/1851
f 2120/2356/1954 2116/2339/1938 2123/2341/1940
f 2191/2260/1874 2190/2240/1855 2189/2204/1822
f 1808/1959/1598 1794/1968/1607 1792/2076/1631
f 2066/2257/1871 2081/2277/1887 2160/2264/1876
f 2081/2277/1887 2066/2257/1871 2067/2111/1741
f 1929/2321/1922 1875/2152/1777 1865/2045/1680
f 2193/2085/1717 2178/1952/1591 2179/1954/1593
f 1969/2010/1646 1955/2113/1743 1950/2387/1979
f 1876/2177/1800 1844/2091/1723 1845/2093/1725
f 1823/2285/1667 1879/2146/1771 1880/2147/1772
f 2159/2363/1958 2158/2217/1832 2157/2422/2004
f 1806/2016/1652 1805/2015/1651 1770/2374/1966
f 1983/2304/1908 1979/2262/1810 1978/2284/1893
f 1984/2400/1989 1978/2284/1893 1824/2213/1829
f 1786/2030/1665 1788/2084/1716 1787/1958/1597
f 1926/1980/1618 1928/1979/1617 1927/2065/1698
f 2056/2168/1792 2057/2320/1921 2059/2238/1853
f 1948/2270/1882 1947/2009/1645 1946/2086/1718
f 1982/2087/1719 1981/2190/1810 1979/2262/1810
f 1960/2314/1917 2069/2279/1889 2068/2281/963
f 1854/2133/1761 1996/2410/1996 1994/2359/1955
f 2047/2216/1831 2043/2144/1769 2157/2422/2004
f 2166/2391/1982 2087/2375/1967 2076/2367/1961
f 1813/2402/1991 1814/2221/1836 1773/2222/1837
f 1976/2261/1875 2012/2313/1916 1879/2146/1771
f 1759/2354/1735 1760/3820/1737 1813/2402/1991
f 1999/2424/2005 1997/2372/1965 2001/2417/1929
f 2073/2413/1825 2072/2256/1870 2071/2303/1907
f 2180/2302/1906 1998/2301/1905 1999/2424/2005
f 1783/2425/1615 1785/2031/1666 1786/2030/1665
f 2008/2371/1964 2006/1972/1611 2010/2332/1932
f 2155/2306/1910 2077/2365/1960 2078/2344/1943
f 1959/2196/1815 1958/2353/1952 1957/2419/2001
f 2013/2335/1934 1977/2263/1875 1980/2347/1946
f 2188/2399/1988 1964/2203/1821 1974/2265/1877
f 2144/1984/1193 2165/2390/1981 2164/2389/1980
f 2017/2352/1951 2016/2331/1931 1995/2360/1956
f 2196/2140/1766 2174/2139/1765 2176/2385/1977
f 1936/2404/1993 1935/2066/1699 1914/2123/1751
f 2183/2420/2002 1957/2419/2001 1958/2353/1952
f 2145/2219/1834 2146/2377/1969 2035/2379/1971
f 2236/2426/2006 2235/2490/2069 2244/2427/2007
f 2245/2428/2008 2246/2430/2010 2237/2429/2009
f 2246/2430/2010 2247/2447/2027 2238/2431/2011
f 2275/2432/2012 2284/2555/2134 2285/2433/2013
f 2245/2428/2008 2244/2427/2007 2253/2435/2015
f 2311/2437/2017 2312/2472/2051 2303/2438/2018
f 2318/2440/2020 2309/2561/2139 2308/2441/2021
f 2314/2443/2023 2305/2595/2165 2764/2444/2024
f 2255/2446/2026 2256/2523/2102 2247/2447/2027
f 2206/2448/2028 2939/2557/2136 2930/2449/2029
f 2308/2441/2021 2309/2561/2139 2300/2451/2031
f 2316/2453/2033 2307/2590/2162 2306/2454/2034
f 2769/2456/2036 2224/2529/2108 2215/2457/2037
f 2237/2429/2009 2238/2431/2011 2229/2459/2039
f 2998/2461/2041 2942/3405/2170 3265/2462/2042
f 2328/2464/2043 2337/2504/2083 2338/2465/2044
f 2210/2467/2046 2937/2551/2130 2934/2468/2047
f 2321/2470/2049 2212/2479/2058 2211/2471/2050
f 2762/2473/2052 2763/3140/2654 2332/2474/2053
f 2239/2476/2055 2240/2495/2074 2231/2477/2056
f 2212/2479/2058 2321/2470/2049 2330/2480/2059
f 2213/2481/2060 2330/2480/2059 2339/2482/2061
f 2274/2484/2063 2265/2522/2101 2264/2485/2064
f 2325/2487/2066 2316/2453/2033 2315/2455/2035
f 2317/2442/2022 2326/2531/2110 2327/2489/2068
f 2235/2490/2069 2236/2426/2006 2227/2491/2070
f 2252/2493/2072 2261/2518/2097 2262/2494/2073
f 2240/2495/2074 2239/2476/2055 2248/2496/2075
f 3251/2498/2077 3254/2613/2179 2477/2499/2078
f 2293/2501/2080 2302/2439/2019 2303/2438/2018
f 2765/2445/2025 2762/2473/2052 2323/2475/2054
f 2323/2475/2054 2332/2474/2053 2333/2503/2082
f 2327/2489/2068 2336/2604/2171 2337/2504/2083
f 2213/2481/2060 2932/2602/2169 2931/2505/2084
f 2330/2480/2059 2321/2470/2049 2320/2506/2085
f 2252/2493/2072 2253/2435/2015 2244/2427/2007
f 2200/2508/2087 2202/2515/2094 2935/2509/2088
f 2236/2426/2006 2237/2429/2009 2228/2460/2040
f 2263/2511/2090 2272/2567/2144 2273/2486/2065
f 2929/2512/2091 2936/2516/2095 2203/2513/2092
f 2202/2515/2094 2203/2513/2092 2936/2516/2095
f 2254/2436/2016 2263/2511/2090 2264/2485/2064
f 2251/2517/2096 2260/2536/2115 2261/2518/2097
f 2361/2519/2098 3337/3789/2333 3349/2520/2099
f 2253/2435/2015 2262/2494/2073 2263/2511/2090
f 2255/2446/2026 2264/2485/2064 2265/2522/2101
f 2206/2448/2028 2267/2533/2112 2276/2434/2014
f 2290/2525/2104 2291/2581/2155 2282/2526/2105
f 2772/2528/2107 2233/2544/2123 2224/2529/2108
f 2325/2487/2066 2334/2633/2194 2335/2530/2109
f 2266/2532/2111 2275/2432/2012 2276/2434/2014
f 2767/2534/2113 2770/2545/2124 2269/2535/2114
f 2243/2507/2086 2244/2427/2007 2235/2490/2069
f 2480/2538/2117 2502/3821/2490 3212/2539/2118
f 2267/2533/2112 2258/3822/2679 2257/2541/2120
f 2260/2536/2115 2251/2517/2096 2766/2542/2121
f 2204/2514/2093 2203/2513/2092 2240/2495/2074
f 2242/2543/2122 2243/2507/2086 2234/2537/2116
f 2251/2517/2096 2252/2493/2072 2243/2507/2086
f 2321/2470/2049 2312/2472/2051 2311/2437/2017
f 2770/2545/2124 2771/2579/2153 2278/2546/2125
f 2246/2430/2010 2245/2428/2008 2254/2436/2016
f 2940/2547/2126 2207/2524/2103 2208/2548/2127
f 2256/2523/2102 2265/2522/2101 2266/2532/2111
f 2204/2514/2093 2205/2450/2030 2930/2449/2029
f 2210/2467/2046 2211/2471/2050 2938/2550/2129
f 2207/2524/2103 2276/2434/2014 2285/2433/2013
f 2211/2471/2050 2210/2467/2046 2303/2438/2018
f 2324/2488/2067 2315/2455/2035 2314/2443/2023
f 2287/2552/2131 2288/2565/2142 2279/2553/2132
f 2319/2554/2133 2328/2464/2043 2329/2466/2045
f 2293/2501/2080 2294/2502/2081 2285/2433/2013
f 2292/2556/2135 2301/2573/2147 2302/2439/2019
f 2939/2557/2136 2206/2448/2028 2207/2524/2103
f 3211/2558/2118 3224/3705/2668 2221/2559/2137
f 2319/2554/2133 2310/2572/2146 2309/2561/2139
f 2205/2450/2030 2258/3822/2679 2267/2533/2112
f 2247/2447/2027 2248/2496/2075 2239/2476/2055
f 3013/2562/2140 2957/3457/2664 3215/2563/2141
f 2288/2565/2142 2289/2580/2154 2280/2566/2143
f 2316/2453/2033 2325/2487/2066 2326/2531/2110
f 2272/2567/2144 2263/2511/2090 2262/2494/2073
f 2997/2569/2140 3238/3522/2041 3216/2570/2141
f 2310/2572/2146 2311/2437/2017 2302/2439/2019
f 2217/2574/2148 2216/2632/2164 2225/2575/2149
f 2760/2576/2150 2761/2605/2172 2296/2577/2151
f 2328/2464/2043 2319/2554/2133 2318/2440/2020
f 2287/2552/2131 2296/2577/2151 2297/2578/2152
f 2760/2576/2150 2287/2552/2131 2278/2546/2125
f 2289/2580/2154 2290/2525/2104 2281/2527/2106
f 2291/2581/2155 2300/2451/2031 2301/2573/2147
f 3227/2582/2156 2498/3699/2492 2497/2583/2157
f 2299/2452/2032 2290/2525/2104 2289/2580/2154
f 3228/2586/2156 3221/2593/2163 2217/2587/2148
f 2270/2589/2161 2279/2553/2132 2280/2566/2143
f 2271/2568/2145 2262/2494/2073 2261/2518/2097
f 2300/2451/2031 2291/2581/2155 2290/2525/2104
f 2285/2433/2013 2294/2502/2081 2209/2469/2048
f 2301/2573/2147 2300/2451/2031 2309/2561/2139
f 2307/2590/2162 2308/2441/2021 2299/2452/2032
f 2306/2454/2034 2307/2590/2162 2298/2585/2159
f 2269/2535/2114 2278/2546/2125 2279/2553/2132
f 2202/2515/2094 2200/2508/2087 2222/2591/2138
f 2303/2438/2018 2210/2467/2046 2209/2469/2048
f 2226/2492/2071 2227/2491/2070 2218/2592/2160
f 3221/2593/2163 3217/3709/2174 2216/2594/2164
f 2256/2523/2102 2257/2541/2120 2248/2496/2075
f 2272/2567/2144 2281/2527/2106 2282/2526/2105
f 2249/2497/2076 2258/3822/2679 2205/2450/2030
f 2297/2578/2152 2296/2577/2151 2305/2595/2165
f 2339/2482/2061 2330/2480/2059 2329/2466/2045
f 2220/2596/2166 2219/2598/2168 2228/2460/2040
f 2283/2597/2167 2274/2484/2063 2273/2486/2065
f 2257/2541/2120 2258/3822/2679 2249/2497/2076
f 2315/2455/2035 2306/2454/2034 2305/2595/2165
f 2281/2527/2106 2272/2567/2144 2271/2568/2145
f 2227/2491/2070 2228/2460/2040 2219/2598/2168
f 2291/2581/2155 2292/2556/2135 2283/2597/2167
f 2310/2572/2146 2319/2554/2133 2320/2506/2085
f 2231/2477/2056 2240/2495/2074 2203/2513/2092
f 2270/2589/2161 2261/2518/2097 2260/2536/2115
f 2238/2431/2011 2239/2476/2055 2230/2478/2057
f 3211/2558/2118 2222/2560/2138 2200/2599/2087
f 2230/2478/2057 2231/2477/2056 2222/2591/2138
f 2212/2479/2058 2931/2505/2084 2938/2550/2129
f 2288/2565/2142 2297/2578/2152 2298/2585/2159
f 2932/2602/2169 2213/2481/2060 2214/2483/2062
f 2265/2522/2101 2274/2484/2063 2275/2432/2012
f 2229/2459/2039 2230/2478/2057 2221/2601/2137
f 2326/2531/2110 2335/2530/2109 2336/2604/2171
f 2764/2444/2024 2305/2595/2165 2296/2577/2151
f 2495/2606/2173 3209/3713/2667 3218/2607/2174
f 3257/2609/2176 2334/3735/2194 2333/2610/2082
f 2274/2484/2063 2283/2597/2167 2284/2555/2134
f 2476/2612/2178 2477/2499/2078 3254/2613/2179
f 3259/2615/2181 3247/2618/2182 2214/2616/2062
f 3247/2618/2182 3265/3823/2042 2942/2619/2170
f 2317/2442/2022 2308/2441/2021 2307/2590/2162
f 3258/2620/2183 3250/2624/2177 2473/2621/2184
f 2472/2623/2186 2473/2621/2184 3250/2624/2177
f 2475/2626/2188 2476/2612/2178 3264/2614/2180
f 2233/2544/2123 2772/2528/2107 2773/2628/2190
f 2208/2548/2127 2209/2469/2048 2934/2468/2047
f 3219/2629/2191 2500/3700/2495 2499/2630/2192
f 2233/2544/2123 2234/2537/2116 2225/2575/2149
f 2766/2542/2121 2251/2517/2096 2242/2543/2122
f 2216/2632/2164 2215/2457/2037 2224/2529/2108
f 2234/2537/2116 2235/2490/2069 2226/2492/2071
f 2292/2556/2135 2293/2501/2080 2284/2555/2134
f 2324/2488/2067 2333/2503/2082 2334/2633/2194
f 2376/2634/2195 2385/2637/2198 2384/2635/2196
f 2385/2637/2198 2376/2634/2195 2377/2638/2199
f 2386/2639/2200 2377/2638/2199 2378/2640/2201
f 2425/2642/2203 2424/2756/2309 2415/2643/2204
f 2385/2637/2198 2394/2716/2273 2393/2645/2206
f 2451/2646/2207 2442/2758/2311 2443/2647/2208
f 2448/2649/2210 2449/2762/2314 2458/2650/2211
f 2778/2652/2213 2445/2796/2344 2454/2653/2214
f 2387/2641/2202 2396/2751/2304 2395/2655/2216
f 2944/2656/2217 2953/2760/2313 2345/2657/2218
f 2440/2659/2220 2449/2762/2314 2448/2649/2210
f 2446/2661/2222 2447/2788/2340 2456/2662/2223
f 2355/2664/2225 2364/2727/2281 2783/2665/2226
f 2377/2638/2199 2368/2710/2267 2369/2667/2228
f 2756/2668/2229 3298/2971/2504 3307/2669/2230
f 2478/2671/2079 2477/2704/2078 2468/2672/2232
f 2349/2674/2234 2348/2787/2339 2948/2675/2235
f 2350/2677/2237 2351/2685/2244 2461/2678/2238
f 2472/2679/2186 2774/3159/2657 2777/2680/2239
f 2371/2682/2241 2380/2699/2258 2379/2683/2242
f 2351/2685/2244 2352/2687/2246 2470/2686/2245
f 2352/2687/2246 2353/2804/2349 2479/2688/2247
f 2404/2689/2248 2405/2721/2275 2414/2690/2249
f 2455/2663/2224 2456/2662/2223 2465/2692/2251
f 2467/2694/2253 2466/2730/2283 2457/2651/2212
f 2375/2636/2197 2366/2790/2341 2367/2695/2254
f 2392/2696/2255 2393/2645/2206 2402/2697/2256
f 2380/2699/2258 2389/2795/2343 2388/2700/2259
f 2443/2647/2208 2442/2758/2311 2433/2701/2260
f 2779/2654/2215 2454/2653/2214 2463/2681/2240
f 2473/2703/2184 2472/2679/2186 2463/2681/2240
f 2477/2704/2078 2476/2807/2178 2467/2694/2253
f 2945/2705/2262 2946/2805/2350 2352/2687/2246
f 2470/2686/2245 2469/2673/2233 2460/2706/2263
f 2392/2696/2255 2383/2735/2288 2384/2635/2196
f 2340/2707/2264 2955/3824/2662 2949/2708/2265
f 2368/2710/2267 2377/2638/2199 2376/2634/2195
f 2403/2711/2268 2404/2689/2248 2413/2691/2250
f 2943/2713/2270 2343/2744/2297 2342/2714/2271
f 2341/2709/2266 2949/2708/2265 2950/2715/2272
f 2404/2689/2248 2403/2711/2268 2394/2716/2273
f 2401/2698/2257 2400/2743/2296 2391/2717/2274
f 2866/2718/1 3203/3619/1 3318/2719/1
f 2393/2645/2206 2394/2716/2273 2403/2711/2268
f 2395/2655/2216 2396/2751/2304 2405/2721/2275
f 2416/2644/2205 2407/2739/2292 2345/2657/2218
f 2430/2723/2277 2421/2778/2330 2422/2724/2278
f 2786/2726/2280 2783/2665/2226 2364/2727/2281
f 2475/2729/2188 2474/2811/2185 2465/2692/2251
f 2406/2731/2284 2407/2739/2292 2416/2644/2205
f 2781/2732/2285 2400/2743/2296 2409/2733/2286
f 2383/2735/2288 2374/2746/2299 2375/2636/2197
f 3351/2736/2289 3331/3620/2661 2810/2737/2290
f 2407/2739/2292 2406/2731/2284 2397/2740/2293
f 2780/2742/2295 2391/2717/2274 2400/2743/2296
f 2343/2744/2297 2389/2795/2343 2380/2699/2258
f 2382/2745/2298 2373/2728/2282 2374/2746/2299
f 2391/2717/2274 2382/2745/2298 2383/2735/2288
f 2451/2646/2207 2452/2648/2209 2461/2678/2238
f 2418/2747/2300 2785/2776/2328 2784/2734/2287
f 2386/2639/2200 2395/2655/2216 2394/2716/2273
f 2347/2748/2301 2346/2722/2276 2954/2749/2302
f 2406/2731/2284 2405/2721/2275 2396/2751/2304
f 2343/2744/2297 2943/2713/2270 2944/2656/2217
f 2952/2752/2305 2350/2677/2237 2349/2674/2234
f 2425/2642/2203 2416/2644/2205 2346/2722/2276
f 2443/2647/2208 2349/2674/2234 2350/2677/2237
f 2454/2653/2214 2455/2663/2224 2464/2693/2252
f 2419/2753/2306 2428/2767/2319 2427/2754/2307
f 2469/2673/2233 2468/2672/2232 2459/2755/2308
f 2425/2642/2203 2434/2702/2261 2433/2701/2260
f 2432/2757/2310 2433/2701/2260 2442/2758/2311
f 2953/2760/2313 2954/2749/2302 2346/2722/2276
f 3349/2520/2099 3336/3790/2354 2340/2761/2264
f 2449/2762/2314 2450/2769/2321 2459/2755/2308
f 2407/2739/2292 2398/2741/2294 2344/2658/2219
f 2387/2641/2202 2378/2640/2201 2379/2683/2242
f 2359/2763/2315 3347/2783/2335 3342/2764/2316
f 2420/2766/2318 2429/2777/2329 2428/2767/2319
f 2466/2730/2283 2465/2692/2251 2456/2662/2223
f 2402/2697/2256 2403/2711/2268 2412/2712/2269
f 2442/2758/2311 2451/2646/2207 2450/2769/2321
f 2357/2770/2322 2366/2790/2341 2365/2771/2323
f 2436/2773/2325 2776/3156/2656 2775/2774/2326
f 2458/2650/2211 2459/2755/2308 2468/2672/2232
f 2427/2754/2307 2428/2767/2319 2437/2775/2327
f 2418/2747/2300 2427/2754/2307 2775/2774/2326
f 2429/2777/2329 2420/2766/2318 2421/2778/2330
f 2431/2725/2279 2432/2757/2310 2441/2759/2312
f 2641/2779/2331 2642/3825/2644 3350/2780/2332
f 2429/2777/2329 2430/2723/2277 2439/2660/2221
f 3347/2783/2335 2359/2763/2315 2358/2784/2336
f 2410/2786/2338 2411/2768/2320 2420/2766/2318
f 2401/2698/2257 2402/2697/2256 2411/2768/2320
f 2430/2723/2277 2431/2725/2279 2440/2659/2220
f 2348/2787/2339 2434/2702/2261 2425/2642/2203
f 2441/2759/2312 2450/2769/2321 2449/2762/2314
f 2439/2660/2221 2448/2649/2210 2447/2788/2340
f 2438/2782/2334 2447/2788/2340 2446/2661/2222
f 2419/2753/2306 2418/2747/2300 2409/2733/2286
f 2341/2709/2266 2371/2682/2241 2362/2789/2100
f 2348/2787/2339 2349/2674/2234 2443/2647/2208
f 2366/2790/2341 2357/2770/2322 2358/2791/2336
f 2356/2792/2324 3343/3782/2348 3340/2793/2342
f 2388/2700/2259 2397/2740/2293 2396/2751/2304
f 2412/2712/2269 2413/2691/2250 2422/2724/2278
f 2389/2795/2343 2343/2744/2297 2344/2658/2219
f 2437/2775/2327 2446/2661/2222 2445/2796/2344
f 2469/2673/2233 2470/2686/2245 2479/2688/2247
f 2360/2797/2317 2369/2667/2228 2368/2710/2267
f 2413/2691/2250 2414/2690/2249 2423/2799/2345
f 2389/2795/2343 2398/2741/2294 2397/2740/2293
f 2445/2796/2344 2446/2661/2222 2455/2663/2224
f 2411/2768/2320 2412/2712/2269 2421/2778/2330
f 2367/2695/2254 2358/2791/2336 2359/2798/2315
f 2431/2725/2279 2422/2724/2278 2423/2799/2345
f 2450/2769/2321 2451/2646/2207 2460/2706/2263
f 2342/2714/2271 2380/2699/2258 2371/2682/2241
f 2400/2743/2296 2401/2698/2257 2410/2786/2338
f 2378/2640/2201 2369/2667/2228 2370/2684/2243
f 2636/2800/2346 2637/3780/2633 3339/2801/2347
f 2362/2789/2100 2371/2682/2241 2370/2684/2243
f 2952/2752/2305 2945/2705/2262 2351/2685/2244
f 2428/2767/2319 2429/2777/2329 2438/2782/2334
f 2353/2804/2349 2352/2687/2246 2946/2805/2350
f 2415/2643/2204 2414/2690/2249 2405/2721/2275
f 2369/2667/2228 2360/2797/2317 2361/2803/2098
f 2476/2807/2178 2475/2729/2188 2466/2730/2283
f 2778/2652/2213 2776/3156/2656 2436/2773/2325
f 2414/2690/2249 2415/2643/2204 2424/2756/2309
f 2447/2788/2340 2448/2649/2210 2457/2651/2212
f 2373/2728/2282 2382/2745/2298 2787/2808/2352
f 2347/2748/2301 2947/2750/2303 2948/2675/2235
f 3350/2780/2332 2642/3825/2644 2620/2809/2353
f 2373/2728/2282 2364/2727/2281 2365/2771/2323
f 2382/2745/2298 2391/2717/2274 2780/2742/2295
f 2356/2772/2324 2365/2771/2323 2364/2727/2281
f 2374/2746/2299 2365/2771/2323 2366/2790/2341
f 2424/2756/2309 2433/2701/2260 2432/2757/2310
f 2474/2811/2185 2473/2703/2184 2464/2693/2252
f 2516/2812/2355 2525/2815/2358 2524/2813/2356
f 2525/2815/2358 2516/2812/2355 2517/2816/2359
f 2526/2817/2360 2517/2816/2359 2518/2818/2361
f 2565/2820/2363 2564/2928/2469 2555/2821/2364
f 2525/2815/2358 2534/2894/2435 2533/2823/2366
f 2591/2824/2367 2582/2930/2471 2583/2825/2368
f 2588/2827/2370 2589/2933/2474 2598/2828/2371
f 2792/2830/2373 2585/2958/2494 2594/2831/2374
f 2527/2819/2362 2536/2923/2464 2535/2833/2376
f 2959/2834/2377 2968/2932/2473 2485/2835/2378
f 2580/2837/2380 2589/2933/2474 2588/2827/2370
f 2586/2839/2382 2587/2953/2489 2596/2840/2383
f 2495/2842/2173 2504/2902/2443 2797/2843/2385
f 2517/2816/2359 2508/2888/2429 2509/2845/2387
f 2618/2846/2388 2617/2882/2424 2608/2847/2389
f 2489/2849/2391 2488/2952/2488 2963/2850/2392
f 2490/2852/2394 2491/2860/2402 2601/2853/2395
f 2612/2854/2396 2791/3174/2659 2790/2855/2397
f 2511/2857/2399 2520/2874/2416 2519/2858/2400
f 2491/2860/2402 2492/2862/2404 2610/2861/2403
f 2492/2862/2404 2493/2963/2498 2619/2863/2405
f 2544/2864/2406 2545/2896/2437 2554/2865/2407
f 2595/2841/2384 2596/2840/2383 2605/2867/2409
f 2607/2869/2411 2606/2905/2446 2597/2829/2372
f 2515/2814/2357 2506/2955/2491 2507/2870/2412
f 2532/2871/2413 2533/2823/2366 2542/2872/2414
f 2520/2874/2416 2529/2957/2493 2528/2875/2417
f 2758/2876/2418 3310/2980/2502 3302/2877/2419
f 2583/2825/2368 2582/2930/2471 2573/2879/2421
f 2793/2832/2375 2594/2831/2374 2603/2856/2398
f 2613/2881/2423 2612/2854/2396 2603/2856/2398
f 2617/2882/2424 2616/2966/2501 2607/2869/2411
f 2960/2883/2425 2961/2964/2499 2492/2862/2404
f 2610/2861/2403 2609/2848/2390 2600/2884/2426
f 2532/2871/2413 2523/2910/2451 2524/2813/2356
f 2480/2885/2117 2957/3826/2664 2964/2886/2427
f 2508/2888/2429 2517/2816/2359 2516/2812/2355
f 2543/2889/2430 2544/2864/2406 2553/2866/2408
f 2958/2891/2432 2483/2916/2457 2482/2892/2433
f 2481/2887/2428 2964/2886/2427 2965/2893/2434
f 2544/2864/2406 2543/2889/2430 2534/2894/2435
f 2541/2873/2415 2540/2915/2456 2531/2895/2436
f 2533/2823/2366 2534/2894/2435 2543/2889/2430
f 2535/2833/2376 2536/2923/2464 2545/2896/2437
f 2556/2822/2365 2547/2911/2452 2485/2835/2378
f 2570/2898/2439 2561/2949/2485 2562/2899/2440
f 2800/2901/2442 2797/2843/2385 2504/2902/2443
f 2615/2904/2445 2614/2984/2514 2605/2867/2409
f 2546/2906/2447 2547/2911/2452 2556/2822/2365
f 2795/2907/2448 2540/2915/2456 2549/2908/2449
f 2523/2910/2451 2514/2918/2459 2515/2814/2357
f 2547/2911/2452 2546/2906/2447 2537/2912/2453
f 2794/2914/2455 2531/2895/2436 2540/2915/2456
f 2483/2916/2457 2529/2957/2493 2520/2874/2416
f 2522/2917/2458 2513/2903/2444 2514/2918/2459
f 2531/2895/2436 2522/2917/2458 2523/2910/2451
f 2591/2824/2367 2592/2826/2369 2601/2853/2395
f 2558/2919/2460 2799/2947/2483 2798/2909/2450
f 2526/2817/2360 2535/2833/2376 2534/2894/2435
f 2487/2920/2461 2486/2897/2438 2969/2921/2462
f 2546/2906/2447 2545/2896/2437 2536/2923/2464
f 2483/2916/2457 2958/2891/2432 2959/2834/2377
f 2967/2924/2465 2490/2852/2394 2489/2849/2391
f 2565/2820/2363 2556/2822/2365 2486/2897/2438
f 2583/2825/2368 2489/2849/2391 2490/2852/2394
f 2594/2831/2374 2595/2841/2384 2604/2868/2410
f 2559/2925/2466 2568/2935/2476 2567/2926/2467
f 2609/2848/2390 2608/2847/2389 2599/2927/2468
f 2565/2820/2363 2574/2880/2422 2573/2879/2421
f 2572/2929/2470 2573/2879/2421 2582/2930/2471
f 2968/2932/2473 2969/2921/2462 2486/2897/2438
f 2589/2933/2474 2590/2940/2478 2599/2927/2468
f 2547/2911/2452 2538/2913/2454 2484/2836/2379
f 2527/2819/2362 2518/2818/2361 2519/2858/2400
f 2560/2934/2475 2569/2948/2484 2568/2935/2476
f 2606/2905/2446 2605/2867/2409 2596/2840/2383
f 2542/2872/2414 2543/2889/2430 2552/2890/2431
f 2876/2937/1 2877/3330/1 2706/2938/1
f 2582/2930/2471 2591/2824/2367 2590/2940/2478
f 2497/2941/2157 2506/2955/2491 2505/2942/2479
f 2576/2944/2480 2789/3171/2658 2788/2945/2481
f 2598/2828/2371 2599/2927/2468 2608/2847/2389
f 2567/2926/2467 2568/2935/2476 2577/2946/2482
f 2558/2919/2460 2567/2926/2467 2788/2945/2481
f 2569/2948/2484 2560/2934/2475 2561/2949/2485
f 2571/2900/2441 2572/2929/2470 2581/2931/2472
f 2569/2948/2484 2570/2898/2439 2579/2838/2381
f 2550/2951/2487 2551/2936/2477 2560/2934/2475
f 2541/2873/2415 2542/2872/2414 2551/2936/2477
f 2570/2898/2439 2571/2900/2441 2580/2837/2380
f 2488/2952/2488 2574/2880/2422 2565/2820/2363
f 2581/2931/2472 2590/2940/2478 2589/2933/2474
f 2579/2838/2381 2588/2827/2370 2587/2953/2489
f 2578/2950/2486 2587/2953/2489 2586/2839/2382
f 2559/2925/2466 2558/2919/2460 2549/2908/2449
f 2481/2887/2428 2511/2857/2399 2502/2954/2490
f 2488/2952/2488 2489/2849/2391 2583/2825/2368
f 2506/2955/2491 2497/2941/2157 2498/2956/2492
f 2528/2875/2417 2537/2912/2453 2536/2923/2464
f 2552/2890/2431 2553/2866/2408 2562/2899/2440
f 2529/2957/2493 2483/2916/2457 2484/2836/2379
f 2577/2946/2482 2586/2839/2382 2585/2958/2494
f 2609/2848/2390 2610/2861/2403 2619/2863/2405
f 2500/2959/2495 2509/2845/2387 2508/2888/2429
f 2553/2866/2408 2554/2865/2407 2563/2961/2496
f 2529/2957/2493 2538/2913/2454 2537/2912/2453
f 2585/2958/2494 2586/2839/2382 2595/2841/2384
f 2551/2936/2477 2552/2890/2431 2561/2949/2485
f 2507/2870/2412 2498/2956/2492 2499/2960/2192
f 2571/2900/2441 2562/2899/2440 2563/2961/2496
f 2590/2940/2478 2591/2824/2367 2600/2884/2426
f 2482/2892/2433 2520/2874/2416 2511/2857/2399
f 2540/2915/2456 2541/2873/2415 2550/2951/2487
f 2518/2818/2361 2509/2845/2387 2510/2859/2401
f 2502/2954/2490 2511/2857/2399 2510/2859/2401
f 2967/2924/2465 2960/2883/2425 2491/2860/2402
f 2568/2935/2476 2569/2948/2484 2578/2950/2486
f 2493/2963/2498 2492/2862/2404 2961/2964/2499
f 2555/2821/2364 2554/2865/2407 2545/2896/2437
f 2509/2845/2387 2500/2959/2495 2501/2962/2497
f 2616/2966/2501 2615/2904/2445 2606/2905/2446
f 2792/2830/2373 2789/3171/2658 2576/2944/2480
f 2618/2967/2388 2619/3827/2405 3301/2968/2419
f 2554/2865/2407 2555/2821/2364 2564/2928/2469
f 2755/2970/2503 3306/3763/2676 3298/2971/2504
f 2752/2972/2505 3300/3762/2675 3312/2973/2506
f 2984/2975/2508 2633/3764/2564 3313/2976/2509
f 2587/2953/2489 2588/2827/2370 2597/2829/2372
f 3301/2968/2419 2619/3827/2405 2493/2978/2498
f 2757/2670/2231 3307/2669/2230 3310/2980/2502
f 2753/2974/2507 3312/2973/2506 3303/2981/2511
f 2513/2903/2444 2522/2917/2458 2801/2983/2513
f 2487/2920/2461 2962/2922/2463 2963/2850/2392
f 2513/2903/2444 2504/2902/2443 2505/2942/2479
f 2522/2917/2458 2531/2895/2436 2794/2914/2455
f 2496/2943/2175 2505/2942/2479 2504/2902/2443
f 2514/2918/2459 2505/2942/2479 2506/2955/2491
f 2564/2928/2469 2573/2879/2421 2572/2929/2470
f 2614/2984/2514 2613/2881/2423 2604/2868/2410
f 2656/2985/2515 2655/3046/2571 2664/2986/2516
f 2665/2987/2517 2666/2989/2519 2657/2988/2518
f 2666/2989/2519 2667/3006/2536 2658/2990/2520
f 2695/2991/2521 2704/3102/2623 2705/2992/2522
f 2665/2987/2517 2664/2986/2516 2673/2994/2524
f 2731/2996/2526 2732/3028/2555 2723/2997/2527
f 2738/2999/2529 2729/3105/2626 2728/3000/2530
f 2734/3002/2532 2725/3125/2646 2806/3003/2533
f 2675/3005/2535 2676/3073/2595 2667/3006/2536
f 2625/3007/2537 2982/3104/2625 2973/3008/2538
f 2728/3000/2530 2729/3105/2626 2720/3010/2540
f 2736/3012/2542 2727/3122/2643 2726/3013/2543
f 2811/3015/2545 2644/3079/2601 2635/3016/2291
f 2657/2988/2518 2658/2990/2520 2649/3018/2546
f 2748/3020/2548 2757/3057/2231 2758/3021/2418
f 2629/3023/2550 2980/3098/2619 2977/3024/2551
f 2741/3026/2553 2631/3035/2561 2630/3027/2554
f 2805/3029/2556 2802/3193/2660 2752/3030/2505
f 2659/3032/2558 2660/3051/2576 2651/3033/2559
f 2631/3035/2561 2741/3026/2553 2750/3036/2562
f 2632/3037/2563 2750/3036/2562 2759/3038/2420
f 2694/3040/2565 2685/3072/2594 2684/3041/2566
f 2745/3043/2568 2736/3012/2542 2735/3014/2544
f 2737/3001/2531 2746/3081/2602 2747/3045/2570
f 2655/3046/2571 2656/2985/2515 2647/3047/2572
f 2672/3049/2574 2681/3071/2593 2682/3050/2575
f 2660/3051/2576 2659/3032/2558 2668/3052/2577
f 2713/3054/2579 2722/2998/2528 2723/2997/2527
f 2807/3004/2534 2805/3029/2556 2743/3031/2557
f 2743/3031/2557 2752/3030/2505 2753/3056/2507
f 2747/3045/2570 2756/3132/2229 2757/3057/2231
f 2632/3037/2563 2975/3130/2650 2974/3058/2581
f 2750/3036/2562 2741/3026/2553 2740/3059/2582
f 2672/3049/2574 2673/2994/2524 2664/2986/2516
f 2620/3061/2353 2621/3068/2590 2978/3062/2584
f 2656/2985/2515 2657/2988/2518 2648/3019/2547
f 2683/3064/2586 2692/3108/2629 2693/3042/2567
f 2972/3065/2587 2979/3069/2591 2622/3066/2588
f 2621/3068/2590 2622/3066/2588 2979/3069/2591
f 2674/2995/2525 2683/3064/2586 2684/3041/2566
f 2671/3070/2592 2680/3086/2607 2681/3071/2593
f 2673/2994/2524 2682/3050/2575 2683/3064/2586
f 2675/3005/2535 2684/3041/2566 2685/3072/2594
f 2625/3007/2537 2687/3083/2604 2696/2993/2523
f 2710/3075/2597 2711/3119/2640 2702/3076/2598
f 2814/3078/2600 2653/3091/2612 2644/3079/2601
f 2745/3043/2568 2754/3136/2512 2755/3080/2503
f 2686/3082/2603 2695/2991/2521 2696/2993/2523
f 2809/3084/2605 2812/3092/2613 2689/3085/2606
f 2663/3060/2583 2664/2986/2516 2655/3046/2571
f 2687/3083/2604 2678/3828/2680 2677/3088/2609
f 2680/3086/2607 2671/3070/2592 2808/3089/2610
f 2623/3067/2589 2622/3066/2588 2660/3051/2576
f 2662/3090/2611 2663/3060/2583 2654/3087/2608
f 2671/3070/2592 2672/3049/2574 2663/3060/2583
f 2741/3026/2553 2732/3028/2555 2731/2996/2526
f 2812/3092/2613 2813/3117/2638 2698/3093/2614
f 2666/2989/2519 2665/2987/2517 2674/2995/2525
f 2983/3094/2615 2626/3074/2596 2627/3095/2616
f 2676/3073/2595 2685/3072/2594 2686/3082/2603
f 2623/3067/2589 2624/3009/2539 2973/3008/2538
f 2629/3023/2550 2630/3027/2554 2981/3097/2618
f 2626/3074/2596 2696/2993/2523 2705/2992/2522
f 2630/3027/2554 2629/3023/2550 2723/2997/2527
f 2744/3044/2569 2735/3014/2544 2734/3002/2532
f 2707/3099/2620 2708/3106/2627 2699/3100/2621
f 2739/3101/2622 2748/3020/2548 2749/3022/2549
f 2713/3054/2579 2714/3055/2580 2705/2992/2522
f 2712/3103/2624 2721/3111/2632 2722/2998/2528
f 2982/3104/2625 2625/3007/2537 2626/3074/2596
f 2739/3101/2622 2730/3110/2631 2729/3105/2626
f 2624/3009/2539 2678/3828/2680 2687/3083/2604
f 2667/3006/2536 2668/3052/2577 2659/3032/2558
f 2708/3106/2627 2709/3118/2639 2700/3107/2628
f 2736/3012/2542 2745/3043/2568 2746/3081/2602
f 2692/3108/2629 2683/3064/2586 2682/3050/2575
f 2730/3110/2631 2731/2996/2526 2722/2998/2528
f 2637/3112/2633 2636/3135/2346 2645/3113/2634
f 2803/3114/2635 2804/3133/2651 2716/3115/2636
f 2748/3020/2548 2739/3101/2622 2738/2999/2529
f 2707/3099/2620 2716/3115/2636 2717/3116/2637
f 2803/3114/2635 2707/3099/2620 2698/3093/2614
f 2709/3118/2639 2710/3075/2597 2701/3077/2599
f 2711/3119/2640 2720/3010/2540 2721/3111/2632
f 2719/3011/2541 2710/3075/2597 2709/3118/2639
f 2690/3121/2642 2699/3100/2621 2700/3107/2628
f 2691/3109/2630 2682/3050/2575 2681/3071/2593
f 2720/3010/2540 2711/3119/2640 2710/3075/2597
f 2705/2992/2522 2714/3055/2580 2628/3025/2552
f 2721/3111/2632 2720/3010/2540 2729/3105/2626
f 2727/3122/2643 2728/3000/2530 2719/3011/2541
f 2726/3013/2543 2727/3122/2643 2718/3120/2641
f 2689/3085/2606 2698/3093/2614 2699/3100/2621
f 2621/3068/2590 2620/3061/2353 2642/3123/2644
f 2723/2997/2527 2629/3023/2550 2628/3025/2552
f 2646/3048/2573 2647/3047/2572 2638/3124/2645
f 2676/3073/2595 2677/3088/2609 2668/3052/2577
f 2692/3108/2629 2701/3077/2599 2702/3076/2598
f 2669/3053/2578 2678/3828/2680 2624/3009/2539
f 2717/3116/2637 2716/3115/2636 2725/3125/2646
f 2759/3038/2420 2750/3036/2562 2749/3022/2549
f 2640/3126/2647 2639/3128/2649 2648/3019/2547
f 2703/3127/2648 2694/3040/2565 2693/3042/2567
f 2677/3088/2609 2678/3828/2680 2669/3053/2578
f 2735/3014/2544 2726/3013/2543 2725/3125/2646
f 2701/3077/2599 2692/3108/2629 2691/3109/2630
f 2647/3047/2572 2648/3019/2547 2639/3128/2649
f 2711/3119/2640 2712/3103/2624 2703/3127/2648
f 2730/3110/2631 2739/3101/2622 2740/3059/2582
f 2651/3033/2559 2660/3051/2576 2622/3066/2588
f 2690/3121/2642 2681/3071/2593 2680/3086/2607
f 2658/2990/2520 2659/3032/2558 2650/3034/2560
f 2650/3034/2560 2651/3033/2559 2642/3123/2644
f 2631/3035/2561 2974/3058/2581 2981/3097/2618
f 2708/3106/2627 2717/3116/2637 2718/3120/2641
f 2975/3130/2650 2632/3037/2563 2633/3039/2564
f 2685/3072/2594 2694/3040/2565 2695/2991/2521
f 2649/3018/2546 2650/3034/2560 2641/3129/2331
f 2746/3081/2602 2755/3080/2503 2756/3132/2229
f 2806/3003/2533 2725/3125/2646 2716/3115/2636
f 2694/3040/2565 2703/3127/2648 2704/3102/2623
f 2737/3001/2531 2728/3000/2530 2727/3122/2643
f 2653/3091/2612 2814/3078/2600 2815/3134/2652
f 2627/3095/2616 2628/3025/2552 2977/3024/2551
f 2653/3091/2612 2654/3087/2608 2645/3113/2634
f 2808/3089/2610 2671/3070/2592 2662/3090/2611
f 2636/3135/2346 2635/3016/2291 2644/3079/2601
f 2654/3087/2608 2655/3046/2571 2646/3048/2573
f 2712/3103/2624 2713/3054/2579 2704/3102/2623
f 2744/3044/2569 2753/3056/2507 2754/3136/2512
f 2478/2500/2079 2479/3829/2247 3260/3137/2653
f 3153/3138/1 3154/3148/1 2761/2605/2172
f 3155/3139/1 3156/3683/1 2763/3140/2654
f 3157/3141/1 3158/3149/1 2765/2445/2025
f 3159/3142/1 3160/3151/1 2767/2534/2113
f 3162/3143/1 2769/2456/2036 2768/2458/2038
f 3163/3145/1 3164/3150/1 2771/2579/2153
f 3166/3146/1 2773/2628/2190 2772/2528/2107
f 3157/3141/1 2764/2444/2024 2761/2605/2172
f 3158/3149/1 3155/3139/1 2762/2473/2052
f 3153/3138/1 2760/2576/2150 2771/2579/2153
f 3160/3151/1 3163/3145/1 2770/2545/2124
f 3165/3147/1 2772/2528/2107 2769/2456/2036
f 3166/3146/1 3159/3142/1 2766/2542/2121
f 3261/3152/2187 2332/3731/2053 2763/3153/2654
f 3169/3155/1 2775/2774/2326 2776/3156/2656
f 3170/3158/1 2777/2680/2239 2774/3159/2657
f 3172/3161/1 2778/2652/2213 2779/2654/2215
f 3174/3163/1 2780/2742/2295 2781/2732/2285
f 3175/3165/1 3176/3664/1 2782/2666/2227
f 3178/3166/1 2784/2734/2287 2785/2776/2328
f 3179/3168/1 3180/3169/1 2786/2726/2280
f 3172/3161/1 3168/3157/1 2776/3156/2656
f 3171/3162/1 2779/2654/2215 2777/2680/2239
f 3169/3155/1 3177/3167/1 2785/2776/2328
f 3173/3164/1 2781/2732/2285 2784/2734/2287
f 3180/3169/1 3175/3165/1 2783/2665/2226
f 3179/3168/1 2787/2808/2352 2780/2742/2295
f 3182/3170/1 2788/2945/2481 2789/3171/2658
f 3184/3173/1 2790/2855/2397 2791/3174/2659
f 3186/3176/1 2792/2830/2373 2793/2832/2375
f 3188/3178/1 2794/2914/2455 2795/2907/2448
f 3189/3180/1 3190/3650/1 2796/2844/2386
f 3192/3181/1 2798/2909/2450 2799/2947/2483
f 3193/3183/1 3194/3184/1 2800/2901/2442
f 3186/3176/1 3181/3172/1 2789/3171/2658
f 3185/3177/1 2793/2832/2375 2790/2855/2397
f 3182/3170/1 3191/3182/1 2799/2947/2483
f 3187/3179/1 2795/2907/2448 2798/2909/2450
f 3194/3184/1 3189/3180/1 2797/2843/2385
f 2390/3185/1 3236/3289/1 3231/3186/1
f 3193/3183/1 2801/2983/2513 2794/2914/2455
f 3138/3188/2041 3284/3770/2041 3285/3189/2041
f 3196/3191/1 3197/3201/1 2804/3133/2651
f 3198/3192/1 3195/3633/1 2802/3193/2660
f 3199/3194/1 3200/3202/1 2807/3004/2534
f 3201/3195/1 3202/3204/1 2809/3084/2605
f 3204/3196/1 2811/3015/2545 2810/3017/2290
f 3205/3198/1 3206/3203/1 2813/3117/2638
f 3208/3199/1 2815/3134/2652 2814/3078/2600
f 3199/3194/1 2806/3003/2533 2804/3133/2651
f 3200/3202/1 3198/3192/1 2805/3029/2556
f 3196/3191/1 2803/3114/2635 2813/3117/2638
f 3202/3204/1 3205/3198/1 2812/3092/2613
f 3207/3200/1 2814/3078/2600 2811/3015/2545
f 3208/3199/1 3201/3195/1 2808/3089/2610
f 2751/3208/1 2742/3228/1 2817/3209/1
f 2733/3211/1 2724/3235/1 2819/3212/1
f 2715/2939/1 2706/2938/1 2821/3214/1
f 2697/3216/1 2688/3230/1 2823/3217/1
f 2670/3219/1 2825/3231/1 2824/3220/1
f 2661/3222/1 2652/3229/1 2827/3223/1
f 2634/3225/1 2829/3232/1 2828/3226/1
f 2715/2939/1 2820/3215/1 2817/3209/1
f 2706/2938/1 2733/3211/1 2818/3213/1
f 2751/3208/1 2816/3210/1 2827/3223/1
f 2688/3230/1 2661/3222/1 2826/3224/1
f 2643/3227/1 2828/3226/1 2825/3231/1
f 2634/3225/1 2697/3216/1 2822/3218/1
f 2875/3233/1 3270/3742/1 3272/3234/1
f 2593/3236/1 2831/3259/1 2832/3237/1
f 2584/3239/1 2833/3258/1 2830/3240/1
f 2566/3242/1 2834/3257/1 2835/3243/1
f 2548/3245/1 2836/3262/1 2837/3246/1
f 2539/3248/1 2530/3345/1 2838/3249/1
f 2512/3251/1 2840/3260/1 2841/3252/1
f 2503/3254/1 2494/3261/1 2842/3255/1
f 2566/3242/1 2602/3238/1 2832/3237/1
f 2575/3244/1 2835/3243/1 2833/3258/1
f 2593/3236/1 2521/3253/1 2841/3252/1
f 2557/3247/1 2837/3246/1 2840/3260/1
f 2494/3261/1 2539/3248/1 2839/3250/1
f 2503/3254/1 2843/3256/1 2836/3262/1
f 2462/3263/1 2844/3285/1 2845/3264/1
f 2444/3266/1 2846/3284/1 2847/3267/1
f 2426/3269/1 2848/3283/1 2849/3270/1
f 2408/3272/1 2850/3290/1 2851/3273/1
f 2399/3275/1 2390/3185/1 2852/3187/1
f 2372/3277/1 2854/3286/1 2855/3278/1
f 2363/3280/1 2354/3287/1 2856/3281/1
f 2426/3269/1 2471/3265/1 2845/3264/1
f 2435/3271/1 2849/3270/1 2846/3284/1
f 2462/3263/1 2381/3279/1 2855/3278/1
f 2417/3274/1 2851/3273/1 2854/3286/1
f 2354/3287/1 2399/3275/1 2853/3276/1
f 2908/3288/1 3234/3712/1 3236/3289/1
f 2363/3280/1 2857/3282/1 2850/3290/1
f 3314/2979/2509 2493/2978/2498 2970/3291/2500
f 2322/3293/1 2313/3314/1 2860/3294/1
f 2304/3296/1 2331/3369/1 2858/3297/1
f 2295/3299/1 2286/3315/1 2863/3300/1
f 2277/3302/1 2268/3317/1 2865/3303/1
f 2250/3305/1 2867/3318/1 2866/3306/1
f 2241/3308/1 2232/3316/1 2869/3309/1
f 2928/3311/1 2871/3322/1 2870/3312/1
f 2295/3299/1 2862/3301/1 2860/3294/1
f 2286/3315/1 2304/3296/1 2861/3298/1
f 2322/3293/1 2859/3295/1 2869/3309/1
f 2268/3317/1 2241/3308/1 2868/3310/1
f 2223/3313/1 2870/3312/1 2867/3318/1
f 3352/3319/2289 2355/3783/2225 2782/3320/2227
f 2928/3311/1 2277/3302/1 2864/3304/1
f 2878/3323/1 2879/3333/1 2688/3230/1
f 2881/3324/1 2670/3219/1 2679/3221/1
f 2882/3326/1 2883/3332/1 2652/3229/1
f 2885/3327/1 2634/3225/1 2643/3227/1
f 2876/2937/1 2715/2939/1 2742/3228/1
f 2877/3330/1 2874/3383/1 2733/3211/1
f 2872/3331/1 2751/3208/1 2652/3229/1
f 2879/3333/1 2882/3326/1 2661/3222/1
f 2884/3328/1 2643/3227/1 2670/3219/1
f 2885/3327/1 2878/3323/1 2697/3216/1
f 3054/3334/2041 2998/2461/2041 3273/2463/2041
f 2887/3336/1 2593/3236/1 2602/3238/1
f 2889/3338/1 2584/3239/1 2611/3241/1
f 2890/3340/1 2566/3242/1 2575/3244/1
f 2892/3342/1 2548/3245/1 2557/3247/1
f 2895/3344/1 2894/3381/1 2530/3345/1
f 2896/3346/1 2512/3251/1 2521/3253/1
f 2899/3348/1 2898/3349/1 2494/3261/1
f 2890/3340/1 2888/3337/1 2602/3238/1
f 2891/3341/1 2575/3244/1 2584/3239/1
f 2887/3336/1 2897/3347/1 2521/3253/1
f 2893/3343/1 2557/3247/1 2512/3251/1
f 2898/3349/1 2895/3344/1 2539/3248/1
f 2899/3348/1 2503/3254/1 2548/3245/1
f 2900/3350/1 2462/3263/1 2471/3265/1
f 2902/3352/1 2444/3266/1 2453/3268/1
f 2904/3354/1 2426/3269/1 2435/3271/1
f 2906/3356/1 2408/3272/1 2417/3274/1
f 2909/3358/1 2908/3288/1 2390/3185/1
f 2910/3359/1 2372/3277/1 2381/3279/1
f 2913/3361/1 2912/3362/1 2354/3287/1
f 2904/3354/1 2901/3351/1 2471/3265/1
f 2905/3355/1 2435/3271/1 2444/3266/1
f 2900/3350/1 2911/3360/1 2381/3279/1
f 2907/3357/1 2417/3274/1 2372/3277/1
f 2912/3362/1 2909/3358/1 2399/3275/1
f 3069/3363/2041 3013/2562/2140 3237/2564/2041
f 2913/3361/1 2363/3280/1 2408/3272/1
f 2453/3268/1 2847/3267/1 3293/3365/1
f 2915/3367/1 2916/3377/1 2313/3314/1
f 2917/3368/1 2914/3746/1 2331/3369/1
f 2918/3370/1 2919/3378/1 2286/3315/1
f 2920/3371/1 2921/3380/1 2268/3317/1
f 2923/3372/1 2250/3305/1 2259/3307/1
f 2924/3374/1 2925/3379/1 2232/3316/1
f 2927/3375/1 2928/3311/1 2223/3313/1
f 2918/3370/1 2295/3299/1 2313/3314/1
f 2919/3378/1 2917/3368/1 2304/3296/1
f 2915/3367/1 2322/3293/1 2232/3316/1
f 2921/3380/1 2924/3374/1 2241/3308/1
f 2926/3376/1 2223/3313/1 2250/3305/1
f 2894/3381/1 3328/3794/1 3325/3382/1
f 2927/3375/1 2920/3371/1 2277/3302/1
f 2874/3383/1 2875/3233/1 2724/3235/1
f 2872/3331/1 2873/3329/1 2742/3228/1
f 2985/3384/2041 2929/3407/2091 2930/3385/2029
f 2987/3387/2041 2931/3408/2084 2932/3388/2169
f 2990/3390/2041 2989/3406/2041 2933/3391/2128
f 2992/3393/2041 2991/3402/2041 2935/3394/2088
f 2993/3396/2041 2937/3403/2130 2938/3397/2129
f 2995/3399/2041 2939/3404/2136 2940/3400/2126
f 2991/3402/2041 2997/2569/2140 2941/2571/2089
f 2990/3390/2041 2934/3392/2047 2937/3403/2130
f 2986/3386/2041 2930/3385/2029 2939/3404/2136
f 2988/3389/2041 2932/3388/2169 2942/3405/2170
f 2996/3401/2041 2940/3400/2126 2933/3391/2128
f 2985/3384/2041 2992/3393/2041 2936/3395/2095
f 2994/3398/2041 2938/3397/2129 2931/3408/2084
f 2999/3409/2041 3000/3430/2041 2944/3410/2217
f 3001/3412/2041 3002/3431/2041 2946/3413/2350
f 3004/3415/2041 2948/3429/2235 2947/3416/2303
f 3006/3418/2041 2950/3436/2272 2949/3419/2265
f 3007/3421/2041 3008/3437/2041 2952/3422/2305
f 3009/3424/2041 3010/3433/2041 2954/3425/2302
f 3005/3420/2041 2949/3419/2265 2955/3427/2662
f 3004/3415/2041 3007/3421/2041 2951/3423/2236
f 3000/3430/2041 3009/3424/2041 2953/3426/2313
f 3002/3431/2041 3012/3434/2041 2956/3432/2351
f 3010/3433/2041 3003/3417/2041 2947/3416/2303
f 3012/3434/2041 3274/3519/2041 3266/3435/2663
f 2999/3409/2041 2943/3411/2270 2950/3436/2272
f 3008/3437/2041 3001/3412/2041 2945/3414/2262
f 2941/3438/2089 3216/3714/2141 3226/2600/2119
f 3014/3439/2041 3015/3459/2041 2959/3440/2377
f 3016/3442/2041 3017/3460/2041 2961/3443/2499
f 3019/3445/2041 2963/3458/2392 2962/3446/2463
f 3021/3448/2041 2965/3463/2434 2964/3449/2427
f 3022/3451/2041 3023/3464/2041 2967/3452/2465
f 3024/3454/2041 3025/3462/2041 2969/3455/2462
f 3020/3450/2041 2964/3449/2427 2957/3457/2664
f 3019/3445/2041 3022/3451/2041 2966/3453/2393
f 3015/3459/2041 3024/3454/2041 2968/3456/2473
f 3017/3460/2041 3026/3533/2041 2970/3461/2500
f 3025/3462/2041 3018/3447/2041 2962/3446/2463
f 3014/3439/2041 2958/3441/2432 2965/3463/2434
f 3023/3464/2041 3016/3442/2041 2960/3444/2425
f 2530/3345/1 3325/3382/1 3330/3465/1
f 3028/3466/2041 2972/3492/2587 2973/3467/2538
f 3030/3469/2041 2974/3493/2581 2975/3470/2650
f 3033/3472/2041 3032/3490/2041 2976/3473/2617
f 3035/3475/2041 3034/3484/2041 2978/3476/2584
f 3036/3478/2041 2980/3486/2619 2981/3479/2618
f 3038/3481/2041 2982/3487/2625 2983/3482/2615
f 3034/3484/2041 3027/3538/2041 2971/3485/2585
f 3033/3472/2041 2977/3474/2551 2980/3486/2619
f 3029/3468/2041 2973/3467/2538 2982/3487/2625
f 3031/3471/2041 2975/3470/2650 2984/3488/2508
f 3039/3483/2041 2983/3482/2615 2976/3473/2617
f 2331/3369/1 3289/3747/1 3294/3491/1
f 3028/3466/2041 3035/3475/2041 2979/3477/2591
f 3037/3480/2041 2981/3479/2618 2974/3493/2581
f 3041/3494/2041 2985/3384/2041 2986/3386/2041
f 3043/3496/2041 2987/3387/2041 2988/3389/2041
f 3046/3498/2041 3045/3505/2041 2989/3406/2041
f 3048/3499/2041 3047/3504/2041 2991/3402/2041
f 3049/3500/2041 2993/3396/2041 2994/3398/2041
f 3051/3502/2041 2995/3399/2041 2996/3401/2041
f 3047/3504/2041 3053/3521/2041 2997/2569/2140
f 3046/3498/2041 2990/3390/2041 2993/3396/2041
f 3042/3495/2041 2986/3386/2041 2995/3399/2041
f 3044/3497/2041 2988/3389/2041 2998/2461/2041
f 3052/3503/2041 2996/3401/2041 2989/3406/2041
f 3041/3494/2041 3048/3499/2041 2992/3393/2041
f 3050/3501/2041 2994/3398/2041 2987/3387/2041
f 3055/3506/2041 3056/3515/2041 3000/3430/2041
f 3057/3507/2041 3058/3516/2041 3002/3431/2041
f 3060/3508/2041 3004/3415/2041 3003/3417/2041
f 3062/3510/2041 3006/3418/2041 3005/3420/2041
f 3063/3512/2041 3064/3520/2041 3008/3437/2041
f 3065/3513/2041 3066/3517/2041 3010/3433/2041
f 3061/3511/2041 3005/3420/2041 3011/3428/2041
f 3060/3508/2041 3063/3512/2041 3007/3421/2041
f 3056/3515/2041 3065/3513/2041 3009/3424/2041
f 3058/3516/2041 3068/3518/2041 3012/3434/2041
f 3066/3517/2041 3059/3509/2041 3003/3417/2041
f 3068/3518/2041 3276/3578/2041 3274/3519/2041
f 3055/3506/2041 2999/3409/2041 3006/3418/2041
f 3064/3520/2041 3057/3507/2041 3001/3412/2041
f 3053/3521/2041 3240/3581/2041 3238/3522/2041
f 3070/3523/2041 3071/3531/2041 3015/3459/2041
f 3072/3524/2041 3073/3532/2041 3017/3460/2041
f 3075/3525/2041 3019/3445/2041 3018/3447/2041
f 3077/3527/2041 3021/3448/2041 3020/3450/2041
f 3078/3529/2041 3079/3535/2041 3023/3464/2041
f 3080/3530/2041 3081/3534/2041 3025/3462/2041
f 3076/3528/2041 3020/3450/2041 3013/2562/2140
f 3075/3525/2041 3078/3529/2041 3022/3451/2041
f 3071/3531/2041 3080/3530/2041 3024/3454/2041
f 3073/3532/2041 3082/3190/2041 3026/3533/2041
f 3081/3534/2041 3074/3526/2041 3018/3447/2041
f 3070/3523/2041 3014/3439/2041 3021/3448/2041
f 3079/3535/2041 3072/3524/2041 3016/3442/2041
f 3083/3536/2041 3321/3615/2041 3324/3537/2041
f 3084/3539/2041 3028/3466/2041 3029/3468/2041
f 3086/3541/2041 3030/3469/2041 3031/3471/2041
f 3089/3543/2041 3088/3551/2041 3032/3490/2041
f 3091/3544/2041 3090/3549/2041 3034/3484/2041
f 3092/3545/2041 3036/3478/2041 3037/3480/2041
f 3094/3547/2041 3038/3481/2041 3039/3483/2041
f 3090/3549/2041 3083/3536/2041 3027/3538/2041
f 3089/3543/2041 3033/3472/2041 3036/3478/2041
f 3085/3540/2041 3029/3468/2041 3038/3481/2041
f 3087/3542/2041 3031/3471/2041 3040/3489/2041
f 3095/3548/2041 3039/3483/2041 3032/3490/2041
f 3026/3533/2041 3287/3610/2041 3296/3552/2510
f 3084/3539/2041 3091/3544/2041 3035/3475/2041
f 3093/3546/2041 3037/3480/2041 3030/3469/2041
f 3097/3553/2041 3041/3494/2041 3042/3495/2041
f 3099/3555/2041 3043/3496/2041 3044/3497/2041
f 3102/3557/2041 3101/3565/2041 3045/3505/2041
f 3104/3558/2041 3103/3563/2041 3047/3504/2041
f 3105/3559/2041 3049/3500/2041 3050/3501/2041
f 3107/3561/2041 3051/3502/2041 3052/3503/2041
f 3103/3563/2041 3109/3580/2041 3053/3521/2041
f 3102/3557/2041 3046/3498/2041 3049/3500/2041
f 3098/3554/2041 3042/3495/2041 3051/3502/2041
f 3100/3556/2041 3044/3497/2041 3054/3334/2041
f 3108/3562/2041 3052/3503/2041 3045/3505/2041
f 3097/3553/2041 3104/3558/2041 3048/3499/2041
f 3106/3560/2041 3050/3501/2041 3043/3496/2041
f 3111/3566/2041 3112/3574/2041 3056/3515/2041
f 3113/3567/2041 3114/3575/2041 3058/3516/2041
f 3116/3568/2041 3060/3508/2041 3059/3509/2041
f 3118/3570/2041 3062/3510/2041 3061/3511/2041
f 3119/3572/2041 3120/3579/2041 3064/3520/2041
f 3121/3573/2041 3122/3576/2041 3066/3517/2041
f 3117/3571/2041 3061/3511/2041 3067/3514/2041
f 3116/3568/2041 3119/3572/2041 3063/3512/2041
f 3112/3574/2041 3121/3573/2041 3065/3513/2041
f 3114/3575/2041 3124/3577/2041 3068/3518/2041
f 3122/3576/2041 3115/3569/2041 3059/3509/2041
f 3124/3577/2041 3278/3741/2041 3276/3578/2041
f 3111/3566/2041 3055/3506/2041 3062/3510/2041
f 3120/3579/2041 3113/3567/2041 3057/3507/2041
f 3109/3580/2041 3242/3711/2041 3240/3581/2041
f 3126/3582/2041 3127/3591/2041 3071/3531/2041
f 3128/3583/2041 3129/3592/2041 3073/3532/2041
f 3131/3584/2041 3075/3525/2041 3074/3526/2041
f 3133/3586/2041 3077/3527/2041 3076/3528/2041
f 3134/3588/2041 3135/3594/2041 3079/3535/2041
f 3136/3589/2041 3137/3593/2041 3081/3534/2041
f 3132/3587/2041 3076/3528/2041 3069/3363/2041
f 3131/3584/2041 3134/3588/2041 3078/3529/2041
f 3127/3591/2041 3136/3589/2041 3080/3530/2041
f 3129/3592/2041 3138/3188/2041 3082/3190/2041
f 3137/3593/2041 3130/3585/2041 3074/3526/2041
f 3126/3582/2041 3070/3523/2041 3077/3527/2041
f 3135/3594/2041 3128/3583/2041 3072/3524/2041
f 3067/3514/2041 3011/3428/2041 3323/3595/2041
f 3140/3597/2041 3084/3539/2041 3085/3540/2041
f 3142/3599/2041 3086/3541/2041 3087/3542/2041
f 3145/3601/2041 3144/3609/2041 3088/3551/2041
f 3147/3602/2041 3146/3607/2041 3090/3549/2041
f 3148/3603/2041 3092/3545/2041 3093/3546/2041
f 3150/3605/2041 3094/3547/2041 3095/3548/2041
f 3146/3607/2041 3139/3614/2041 3083/3536/2041
f 3145/3601/2041 3089/3543/2041 3092/3545/2041
f 3141/3598/2041 3085/3540/2041 3094/3547/2041
f 3143/3600/2041 3087/3542/2041 3096/3550/2041
f 3151/3606/2041 3095/3548/2041 3088/3551/2041
f 3082/3190/2041 3285/3189/2041 3287/3610/2041
f 3140/3597/2041 3147/3602/2041 3091/3544/2041
f 3149/3604/2041 3093/3546/2041 3086/3541/2041
f 3195/3611/1 3282/3635/1 3315/3612/2665
f 3139/3614/2041 3320/3795/2140 3321/3615/2041
f 3152/3608/2041 3096/3550/2041 3286/3616/2041
f 2871/3618/1 2864/3631/1 3201/3195/1
f 3203/3619/1 2810/2737/2290 3331/3620/2661
f 2870/3621/1 3207/3200/1 3204/3196/1
f 2865/3623/1 2868/3629/1 3205/3198/1
f 2859/3624/1 3196/3191/1 3206/3203/1
f 2863/3626/1 2861/3632/1 3198/3192/1
f 2862/3627/1 3199/3194/1 3197/3201/1
f 2871/3618/1 3208/3199/1 3207/3200/1
f 2868/3629/1 2869/3625/1 3206/3203/1
f 2867/3622/1 3204/3196/1 3203/3197/1
f 2864/3631/1 2865/3623/1 3202/3204/1
f 2862/3627/1 2863/3626/1 3200/3202/1
f 2861/3632/1 2858/3830/1 3195/3633/1
f 2859/3624/1 2860/3628/1 3197/3201/1
f 2858/3634/1 3294/3767/1 3282/3635/1
f 2857/3636/1 3193/3183/1 3188/3178/1
f 2852/3638/1 3231/3710/1 3244/3639/1
f 2856/3641/1 2853/3649/1 3189/3180/1
f 2851/3642/1 3187/3179/1 3192/3181/1
f 2844/3644/1 2855/3648/1 3191/3182/1
f 2849/3645/1 3185/3177/1 3184/3173/1
f 2848/3647/1 2845/3652/1 3181/3172/1
f 2857/3636/1 2856/3641/1 3194/3184/1
f 2854/3643/1 3192/3181/1 3191/3182/1
f 2853/3649/1 2852/3831/1 3190/3650/1
f 2850/3637/1 3188/3178/1 3187/3179/1
f 2848/3647/1 3186/3176/1 3185/3177/1
f 2846/3646/1 3184/3173/1 3183/3175/1
f 2844/3644/1 3182/3170/1 3181/3172/1
f 2843/3653/1 3179/3168/1 3174/3163/1
f 2842/3655/1 2839/3663/1 3175/3165/1
f 2837/3656/1 3173/3164/1 3178/3166/1
f 2831/3658/1 2841/3662/1 3177/3167/1
f 2835/3659/1 3171/3162/1 3170/3158/1
f 2834/3661/1 2832/3666/1 3168/3157/1
f 2843/3653/1 2842/3655/1 3180/3169/1
f 2840/3657/1 3178/3166/1 3177/3167/1
f 2839/3663/1 2838/3832/1 3176/3664/1
f 2836/3654/1 3174/3163/1 3173/3164/1
f 2834/3661/1 3172/3161/1 3171/3162/1
f 2833/3660/1 3170/3158/1 3167/3160/1
f 2831/3658/1 3169/3155/1 3168/3157/1
f 2819/3667/1 3267/3740/1 3280/3668/1
f 2829/3670/1 2822/3681/1 3159/3142/1
f 2828/3671/1 3165/3147/1 3162/3143/1
f 2823/3673/1 2826/3679/1 3163/3145/1
f 2816/3674/1 3153/3138/1 3164/3150/1
f 2821/3676/1 2818/3682/1 3155/3139/1
f 2820/3677/1 3157/3141/1 3154/3148/1
f 2829/3670/1 3166/3146/1 3165/3147/1
f 2826/3679/1 2827/3675/1 3164/3150/1
f 2825/3672/1 3162/3143/1 3161/3144/1
f 2822/3681/1 2823/3673/1 3160/3151/1
f 2820/3677/1 2821/3676/1 3158/3149/1
f 2818/3682/1 2819/3833/1 3156/3683/1
f 2816/3674/1 2817/3678/1 3154/3148/1
f 2679/3221/1 2824/3220/1 3232/3684/1
f 3125/3590/2041 3069/3363/2041 3239/3364/2041
f 3222/2584/2158 2497/2583/2157 2496/2608/2175
f 2880/3325/1 2679/3221/1 3235/3685/1
f 2824/3688/1 3161/3691/1 3243/3689/1
f 3161/3691/1 2768/3697/2038 3229/3692/2666
f 3220/3693/2191 3213/3708/2670 2219/3694/2168
f 3210/3696/2667 3229/3692/2666 2768/3697/2038
f 2498/3699/2492 3227/2582/2156 3214/2631/2193
f 2500/3700/2495 3219/2629/2191 3223/3701/2668
f 3190/3640/1 3244/3639/1 3230/3703/2669
f 3224/3705/2668 3220/3693/2191 2220/3695/2166
f 2957/3706/2664 2480/2538/2117 3225/2540/2119
f 3213/3708/2670 3228/2586/2156 2218/2588/2160
f 3212/2539/2118 2502/3821/2490 2501/3702/2497
f 3217/3709/2174 3210/3696/2667 2215/3698/2037
f 3243/3689/1 3244/3639/1 3231/3710/1
f 3241/3686/2041 3239/3364/2041 3240/3581/2041
f 3237/2564/2041 3238/3522/2041 3240/3581/2041
f 3215/2563/2141 3216/2570/2141 3238/3522/2041
f 3235/3685/1 3236/3289/1 3234/3712/1
f 3232/3684/1 3231/3186/1 3236/3289/1
f 3229/3692/2666 3230/3703/2669 3244/3639/1
f 3213/3708/2670 3214/2631/2193 3227/2582/2156
f 3210/3696/2667 3217/3709/2174 3218/2607/2174
f 3223/3701/2668 3224/3705/2668 3211/2558/2118
f 3218/2607/2174 3217/3709/2174 3221/2593/2163
f 3222/2584/2158 3221/2593/2163 3228/2586/2156
f 3224/3705/2668 3223/3701/2668 3219/2629/2191
f 3225/2540/2119 3226/2600/2119 3216/3714/2141
f 3214/2631/2193 3213/3708/2670 3220/3693/2191
f 3226/2600/2119 3225/2540/2119 3212/2539/2118
f 3210/3696/2667 3209/3713/2667 3230/3703/2669
f 2796/3704/2386 3230/3703/2669 3209/3713/2667
f 2611/3241/1 2830/3240/1 3268/3715/1
f 3110/3564/2041 3054/3334/2041 3275/3335/2041
f 2724/3235/1 3272/3234/1 3267/3718/1
f 2886/3339/1 2611/3241/1 3271/3716/1
f 2830/3720/1 3167/3734/1 3279/3721/1
f 2774/3723/2657 2472/2623/2186 3262/2625/2187
f 3253/3725/2179 2337/3739/2083 2336/3726/2171
f 3263/3727/2672 2336/3726/2171 2335/3728/2109
f 2338/3730/2044 3252/3738/2077 3259/2615/2181
f 3249/2611/2177 2333/2610/2082 2332/3731/2053
f 3260/3137/2653 2479/3829/2247 2353/3732/2349
f 3167/3734/1 2774/3723/2657 3245/3724/2671
f 3256/3729/2673 2335/3728/2109 2334/3735/2194
f 3248/3733/2182 2353/3732/2349 2956/3736/2351
f 3252/3738/2077 2338/3730/2044 2337/3739/2083
f 2474/2622/2185 2475/2626/2188 3255/2627/2189
f 3279/3721/1 3280/3668/1 3267/3740/1
f 3275/3335/2041 3276/3578/2041 3278/3741/2041
f 3273/2463/2041 3274/3519/2041 3276/3578/2041
f 3265/2462/2042 3266/3435/2663 3274/3519/2041
f 3271/3716/1 3272/3234/1 3270/3742/1
f 3268/3715/1 3267/3718/1 3272/3234/1
f 3245/3724/2671 3246/3154/2655 3280/3668/1
f 3253/3725/2179 3254/2613/2179 3251/2498/2077
f 3257/2609/2176 3258/2620/2183 3255/2627/2189
f 3249/2611/2177 3250/2624/2177 3258/2620/2183
f 3261/3152/2187 3262/2625/2187 3250/2624/2177
f 3266/3737/2663 3265/3823/2042 3247/2618/2182
f 3246/3154/2655 3245/3724/2671 3262/2625/2187
f 3263/3727/2672 3264/2614/2180 3254/2613/2179
f 3248/3733/2182 3247/2618/2182 3259/2615/2181
f 3260/3137/2653 3259/2615/2181 3252/3738/2077
f 3256/3729/2673 3255/2627/2189 3264/2614/2180
f 3156/3669/1 3280/3668/1 3246/3154/2655
f 3096/3550/2041 3040/3489/2041 3288/3743/2041
f 3040/3489/2041 2984/3488/2508 3295/3744/2510
f 2903/3353/1 2453/3268/1 3290/3366/1
f 2914/3746/1 3292/3769/1 3289/3747/1
f 3183/3748/1 2791/3761/2659 3316/3749/2665
f 2614/3751/2514 2615/3766/2445 3305/3752/2674
f 3304/3753/2511 3311/3756/2506 2613/3754/2423
f 2612/3755/2396 2613/3754/2423 3311/3756/2506
f 2616/3758/2501 2617/3765/2424 3308/3759/2230
f 2791/3761/2659 2612/3755/2396 3299/3757/2675
f 2802/3613/2660 3315/3612/2665 3300/3762/2675
f 2754/2982/2512 3303/2981/2511 3306/3763/2676
f 3302/2877/2419 3313/2976/2509 2633/3764/2564
f 3309/2969/2502 3308/3759/2230 2617/3765/2424
f 2615/3766/2445 2616/3758/2501 3297/3760/2504
f 3309/2969/2502 3310/2980/2502 3307/2669/2230
f 3299/3757/2675 3300/3762/2675 3315/3612/2665
f 3311/3756/2506 3312/2973/2506 3300/3762/2675
f 3305/3752/2674 3306/3763/2676 3303/2981/2511
f 3293/3365/1 3294/3491/1 3289/3747/1
f 3295/3744/2510 3296/3552/2510 3287/3610/2041
f 3281/3750/1 3282/3635/1 3294/3767/1
f 3301/2968/2419 3302/2877/2419 3310/2980/2502
f 3296/3292/2510 3295/2977/2510 3313/2976/2509
f 3304/3753/2511 3303/2981/2511 3312/2973/2506
f 3316/3749/2665 3315/3612/2665 3282/3635/1
f 3290/3366/1 3289/3747/1 3292/3769/1
f 3288/3743/2041 3287/3610/2041 3285/3189/2041
f 3286/3616/2041 3285/3189/2041 3284/3770/2041
f 3314/2979/2509 3313/2976/2509 3302/2877/2419
f 3297/3760/2504 3298/2971/2504 3306/3763/2676
f 3308/3759/2230 3307/2669/2230 3298/2971/2504
f 2847/3771/1 3183/3748/1 3281/3750/1
f 3123/3206/2041 3067/3514/2041 3322/3596/2041
f 3027/3538/2041 3324/3537/2041 3346/3772/2677
f 3011/3428/2041 2955/3427/2662 3345/3773/2677
f 2259/3307/1 2866/3306/1 3329/3774/1
f 2922/3373/1 2259/3307/1 3326/3775/1
f 2838/3777/1 3330/3796/1 3317/3778/1
f 2637/3780/2633 2638/3788/2645 3333/3781/2337
f 3343/3782/2348 2356/2792/2324 2355/3783/2225
f 3338/2781/2333 3341/3786/2316 2640/3784/2647
f 2639/3785/2649 2640/3784/2647 3341/3786/2316
f 3348/3787/2678 3333/3781/2337 2638/3788/2645
f 3337/3789/2333 2361/2519/2098 2360/2765/2317
f 3344/2802/2348 3351/2736/2289 2635/2738/2291
f 3336/3790/2354 3345/3834/2677 2955/3791/2662
f 2357/2794/2322 3340/2793/2342 3334/2785/2337
f 3335/2810/2354 2620/2809/2353 2971/3792/2585
f 3331/3620/2661 3332/3321/2661 3317/3778/1
f 3329/3774/1 3330/3465/1 3325/3382/1
f 3323/3595/2041 3324/3537/2041 3321/3615/2041
f 3326/3775/1 3325/3382/1 3328/3794/1
f 3339/2801/2347 3340/2793/2342 3343/3782/2348
f 3341/3786/2316 3342/2764/2316 3347/2783/2335
f 3332/3321/2661 3331/3620/2661 3351/2736/2289
f 3335/2810/2354 3336/3790/2354 3349/2520/2099
f 3350/2780/2332 3349/2520/2099 3337/3789/2333
f 3322/3596/2041 3321/3615/2041 3320/3795/2140
f 3342/2764/2316 3341/3786/2316 3338/2781/2333
f 3333/3781/2337 3334/2785/2337 3340/2793/2342
f 3345/3773/2677 3346/3772/2677 3324/3537/2041
f 3318/2719/1 3317/3778/1 3330/3796/1
f 3346/3793/2677 3345/3834/2677 3336/3790/2354
f 3352/3319/2289 3351/2736/2289 3344/2802/2348
f 3334/2785/2337 3333/3781/2337 3348/3787/2678
f 3176/3779/1 3317/3778/1 3332/3321/2661
